date,dst_daily_mean,dst_daily_min,dst_daily_max,dst_daily_std,dst_hours_valid
1986-01-01,-21.5417,-33.0000,-14.0000,5.1159,24.0000
1986-01-02,-23.3750,-31.0000,-13.0000,5.5546,24.0000
1986-01-03,-19.9167,-28.0000,-9.0000,4.9862,24.0000
1986-01-04,-14.3750,-24.0000,-7.0000,4.8795,24.0000
1986-01-05,-5.7917,-14.0000,4.0000,4.7638,24.0000
1986-01-06,-5.5417,-79.0000,20.0000,27.3829,24.0000
1986-01-07,-44.4583,-66.0000,-31.0000,8.8366,24.0000
1986-01-08,-30.9167,-43.0000,-25.0000,3.7984,24.0000
1986-01-09,-20.3750,-38.0000,-10.0000,9.2634,24.0000
1986-01-10,-23.2917,-29.0000,-20.0000,2.2742,24.0000
1986-01-11,-10.5000,-19.0000,-2.0000,6.0649,24.0000
1986-01-12,-5.7083,-12.0000,7.0000,4.3587,24.0000
1986-01-13,1.7917,-3.0000,8.0000,3.3877,24.0000
1986-01-14,1.0000,-3.0000,5.0000,1.9781,24.0000
1986-01-15,1.9583,-9.0000,19.0000,7.2979,24.0000
1986-01-16,-4.3750,-8.0000,0.0000,3.0760,24.0000
1986-01-17,7.4167,-15.0000,20.0000,10.9104,24.0000
1986-01-18,-8.3750,-15.0000,1.0000,5.3146,24.0000
1986-01-19,-8.2917,-18.0000,-2.0000,4.2883,24.0000
1986-01-20,-16.0833,-32.0000,5.0000,12.4967,24.0000
1986-01-21,-33.7917,-76.0000,-9.0000,23.7303,24.0000
1986-01-22,-33.5417,-44.0000,-14.0000,8.5464,24.0000
1986-01-23,-20.2083,-34.0000,-5.0000,8.3665,24.0000
1986-01-24,-19.2083,-27.0000,-11.0000,5.1159,24.0000
1986-01-25,-10.3333,-39.0000,16.0000,17.1456,24.0000
1986-01-26,-20.8333,-30.0000,-7.0000,5.4026,24.0000
1986-01-27,-20.8750,-37.0000,0.0000,11.0820,24.0000
1986-01-28,-23.2083,-34.0000,-12.0000,5.9708,24.0000
1986-01-29,-18.5000,-27.0000,-3.0000,6.1644,24.0000
1986-01-30,-16.5833,-25.0000,-5.0000,5.6099,24.0000
1986-01-31,-13.6250,-21.0000,-6.0000,3.2278,24.0000
1986-02-01,-6.5833,-13.0000,2.0000,3.9112,24.0000
1986-02-02,2.8333,-10.0000,11.0000,5.6850,24.0000
1986-02-03,3.9583,-3.0000,19.0000,5.7444,24.0000
1986-02-04,3.5833,-5.0000,8.0000,4.0745,24.0000
1986-02-05,3.9583,-8.0000,14.0000,6.6167,24.0000
1986-02-06,-0.7083,-18.0000,24.0000,10.0368,24.0000
1986-02-07,-46.4167,-121.0000,15.0000,44.3513,24.0000
1986-02-08,-135.2917,-259.0000,-87.0000,46.4060,24.0000
1986-02-09,-164.0833,-307.0000,-117.0000,52.5877,24.0000
1986-02-10,-102.0417,-119.0000,-82.0000,9.0625,24.0000
1986-02-11,-80.0833,-98.0000,-67.0000,9.1884,24.0000
1986-02-12,-73.8750,-82.0000,-62.0000,5.6593,24.0000
1986-02-13,-62.2917,-70.0000,-55.0000,3.6293,24.0000
1986-02-14,-46.0417,-66.0000,-26.0000,13.4697,24.0000
1986-02-15,-39.5417,-45.0000,-28.0000,4.5776,24.0000
1986-02-16,-30.4583,-44.0000,-12.0000,7.1929,24.0000
1986-02-17,-26.5000,-48.0000,-18.0000,6.5142,24.0000
1986-02-18,-41.0417,-59.0000,-30.0000,8.1480,24.0000
1986-02-19,-28.4583,-38.0000,-11.0000,8.0756,24.0000
1986-02-20,-38.6667,-53.0000,-28.0000,6.9886,24.0000
1986-02-21,-40.0417,-64.0000,-28.0000,8.2593,24.0000
1986-02-22,-47.3750,-64.0000,-32.0000,7.4531,24.0000
1986-02-23,-54.0417,-66.0000,-40.0000,6.4098,24.0000
1986-02-24,-45.4583,-56.0000,-37.0000,4.3035,24.0000
1986-02-25,-40.9167,-48.0000,-36.0000,3.2560,24.0000
1986-02-26,-41.6667,-56.0000,-35.0000,5.8060,24.0000
1986-02-27,-40.8333,-49.0000,-34.0000,4.0931,24.0000
1986-02-28,-39.5000,-61.0000,-23.0000,10.9624,24.0000
1986-03-01,-37.7917,-50.0000,-27.0000,6.8460,24.0000
1986-03-02,-31.6250,-40.0000,-26.0000,3.5116,24.0000
1986-03-03,-27.2083,-48.0000,-8.0000,8.5668,24.0000
1986-03-04,-32.9583,-43.0000,-24.0000,5.6988,24.0000
1986-03-05,-32.9583,-44.0000,-24.0000,5.1708,24.0000
1986-03-06,-50.2917,-84.0000,-21.0000,20.5310,24.0000
1986-03-07,-57.5833,-72.0000,-41.0000,9.2168,24.0000
1986-03-08,-44.1250,-64.0000,-30.0000,9.7905,24.0000
1986-03-09,-28.4583,-38.0000,-22.0000,4.2219,24.0000
1986-03-10,-21.5000,-27.0000,-15.0000,4.0540,24.0000
1986-03-11,-16.1667,-21.0000,-13.0000,2.4257,24.0000
1986-03-12,-14.8333,-23.0000,-3.0000,5.2475,24.0000
1986-03-13,-33.9583,-56.0000,-1.0000,14.4748,24.0000
1986-03-14,-26.8333,-41.0000,-18.0000,6.6638,24.0000
1986-03-15,-19.5833,-29.0000,-10.0000,5.4207,24.0000
1986-03-16,-20.5000,-26.0000,-16.0000,3.0787,24.0000
1986-03-17,-11.3750,-21.0000,-4.0000,4.2714,24.0000
1986-03-18,-17.6250,-29.0000,-6.0000,6.4929,24.0000
1986-03-19,-19.2917,-24.0000,-15.0000,2.1765,24.0000
1986-03-20,-7.8750,-20.0000,-3.0000,4.2765,24.0000
1986-03-21,-15.2083,-33.0000,8.0000,12.2757,24.0000
1986-03-22,-29.5833,-49.0000,-14.0000,10.0344,24.0000
1986-03-23,-22.5833,-28.0000,-16.0000,3.4881,24.0000
1986-03-24,-24.2500,-35.0000,-13.0000,7.7977,24.0000
1986-03-25,-28.2083,-42.0000,-15.0000,7.5698,24.0000
1986-03-26,-28.0833,-36.0000,-22.0000,3.9000,24.0000
1986-03-27,-30.9167,-44.0000,-25.0000,4.9512,24.0000
1986-03-28,-24.7917,-31.0000,-19.0000,3.1620,24.0000
1986-03-29,-23.6250,-34.0000,-9.0000,7.8009,24.0000
1986-03-30,-16.4167,-28.0000,-9.0000,4.8537,24.0000
1986-03-31,-8.4583,-19.0000,3.0000,5.3648,24.0000
1986-04-01,-14.2917,-23.0000,-5.0000,4.5634,24.0000
1986-04-02,-15.7917,-21.0000,-8.0000,4.3236,24.0000
1986-04-03,-22.5833,-35.0000,-15.0000,6.4667,24.0000
1986-04-04,-15.2500,-22.0000,-10.0000,3.2870,24.0000
1986-04-05,-12.5833,-29.0000,-3.0000,6.9715,24.0000
1986-04-06,-13.8750,-21.0000,-7.0000,2.9387,24.0000
1986-04-07,-9.6667,-17.0000,-2.0000,4.3406,24.0000
1986-04-08,-10.4583,-23.0000,-2.0000,6.1572,24.0000
1986-04-09,-16.7500,-31.0000,1.0000,9.5883,24.0000
1986-04-10,-32.8750,-51.0000,-19.0000,7.8757,24.0000
1986-04-11,-22.9583,-29.0000,-13.0000,4.3287,24.0000
1986-04-12,-27.6667,-38.0000,-20.0000,4.8604,24.0000
1986-04-13,-18.1250,-29.0000,-11.0000,4.3068,24.0000
1986-04-14,-13.8750,-24.0000,-7.0000,5.2196,24.0000
1986-04-15,-3.8333,-15.0000,3.0000,5.0876,24.0000
1986-04-16,-11.6667,-18.0000,-4.0000,4.0718,24.0000
1986-04-17,-11.5000,-19.0000,-1.0000,4.8634,24.0000
1986-04-18,-6.2500,-16.0000,2.0000,4.5036,24.0000
1986-04-19,-9.2917,-22.0000,7.0000,8.5490,24.0000
1986-04-20,-2.0000,-10.0000,8.0000,5.5325,24.0000
1986-04-21,-2.0833,-8.0000,2.0000,3.1335,24.0000
1986-04-22,-8.7500,-23.0000,2.0000,7.1033,24.0000
1986-04-23,-3.2083,-11.0000,5.0000,5.0903,24.0000
1986-04-24,-5.1667,-10.0000,4.0000,3.9746,24.0000
1986-04-25,-10.7500,-15.0000,0.0000,3.9370,24.0000
1986-04-26,-5.9167,-10.0000,0.0000,2.8117,24.0000
1986-04-27,5.8333,-2.0000,16.0000,4.5747,24.0000
1986-04-28,-9.1250,-19.0000,6.0000,5.8926,24.0000
1986-04-29,-7.4583,-12.0000,-1.0000,2.8434,24.0000
1986-04-30,-4.0000,-10.0000,2.0000,3.0503,24.0000
1986-05-01,0.2083,-3.0000,6.0000,2.9632,24.0000
1986-05-02,-23.0000,-79.0000,17.0000,33.9719,24.0000
1986-05-03,-53.3750,-75.0000,-35.0000,12.5310,24.0000
1986-05-04,-24.6250,-34.0000,-6.0000,7.1006,24.0000
1986-05-05,-32.8750,-62.0000,-18.0000,14.7126,24.0000
1986-05-06,-72.4583,-94.0000,-50.0000,13.1115,24.0000
1986-05-07,-42.5833,-56.0000,-33.0000,5.9338,24.0000
1986-05-08,-25.0000,-32.0000,-15.0000,5.4534,24.0000
1986-05-09,-15.4167,-21.0000,-7.0000,4.2109,24.0000
1986-05-10,-10.1250,-17.0000,-2.0000,4.2150,24.0000
1986-05-11,-1.4583,-11.0000,13.0000,6.1005,24.0000
1986-05-12,-12.9583,-22.0000,5.0000,6.5705,24.0000
1986-05-13,-5.6667,-15.0000,2.0000,5.2059,24.0000
1986-05-14,-7.1667,-11.0000,-1.0000,3.1021,24.0000
1986-05-15,-9.8750,-18.0000,-3.0000,3.5301,24.0000
1986-05-16,-14.1667,-33.0000,-5.0000,9.3282,24.0000
1986-05-17,-14.7083,-33.0000,0.0000,10.5932,24.0000
1986-05-18,-2.2083,-10.0000,7.0000,4.8453,24.0000
1986-05-19,0.0000,-9.0000,12.0000,6.4807,24.0000
1986-05-20,-1.6250,-6.0000,5.0000,3.0476,24.0000
1986-05-21,0.3333,-11.0000,12.0000,6.3429,24.0000
1986-05-22,7.5000,-4.0000,16.0000,5.3079,24.0000
1986-05-23,3.9167,-4.0000,13.0000,5.2247,24.0000
1986-05-24,2.3750,-10.0000,14.0000,7.1737,24.0000
1986-05-25,-3.5417,-14.0000,14.0000,7.6782,24.0000
1986-05-26,-10.1667,-21.0000,-2.0000,5.0791,24.0000
1986-05-27,-3.5417,-12.0000,3.0000,3.7181,24.0000
1986-05-28,-5.0417,-8.0000,0.0000,2.1565,24.0000
1986-05-29,1.8333,-4.0000,6.0000,2.7923,24.0000
1986-05-30,4.7083,-4.0000,15.0000,5.1624,24.0000
1986-05-31,-12.2083,-23.0000,-1.0000,5.7179,24.0000
1986-06-01,-15.7500,-25.0000,-6.0000,4.9717,24.0000
1986-06-02,-10.0417,-22.0000,-4.0000,6.4571,24.0000
1986-06-03,-9.9583,-20.0000,-4.0000,4.5251,24.0000
1986-06-04,-13.2500,-21.0000,-4.0000,5.3993,24.0000
1986-06-05,-5.5417,-13.0000,-2.0000,2.6862,24.0000
1986-06-06,-3.0833,-12.0000,5.0000,5.0296,24.0000
1986-06-07,-2.8333,-19.0000,11.0000,8.4012,24.0000
1986-06-08,-11.7500,-18.0000,-3.0000,3.8476,24.0000
1986-06-09,-5.9167,-19.0000,3.0000,5.7174,24.0000
1986-06-10,-11.5417,-22.0000,-2.0000,4.5299,24.0000
1986-06-11,-4.8750,-17.0000,8.0000,8.1311,24.0000
1986-06-12,5.2917,-5.0000,18.0000,6.3553,24.0000
1986-06-13,-0.2083,-11.0000,5.0000,4.6623,24.0000
1986-06-14,3.0833,-4.0000,13.0000,4.3431,24.0000
1986-06-15,2.1250,-3.0000,11.0000,3.6986,24.0000
1986-06-16,9.0000,-1.0000,16.0000,4.2014,24.0000
1986-06-17,14.7917,4.0000,24.0000,5.7934,24.0000
1986-06-18,3.5000,-4.0000,10.0000,4.1911,24.0000
1986-06-19,4.2500,-3.0000,17.0000,6.1732,24.0000
1986-06-20,9.9167,6.0000,16.0000,2.7013,24.0000
1986-06-21,3.0833,-8.0000,14.0000,5.8749,24.0000
1986-06-22,3.1667,-1.0000,8.0000,3.1851,24.0000
1986-06-23,3.7083,-2.0000,10.0000,3.6173,24.0000
1986-06-24,3.7083,-5.0000,15.0000,6.8555,24.0000
1986-06-25,1.7083,-4.0000,9.0000,3.6293,24.0000
1986-06-26,8.0417,1.0000,12.0000,3.2233,24.0000
1986-06-27,-5.2083,-53.0000,31.0000,22.8359,24.0000
1986-06-28,-28.7500,-60.0000,-13.0000,15.1665,24.0000
1986-06-29,-15.0833,-23.0000,-8.0000,5.1153,24.0000
1986-06-30,-13.2083,-25.0000,-4.0000,6.0360,24.0000
1986-07-01,-9.4167,-17.0000,3.0000,5.0727,24.0000
1986-07-02,-10.6250,-19.0000,1.0000,4.4994,24.0000
1986-07-03,-9.5000,-18.0000,2.0000,5.4534,24.0000
1986-07-04,-7.2083,-14.0000,-1.0000,3.5013,24.0000
1986-07-05,-1.9583,-10.0000,5.0000,3.7122,24.0000
1986-07-06,4.5833,-6.0000,14.0000,6.0211,24.0000
1986-07-07,4.9583,1.0000,8.0000,2.1362,24.0000
1986-07-08,3.3333,-13.0000,13.0000,8.2392,24.0000
1986-07-09,-2.0417,-10.0000,5.0000,4.9032,24.0000
1986-07-10,-0.7083,-9.0000,9.0000,5.6065,24.0000
1986-07-11,2.9167,-3.0000,11.0000,3.0491,24.0000
1986-07-12,13.0000,1.0000,24.0000,6.4538,24.0000
1986-07-13,4.8333,-3.0000,17.0000,4.7243,24.0000
1986-07-14,3.1250,-2.0000,10.0000,3.5669,24.0000
1986-07-15,17.7500,8.0000,28.0000,6.0595,24.0000
1986-07-16,11.9167,3.0000,25.0000,4.6711,24.0000
1986-07-17,2.2917,-8.0000,27.0000,9.4661,24.0000
1986-07-18,0.5000,-5.0000,6.0000,2.9341,24.0000
1986-07-19,3.2500,-5.0000,14.0000,5.7047,24.0000
1986-07-20,8.8750,-2.0000,21.0000,7.0853,24.0000
1986-07-21,17.0000,7.0000,23.0000,4.0967,24.0000
1986-07-22,-7.2500,-18.0000,1.0000,5.7653,24.0000
1986-07-23,-4.5000,-10.0000,3.0000,3.7993,24.0000
1986-07-24,8.6250,-6.0000,39.0000,11.7836,24.0000
1986-07-25,-9.5833,-32.0000,3.0000,7.6153,24.0000
1986-07-26,-22.8333,-35.0000,-14.0000,6.6245,24.0000
1986-07-27,-22.5417,-39.0000,-12.0000,6.4604,24.0000
1986-07-28,-15.7083,-20.0000,-11.0000,2.3679,24.0000
1986-07-29,-14.2083,-29.0000,-3.0000,8.6224,24.0000
1986-07-30,-10.6250,-21.0000,-4.0000,5.2155,24.0000
1986-07-31,-9.6250,-23.0000,-1.0000,6.0778,24.0000
1986-08-01,-10.8750,-16.0000,-1.0000,4.4849,24.0000
1986-08-02,-4.3333,-9.0000,0.0000,2.8842,24.0000
1986-08-03,-7.9167,-31.0000,13.0000,9.9735,24.0000
1986-08-04,-21.1667,-35.0000,-12.0000,7.2091,24.0000
1986-08-05,-12.7083,-25.0000,-4.0000,5.7821,24.0000
1986-08-06,-8.7917,-16.0000,-4.0000,3.6353,24.0000
1986-08-07,-1.5833,-8.0000,5.0000,3.6106,24.0000
1986-08-08,-7.9167,-16.0000,8.0000,7.0459,24.0000
1986-08-09,-1.6250,-13.0000,13.0000,7.4239,24.0000
1986-08-10,-2.1250,-11.0000,9.0000,6.0886,24.0000
1986-08-11,-3.9167,-15.0000,6.0000,5.9994,24.0000
1986-08-12,-9.9167,-19.0000,1.0000,6.0929,24.0000
1986-08-13,-13.8750,-25.0000,-1.0000,6.8987,24.0000
1986-08-14,-2.7083,-11.0000,11.0000,7.1656,24.0000
1986-08-15,-5.8750,-15.0000,1.0000,4.1422,24.0000
1986-08-16,1.1667,-8.0000,11.0000,5.7079,24.0000
1986-08-17,3.0000,-3.0000,8.0000,3.2571,24.0000
1986-08-18,5.1250,-3.0000,13.0000,4.5042,24.0000
1986-08-19,-3.1250,-11.0000,4.0000,4.5808,24.0000
1986-08-20,-2.4583,-38.0000,19.0000,16.1890,24.0000
1986-08-21,-27.4167,-41.0000,-15.0000,8.1769,24.0000
1986-08-22,-25.2917,-32.0000,-11.0000,5.5048,24.0000
1986-08-23,-22.6250,-34.0000,-16.0000,5.3390,24.0000
1986-08-24,-20.0000,-28.0000,-9.0000,5.7104,24.0000
1986-08-25,-21.0000,-37.0000,-13.0000,6.7566,24.0000
1986-08-26,-20.0833,-29.0000,-11.0000,5.3480,24.0000
1986-08-27,-16.3333,-25.0000,-6.0000,5.3703,24.0000
1986-08-28,-8.6667,-22.0000,3.0000,6.5585,24.0000
1986-08-29,-19.7917,-34.0000,-8.0000,6.8966,24.0000
1986-08-30,-20.4167,-47.0000,-9.0000,11.3671,24.0000
1986-08-31,-24.6250,-38.0000,-14.0000,7.6773,24.0000
1986-09-01,-15.3333,-22.0000,-8.0000,3.9306,24.0000
1986-09-02,-18.5000,-22.0000,-12.0000,2.8130,24.0000
1986-09-03,-11.4583,-21.0000,-5.0000,4.9077,24.0000
1986-09-04,-10.5833,-24.0000,-1.0000,6.0643,24.0000
1986-09-05,-6.5833,-17.0000,3.0000,6.4263,24.0000
1986-09-06,-12.8333,-29.0000,4.0000,9.1160,24.0000
1986-09-07,-1.7083,-8.0000,2.0000,2.5956,24.0000
1986-09-08,-0.9583,-7.0000,10.0000,4.7866,24.0000
1986-09-09,-2.0833,-8.0000,6.0000,3.9773,24.0000
1986-09-10,8.5000,-5.0000,22.0000,8.0054,24.0000
1986-09-11,-1.5417,-24.0000,21.0000,8.7426,24.0000
1986-09-12,-104.5417,-170.0000,3.0000,44.3915,24.0000
1986-09-13,-59.6250,-81.0000,-41.0000,11.2783,24.0000
1986-09-14,-42.8750,-65.0000,-29.0000,9.3451,24.0000
1986-09-15,-31.2917,-55.0000,5.0000,18.6815,24.0000
1986-09-16,-25.8333,-43.0000,-18.0000,8.2970,24.0000
1986-09-17,-24.6250,-45.0000,-17.0000,7.1979,24.0000
1986-09-18,-27.0417,-41.0000,-15.0000,7.9808,24.0000
1986-09-19,-29.7083,-43.0000,-15.0000,7.4161,24.0000
1986-09-20,-23.5417,-54.0000,-9.0000,11.0177,24.0000
1986-09-21,-23.4167,-48.0000,-13.0000,10.3248,24.0000
1986-09-22,-11.8750,-25.0000,8.0000,8.9846,24.0000
1986-09-23,-39.5000,-60.0000,2.0000,15.0564,24.0000
1986-09-24,-34.9583,-49.0000,-28.0000,4.7318,24.0000
1986-09-25,-23.4167,-43.0000,-12.0000,6.5336,24.0000
1986-09-26,-35.7917,-48.0000,-25.0000,6.1784,24.0000
1986-09-27,-24.5000,-42.0000,-14.0000,7.6613,24.0000
1986-09-28,-20.7083,-33.0000,-13.0000,5.9672,24.0000
1986-09-29,-18.7917,-25.0000,-14.0000,3.0784,24.0000
1986-09-30,-16.9583,-23.0000,-11.0000,3.4069,24.0000
1986-10-01,-7.6667,-20.0000,5.0000,7.7777,24.0000
1986-10-02,-17.2917,-29.0000,-10.0000,5.2707,24.0000
1986-10-03,-14.2500,-21.0000,-3.0000,4.9189,24.0000
1986-10-04,-11.8750,-21.0000,-3.0000,5.1610,24.0000
1986-10-05,-19.5417,-32.0000,-7.0000,6.3655,24.0000
1986-10-06,-18.2917,-27.0000,-11.0000,4.4280,24.0000
1986-10-07,-11.2917,-20.0000,-4.0000,4.5443,24.0000
1986-10-08,-3.2083,-13.0000,3.0000,4.4132,24.0000
1986-10-09,-6.8750,-20.0000,1.0000,5.7583,24.0000
1986-10-10,-2.8333,-15.0000,7.0000,6.1902,24.0000
1986-10-11,-3.0417,-7.0000,1.0000,2.2550,24.0000
1986-10-12,-1.5417,-6.0000,4.0000,2.6862,24.0000
1986-10-13,-11.0833,-101.0000,19.0000,34.9545,24.0000
1986-10-14,-51.4583,-78.0000,-25.0000,15.8963,24.0000
1986-10-15,-28.9583,-45.0000,-20.0000,6.2029,24.0000
1986-10-16,-19.0833,-24.0000,-11.0000,3.3611,24.0000
1986-10-17,-11.1667,-20.0000,2.0000,6.1691,24.0000
1986-10-18,-3.5833,-15.0000,9.0000,6.6064,24.0000
1986-10-19,-19.6250,-35.0000,-9.0000,7.1798,24.0000
1986-10-20,-12.7500,-21.0000,-4.0000,3.8702,24.0000
1986-10-21,-14.2917,-26.0000,-9.0000,4.5634,24.0000
1986-10-22,-14.2083,-21.0000,-5.0000,4.6436,24.0000
1986-10-23,-4.5417,-10.0000,1.0000,3.2966,24.0000
1986-10-24,-8.2083,-13.0000,-4.0000,2.6536,24.0000
1986-10-25,0.9583,-4.0000,8.0000,3.7704,24.0000
1986-10-26,-0.4167,-5.0000,5.0000,2.6526,24.0000
1986-10-27,-28.5417,-65.0000,-2.0000,22.1182,24.0000
1986-10-28,-22.1250,-31.0000,-10.0000,5.9950,24.0000
1986-10-29,-11.5833,-22.0000,0.0000,7.0274,24.0000
1986-10-30,-17.5417,-40.0000,-4.0000,11.5042,24.0000
1986-10-31,-21.7917,-30.0000,-8.0000,6.8142,24.0000
1986-11-01,-18.9167,-44.0000,9.0000,16.7512,24.0000
1986-11-02,1.2500,-7.0000,10.0000,5.9363,24.0000
1986-11-03,-3.7500,-10.0000,10.0000,5.8700,24.0000
1986-11-04,-66.5000,-100.0000,35.0000,33.4963,24.0000
1986-11-05,-50.4583,-74.0000,-29.0000,14.4492,24.0000
1986-11-06,-28.0000,-36.0000,-21.0000,5.0819,24.0000
1986-11-07,-21.0833,-29.0000,-13.0000,3.6821,24.0000
1986-11-08,-15.7917,-21.0000,-10.0000,2.6040,24.0000
1986-11-09,-14.9167,-22.0000,-4.0000,4.7541,24.0000
1986-11-10,-4.1667,-12.0000,11.0000,6.1479,24.0000
1986-11-11,-22.0417,-45.0000,6.0000,13.0333,24.0000
1986-11-12,-16.2500,-29.0000,-5.0000,6.9611,24.0000
1986-11-13,-3.3750,-13.0000,11.0000,6.8703,24.0000
1986-11-14,1.2083,-3.0000,12.0000,3.8896,24.0000
1986-11-15,-5.8750,-28.0000,8.0000,10.2631,24.0000
1986-11-16,-10.9167,-17.0000,1.0000,4.7996,24.0000
1986-11-17,-4.8333,-11.0000,1.0000,3.1161,24.0000
1986-11-18,-2.5417,-8.0000,7.0000,4.8721,24.0000
1986-11-19,1.5000,-5.0000,6.0000,2.8590,24.0000
1986-11-20,-1.5417,-8.0000,2.0000,2.3953,24.0000
1986-11-21,5.0000,0.0000,12.0000,4.3639,24.0000
1986-11-22,6.2917,-1.0000,10.0000,2.9263,24.0000
1986-11-23,1.9583,-53.0000,10.0000,13.9111,24.0000
1986-11-24,-36.1667,-86.0000,-1.0000,24.8468,24.0000
1986-11-25,-77.9167,-105.0000,-43.0000,15.9044,24.0000
1986-11-26,-53.8750,-77.0000,-39.0000,10.4728,24.0000
1986-11-27,-36.0000,-48.0000,-27.0000,5.2503,24.0000
1986-11-28,-24.6250,-31.0000,-18.0000,3.5116,24.0000
1986-11-29,-27.5833,-42.0000,-14.0000,10.2062,24.0000
1986-11-30,-30.8750,-43.0000,-20.0000,7.2969,24.0000
1986-12-01,-25.7083,-39.0000,-11.0000,7.4745,24.0000
1986-12-02,-20.5000,-27.0000,-9.0000,5.3730,24.0000
1986-12-03,-17.2083,-23.0000,-11.0000,3.3748,24.0000
1986-12-04,-11.0417,-24.0000,1.0000,7.1474,24.0000
1986-12-05,-7.4583,-22.0000,6.0000,5.1498,24.0000
1986-12-06,-1.8750,-8.0000,9.0000,4.0894,24.0000
1986-12-07,-4.2917,-15.0000,9.0000,7.3690,24.0000
1986-12-08,-0.7917,-16.0000,8.0000,6.6003,24.0000
1986-12-09,-0.5000,-16.0000,11.0000,6.9595,24.0000
1986-12-10,-5.4583,-15.0000,6.0000,5.0732,24.0000
1986-12-11,-8.7500,-15.0000,-2.0000,3.4547,24.0000
1986-12-12,-1.0417,-12.0000,6.0000,5.6759,24.0000
1986-12-13,-0.9167,-17.0000,6.0000,5.2496,24.0000
1986-12-14,-21.0417,-32.0000,-5.0000,7.6071,24.0000
1986-12-15,-9.7917,-20.0000,9.0000,8.2461,24.0000
1986-12-16,-12.0000,-19.0000,7.0000,6.2345,24.0000
1986-12-17,-6.2083,-13.0000,3.0000,4.9518,24.0000
1986-12-18,-0.1667,-12.0000,11.0000,6.3154,24.0000
1986-12-19,-5.8333,-14.0000,2.0000,4.3104,24.0000
1986-12-20,-3.4583,-10.0000,4.0000,3.8559,24.0000
1986-12-21,-0.7083,-10.0000,10.0000,5.7595,24.0000
1986-12-22,-14.6250,-30.0000,0.0000,9.0880,24.0000
1986-12-23,-17.5417,-28.0000,-8.0000,5.0042,24.0000
1986-12-24,-21.2500,-31.0000,-13.0000,4.2554,24.0000
1986-12-25,-16.4583,-24.0000,-9.0000,4.2832,24.0000
1986-12-26,-15.0833,-25.0000,-10.0000,4.0638,24.0000
1986-12-27,-7.7917,-14.0000,-1.0000,3.5137,24.0000
1986-12-28,-9.5000,-13.0000,-4.0000,2.1669,24.0000
1986-12-29,-3.5417,-12.0000,4.0000,4.9780,24.0000
1986-12-30,-1.8750,-15.0000,7.0000,6.7907,24.0000
1986-12-31,-4.5417,-12.0000,5.0000,4.7455,24.0000
1987-01-01,-12.6667,-32.0000,8.0000,13.8145,24.0000
1987-01-02,-9.0417,-19.0000,5.0000,6.2865,24.0000
1987-01-03,-6.7500,-11.0000,11.0000,6.1732,24.0000
1987-01-04,-0.7500,-6.0000,4.0000,2.7067,24.0000
1987-01-05,3.4583,-1.0000,10.0000,2.8587,24.0000
1987-01-06,1.9167,-3.0000,9.0000,3.5621,24.0000
1987-01-07,3.7083,-4.0000,11.0000,4.3487,24.0000
1987-01-08,-0.2083,-20.0000,14.0000,10.7095,24.0000
1987-01-09,-7.4583,-20.0000,9.0000,8.4698,24.0000
1987-01-10,-4.7083,-19.0000,6.0000,6.6560,24.0000
1987-01-11,4.0000,-3.0000,15.0000,4.5397,24.0000
1987-01-12,-0.5417,-12.0000,10.0000,6.0933,24.0000
1987-01-13,0.9167,-11.0000,9.0000,5.2163,24.0000
1987-01-14,2.2500,-3.0000,7.0000,2.5580,24.0000
1987-01-15,4.1667,-6.0000,10.0000,4.5936,24.0000
1987-01-16,-1.3750,-13.0000,13.0000,7.8009,24.0000
1987-01-17,2.2083,-10.0000,12.0000,6.7501,24.0000
1987-01-18,-5.7083,-12.0000,1.0000,3.7472,24.0000
1987-01-19,0.0000,-15.0000,9.0000,6.9156,24.0000
1987-01-20,-12.2083,-36.0000,3.0000,13.9096,24.0000
1987-01-21,-15.7083,-24.0000,-9.0000,5.0946,24.0000
1987-01-22,-8.8333,-18.0000,2.0000,5.0101,24.0000
1987-01-23,-12.7083,-17.0000,-7.0000,2.8965,24.0000
1987-01-24,-12.4583,-18.0000,-7.0000,3.2165,24.0000
1987-01-25,-8.4583,-14.0000,2.0000,4.6343,24.0000
1987-01-26,-6.4167,-13.0000,-1.0000,2.8729,24.0000
1987-01-27,-7.0833,-17.0000,7.0000,6.6589,24.0000
1987-01-28,-6.5417,-15.0000,2.0000,5.2335,24.0000
1987-01-29,-15.7500,-22.0000,-8.0000,3.9259,24.0000
1987-01-30,-3.9583,-12.0000,14.0000,6.8682,24.0000
1987-01-31,-4.1667,-14.0000,13.0000,7.4054,24.0000
1987-02-01,-1.8750,-9.0000,8.0000,4.2967,24.0000
1987-02-02,-2.0833,-6.0000,3.0000,2.4657,24.0000
1987-02-03,1.1250,-3.0000,7.0000,2.9681,24.0000
1987-02-04,1.3750,-9.0000,8.0000,4.0947,24.0000
1987-02-05,8.9583,0.0000,17.0000,5.1286,24.0000
1987-02-06,6.6667,-8.0000,16.0000,6.7866,24.0000
1987-02-07,-0.4583,-9.0000,8.0000,5.7557,24.0000
1987-02-08,-10.3333,-20.0000,6.0000,7.5277,24.0000
1987-02-09,-12.2917,-20.0000,-3.0000,5.1455,24.0000
1987-02-10,-6.9167,-16.0000,2.0000,4.9336,24.0000
1987-02-11,-0.1667,-7.0000,14.0000,6.3291,24.0000
1987-02-12,-27.0417,-42.0000,0.0000,13.9486,24.0000
1987-02-13,-13.5417,-29.0000,4.0000,11.6618,24.0000
1987-02-14,-0.9167,-9.0000,7.0000,4.0531,24.0000
1987-02-15,-0.5000,-13.0000,7.0000,6.1290,24.0000
1987-02-16,-8.2500,-22.0000,9.0000,10.0358,24.0000
1987-02-17,-6.5000,-15.0000,1.0000,4.4429,24.0000
1987-02-18,-5.7500,-23.0000,5.0000,7.5542,24.0000
1987-02-19,-0.4167,-15.0000,17.0000,8.7323,24.0000
1987-02-20,-20.1667,-45.0000,27.0000,23.6545,24.0000
1987-02-21,-27.4583,-39.0000,-18.0000,5.8382,24.0000
1987-02-22,-23.0833,-35.0000,-15.0000,5.1323,24.0000
1987-02-23,-18.6250,-30.0000,-11.0000,6.1701,24.0000
1987-02-24,-15.6250,-34.0000,-8.0000,6.9646,24.0000
1987-02-25,-12.0417,-22.0000,-1.0000,6.3278,24.0000
1987-02-26,-7.8750,-15.0000,-4.0000,3.2479,24.0000
1987-02-27,-3.6250,-32.0000,13.0000,15.7833,24.0000
1987-02-28,-17.4583,-32.0000,-1.0000,8.5617,24.0000
1987-03-01,-9.5000,-21.0000,0.0000,6.7566,24.0000
1987-03-02,-8.6667,-20.0000,-2.0000,4.7058,24.0000
1987-03-03,-1.6250,-9.0000,6.0000,4.4897,24.0000
1987-03-04,-5.8333,-12.0000,2.0000,3.8972,24.0000
1987-03-05,-12.3333,-24.0000,-1.0000,8.1862,24.0000
1987-03-06,-12.7917,-23.0000,-2.0000,6.2134,24.0000
1987-03-07,-24.6250,-39.0000,-14.0000,6.0203,24.0000
1987-03-08,-16.6667,-25.0000,-1.0000,5.5299,24.0000
1987-03-09,-13.5000,-22.0000,-6.0000,5.7785,24.0000
1987-03-10,-14.4583,-27.0000,-4.0000,7.7906,24.0000
1987-03-11,-4.8750,-18.0000,3.0000,4.8840,24.0000
1987-03-12,-4.0000,-16.0000,6.0000,5.7332,24.0000
1987-03-13,-3.6250,-12.0000,5.0000,5.0287,24.0000
1987-03-14,-3.9583,-15.0000,3.0000,5.2293,24.0000
1987-03-15,-3.5000,-11.0000,3.0000,3.3880,24.0000
1987-03-16,-7.9583,-26.0000,5.0000,8.6702,24.0000
1987-03-17,-8.4583,-20.0000,-3.0000,4.5681,24.0000
1987-03-18,3.0833,-28.0000,20.0000,9.4635,24.0000
1987-03-19,-10.2083,-28.0000,-2.0000,5.9853,24.0000
1987-03-20,-1.9167,-14.0000,7.0000,6.0571,24.0000
1987-03-21,-10.0000,-43.0000,10.0000,18.1491,24.0000
1987-03-22,-15.7500,-23.0000,-9.0000,4.0244,24.0000
1987-03-23,-6.9167,-16.0000,5.0000,5.8004,24.0000
1987-03-24,0.9583,-12.0000,15.0000,5.9379,24.0000
1987-03-25,-3.4583,-19.0000,9.0000,8.3196,24.0000
1987-03-26,-14.9583,-23.0000,-7.0000,5.4332,24.0000
1987-03-27,-17.7917,-35.0000,0.0000,11.8358,24.0000
1987-03-28,-17.1667,-26.0000,-13.0000,2.7134,24.0000
1987-03-29,-11.8750,-19.0000,-7.0000,3.5424,24.0000
1987-03-30,-8.5833,-20.0000,-2.0000,5.0727,24.0000
1987-03-31,-6.8333,-14.0000,5.0000,5.2723,24.0000
1987-04-01,-16.6250,-30.0000,9.0000,9.2493,24.0000
1987-04-02,-9.0417,-17.0000,-1.0000,5.3445,24.0000
1987-04-03,2.1667,-4.0000,9.0000,3.9855,24.0000
1987-04-04,-3.4167,-28.0000,26.0000,18.1465,24.0000
1987-04-05,-12.0417,-24.0000,5.0000,6.2518,24.0000
1987-04-06,-6.8750,-12.0000,-2.0000,2.6591,24.0000
1987-04-07,-9.0833,-18.0000,2.0000,4.6989,24.0000
1987-04-08,-6.0833,-17.0000,4.0000,6.1568,24.0000
1987-04-09,-5.4167,-13.0000,7.0000,5.5944,24.0000
1987-04-10,-7.5833,-19.0000,14.0000,6.6849,24.0000
1987-04-11,-5.4167,-14.0000,1.0000,3.9223,24.0000
1987-04-12,0.5833,-9.0000,7.0000,4.5485,24.0000
1987-04-13,-1.5000,-25.0000,16.0000,13.1843,24.0000
1987-04-14,-5.2083,-15.0000,6.0000,6.4064,24.0000
1987-04-15,-5.1250,-16.0000,3.0000,6.0456,24.0000
1987-04-16,-1.6667,-9.0000,3.0000,3.5712,24.0000
1987-04-17,-1.9167,-8.0000,3.0000,3.1611,24.0000
1987-04-18,3.1250,-8.0000,11.0000,6.5893,24.0000
1987-04-19,-11.1250,-33.0000,6.0000,9.1998,24.0000
1987-04-20,-18.5000,-28.0000,-1.0000,8.1240,24.0000
1987-04-21,-7.9583,-11.0000,-3.0000,2.4580,24.0000
1987-04-22,1.5417,-5.0000,8.0000,4.2116,24.0000
1987-04-23,3.2500,-4.0000,15.0000,5.3751,24.0000
1987-04-24,-6.8750,-19.0000,13.0000,9.0088,24.0000
1987-04-25,-2.9583,-10.0000,4.0000,4.1439,24.0000
1987-04-26,5.2917,-4.0000,10.0000,3.8276,24.0000
1987-04-27,-2.7917,-16.0000,13.0000,10.2235,24.0000
1987-04-28,-5.0833,-13.0000,1.0000,4.0851,24.0000
1987-04-29,3.7500,-2.0000,10.0000,3.3525,24.0000
1987-04-30,12.2500,7.0000,19.0000,2.7227,24.0000
1987-05-01,13.2917,2.0000,22.0000,6.1748,24.0000
1987-05-02,-2.9167,-8.0000,1.0000,2.6196,24.0000
1987-05-03,-1.5833,-9.0000,8.0000,5.4127,24.0000
1987-05-04,-0.8333,-7.0000,10.0000,4.4200,24.0000
1987-05-05,2.5833,-1.0000,7.0000,2.0834,24.0000
1987-05-06,8.6250,-10.0000,17.0000,6.3026,24.0000
1987-05-07,-12.4167,-24.0000,-2.0000,6.0139,24.0000
1987-05-08,-1.3333,-7.0000,6.0000,3.7725,24.0000
1987-05-09,7.3333,-1.0000,21.0000,6.7994,24.0000
1987-05-10,6.1250,-7.0000,22.0000,8.9068,24.0000
1987-05-11,2.7917,-5.0000,11.0000,4.6060,24.0000
1987-05-12,3.4583,0.0000,13.0000,3.1344,24.0000
1987-05-13,16.2917,4.0000,35.0000,8.5337,24.0000
1987-05-14,3.6667,-6.0000,18.0000,6.9699,24.0000
1987-05-15,-0.5000,-6.0000,5.0000,3.2033,24.0000
1987-05-16,2.4167,-3.0000,11.0000,4.1902,24.0000
1987-05-17,7.8333,3.0000,12.0000,2.8079,24.0000
1987-05-18,9.6667,5.0000,15.0000,3.7725,24.0000
1987-05-19,12.9583,3.0000,17.0000,3.5567,24.0000
1987-05-20,10.4167,5.0000,16.0000,2.8729,24.0000
1987-05-21,9.4167,4.0000,15.0000,2.8117,24.0000
1987-05-22,18.9583,12.0000,26.0000,3.3941,24.0000
1987-05-23,10.0000,-4.0000,21.0000,7.7516,24.0000
1987-05-24,-18.5833,-46.0000,-2.0000,11.9743,24.0000
1987-05-25,-25.5417,-58.0000,-10.0000,14.5870,24.0000
1987-05-26,-14.0000,-31.0000,-1.0000,7.5527,24.0000
1987-05-27,-41.7083,-58.0000,-23.0000,8.5642,24.0000
1987-05-28,-12.6667,-22.0000,-2.0000,5.7231,24.0000
1987-05-29,-39.5000,-51.0000,-15.0000,9.4960,24.0000
1987-05-30,-17.1250,-30.0000,-7.0000,5.7052,24.0000
1987-05-31,-20.4583,-45.0000,1.0000,14.8996,24.0000
1987-06-01,-10.2917,-38.0000,12.0000,12.5922,24.0000
1987-06-02,-11.0417,-16.0000,-1.0000,3.8162,24.0000
1987-06-03,-2.8750,-8.0000,1.0000,2.3648,24.0000
1987-06-04,4.0417,-4.0000,10.0000,3.8048,24.0000
1987-06-05,0.8750,-5.0000,10.0000,3.4048,24.0000
1987-06-06,-24.2500,-60.0000,9.0000,24.8005,24.0000
1987-06-07,-19.4167,-31.0000,-7.0000,7.0088,24.0000
1987-06-08,-15.4167,-23.0000,-8.0000,4.5960,24.0000
1987-06-09,-4.2083,-9.0000,3.0000,4.1070,24.0000
1987-06-10,5.7917,-8.0000,15.0000,6.8142,24.0000
1987-06-11,8.1667,-3.0000,22.0000,6.6179,24.0000
1987-06-12,-0.8750,-7.0000,7.0000,4.0680,24.0000
1987-06-13,-2.9167,-11.0000,7.0000,4.0851,24.0000
1987-06-14,-0.3333,-9.0000,6.0000,3.6673,24.0000
1987-06-15,4.0833,-3.0000,10.0000,3.5621,24.0000
1987-06-16,6.1250,-1.0000,16.0000,4.9547,24.0000
1987-06-17,0.8750,-4.0000,6.0000,2.6096,24.0000
1987-06-18,-1.8750,-8.0000,7.0000,3.5424,24.0000
1987-06-19,-12.9167,-28.0000,-2.0000,6.9652,24.0000
1987-06-20,-16.0833,-32.0000,-1.0000,10.4254,24.0000
1987-06-21,-11.2917,-22.0000,-5.0000,3.9615,24.0000
1987-06-22,-6.5417,-13.0000,-1.0000,2.9040,24.0000
1987-06-23,-3.4167,-8.0000,8.0000,3.3221,24.0000
1987-06-24,7.7917,-4.0000,14.0000,5.4532,24.0000
1987-06-25,-1.3333,-27.0000,8.0000,8.1115,24.0000
1987-06-26,-17.0417,-43.0000,5.0000,14.4116,24.0000
1987-06-27,-4.6250,-14.0000,5.0000,5.2404,24.0000
1987-06-28,5.8333,-9.0000,16.0000,7.8997,24.0000
1987-06-29,9.4583,2.0000,16.0000,3.5384,24.0000
1987-06-30,5.9167,-1.0000,10.0000,2.7962,24.0000
1987-07-01,13.5000,8.0000,19.0000,2.7819,24.0000
1987-07-02,8.4167,0.0000,14.0000,3.5129,24.0000
1987-07-03,14.0417,0.0000,47.0000,13.9579,24.0000
1987-07-04,7.9583,-2.0000,24.0000,5.3282,24.0000
1987-07-05,0.1667,-9.0000,5.0000,3.7955,24.0000
1987-07-06,-0.2917,-8.0000,9.0000,4.3085,24.0000
1987-07-07,5.0833,-3.0000,18.0000,4.8357,24.0000
1987-07-08,6.0833,-5.0000,24.0000,7.7511,24.0000
1987-07-09,4.5417,-3.0000,16.0000,6.3996,24.0000
1987-07-10,-3.7083,-10.0000,2.0000,3.0713,24.0000
1987-07-11,-3.5417,-10.0000,4.0000,4.2832,24.0000
1987-07-12,2.5000,-7.0000,11.0000,5.3568,24.0000
1987-07-13,7.7500,-6.0000,16.0000,5.8254,24.0000
1987-07-14,6.7917,-3.0000,17.0000,5.9635,24.0000
1987-07-15,-5.6667,-42.0000,33.0000,19.7345,24.0000
1987-07-16,-19.5000,-36.0000,-8.0000,7.5239,24.0000
1987-07-17,-20.1250,-30.0000,-10.0000,5.1357,24.0000
1987-07-18,-14.3333,-24.0000,-8.0000,4.2902,24.0000
1987-07-19,-9.0833,-16.0000,-4.0000,2.7806,24.0000
1987-07-20,-6.4583,-14.0000,1.0000,3.0925,24.0000
1987-07-21,-5.8750,-10.0000,1.0000,3.0972,24.0000
1987-07-22,-6.1250,-10.0000,-2.0000,2.1123,24.0000
1987-07-23,-4.5000,-11.0000,1.0000,3.6475,24.0000
1987-07-24,4.4167,-7.0000,24.0000,9.9779,24.0000
1987-07-25,-6.2500,-30.0000,21.0000,16.8736,24.0000
1987-07-26,-5.3333,-15.0000,2.0000,4.6313,24.0000
1987-07-27,-4.5000,-10.0000,7.0000,4.6718,24.0000
1987-07-28,-2.5000,-24.0000,23.0000,11.8872,24.0000
1987-07-29,-65.7083,-100.0000,-16.0000,22.1663,24.0000
1987-07-30,-34.3333,-50.0000,-8.0000,12.1285,24.0000
1987-07-31,-27.8333,-48.0000,-14.0000,10.9690,24.0000
1987-08-01,-24.9167,-34.0000,-20.0000,3.8098,24.0000
1987-08-02,-14.7917,-30.0000,-5.0000,6.5937,24.0000
1987-08-03,-20.5000,-36.0000,1.0000,12.2545,24.0000
1987-08-04,-16.0417,-23.0000,-4.0000,6.9999,24.0000
1987-08-05,-20.6250,-34.0000,-6.0000,6.9207,24.0000
1987-08-06,-8.3750,-15.0000,-3.0000,3.2278,24.0000
1987-08-07,-6.5000,-12.0000,-2.0000,2.3956,24.0000
1987-08-08,-7.0833,-12.0000,1.0000,3.8098,24.0000
1987-08-09,-7.9583,-14.0000,4.0000,4.2167,24.0000
1987-08-10,2.4583,-5.0000,13.0000,5.5637,24.0000
1987-08-11,7.2917,0.0000,12.0000,3.0142,24.0000
1987-08-12,-5.3333,-25.0000,14.0000,12.2605,24.0000
1987-08-13,-18.1667,-33.0000,-7.0000,7.5335,24.0000
1987-08-14,-14.6250,-20.0000,-6.0000,3.9100,24.0000
1987-08-15,-20.1667,-29.0000,-11.0000,6.1621,24.0000
1987-08-16,-17.9167,-27.0000,-10.0000,5.7779,24.0000
1987-08-17,-13.5000,-30.0000,-3.0000,6.4404,24.0000
1987-08-18,-12.8333,-19.0000,-8.0000,2.8387,24.0000
1987-08-19,-10.4583,-20.0000,-3.0000,4.1805,24.0000
1987-08-20,-11.0000,-15.0000,-6.0000,2.4672,24.0000
1987-08-21,-6.5833,-14.0000,-1.0000,3.5129,24.0000
1987-08-22,1.1667,-12.0000,16.0000,7.0382,24.0000
1987-08-23,-12.5417,-31.0000,5.0000,12.3358,24.0000
1987-08-24,-3.4167,-16.0000,14.0000,8.4951,24.0000
1987-08-25,-42.0833,-97.0000,5.0000,34.9147,24.0000
1987-08-26,-47.7917,-75.0000,-31.0000,11.5720,24.0000
1987-08-27,-30.1250,-38.0000,-21.0000,4.9635,24.0000
1987-08-28,-33.2083,-43.0000,-20.0000,7.4249,24.0000
1987-08-29,-25.4167,-46.0000,-13.0000,8.0807,24.0000
1987-08-30,-19.1250,-38.0000,9.0000,12.6364,24.0000
1987-08-31,-25.0000,-36.0000,-8.0000,9.7624,24.0000
1987-09-01,-36.8750,-49.0000,-22.0000,7.1464,24.0000
1987-09-02,-29.2083,-38.0000,-21.0000,4.8810,24.0000
1987-09-03,-17.2500,-22.0000,-11.0000,3.5783,24.0000
1987-09-04,-13.9583,-20.0000,-8.0000,3.3164,24.0000
1987-09-05,-12.5417,-19.0000,2.0000,6.9594,24.0000
1987-09-06,-3.8333,-17.0000,10.0000,7.0567,24.0000
1987-09-07,-8.4167,-17.0000,2.0000,5.9921,24.0000
1987-09-08,-8.7917,-13.0000,-4.0000,2.7343,24.0000
1987-09-09,-5.6250,-17.0000,14.0000,8.7218,24.0000
1987-09-10,-15.0417,-83.0000,23.0000,31.6852,24.0000
1987-09-11,-45.2917,-73.0000,-28.0000,11.9655,24.0000
1987-09-12,-32.1667,-42.0000,-26.0000,4.5365,24.0000
1987-09-13,-27.7500,-48.0000,-16.0000,8.2686,24.0000
1987-09-14,-30.5417,-47.0000,-21.0000,7.7290,24.0000
1987-09-15,-25.9583,-49.0000,-13.0000,6.9437,24.0000
1987-09-16,-27.7083,-43.0000,-18.0000,6.0252,24.0000
1987-09-17,-23.9167,-33.0000,-17.0000,5.3724,24.0000
1987-09-18,-17.9583,-31.0000,-11.0000,5.2043,24.0000
1987-09-19,-12.5833,-19.0000,-1.0000,4.7632,24.0000
1987-09-20,-7.6250,-20.0000,7.0000,8.8358,24.0000
1987-09-21,-7.3750,-16.0000,8.0000,5.9623,24.0000
1987-09-22,-25.5833,-53.0000,-10.0000,9.5504,24.0000
1987-09-23,-31.6667,-53.0000,-19.0000,11.3316,24.0000
1987-09-24,-5.0000,-21.0000,6.0000,6.1148,24.0000
1987-09-25,-40.4583,-67.0000,-8.0000,19.7330,24.0000
1987-09-26,-45.5833,-70.0000,-23.0000,13.6443,24.0000
1987-09-27,-8.4583,-22.0000,5.0000,7.5238,24.0000
1987-09-28,-28.0417,-42.0000,-2.0000,10.6912,24.0000
1987-09-29,-30.6250,-47.0000,-17.0000,10.0122,24.0000
1987-09-30,-44.0417,-60.0000,-28.0000,8.4209,24.0000
1987-10-01,-29.0833,-36.0000,-23.0000,3.4252,24.0000
1987-10-02,-23.4167,-37.0000,-17.0000,5.9558,24.0000
1987-10-03,-49.0000,-87.0000,-13.0000,27.0475,24.0000
1987-10-04,-39.0833,-56.0000,-27.0000,8.9049,24.0000
1987-10-05,-21.7500,-27.0000,-13.0000,3.9149,24.0000
1987-10-06,-16.2083,-21.0000,-10.0000,3.3229,24.0000
1987-10-07,-13.7500,-19.0000,-7.0000,3.2737,24.0000
1987-10-08,-21.4583,-25.0000,-18.0000,1.7932,24.0000
1987-10-09,-15.3333,-36.0000,-8.0000,7.5104,24.0000
1987-10-10,-18.2500,-43.0000,1.0000,13.2411,24.0000
1987-10-11,-22.4167,-53.0000,2.0000,18.0649,24.0000
1987-10-12,-25.5000,-33.0000,-21.0000,2.8438,24.0000
1987-10-13,-22.4583,-35.0000,-14.0000,6.8903,24.0000
1987-10-14,-30.7083,-44.0000,-18.0000,7.7767,24.0000
1987-10-15,-28.7083,-37.0000,-14.0000,6.0179,24.0000
1987-10-16,-20.4583,-26.0000,-15.0000,3.0925,24.0000
1987-10-17,-20.5000,-35.0000,-9.0000,8.4648,24.0000
1987-10-18,-20.5000,-24.0000,-15.0000,2.2650,24.0000
1987-10-19,-18.9167,-26.0000,-11.0000,3.9223,24.0000
1987-10-20,-19.9167,-36.0000,-9.0000,8.4128,24.0000
1987-10-21,-30.5000,-40.0000,-19.0000,6.1361,24.0000
1987-10-22,-10.9167,-18.0000,11.0000,8.1556,24.0000
1987-10-23,-24.5417,-39.0000,-17.0000,6.6593,24.0000
1987-10-24,-23.4167,-57.0000,-7.0000,13.5066,24.0000
1987-10-25,-53.9583,-67.0000,-42.0000,8.6551,24.0000
1987-10-26,-42.5417,-52.0000,-31.0000,5.6950,24.0000
1987-10-27,-48.4583,-71.0000,-32.0000,10.2192,24.0000
1987-10-28,-52.2500,-58.0000,-43.0000,4.0244,24.0000
1987-10-29,-38.2500,-48.0000,-25.0000,5.7653,24.0000
1987-10-30,-32.7917,-43.0000,-25.0000,4.9165,24.0000
1987-10-31,-31.0000,-41.0000,-25.0000,3.9453,24.0000
1987-11-01,-31.7917,-40.0000,-17.0000,6.2553,24.0000
1987-11-02,-30.8750,-53.0000,-16.0000,11.0269,24.0000
1987-11-03,-30.4583,-59.0000,1.0000,17.1235,24.0000
1987-11-04,-34.2083,-52.0000,-20.0000,9.1556,24.0000
1987-11-05,-23.2083,-36.0000,-14.0000,6.1005,24.0000
1987-11-06,-22.0417,-36.0000,-6.0000,10.9841,24.0000
1987-11-07,-4.5833,-14.0000,10.0000,5.8079,24.0000
1987-11-08,-4.5833,-10.0000,1.0000,3.0633,24.0000
1987-11-09,-4.3750,-22.0000,10.0000,10.1288,24.0000
1987-11-10,-20.2083,-30.0000,-10.0000,5.6644,24.0000
1987-11-11,-19.5417,-34.0000,-11.0000,5.3729,24.0000
1987-11-12,-20.4167,-37.0000,-9.0000,5.7929,24.0000
1987-11-13,-23.1667,-31.0000,-13.0000,4.9666,24.0000
1987-11-14,-21.0000,-31.0000,-12.0000,5.3406,24.0000
1987-11-15,-20.2500,-27.0000,-14.0000,3.2870,24.0000
1987-11-16,-17.7917,-26.0000,-8.0000,5.5637,24.0000
1987-11-17,-11.8750,-19.0000,-8.0000,3.0262,24.0000
1987-11-18,-4.6250,-13.0000,9.0000,6.2611,24.0000
1987-11-19,-18.3750,-25.0000,-4.0000,6.5396,24.0000
1987-11-20,-23.8750,-32.0000,-16.0000,4.8751,24.0000
1987-11-21,-15.7917,-27.0000,-4.0000,8.4235,24.0000
1987-11-22,-18.8750,-29.0000,-10.0000,5.4239,24.0000
1987-11-23,-43.7917,-65.0000,-16.0000,17.0650,24.0000
1987-11-24,-50.3333,-63.0000,-40.0000,7.4697,24.0000
1987-11-25,-40.0833,-48.0000,-34.0000,3.8889,24.0000
1987-11-26,-34.2917,-44.0000,-28.0000,4.1544,24.0000
1987-11-27,-46.1667,-57.0000,-30.0000,6.8757,24.0000
1987-11-28,-26.1250,-33.0000,-14.0000,5.5585,24.0000
1987-11-29,-12.7500,-18.0000,-3.0000,3.5904,24.0000
1987-11-30,-8.0833,-19.0000,0.0000,6.1143,24.0000
1987-12-01,-5.3333,-14.0000,5.0000,5.2558,24.0000
1987-12-02,-2.2083,-8.0000,5.0000,3.7298,24.0000
1987-12-03,-13.8333,-29.0000,1.0000,9.2062,24.0000
1987-12-04,-13.2917,-23.0000,-2.0000,5.7595,24.0000
1987-12-05,-20.8333,-32.0000,-5.0000,8.2655,24.0000
1987-12-06,-18.8333,-25.0000,-10.0000,4.3506,24.0000
1987-12-07,-14.5417,-19.0000,-9.0000,2.7972,24.0000
1987-12-08,-9.2917,-13.0000,-5.0000,1.8992,24.0000
1987-12-09,5.2500,-7.0000,29.0000,10.1264,24.0000
1987-12-10,-11.4583,-44.0000,11.0000,16.5055,24.0000
1987-12-11,-25.7083,-36.0000,-12.0000,5.8865,24.0000
1987-12-12,-20.2917,-30.0000,-10.0000,5.6835,24.0000
1987-12-13,-14.1667,-18.0000,-10.0000,2.6485,24.0000
1987-12-14,-11.9167,-18.0000,-5.0000,3.7407,24.0000
1987-12-15,-4.2083,-19.0000,13.0000,9.7890,24.0000
1987-12-16,-44.4167,-70.0000,-13.0000,12.9980,24.0000
1987-12-17,-33.1667,-43.0000,-25.0000,4.4298,24.0000
1987-12-18,-24.2917,-34.0000,-16.0000,5.3200,24.0000
1987-12-19,-19.0000,-26.0000,-12.0000,3.3751,24.0000
1987-12-20,-16.9583,-22.0000,-7.0000,3.9834,24.0000
1987-12-21,-29.8333,-54.0000,-5.0000,15.4573,24.0000
1987-12-22,-39.4583,-59.0000,-24.0000,11.1861,24.0000
1987-12-23,-29.5417,-41.0000,-23.0000,5.2995,24.0000
1987-12-24,-27.5000,-36.0000,-20.0000,4.4134,24.0000
1987-12-25,-22.1667,-30.0000,-15.0000,4.3705,24.0000
1987-12-26,-15.4167,-22.0000,-10.0000,3.1056,24.0000
1987-12-27,-5.5000,-9.0000,-3.0000,2.0000,24.0000
1987-12-28,-1.0833,-8.0000,6.0000,4.0531,24.0000
1987-12-29,5.1250,-2.0000,12.0000,4.0680,24.0000
1987-12-30,1.2083,-4.0000,9.0000,3.4513,24.0000
1987-12-31,-5.6667,-15.0000,5.0000,6.2183,24.0000
1988-01-01,2.2083,-16.0000,17.0000,9.3854,24.0000
1988-01-02,-39.3333,-88.0000,10.0000,36.3948,24.0000
1988-01-03,-45.0833,-66.0000,-34.0000,7.9941,24.0000
1988-01-04,-26.3333,-42.0000,10.0000,11.8199,24.0000
1988-01-05,-29.6667,-41.0000,-21.0000,6.3429,24.0000
1988-01-06,-35.9167,-80.0000,-16.0000,21.3030,24.0000
1988-01-07,-44.5000,-77.0000,-15.0000,19.2354,24.0000
1988-01-08,-30.5417,-47.0000,-15.0000,7.7515,24.0000
1988-01-09,-25.8750,-31.0000,-21.0000,3.1803,24.0000
1988-01-10,-15.2917,-27.0000,-5.0000,6.1537,24.0000
1988-01-11,-1.2917,-21.0000,21.0000,12.3058,24.0000
1988-01-12,-10.5833,-28.0000,22.0000,15.5813,24.0000
1988-01-13,-19.0417,-26.0000,-3.0000,4.5729,24.0000
1988-01-14,-28.6667,-147.0000,7.0000,47.5584,24.0000
1988-01-15,-98.8333,-134.0000,-64.0000,27.5865,24.0000
1988-01-16,-47.9167,-64.0000,-36.0000,8.3193,24.0000
1988-01-17,-37.9167,-48.0000,-30.0000,6.1426,24.0000
1988-01-18,-29.7500,-41.0000,-20.0000,5.4713,24.0000
1988-01-19,-27.5417,-41.0000,-19.0000,5.6259,24.0000
1988-01-20,-22.0417,-32.0000,-15.0000,4.2578,24.0000
1988-01-21,-19.8333,-27.0000,-10.0000,5.4427,24.0000
1988-01-22,-16.7083,-20.0000,-12.0000,2.3121,24.0000
1988-01-23,-12.6250,-17.0000,-6.0000,2.6344,24.0000
1988-01-24,-10.6667,-18.0000,-4.0000,3.6435,24.0000
1988-01-25,-15.7500,-26.0000,-8.0000,5.6047,24.0000
1988-01-26,-14.3750,-23.0000,-1.0000,6.4458,24.0000
1988-01-27,-22.1250,-30.0000,-11.0000,4.8482,24.0000
1988-01-28,-8.7917,-18.0000,7.0000,6.3244,24.0000
1988-01-29,-5.6667,-10.0000,3.0000,3.6555,24.0000
1988-01-30,-2.1667,-8.0000,2.0000,2.8691,24.0000
1988-01-31,-0.4583,-6.0000,3.0000,2.2838,24.0000
1988-02-01,5.9167,-4.0000,14.0000,4.6243,24.0000
1988-02-02,2.8750,-8.0000,11.0000,6.1171,24.0000
1988-02-03,-3.2917,-10.0000,5.0000,4.1229,24.0000
1988-02-04,0.5833,-20.0000,6.0000,5.6562,24.0000
1988-02-05,-38.6667,-62.0000,-18.0000,11.4575,24.0000
1988-02-06,-22.3333,-36.0000,-11.0000,5.2475,24.0000
1988-02-07,-22.0417,-30.0000,-15.0000,4.2680,24.0000
1988-02-08,-15.1667,-20.0000,-9.0000,2.6649,24.0000
1988-02-09,-9.8750,-38.0000,6.0000,14.8977,24.0000
1988-02-10,-20.3333,-35.0000,-9.0000,6.6572,24.0000
1988-02-11,-18.5833,-38.0000,-6.0000,9.8330,24.0000
1988-02-12,-22.6250,-42.0000,0.0000,10.3328,24.0000
1988-02-13,-15.4167,-26.0000,0.0000,6.1850,24.0000
1988-02-14,-13.9583,-24.0000,-7.0000,4.9298,24.0000
1988-02-15,-31.2500,-52.0000,-10.0000,13.0192,24.0000
1988-02-16,-28.0833,-46.0000,-14.0000,10.6032,24.0000
1988-02-17,-26.8750,-39.0000,-19.0000,5.5035,24.0000
1988-02-18,-25.2917,-40.0000,-20.0000,4.2475,24.0000
1988-02-19,-23.0833,-29.0000,-17.0000,2.7333,24.0000
1988-02-20,-11.1250,-20.0000,-4.0000,3.9707,24.0000
1988-02-21,-20.6250,-36.0000,9.0000,11.6276,24.0000
1988-02-22,-90.9167,-130.0000,-39.0000,24.0830,24.0000
1988-02-23,-73.3333,-97.0000,-41.0000,19.7719,24.0000
1988-02-24,-41.4583,-49.0000,-29.0000,5.5793,24.0000
1988-02-25,-35.9583,-45.0000,-29.0000,4.8318,24.0000
1988-02-26,-31.5000,-49.0000,-21.0000,8.6225,24.0000
1988-02-27,-24.5000,-35.0000,-18.0000,5.2915,24.0000
1988-02-28,-13.6250,-22.0000,-5.0000,4.3018,24.0000
1988-02-29,1.8333,-4.0000,8.0000,3.7955,24.0000
1988-03-01,-0.2917,-10.0000,6.0000,4.8497,24.0000
1988-03-02,-2.0417,-9.0000,3.0000,3.6413,24.0000
1988-03-03,4.2917,-8.0000,21.0000,7.7205,24.0000
1988-03-04,-23.5833,-40.0000,-6.0000,9.0885,24.0000
1988-03-05,-16.5833,-27.0000,-6.0000,5.5788,24.0000
1988-03-06,-33.4583,-41.0000,-17.0000,6.1360,24.0000
1988-03-07,-15.6250,-33.0000,7.0000,9.9948,24.0000
1988-03-08,-26.9167,-49.0000,-4.0000,10.1892,24.0000
1988-03-09,-19.0000,-26.0000,-10.0000,4.3738,24.0000
1988-03-10,-16.2917,-32.0000,-8.0000,6.4301,24.0000
1988-03-11,-17.6667,-29.0000,-4.0000,6.6898,24.0000
1988-03-12,-13.9583,-25.0000,-6.0000,5.2210,24.0000
1988-03-13,-8.5833,-15.0000,2.0000,5.3724,24.0000
1988-03-14,-4.7083,-13.0000,0.0000,2.9263,24.0000
1988-03-15,-16.9583,-33.0000,-3.0000,8.4105,24.0000
1988-03-16,-22.0417,-34.0000,-15.0000,5.5363,24.0000
1988-03-17,-14.1667,-23.0000,-10.0000,3.2258,24.0000
1988-03-18,-10.7083,-16.0000,-5.0000,2.9263,24.0000
1988-03-19,-10.3750,-16.0000,-6.0000,3.0333,24.0000
1988-03-20,-5.7083,-17.0000,-1.0000,5.0085,24.0000
1988-03-21,-2.2083,-9.0000,6.0000,4.8721,24.0000
1988-03-22,-0.6250,-7.0000,11.0000,5.4598,24.0000
1988-03-23,2.4167,-7.0000,10.0000,5.7098,24.0000
1988-03-24,1.6667,-10.0000,10.0000,5.9100,24.0000
1988-03-25,-7.4583,-26.0000,9.0000,10.8947,24.0000
1988-03-26,-51.5000,-154.0000,-9.0000,45.3786,24.0000
1988-03-27,-77.1667,-121.0000,-47.0000,21.4652,24.0000
1988-03-28,-64.8333,-77.0000,-47.0000,9.1398,24.0000
1988-03-29,-57.0000,-75.0000,-35.0000,10.6363,24.0000
1988-03-30,-51.5417,-88.0000,-13.0000,20.2140,24.0000
1988-03-31,-33.4167,-47.0000,-21.0000,6.5270,24.0000
1988-04-01,-38.3333,-52.0000,-25.0000,7.5680,24.0000
1988-04-02,-45.2500,-64.0000,-31.0000,8.5681,24.0000
1988-04-03,-42.2083,-88.0000,-23.0000,14.9433,24.0000
1988-04-04,-89.6250,-133.0000,-60.0000,20.0539,24.0000
1988-04-05,-57.1250,-70.0000,-38.0000,8.6493,24.0000
1988-04-06,-59.8333,-100.0000,-32.0000,20.3185,24.0000
1988-04-07,-37.1250,-44.0000,-29.0000,4.1735,24.0000
1988-04-08,-22.0833,-29.0000,-8.0000,5.7401,24.0000
1988-04-09,-20.9167,-29.0000,-13.0000,4.0100,24.0000
1988-04-10,-23.5000,-42.0000,-6.0000,10.9743,24.0000
1988-04-11,-16.2083,-23.0000,-7.0000,4.7820,24.0000
1988-04-12,-16.8750,-23.0000,-11.0000,3.7337,24.0000
1988-04-13,-13.2083,-17.0000,-11.0000,1.8173,24.0000
1988-04-14,-11.4167,-20.0000,-4.0000,5.4845,24.0000
1988-04-15,-6.0833,-11.0000,2.0000,3.3869,24.0000
1988-04-16,-9.3750,-20.0000,0.0000,4.3819,24.0000
1988-04-17,-4.3333,-10.0000,1.0000,3.0455,24.0000
1988-04-18,-10.3333,-29.0000,2.0000,7.7047,24.0000
1988-04-19,1.5833,-8.0000,20.0000,7.2287,24.0000
1988-04-20,-3.7917,-12.0000,3.0000,4.3537,24.0000
1988-04-21,0.0000,-16.0000,20.0000,10.9545,24.0000
1988-04-22,-61.0417,-109.0000,-9.0000,24.8412,24.0000
1988-04-23,-34.2917,-42.0000,-24.0000,5.2459,24.0000
1988-04-24,-22.7083,-29.0000,-18.0000,3.8162,24.0000
1988-04-25,-14.1667,-26.0000,-7.0000,4.8871,24.0000
1988-04-26,-4.5000,-7.0000,-1.0000,1.6940,24.0000
1988-04-27,-3.9583,-12.0000,1.0000,3.8951,24.0000
1988-04-28,-18.9583,-36.0000,-6.0000,8.5337,24.0000
1988-04-29,-15.8333,-29.0000,2.0000,8.3856,24.0000
1988-04-30,0.6250,-6.0000,8.0000,4.7164,24.0000
1988-05-01,-9.5833,-13.0000,-3.0000,3.1196,24.0000
1988-05-02,-8.1667,-22.0000,6.0000,9.4715,24.0000
1988-05-03,-8.4167,-16.0000,1.0000,4.6243,24.0000
1988-05-04,-14.7917,-32.0000,7.0000,12.5073,24.0000
1988-05-05,-8.8750,-33.0000,5.0000,10.3978,24.0000
1988-05-06,-106.1250,-160.0000,-33.0000,36.5350,24.0000
1988-05-07,-54.6667,-75.0000,-39.0000,9.8848,24.0000
1988-05-08,-38.0833,-49.0000,-29.0000,6.1426,24.0000
1988-05-09,-28.9167,-38.0000,-23.0000,3.1749,24.0000
1988-05-10,-25.1250,-33.0000,-18.0000,3.6868,24.0000
1988-05-11,-21.9583,-26.0000,-16.0000,3.0713,24.0000
1988-05-12,-12.5417,-19.0000,-5.0000,3.8219,24.0000
1988-05-13,-9.9167,-17.0000,-5.0000,3.2021,24.0000
1988-05-14,-9.0000,-13.0000,-5.0000,2.2650,24.0000
1988-05-15,-6.7083,-17.0000,-1.0000,4.1857,24.0000
1988-05-16,-19.0417,-35.0000,5.0000,11.9291,24.0000
1988-05-17,-36.8333,-53.0000,-18.0000,11.3814,24.0000
1988-05-18,-45.7500,-59.0000,-38.0000,5.1689,24.0000
1988-05-19,-28.0833,-48.0000,-18.0000,8.2405,24.0000
1988-05-20,-13.2083,-28.0000,-3.0000,7.5985,24.0000
1988-05-21,-6.9583,-19.0000,3.0000,6.2588,24.0000
1988-05-22,-12.2917,-17.0000,-5.0000,2.7738,24.0000
1988-05-23,-2.2083,-15.0000,11.0000,7.0648,24.0000
1988-05-24,-6.0417,-18.0000,2.0000,4.9209,24.0000
1988-05-25,1.1250,-11.0000,10.0000,6.2784,24.0000
1988-05-26,-12.7500,-24.0000,4.0000,6.3056,24.0000
1988-05-27,-3.8750,-10.0000,2.0000,3.2210,24.0000
1988-05-28,6.0000,-1.0000,14.0000,4.4429,24.0000
1988-05-29,2.2500,-10.0000,13.0000,6.9235,24.0000
1988-05-30,0.2083,-19.0000,19.0000,8.5005,24.0000
1988-05-31,-8.8333,-14.0000,-3.0000,2.8691,24.0000
1988-06-01,-7.4167,-16.0000,-2.0000,4.4907,24.0000
1988-06-02,3.6250,-5.0000,7.0000,2.7157,24.0000
1988-06-03,4.2083,-4.0000,14.0000,5.5559,24.0000
1988-06-04,9.1667,3.0000,16.0000,3.0024,24.0000
1988-06-05,6.4167,-28.0000,22.0000,12.0791,24.0000
1988-06-06,-17.5833,-45.0000,-2.0000,13.4356,24.0000
1988-06-07,-5.1667,-11.0000,2.0000,3.7725,24.0000
1988-06-08,-7.2083,-20.0000,3.0000,6.8206,24.0000
1988-06-09,1.0417,-20.0000,11.0000,8.8440,24.0000
1988-06-10,-3.5000,-14.0000,7.0000,5.4454,24.0000
1988-06-11,-7.8333,-16.0000,1.0000,5.3134,24.0000
1988-06-12,-2.7917,-7.0000,9.0000,4.2424,24.0000
1988-06-13,9.1667,4.0000,16.0000,2.6973,24.0000
1988-06-14,-19.0417,-33.0000,0.0000,7.0061,24.0000
1988-06-15,-13.3750,-23.0000,-9.0000,3.3207,24.0000
1988-06-16,-15.6250,-22.0000,-10.0000,3.1734,24.0000
1988-06-17,-15.5417,-30.0000,-7.0000,5.9635,24.0000
1988-06-18,-2.4583,-12.0000,14.0000,5.6567,24.0000
1988-06-19,-6.2500,-24.0000,11.0000,8.0771,24.0000
1988-06-20,-22.9167,-37.0000,-10.0000,7.3183,24.0000
1988-06-21,-9.0833,-15.0000,-5.0000,2.7806,24.0000
1988-06-22,-5.5000,-14.0000,5.0000,5.3649,24.0000
1988-06-23,-7.8750,-20.0000,3.0000,5.4956,24.0000
1988-06-24,0.9167,-19.0000,17.0000,11.6018,24.0000
1988-06-25,-12.2083,-26.0000,2.0000,8.5108,24.0000
1988-06-26,-18.9583,-39.0000,-3.0000,9.2242,24.0000
1988-06-27,-20.2917,-29.0000,-10.0000,6.0252,24.0000
1988-06-28,-10.7083,-23.0000,4.0000,6.9625,24.0000
1988-06-29,-7.5833,-44.0000,27.0000,20.3489,24.0000
1988-06-30,-30.7917,-45.0000,-19.0000,6.3244,24.0000
1988-07-01,-18.6250,-29.0000,-13.0000,4.6979,24.0000
1988-07-02,-6.8333,-17.0000,0.0000,4.8064,24.0000
1988-07-03,-5.8333,-15.0000,-1.0000,4.2597,24.0000
1988-07-04,-10.6250,-18.0000,-5.0000,3.7742,24.0000
1988-07-05,6.7500,-9.0000,29.0000,11.3836,24.0000
1988-07-06,-2.9583,-17.0000,25.0000,11.4568,24.0000
1988-07-07,-14.9167,-27.0000,0.0000,7.3657,24.0000
1988-07-08,-13.9167,-22.0000,-8.0000,4.7632,24.0000
1988-07-09,-3.1250,-13.0000,6.0000,4.6280,24.0000
1988-07-10,11.5417,7.0000,26.0000,4.1282,24.0000
1988-07-11,-0.9583,-21.0000,33.0000,17.7996,24.0000
1988-07-12,-15.2917,-24.0000,2.0000,6.8492,24.0000
1988-07-13,-10.8333,-22.0000,-4.0000,5.6157,24.0000
1988-07-14,-3.3333,-13.0000,6.0000,5.7685,24.0000
1988-07-15,3.5000,-7.0000,10.0000,5.0990,24.0000
1988-07-16,-12.9583,-28.0000,13.0000,13.1628,24.0000
1988-07-17,-8.8750,-16.0000,-1.0000,4.4946,24.0000
1988-07-18,-14.8333,-28.0000,1.0000,9.7787,24.0000
1988-07-19,-9.7083,-20.0000,-3.0000,4.8497,24.0000
1988-07-20,-4.2083,-10.0000,4.0000,4.7272,24.0000
1988-07-21,-13.3750,-34.0000,12.0000,13.9122,24.0000
1988-07-22,-44.3750,-55.0000,-24.0000,6.3370,24.0000
1988-07-23,-31.3750,-44.0000,-18.0000,7.6999,24.0000
1988-07-24,-17.0417,-26.0000,-11.0000,4.1649,24.0000
1988-07-25,-6.5417,-15.0000,7.0000,5.9269,24.0000
1988-07-26,-17.7083,-44.0000,5.0000,14.2355,24.0000
1988-07-27,-26.5000,-36.0000,-16.0000,5.9782,24.0000
1988-07-28,-11.2500,-21.0000,-4.0000,5.4394,24.0000
1988-07-29,-10.5833,-32.0000,-1.0000,7.9121,24.0000
1988-07-30,-13.6667,-27.0000,-8.0000,4.4592,24.0000
1988-07-31,-7.7500,-18.0000,-1.0000,4.8834,24.0000
1988-08-01,-13.2917,-24.0000,-6.0000,3.8615,24.0000
1988-08-02,-11.3333,-18.0000,-7.0000,3.6435,24.0000
1988-08-03,-19.5833,-26.0000,-14.0000,3.3611,24.0000
1988-08-04,-10.8750,-18.0000,-3.0000,4.3670,24.0000
1988-08-05,-10.0000,-28.0000,-1.0000,7.1262,24.0000
1988-08-06,-2.7500,-9.0000,5.0000,4.3961,24.0000
1988-08-07,-4.0417,-12.0000,6.0000,4.7501,24.0000
1988-08-08,2.9583,-5.0000,17.0000,5.7595,24.0000
1988-08-09,-13.1250,-65.0000,14.0000,25.2092,24.0000
1988-08-10,-27.2917,-49.0000,-14.0000,9.7422,24.0000
1988-08-11,-21.6667,-37.0000,3.0000,11.2778,24.0000
1988-08-12,-19.1667,-38.0000,6.0000,13.4445,24.0000
1988-08-13,-24.7083,-36.0000,-14.0000,5.2542,24.0000
1988-08-14,-33.0833,-44.0000,-18.0000,7.6153,24.0000
1988-08-15,-29.2917,-37.0000,-20.0000,4.1961,24.0000
1988-08-16,-26.7500,-32.0000,-23.0000,2.1518,24.0000
1988-08-17,-12.5833,-23.0000,0.0000,6.9214,24.0000
1988-08-18,-19.2083,-24.0000,-15.0000,2.3770,24.0000
1988-08-19,-12.9583,-23.0000,-4.0000,6.2796,24.0000
1988-08-20,-14.1667,-26.0000,15.0000,9.4394,24.0000
1988-08-21,-8.2917,-16.0000,20.0000,7.2381,24.0000
1988-08-22,-29.7500,-62.0000,29.0000,21.7361,24.0000
1988-08-23,-20.7917,-27.0000,-13.0000,4.0323,24.0000
1988-08-24,-13.9583,-20.0000,-7.0000,2.7104,24.0000
1988-08-25,-6.5000,-20.0000,13.0000,9.6279,24.0000
1988-08-26,-9.0000,-31.0000,4.0000,8.9053,24.0000
1988-08-27,-22.6667,-29.0000,-13.0000,4.4689,24.0000
1988-08-28,-14.3333,-36.0000,-7.0000,7.0752,24.0000
1988-08-29,-32.1250,-45.0000,-24.0000,6.0456,24.0000
1988-08-30,-24.1250,-42.0000,-11.0000,7.6347,24.0000
1988-08-31,-13.3333,-35.0000,8.0000,12.2569,24.0000
1988-09-01,-29.8333,-39.0000,-19.0000,5.0619,24.0000
1988-09-02,-20.8750,-30.0000,-11.0000,5.9732,24.0000
1988-09-03,-18.7917,-33.0000,-8.0000,6.3928,24.0000
1988-09-04,-16.5000,-22.0000,-11.0000,3.2168,24.0000
1988-09-05,-12.0000,-19.0000,-8.0000,3.1760,24.0000
1988-09-06,-7.5417,-13.0000,-2.0000,2.9040,24.0000
1988-09-07,-4.9167,-13.0000,1.0000,3.6584,24.0000
1988-09-08,-3.0417,-18.0000,6.0000,6.7982,24.0000
1988-09-09,-3.0417,-12.0000,3.0000,4.0269,24.0000
1988-09-10,3.9167,-53.0000,24.0000,19.5957,24.0000
1988-09-11,-61.0417,-88.0000,-20.0000,22.0286,24.0000
1988-09-12,-55.5000,-83.0000,-39.0000,15.7646,24.0000
1988-09-13,-39.7083,-50.0000,-29.0000,5.8865,24.0000
1988-09-14,-29.9583,-41.0000,-23.0000,4.2578,24.0000
1988-09-15,-26.8750,-36.0000,-17.0000,5.4399,24.0000
1988-09-16,-16.5833,-32.0000,-3.0000,9.0165,24.0000
1988-09-17,-28.2083,-42.0000,-10.0000,9.3575,24.0000
1988-09-18,-34.2917,-61.0000,-14.0000,14.7309,24.0000
1988-09-19,-38.4583,-53.0000,-24.0000,6.8903,24.0000
1988-09-20,-19.1667,-29.0000,-6.0000,6.4246,24.0000
1988-09-21,-10.5833,-20.0000,-3.0000,5.8601,24.0000
1988-09-22,-21.3750,-34.0000,-4.0000,8.4484,24.0000
1988-09-23,-21.9583,-34.0000,-13.0000,6.9124,24.0000
1988-09-24,-15.5833,-26.0000,-8.0000,6.4735,24.0000
1988-09-25,-22.2917,-36.0000,-7.0000,8.9563,24.0000
1988-09-26,-9.3333,-27.0000,1.0000,7.5277,24.0000
1988-09-27,-10.0833,-18.0000,-1.0000,4.5389,24.0000
1988-09-28,-4.3333,-16.0000,1.0000,4.9490,24.0000
1988-09-29,0.5833,-3.0000,11.0000,4.2826,24.0000
1988-09-30,7.6250,-4.0000,17.0000,6.7619,24.0000
1988-10-01,-10.6250,-19.0000,-4.0000,4.2098,24.0000
1988-10-02,-8.0417,-17.0000,-3.0000,4.3587,24.0000
1988-10-03,-5.2083,-11.0000,2.0000,3.6829,24.0000
1988-10-04,5.2500,-12.0000,18.0000,7.6571,24.0000
1988-10-05,-13.8333,-25.0000,1.0000,7.1546,24.0000
1988-10-06,-24.7917,-87.0000,13.0000,33.5001,24.0000
1988-10-07,-33.7500,-46.0000,-25.0000,5.5109,24.0000
1988-10-08,-24.9583,-29.0000,-19.0000,2.7104,24.0000
1988-10-09,-32.5417,-48.0000,-16.0000,10.2913,24.0000
1988-10-10,-99.8750,-156.0000,-24.0000,48.9661,24.0000
1988-10-11,-79.5000,-119.0000,-57.0000,17.1642,24.0000
1988-10-12,-55.0833,-60.0000,-47.0000,3.7984,24.0000
1988-10-13,-46.5833,-58.0000,-35.0000,6.3924,24.0000
1988-10-14,-28.6667,-33.0000,-23.0000,2.4789,24.0000
1988-10-15,-18.6667,-27.0000,-11.0000,4.3705,24.0000
1988-10-16,-13.6250,-20.0000,-3.0000,4.4800,24.0000
1988-10-17,-9.6667,-44.0000,6.0000,12.0998,24.0000
1988-10-18,-50.2500,-69.0000,-35.0000,10.8758,24.0000
1988-10-19,-39.5000,-52.0000,-28.0000,6.6529,24.0000
1988-10-20,-31.0417,-43.0000,-22.0000,5.0172,24.0000
1988-10-21,-25.1250,-31.0000,-17.0000,4.7760,24.0000
1988-10-22,-12.6250,-17.0000,-9.0000,2.2030,24.0000
1988-10-23,-9.7500,-20.0000,2.0000,4.5707,24.0000
1988-10-24,-5.3750,-11.0000,3.0000,3.4239,24.0000
1988-10-25,-7.7917,-12.0000,-2.0000,2.6862,24.0000
1988-10-26,-7.0417,-23.0000,4.0000,7.1108,24.0000
1988-10-27,-11.1250,-28.0000,-1.0000,7.4502,24.0000
1988-10-28,-15.8333,-22.0000,-10.0000,2.8387,24.0000
1988-10-29,-9.3333,-14.0000,-6.0000,2.2198,24.0000
1988-10-30,-0.5417,-8.0000,17.0000,7.0955,24.0000
1988-10-31,-5.3333,-25.0000,24.0000,17.1354,24.0000
1988-11-01,-18.0417,-26.0000,-11.0000,4.4280,24.0000
1988-11-02,-37.3333,-59.0000,-15.0000,15.6001,24.0000
1988-11-03,-44.3333,-52.0000,-36.0000,3.8972,24.0000
1988-11-04,-34.0417,-45.0000,-26.0000,4.6483,24.0000
1988-11-05,-32.5000,-41.0000,-22.0000,5.5089,24.0000
1988-11-06,-32.9167,-43.0000,-24.0000,5.3154,24.0000
1988-11-07,-37.8333,-47.0000,-30.0000,5.5299,24.0000
1988-11-08,-44.9583,-63.0000,-30.0000,9.3552,24.0000
1988-11-09,-41.6667,-55.0000,-35.0000,4.9753,24.0000
1988-11-10,-33.1250,-46.0000,-21.0000,7.6061,24.0000
1988-11-11,-12.8333,-36.0000,4.0000,13.0106,24.0000
1988-11-12,-13.7917,-27.0000,-4.0000,7.4599,24.0000
1988-11-13,-19.2083,-31.0000,-10.0000,5.0474,24.0000
1988-11-14,-12.5833,-20.0000,-7.0000,3.5253,24.0000
1988-11-15,-16.6667,-22.0000,-10.0000,3.9746,24.0000
1988-11-16,-26.1667,-44.0000,-11.0000,9.0056,24.0000
1988-11-17,-26.6250,-40.0000,-22.0000,4.3420,24.0000
1988-11-18,-21.5000,-25.0000,-16.0000,2.3774,24.0000
1988-11-19,-12.2083,-22.0000,-6.0000,4.2629,24.0000
1988-11-20,-5.2083,-11.0000,0.0000,3.8219,24.0000
1988-11-21,-7.5833,-21.0000,0.0000,5.0036,24.0000
1988-11-22,-10.7083,-18.0000,-7.0000,3.1825,24.0000
1988-11-23,-8.2917,-12.0000,-3.0000,2.9114,24.0000
1988-11-24,-3.8750,-10.0000,0.0000,2.4013,24.0000
1988-11-25,-6.1250,-25.0000,2.0000,8.1684,24.0000
1988-11-26,-27.7083,-48.0000,-5.0000,12.4289,24.0000
1988-11-27,-20.5833,-27.0000,-11.0000,3.7754,24.0000
1988-11-28,-16.3750,-31.0000,-3.0000,8.6317,24.0000
1988-11-29,-22.6667,-32.0000,-11.0000,5.8805,24.0000
1988-11-30,-55.7083,-111.0000,14.0000,40.9204,24.0000
1988-12-01,-56.3333,-83.0000,-37.0000,15.5554,24.0000
1988-12-02,-32.4167,-51.0000,-16.0000,11.4547,24.0000
1988-12-03,-34.0833,-43.0000,-27.0000,4.3829,24.0000
1988-12-04,-27.9167,-36.0000,-21.0000,3.7523,24.0000
1988-12-05,-14.9583,-18.0000,-11.0000,2.4223,24.0000
1988-12-06,-15.7083,-19.0000,-10.0000,2.2357,24.0000
1988-12-07,-9.5417,-16.0000,-2.0000,3.2300,24.0000
1988-12-08,-5.6667,-14.0000,2.0000,4.5173,24.0000
1988-12-09,2.8750,-3.0000,23.0000,4.9371,24.0000
1988-12-10,-9.9167,-29.0000,28.0000,21.2151,24.0000
1988-12-11,-9.7917,-32.0000,9.0000,12.5663,24.0000
1988-12-12,-17.0000,-33.0000,-6.0000,7.1566,24.0000
1988-12-13,-22.5417,-48.0000,-3.0000,13.2664,24.0000
1988-12-14,-32.0000,-48.0000,-19.0000,7.4015,24.0000
1988-12-15,-30.7917,-44.0000,-19.0000,7.8628,24.0000
1988-12-16,-31.6250,-58.0000,-15.0000,15.5334,24.0000
1988-12-17,-54.1250,-76.0000,-28.0000,12.8175,24.0000
1988-12-18,-55.4583,-77.0000,-40.0000,11.3405,24.0000
1988-12-19,-48.3750,-61.0000,-40.0000,5.5858,24.0000
1988-12-20,-34.4583,-50.0000,-25.0000,8.0648,24.0000
1988-12-21,-29.7083,-47.0000,-15.0000,9.0096,24.0000
1988-12-22,-27.7083,-44.0000,-4.0000,11.7083,24.0000
1988-12-23,-23.7917,-43.0000,-12.0000,8.5515,24.0000
1988-12-24,-14.8333,-22.0000,-9.0000,3.7378,24.0000
1988-12-25,-48.0417,-85.0000,-8.0000,27.5357,24.0000
1988-12-26,-54.0000,-64.0000,-44.0000,5.5639,24.0000
1988-12-27,-44.1667,-59.0000,-33.0000,7.0567,24.0000
1988-12-28,-35.3750,-49.0000,-25.0000,5.9914,24.0000
1988-12-29,-42.3333,-51.0000,-35.0000,4.2187,24.0000
1988-12-30,-29.7917,-45.0000,-16.0000,7.7402,24.0000
1988-12-31,-29.4583,-42.0000,-14.0000,8.4595,24.0000
1989-01-01,-29.3333,-40.0000,-15.0000,7.3465,24.0000
1989-01-02,-14.7500,-22.0000,-8.0000,3.7213,24.0000
1989-01-03,-5.2917,-19.0000,3.0000,6.5040,24.0000
1989-01-04,-0.1667,-20.0000,24.0000,11.2043,24.0000
1989-01-05,-49.8333,-92.0000,26.0000,26.1279,24.0000
1989-01-06,-41.5417,-58.0000,-29.0000,7.3602,24.0000
1989-01-07,-7.4583,-19.0000,8.0000,7.3187,24.0000
1989-01-08,-9.6250,-38.0000,14.0000,17.5693,24.0000
1989-01-09,-27.1667,-37.0000,-22.0000,4.2801,24.0000
1989-01-10,-22.0417,-34.0000,-10.0000,6.5573,24.0000
1989-01-11,-41.7500,-129.0000,-8.0000,42.7289,24.0000
1989-01-12,-70.8333,-106.0000,-41.0000,20.3014,24.0000
1989-01-13,-44.5833,-70.0000,-27.0000,12.8229,24.0000
1989-01-14,-33.6667,-55.0000,-23.0000,8.8645,24.0000
1989-01-15,-60.6667,-99.0000,-33.0000,19.6837,24.0000
1989-01-16,-74.2917,-123.0000,-30.0000,18.4614,24.0000
1989-01-17,-55.5000,-83.0000,-38.0000,10.5830,24.0000
1989-01-18,-40.3333,-55.0000,-23.0000,10.2222,24.0000
1989-01-19,-26.6667,-34.0000,-7.0000,7.5623,24.0000
1989-01-20,-35.9583,-120.0000,44.0000,56.3811,24.0000
1989-01-21,-70.5000,-107.0000,-53.0000,16.3095,24.0000
1989-01-22,-43.5417,-60.0000,-34.0000,7.6725,24.0000
1989-01-23,-31.1667,-37.0000,-22.0000,3.8523,24.0000
1989-01-24,-22.3750,-27.0000,-17.0000,2.8101,24.0000
1989-01-25,-17.6250,-28.0000,-9.0000,5.1568,24.0000
1989-01-26,-14.1250,-23.0000,-8.0000,4.0358,24.0000
1989-01-27,-15.3333,-27.0000,-4.0000,5.8656,24.0000
1989-01-28,-15.9167,-28.0000,-4.0000,7.6778,24.0000
1989-01-29,-15.6667,-32.0000,-2.0000,7.6424,24.0000
1989-01-30,-15.2917,-27.0000,2.0000,9.0481,24.0000
1989-01-31,-30.3750,-50.0000,-15.0000,11.1777,24.0000
1989-02-01,-49.2917,-67.0000,-33.0000,9.9016,24.0000
1989-02-02,-45.6250,-71.0000,-34.0000,9.2399,24.0000
1989-02-03,-59.8333,-74.0000,-44.0000,7.6367,24.0000
1989-02-04,-37.7500,-49.0000,-30.0000,4.7663,24.0000
1989-02-05,-35.0833,-49.0000,-25.0000,6.1000,24.0000
1989-02-06,-40.0000,-53.0000,-29.0000,6.5872,24.0000
1989-02-07,-40.1667,-53.0000,-24.0000,7.7385,24.0000
1989-02-08,-28.0417,-42.0000,-19.0000,5.3688,24.0000
1989-02-09,-28.5833,-38.0000,-14.0000,5.8897,24.0000
1989-02-10,-28.8333,-41.0000,-10.0000,8.0632,24.0000
1989-02-11,-17.9583,-48.0000,-2.0000,14.5288,24.0000
1989-02-12,-28.6250,-49.0000,-12.0000,8.8897,24.0000
1989-02-13,-37.0833,-51.0000,-29.0000,6.2270,24.0000
1989-02-14,-33.0000,-46.0000,-17.0000,7.2352,24.0000
1989-02-15,-27.2500,-49.0000,-15.0000,10.4850,24.0000
1989-02-16,-32.2083,-64.0000,-18.0000,13.2730,24.0000
1989-02-17,-17.0833,-32.0000,3.0000,8.9923,24.0000
1989-02-18,-7.6667,-20.0000,4.0000,6.9073,24.0000
1989-02-19,-4.4167,-14.0000,4.0000,4.8447,24.0000
1989-02-20,-20.7917,-32.0000,-5.0000,7.9454,24.0000
1989-02-21,-16.5000,-30.0000,2.0000,7.8408,24.0000
1989-02-22,-10.4167,-32.0000,6.0000,9.6230,24.0000
1989-02-23,-4.9583,-12.0000,1.0000,3.6173,24.0000
1989-02-24,-9.4583,-17.0000,-5.0000,2.9189,24.0000
1989-02-25,-6.2500,-15.0000,4.0000,5.7351,24.0000
1989-02-26,-2.8333,-13.0000,3.0000,4.4200,24.0000
1989-02-27,-3.5417,-17.0000,8.0000,6.3792,24.0000
1989-02-28,-2.8750,-12.0000,8.0000,5.5819,24.0000
1989-03-01,-8.0417,-23.0000,8.0000,9.7512,24.0000
1989-03-02,-35.0417,-55.0000,8.0000,19.9423,24.0000
1989-03-03,-59.5417,-82.0000,-37.0000,14.9811,24.0000
1989-03-04,-48.9167,-73.0000,-38.0000,9.6320,24.0000
1989-03-05,-40.5417,-53.0000,-31.0000,5.7708,24.0000
1989-03-06,-33.0833,-44.0000,-23.0000,5.8897,24.0000
1989-03-07,-32.5417,-54.0000,-16.0000,11.7916,24.0000
1989-03-08,-23.2917,-75.0000,27.0000,22.6782,24.0000
1989-03-09,-68.1250,-101.0000,-46.0000,15.6797,24.0000
1989-03-10,-54.0417,-101.0000,-31.0000,19.7186,24.0000
1989-03-11,-36.1250,-53.0000,-24.0000,7.3975,24.0000
1989-03-12,-38.5417,-69.0000,-22.0000,11.1394,24.0000
1989-03-13,-189.0833,-472.0000,-17.0000,121.2891,24.0000
1989-03-14,-224.7083,-589.0000,-114.0000,147.9411,24.0000
1989-03-15,-109.8750,-159.0000,-86.0000,23.9843,24.0000
1989-03-16,-84.5833,-117.0000,-38.0000,24.6540,24.0000
1989-03-17,-95.9583,-119.0000,-73.0000,13.6429,24.0000
1989-03-18,-63.5417,-76.0000,-51.0000,9.0697,24.0000
1989-03-19,-79.0417,-106.0000,-31.0000,22.6802,24.0000
1989-03-20,-64.7500,-98.0000,-49.0000,15.8203,24.0000
1989-03-21,-56.5833,-75.0000,-46.0000,7.5752,24.0000
1989-03-22,-57.6667,-96.0000,-40.0000,15.8709,24.0000
1989-03-23,-73.0833,-106.0000,-44.0000,20.8846,24.0000
1989-03-24,-60.4167,-90.0000,-36.0000,17.2398,24.0000
1989-03-25,-36.6667,-52.0000,-25.0000,7.7609,24.0000
1989-03-26,-29.1667,-47.0000,11.0000,10.8734,24.0000
1989-03-27,-11.8750,-87.0000,27.0000,32.6554,24.0000
1989-03-28,-46.6250,-76.0000,-11.0000,16.0862,24.0000
1989-03-29,-84.4583,-125.0000,-51.0000,18.1587,24.0000
1989-03-30,-75.1250,-103.0000,-57.0000,13.7819,24.0000
1989-03-31,-89.8750,-100.0000,-77.0000,6.7264,24.0000
1989-04-01,-72.9167,-93.0000,-59.0000,8.3662,24.0000
1989-04-02,-54.2083,-63.0000,-41.0000,5.9853,24.0000
1989-04-03,-42.5833,-54.0000,-34.0000,4.7266,24.0000
1989-04-04,-63.9167,-73.0000,-51.0000,6.6458,24.0000
1989-04-05,-74.0417,-101.0000,-50.0000,12.5611,24.0000
1989-04-06,-44.6250,-60.0000,-38.0000,6.3370,24.0000
1989-04-07,-57.2500,-85.0000,-29.0000,17.9256,24.0000
1989-04-08,-47.5833,-60.0000,-37.0000,6.2687,24.0000
1989-04-09,-39.3750,-46.0000,-31.0000,3.6809,24.0000
1989-04-10,-31.6250,-40.0000,-18.0000,5.6246,24.0000
1989-04-11,-9.4167,-25.0000,11.0000,13.1807,24.0000
1989-04-12,-1.0000,-6.0000,7.0000,3.6236,24.0000
1989-04-13,-30.1667,-56.0000,1.0000,19.1372,24.0000
1989-04-14,-23.5417,-100.0000,4.0000,30.2755,24.0000
1989-04-15,-69.6250,-95.0000,-42.0000,13.7740,24.0000
1989-04-16,-39.6250,-57.0000,-31.0000,6.1631,24.0000
1989-04-17,-42.2917,-50.0000,-19.0000,6.9687,24.0000
1989-04-18,-24.5833,-40.0000,-6.0000,9.1600,24.0000
1989-04-19,-8.0833,-14.0000,1.0000,4.1694,24.0000
1989-04-20,-18.7917,-31.0000,0.0000,8.6325,24.0000
1989-04-21,-3.0833,-23.0000,10.0000,10.5621,24.0000
1989-04-22,-1.8333,-11.0000,11.0000,4.6594,24.0000
1989-04-23,-24.0833,-60.0000,2.0000,20.0801,24.0000
1989-04-24,-16.0000,-30.0000,-3.0000,7.5007,24.0000
1989-04-25,-15.7917,-108.0000,18.0000,35.6675,24.0000
1989-04-26,-100.9583,-132.0000,-81.0000,15.2899,24.0000
1989-04-27,-76.9583,-98.0000,-62.0000,10.1659,24.0000
1989-04-28,-65.5833,-74.0000,-50.0000,5.7326,24.0000
1989-04-29,-49.2083,-65.0000,-37.0000,8.2461,24.0000
1989-04-30,-42.6250,-62.0000,-32.0000,7.8674,24.0000
1989-05-01,-26.0833,-35.0000,-17.0000,6.1920,24.0000
1989-05-02,-42.0417,-51.0000,-33.0000,5.0689,24.0000
1989-05-03,-27.0417,-36.0000,-13.0000,4.8408,24.0000
1989-05-04,-27.7917,-37.0000,-10.0000,6.9843,24.0000
1989-05-05,-66.0000,-86.0000,-11.0000,14.1912,24.0000
1989-05-06,-35.8333,-59.0000,-20.0000,9.2014,24.0000
1989-05-07,-56.5417,-90.0000,-2.0000,26.1401,24.0000
1989-05-08,-36.5000,-56.0000,-25.0000,10.1425,24.0000
1989-05-09,-17.2083,-27.0000,-8.0000,5.5245,24.0000
1989-05-10,-8.7917,-16.0000,0.0000,4.5966,24.0000
1989-05-11,-0.5833,-8.0000,6.0000,3.9554,24.0000
1989-05-12,-22.5000,-39.0000,6.0000,12.7757,24.0000
1989-05-13,-13.4583,-24.0000,3.0000,6.4064,24.0000
1989-05-14,-5.6250,-12.0000,9.0000,5.6477,24.0000
1989-05-15,-8.6667,-24.0000,2.0000,7.2811,24.0000
1989-05-16,-1.4167,-13.0000,6.0000,5.5161,24.0000
1989-05-17,-10.3750,-19.0000,-1.0000,4.1579,24.0000
1989-05-18,-7.7083,-15.0000,3.0000,4.6577,24.0000
1989-05-19,-0.5833,-13.0000,10.0000,5.3317,24.0000
1989-05-20,-11.8333,-27.0000,7.0000,11.5105,24.0000
1989-05-21,-13.7500,-26.0000,-2.0000,5.9728,24.0000
1989-05-22,-7.0000,-14.0000,4.0000,4.6532,24.0000
1989-05-23,-7.8333,-65.0000,81.0000,36.0382,24.0000
1989-05-24,-67.5833,-82.0000,-43.0000,12.8026,24.0000
1989-05-25,-47.4583,-69.0000,-32.0000,12.6731,24.0000
1989-05-26,-30.9167,-66.0000,-7.0000,15.5868,24.0000
1989-05-27,-40.8333,-64.0000,-28.0000,11.2082,24.0000
1989-05-28,-28.1250,-41.0000,-16.0000,8.5176,24.0000
1989-05-29,-24.7500,-32.0000,-12.0000,5.5266,24.0000
1989-05-30,-19.7083,-30.0000,-13.0000,5.0172,24.0000
1989-05-31,-14.0417,-22.0000,-4.0000,4.8944,24.0000
1989-06-01,-16.6250,-31.0000,-5.0000,8.1070,24.0000
1989-06-02,-24.0833,-37.0000,-4.0000,9.2356,24.0000
1989-06-03,-25.2500,-49.0000,-4.0000,15.4449,24.0000
1989-06-04,-35.4583,-51.0000,-22.0000,8.3873,24.0000
1989-06-05,-15.3333,-26.0000,-9.0000,4.1354,24.0000
1989-06-06,-8.9167,-16.0000,13.0000,5.7250,24.0000
1989-06-07,-58.0417,-84.0000,-2.0000,16.8070,24.0000
1989-06-08,-16.7083,-36.0000,25.0000,15.6023,24.0000
1989-06-09,-55.2917,-82.0000,-1.0000,19.1413,24.0000
1989-06-10,-107.6250,-142.0000,-84.0000,17.3777,24.0000
1989-06-11,-59.8333,-84.0000,-46.0000,12.9335,24.0000
1989-06-12,-39.6250,-47.0000,-34.0000,4.3018,24.0000
1989-06-13,-26.0417,-38.0000,-9.0000,9.4936,24.0000
1989-06-14,-50.4167,-79.0000,-10.0000,19.4979,24.0000
1989-06-15,-57.5833,-67.0000,-45.0000,6.7561,24.0000
1989-06-16,-39.0000,-50.0000,-30.0000,6.4606,24.0000
1989-06-17,-10.6667,-32.0000,2.0000,9.9681,24.0000
1989-06-18,2.7083,-3.0000,11.0000,3.5322,24.0000
1989-06-19,-3.5000,-30.0000,12.0000,10.4715,24.0000
1989-06-20,-19.7500,-38.0000,13.0000,17.4810,24.0000
1989-06-21,-20.4583,-37.0000,-7.0000,9.0649,24.0000
1989-06-22,-7.8750,-12.0000,3.0000,3.4805,24.0000
1989-06-23,-2.9583,-8.0000,4.0000,3.3813,24.0000
1989-06-24,1.3750,-12.0000,22.0000,9.6721,24.0000
1989-06-25,-4.2083,-12.0000,4.0000,4.6343,24.0000
1989-06-26,-1.9583,-9.0000,11.0000,6.2934,24.0000
1989-06-27,1.9583,-12.0000,8.0000,6.0826,24.0000
1989-06-28,-2.2500,-12.0000,6.0000,4.6742,24.0000
1989-06-29,-31.4583,-46.0000,-8.0000,10.8707,24.0000
1989-06-30,-35.5417,-52.0000,-21.0000,9.5825,24.0000
1989-07-01,-10.9167,-54.0000,18.0000,24.3184,24.0000
1989-07-02,-36.2500,-51.0000,-22.0000,7.3262,24.0000
1989-07-03,-20.5000,-24.0000,-14.0000,2.4847,24.0000
1989-07-04,-3.9167,-21.0000,9.0000,8.9584,24.0000
1989-07-05,4.5000,-13.0000,16.0000,8.0650,24.0000
1989-07-06,-1.7917,-9.0000,6.0000,4.2219,24.0000
1989-07-07,-4.3333,-9.0000,0.0000,2.6649,24.0000
1989-07-08,4.6667,-7.0000,13.0000,5.0876,24.0000
1989-07-09,10.2083,5.0000,23.0000,5.1582,24.0000
1989-07-10,3.1667,-22.0000,26.0000,15.0294,24.0000
1989-07-11,-1.7500,-21.0000,7.0000,7.5311,24.0000
1989-07-12,13.7917,-4.0000,26.0000,8.8513,24.0000
1989-07-13,7.6667,-6.0000,24.0000,8.8596,24.0000
1989-07-14,3.3333,-8.0000,8.0000,3.9526,24.0000
1989-07-15,3.8333,-5.0000,11.0000,4.0825,24.0000
1989-07-16,9.7917,3.0000,16.0000,4.1282,24.0000
1989-07-17,15.0417,-10.0000,47.0000,16.0907,24.0000
1989-07-18,-21.8333,-31.0000,-14.0000,5.1640,24.0000
1989-07-19,-5.3333,-26.0000,7.0000,8.2603,24.0000
1989-07-20,5.8333,-3.0000,14.0000,5.0533,24.0000
1989-07-21,1.1250,-6.0000,9.0000,3.4555,24.0000
1989-07-22,7.8333,-1.0000,14.0000,3.9195,24.0000
1989-07-23,10.3750,1.0000,23.0000,6.2402,24.0000
1989-07-24,6.2083,-1.0000,16.0000,5.1918,24.0000
1989-07-25,9.3333,0.0000,15.0000,4.1459,24.0000
1989-07-26,2.9583,-10.0000,13.0000,7.0061,24.0000
1989-07-27,-0.7083,-8.0000,6.0000,4.5443,24.0000
1989-07-28,0.0417,-6.0000,8.0000,4.1544,24.0000
1989-07-29,0.9583,-7.0000,10.0000,4.6013,24.0000
1989-07-30,1.4583,-4.0000,5.0000,2.7184,24.0000
1989-07-31,-0.9583,-5.0000,10.0000,4.3984,24.0000
1989-08-01,7.5833,2.0000,13.0000,2.6852,24.0000
1989-08-02,11.0000,0.0000,25.0000,6.2415,24.0000
1989-08-03,13.1250,4.0000,27.0000,6.9926,24.0000
1989-08-04,12.3750,-1.0000,31.0000,8.4638,24.0000
1989-08-05,14.0417,8.0000,19.0000,3.4576,24.0000
1989-08-06,12.8750,-6.0000,27.0000,10.2589,24.0000
1989-08-07,6.7917,-3.0000,14.0000,5.1074,24.0000
1989-08-08,-0.4167,-10.0000,9.0000,5.4845,24.0000
1989-08-09,12.2500,-1.0000,36.0000,12.3403,24.0000
1989-08-10,-33.7917,-75.0000,35.0000,36.1687,24.0000
1989-08-11,-39.1667,-62.0000,-20.0000,11.8383,24.0000
1989-08-12,-26.0417,-41.0000,-10.0000,7.9699,24.0000
1989-08-13,-20.0417,-30.0000,-8.0000,6.1254,24.0000
1989-08-14,-57.0417,-107.0000,4.0000,36.4029,24.0000
1989-08-15,-86.2083,-145.0000,-29.0000,32.0407,24.0000
1989-08-16,-61.7917,-78.0000,-38.0000,11.3597,24.0000
1989-08-17,-47.9583,-67.0000,-30.0000,10.9086,24.0000
1989-08-18,-42.9167,-65.0000,-14.0000,14.6700,24.0000
1989-08-19,-37.5417,-59.0000,-19.0000,10.1424,24.0000
1989-08-20,-27.4167,-62.0000,1.0000,16.8985,24.0000
1989-08-21,-38.7500,-85.0000,-18.0000,22.9029,24.0000
1989-08-22,-51.5417,-79.0000,-29.0000,13.6317,24.0000
1989-08-23,-39.0000,-72.0000,-7.0000,20.3427,24.0000
1989-08-24,-27.6250,-57.0000,-12.0000,12.6931,24.0000
1989-08-25,-7.9167,-21.0000,4.0000,6.8202,24.0000
1989-08-26,-14.7500,-21.0000,-8.0000,3.5904,24.0000
1989-08-27,-9.5417,-42.0000,16.0000,14.7235,24.0000
1989-08-28,-31.6667,-63.0000,-15.0000,13.6562,24.0000
1989-08-29,-90.7917,-152.0000,-47.0000,30.1964,24.0000
1989-08-30,-51.1250,-61.0000,-41.0000,5.5114,24.0000
1989-08-31,-36.8750,-50.0000,-26.0000,7.3326,24.0000
1989-09-01,-30.3333,-39.0000,-20.0000,5.7986,24.0000
1989-09-02,-23.0417,-42.0000,-6.0000,11.0590,24.0000
1989-09-03,-17.6250,-27.0000,-9.0000,4.3320,24.0000
1989-09-04,-41.7917,-67.0000,-14.0000,10.8787,24.0000
1989-09-05,-46.9583,-71.0000,-35.0000,11.4264,24.0000
1989-09-06,-28.7500,-41.0000,-22.0000,4.6649,24.0000
1989-09-07,-29.7083,-47.0000,-14.0000,8.7052,24.0000
1989-09-08,-20.8333,-41.0000,-10.0000,8.7560,24.0000
1989-09-09,-16.1667,-32.0000,-3.0000,8.7111,24.0000
1989-09-10,-18.9583,-27.0000,-10.0000,4.3287,24.0000
1989-09-11,-10.5833,-25.0000,1.0000,6.7754,24.0000
1989-09-12,-3.0000,-17.0000,7.0000,7.6953,24.0000
1989-09-13,-0.0417,-17.0000,14.0000,10.6096,24.0000
1989-09-14,-10.9583,-23.0000,-1.0000,6.2029,24.0000
1989-09-15,-31.7500,-114.0000,3.0000,30.2155,24.0000
1989-09-16,-88.5833,-124.0000,-62.0000,19.5691,24.0000
1989-09-17,-34.5000,-61.0000,-17.0000,13.4391,24.0000
1989-09-18,-23.7500,-148.0000,28.0000,42.3066,24.0000
1989-09-19,-162.5417,-255.0000,-92.0000,54.3091,24.0000
1989-09-20,-70.7083,-93.0000,-56.0000,11.9254,24.0000
1989-09-21,-43.4167,-60.0000,-25.0000,11.0450,24.0000
1989-09-22,-35.3333,-50.0000,-20.0000,7.8167,24.0000
1989-09-23,-21.6667,-34.0000,-13.0000,7.3109,24.0000
1989-09-24,-8.7083,-25.0000,3.0000,9.3969,24.0000
1989-09-25,-11.6667,-23.0000,0.0000,8.2813,24.0000
1989-09-26,-59.9167,-151.0000,18.0000,59.6161,24.0000
1989-09-27,-64.9583,-103.0000,-45.0000,19.2071,24.0000
1989-09-28,-37.2083,-56.0000,-23.0000,8.8611,24.0000
1989-09-29,-16.3750,-42.0000,-4.0000,8.5303,24.0000
1989-09-30,-9.7500,-23.0000,3.0000,6.7582,24.0000
1989-10-01,-21.6667,-39.0000,-6.0000,9.2767,24.0000
1989-10-02,14.5833,-3.0000,37.0000,12.3003,24.0000
1989-10-03,-2.3333,-23.0000,16.0000,14.0269,24.0000
1989-10-04,-11.0417,-24.0000,2.0000,6.4571,24.0000
1989-10-05,2.4583,-12.0000,14.0000,8.0107,24.0000
1989-10-06,0.5417,-5.0000,12.0000,4.6995,24.0000
1989-10-07,-5.9167,-17.0000,5.0000,4.8447,24.0000
1989-10-08,-5.0000,-11.0000,0.0000,3.4135,24.0000
1989-10-09,2.5000,-9.0000,22.0000,9.5417,24.0000
1989-10-10,3.5000,-4.0000,18.0000,5.9491,24.0000
1989-10-11,1.4167,-13.0000,14.0000,7.3775,24.0000
1989-10-12,5.0417,1.0000,13.0000,3.4323,24.0000
1989-10-13,-3.6250,-11.0000,2.0000,3.7627,24.0000
1989-10-14,4.1250,0.0000,16.0000,4.6280,24.0000
1989-10-15,11.7917,3.0000,16.0000,3.4513,24.0000
1989-10-16,7.8750,-19.0000,32.0000,17.5482,24.0000
1989-10-17,-22.0417,-33.0000,-5.0000,9.0817,24.0000
1989-10-18,-21.9167,-34.0000,-7.0000,8.8804,24.0000
1989-10-19,-44.9167,-80.0000,-21.0000,15.8139,24.0000
1989-10-20,-104.6667,-202.0000,-25.0000,68.7874,24.0000
1989-10-21,-191.2917,-268.0000,-117.0000,54.0044,24.0000
1989-10-22,-123.4583,-173.0000,-89.0000,24.6082,24.0000
1989-10-23,-79.4583,-106.0000,-58.0000,15.1226,24.0000
1989-10-24,-50.2083,-74.0000,-32.0000,11.0689,24.0000
1989-10-25,-61.9583,-88.0000,-37.0000,13.7887,24.0000
1989-10-26,-37.9583,-53.0000,-16.0000,10.8687,24.0000
1989-10-27,-44.7500,-52.0000,-27.0000,6.2780,24.0000
1989-10-28,-29.1250,-48.0000,-12.0000,10.2843,24.0000
1989-10-29,-26.8750,-43.0000,-8.0000,11.7374,24.0000
1989-10-30,-30.8750,-47.0000,-18.0000,8.5073,24.0000
1989-10-31,-32.7500,-45.0000,-20.0000,6.1024,24.0000
1989-11-01,-22.0000,-31.0000,-10.0000,6.1926,24.0000
1989-11-02,-13.5417,-29.0000,1.0000,9.2453,24.0000
1989-11-03,-52.0417,-75.0000,-31.0000,11.2848,24.0000
1989-11-04,-39.7917,-52.0000,-20.0000,8.3405,24.0000
1989-11-05,-43.5833,-62.0000,-27.0000,9.7040,24.0000
1989-11-06,-39.5417,-53.0000,-26.0000,9.4638,24.0000
1989-11-07,-44.5417,-57.0000,-30.0000,8.7575,24.0000
1989-11-08,-33.2917,-45.0000,-17.0000,8.7202,24.0000
1989-11-09,-30.5417,-55.0000,-4.0000,11.6990,24.0000
1989-11-10,-25.2083,-37.0000,-13.0000,6.7758,24.0000
1989-11-11,-6.2917,-27.0000,19.0000,10.7723,24.0000
1989-11-12,-15.9167,-30.0000,-7.0000,5.3562,24.0000
1989-11-13,-68.4167,-121.0000,-11.0000,33.4832,24.0000
1989-11-14,-75.9583,-105.0000,-50.0000,19.2839,24.0000
1989-11-15,-36.7917,-57.0000,-19.0000,13.4713,24.0000
1989-11-16,-18.3333,-33.0000,-11.0000,5.3865,24.0000
1989-11-17,-120.2500,-266.0000,-24.0000,94.0949,24.0000
1989-11-18,-150.5000,-235.0000,-81.0000,50.8715,24.0000
1989-11-19,-67.0000,-81.0000,-46.0000,10.9545,24.0000
1989-11-20,-36.6667,-54.0000,-28.0000,6.9824,24.0000
1989-11-21,-28.5833,-40.0000,-15.0000,9.0406,24.0000
1989-11-22,-17.2917,-32.0000,-7.0000,7.4687,24.0000
1989-11-23,-16.9167,-27.0000,-10.0000,5.0383,24.0000
1989-11-24,-11.0000,-20.0000,2.0000,5.2585,24.0000
1989-11-25,2.1667,-10.0000,7.0000,4.7973,24.0000
1989-11-26,0.2083,-42.0000,20.0000,22.2983,24.0000
1989-11-27,-19.7917,-34.0000,11.0000,10.4673,24.0000
1989-11-28,-22.5833,-40.0000,15.0000,13.3218,24.0000
1989-11-29,-17.7083,-34.0000,23.0000,14.4417,24.0000
1989-11-30,-37.2500,-46.0000,-22.0000,5.7502,24.0000
1989-12-01,-35.7083,-65.0000,-20.0000,12.8992,24.0000
1989-12-02,-59.1250,-85.0000,-37.0000,13.2511,24.0000
1989-12-03,-44.7917,-55.0000,-33.0000,5.5949,24.0000
1989-12-04,-56.3333,-83.0000,-39.0000,13.9367,24.0000
1989-12-05,-53.1667,-79.0000,-30.0000,15.8900,24.0000
1989-12-06,-23.2917,-32.0000,-14.0000,5.2542,24.0000
1989-12-07,-11.3333,-21.0000,-3.0000,4.9666,24.0000
1989-12-08,-6.7917,-13.0000,4.0000,5.3159,24.0000
1989-12-09,-2.1667,-10.0000,5.0000,5.0962,24.0000
1989-12-10,10.6667,1.0000,23.0000,6.9948,24.0000
1989-12-11,4.9167,-12.0000,28.0000,14.0091,24.0000
1989-12-12,-3.2917,-12.0000,12.0000,6.1324,24.0000
1989-12-13,-12.5833,-27.0000,-1.0000,6.4127,24.0000
1989-12-14,-12.4167,-31.0000,1.0000,9.7487,24.0000
1989-12-15,-11.8333,-21.0000,-6.0000,5.3379,24.0000
1989-12-16,-24.7500,-41.0000,-7.0000,11.7075,24.0000
1989-12-17,-19.9583,-28.0000,-10.0000,5.1876,24.0000
1989-12-18,-1.5417,-15.0000,13.0000,8.4698,24.0000
1989-12-19,-0.5000,-11.0000,8.0000,5.0562,24.0000
1989-12-20,4.1250,-1.0000,8.0000,2.4194,24.0000
1989-12-21,4.7083,-4.0000,14.0000,5.2210,24.0000
1989-12-22,-3.5833,-58.0000,27.0000,27.0602,24.0000
1989-12-23,-25.0000,-60.0000,-1.0000,17.1414,24.0000
1989-12-24,-19.0833,-34.0000,-8.0000,6.6589,24.0000
1989-12-25,-19.4167,-29.0000,-8.0000,6.6064,24.0000
1989-12-26,-19.0417,-32.0000,-9.0000,6.1324,24.0000
1989-12-27,-27.6667,-53.0000,-14.0000,11.3393,24.0000
1989-12-28,-16.8333,-34.0000,-6.0000,8.1490,24.0000
1989-12-29,-31.3333,-87.0000,10.0000,26.8841,24.0000
1989-12-30,-85.8750,-103.0000,-72.0000,9.0952,24.0000
1989-12-31,-78.2917,-100.0000,-51.0000,15.0866,24.0000
1990-01-01,-49.7500,-60.0000,-36.0000,7.0356,24.0000
1990-01-02,-34.5833,-53.0000,-26.0000,5.5476,24.0000
1990-01-03,-38.4167,-51.0000,-19.0000,9.1790,24.0000
1990-01-04,-17.6250,-27.0000,-8.0000,5.4439,24.0000
1990-01-05,-17.9167,-28.0000,-8.0000,5.9411,24.0000
1990-01-06,-19.1250,-29.0000,-12.0000,6.1877,24.0000
1990-01-07,-12.8333,-25.0000,-6.0000,5.6696,24.0000
1990-01-08,-7.2083,-46.0000,16.0000,17.5226,24.0000
1990-01-09,-27.2500,-43.0000,-13.0000,9.4051,24.0000
1990-01-10,-34.6250,-44.0000,-22.0000,6.6451,24.0000
1990-01-11,-28.7917,-45.0000,-11.0000,10.5128,24.0000
1990-01-12,-26.3333,-34.0000,-13.0000,7.1546,24.0000
1990-01-13,-18.0417,-24.0000,-8.0000,4.0484,24.0000
1990-01-14,-8.5000,-17.0000,-1.0000,4.7731,24.0000
1990-01-15,-1.2917,-8.0000,6.0000,3.2501,24.0000
1990-01-16,2.0833,-25.0000,22.0000,14.9286,24.0000
1990-01-17,-11.3333,-26.0000,-1.0000,6.5585,24.0000
1990-01-18,-6.6667,-20.0000,4.0000,6.3975,24.0000
1990-01-19,7.7917,-13.0000,25.0000,9.9301,24.0000
1990-01-20,-3.6667,-35.0000,24.0000,21.2821,24.0000
1990-01-21,-23.2500,-37.0000,-7.0000,8.9746,24.0000
1990-01-22,-27.8750,-45.0000,-16.0000,7.3503,24.0000
1990-01-23,-23.0417,-38.0000,-6.0000,8.9999,24.0000
1990-01-24,-33.7083,-50.0000,-22.0000,6.5440,24.0000
1990-01-25,-37.9167,-57.0000,-16.0000,11.2053,24.0000
1990-01-26,-26.5000,-36.0000,-14.0000,5.0905,24.0000
1990-01-27,-13.9583,-24.0000,-6.0000,4.7775,24.0000
1990-01-28,5.1250,-18.0000,17.0000,9.8259,24.0000
1990-01-29,-25.6250,-42.0000,-8.0000,8.9434,24.0000
1990-01-30,-32.8333,-55.0000,-16.0000,9.3839,24.0000
1990-01-31,-36.2917,-45.0000,-23.0000,5.5988,24.0000
1990-02-01,-31.9167,-67.0000,-12.0000,15.9617,24.0000
1990-02-02,-45.5833,-62.0000,-29.0000,9.5367,24.0000
1990-02-03,-28.2083,-35.0000,-22.0000,3.8446,24.0000
1990-02-04,-32.0000,-65.0000,-5.0000,18.4509,24.0000
1990-02-05,-49.5417,-64.0000,-37.0000,8.1985,24.0000
1990-02-06,-27.9167,-41.0000,-14.0000,8.3401,24.0000
1990-02-07,-51.3333,-80.0000,-13.0000,24.2194,24.0000
1990-02-08,-38.0417,-60.0000,-26.0000,10.3943,24.0000
1990-02-09,-20.0833,-28.0000,-15.0000,3.5376,24.0000
1990-02-10,-9.2917,-18.0000,-3.0000,4.3587,24.0000
1990-02-11,-11.0833,-25.0000,0.0000,6.3583,24.0000
1990-02-12,-8.5000,-16.0000,-1.0000,4.0432,24.0000
1990-02-13,9.5417,-4.0000,32.0000,10.1166,24.0000
1990-02-14,-37.9583,-79.0000,-17.0000,14.1712,24.0000
1990-02-15,-33.5417,-79.0000,-8.0000,19.3413,24.0000
1990-02-16,-79.9583,-99.0000,-60.0000,11.2616,24.0000
1990-02-17,-65.7500,-89.0000,-55.0000,10.3220,24.0000
1990-02-18,-49.7917,-58.0000,-36.0000,5.8457,24.0000
1990-02-19,-53.3333,-75.0000,-30.0000,13.5411,24.0000
1990-02-20,-52.0417,-71.0000,-33.0000,10.4569,24.0000
1990-02-21,-38.5833,-67.0000,-24.0000,11.9888,24.0000
1990-02-22,-31.0833,-56.0000,-11.0000,12.2009,24.0000
1990-02-23,-51.3333,-82.0000,-33.0000,12.2888,24.0000
1990-02-24,-69.1250,-98.0000,-44.0000,16.5248,24.0000
1990-02-25,-70.9167,-95.0000,-54.0000,13.1807,24.0000
1990-02-26,-54.2083,-76.0000,-37.0000,10.4589,24.0000
1990-02-27,-51.0833,-84.0000,-40.0000,10.1292,24.0000
1990-02-28,-55.4167,-72.0000,-40.0000,8.2510,24.0000
1990-03-01,-45.8750,-60.0000,-35.0000,7.2130,24.0000
1990-03-02,-37.0417,-51.0000,-24.0000,7.4745,24.0000
1990-03-03,-21.6250,-43.0000,-4.0000,10.2185,24.0000
1990-03-04,-16.6250,-40.0000,-4.0000,8.0261,24.0000
1990-03-05,-23.1667,-47.0000,-7.0000,14.6129,24.0000
1990-03-06,-38.8333,-59.0000,-23.0000,11.7720,24.0000
1990-03-07,-20.8750,-25.0000,-9.0000,4.0358,24.0000
1990-03-08,-16.2083,-27.0000,-4.0000,5.7784,24.0000
1990-03-09,-9.2917,-19.0000,-3.0000,4.4181,24.0000
1990-03-10,-11.8750,-21.0000,-5.0000,4.5808,24.0000
1990-03-11,-7.0417,-15.0000,0.0000,4.3885,24.0000
1990-03-12,-20.2917,-162.0000,19.0000,48.4916,24.0000
1990-03-13,-94.2083,-148.0000,-69.0000,24.1066,24.0000
1990-03-14,-49.2500,-88.0000,-25.0000,20.7412,24.0000
1990-03-15,-26.7500,-37.0000,-13.0000,6.7195,24.0000
1990-03-16,-20.3750,-31.0000,-10.0000,7.0453,24.0000
1990-03-17,0.4167,-7.0000,22.0000,9.2356,24.0000
1990-03-18,-13.0000,-65.0000,26.0000,30.3630,24.0000
1990-03-19,-37.4583,-67.0000,-16.0000,13.4099,24.0000
1990-03-20,-30.5833,-55.0000,-13.0000,11.6018,24.0000
1990-03-21,-106.4167,-136.0000,-88.0000,12.3919,24.0000
1990-03-22,-73.6667,-104.0000,-60.0000,11.4195,24.0000
1990-03-23,-61.8750,-76.0000,-44.0000,9.0569,24.0000
1990-03-24,-40.1250,-46.0000,-32.0000,4.5042,24.0000
1990-03-25,-61.2500,-111.0000,-32.0000,22.5046,24.0000
1990-03-26,-71.0000,-111.0000,-49.0000,17.9492,24.0000
1990-03-27,-57.4167,-68.0000,-47.0000,5.7628,24.0000
1990-03-28,-52.7083,-62.0000,-43.0000,5.5598,24.0000
1990-03-29,-53.0417,-75.0000,-36.0000,12.4043,24.0000
1990-03-30,-105.8333,-187.0000,-41.0000,41.9074,24.0000
1990-03-31,-68.5833,-88.0000,-50.0000,12.1581,24.0000
1990-04-01,-32.5833,-45.0000,-13.0000,7.9505,24.0000
1990-04-02,-6.1250,-13.0000,6.0000,4.5997,24.0000
1990-04-03,-21.9583,-41.0000,0.0000,14.3935,24.0000
1990-04-04,-19.7083,-32.0000,-10.0000,7.4512,24.0000
1990-04-05,-17.5833,-26.0000,-8.0000,5.1238,24.0000
1990-04-06,-6.7917,-20.0000,2.0000,6.0719,24.0000
1990-04-07,-5.7083,-13.0000,1.0000,3.5567,24.0000
1990-04-08,-3.2083,-11.0000,2.0000,4.2322,24.0000
1990-04-09,-17.7917,-47.0000,5.0000,14.4131,24.0000
1990-04-10,-153.4583,-281.0000,-23.0000,90.3062,24.0000
1990-04-11,-131.6250,-190.0000,-91.0000,25.6071,24.0000
1990-04-12,-107.8750,-174.0000,-33.0000,33.7862,24.0000
1990-04-13,-90.7500,-108.0000,-76.0000,9.4742,24.0000
1990-04-14,-84.4583,-104.0000,-68.0000,10.2235,24.0000
1990-04-15,-64.8333,-80.0000,-45.0000,9.1541,24.0000
1990-04-16,-43.6667,-55.0000,-32.0000,5.5299,24.0000
1990-04-17,-72.2500,-113.0000,-15.0000,34.8316,24.0000
1990-04-18,-68.1667,-95.0000,-54.0000,12.4749,24.0000
1990-04-19,-37.5000,-49.0000,-28.0000,4.4818,24.0000
1990-04-20,-35.9167,-63.0000,-24.0000,10.8824,24.0000
1990-04-21,-49.9167,-70.0000,-29.0000,12.5071,24.0000
1990-04-22,-32.9167,-38.0000,-25.0000,4.2212,24.0000
1990-04-23,-65.9583,-94.0000,-35.0000,15.6663,24.0000
1990-04-24,-73.7917,-106.0000,-29.0000,23.3499,24.0000
1990-04-25,-52.8750,-70.0000,-36.0000,9.0904,24.0000
1990-04-26,-40.1250,-63.0000,-22.0000,10.7958,24.0000
1990-04-27,-42.0000,-61.0000,-17.0000,11.5909,24.0000
1990-04-28,-49.3333,-73.0000,-37.0000,8.9621,24.0000
1990-04-29,-67.3750,-98.0000,-40.0000,15.2965,24.0000
1990-04-30,-55.7500,-84.0000,-35.0000,13.1785,24.0000
1990-05-01,-25.6250,-41.0000,-16.0000,7.1311,24.0000
1990-05-02,-14.6250,-22.0000,-7.0000,4.0088,24.0000
1990-05-03,-19.6667,-33.0000,-11.0000,6.4314,24.0000
1990-05-04,-20.2083,-38.0000,-8.0000,8.4028,24.0000
1990-05-05,-10.9583,-23.0000,-6.0000,4.6108,24.0000
1990-05-06,-8.2083,-14.0000,-4.0000,2.5191,24.0000
1990-05-07,-1.9583,-10.0000,7.0000,4.9209,24.0000
1990-05-08,0.2083,-10.0000,9.0000,4.6155,24.0000
1990-05-09,-23.6667,-47.0000,0.0000,15.5554,24.0000
1990-05-10,-37.6250,-73.0000,-7.0000,15.9968,24.0000
1990-05-11,-58.2500,-73.0000,-32.0000,9.7189,24.0000
1990-05-12,-46.7917,-73.0000,-25.0000,15.9209,24.0000
1990-05-13,-22.7083,-39.0000,-9.0000,7.3867,24.0000
1990-05-14,-13.0000,-36.0000,6.0000,12.6009,24.0000
1990-05-15,6.6667,-1.0000,11.0000,2.7452,24.0000
1990-05-16,16.0833,9.0000,25.0000,5.4287,24.0000
1990-05-17,12.5833,7.0000,23.0000,3.4631,24.0000
1990-05-18,-16.5000,-57.0000,19.0000,27.6437,24.0000
1990-05-19,-39.7917,-55.0000,-30.0000,6.4402,24.0000
1990-05-20,-45.7917,-59.0000,-34.0000,8.3561,24.0000
1990-05-21,-29.1250,-46.0000,-12.0000,10.4187,24.0000
1990-05-22,-63.2500,-90.0000,-15.0000,25.1262,24.0000
1990-05-23,-52.5000,-68.0000,-42.0000,7.8685,24.0000
1990-05-24,-28.5833,-41.0000,-20.0000,6.7946,24.0000
1990-05-25,-35.7500,-51.0000,-17.0000,11.1482,24.0000
1990-05-26,-28.2500,-54.0000,-13.0000,10.4850,24.0000
1990-05-27,-65.7917,-87.0000,-29.0000,14.9549,24.0000
1990-05-28,-27.7917,-50.0000,-17.0000,9.3575,24.0000
1990-05-29,-11.8333,-24.0000,-2.0000,6.7416,24.0000
1990-05-30,-13.8333,-24.0000,-1.0000,6.6048,24.0000
1990-05-31,-12.5000,-27.0000,-2.0000,6.7438,24.0000
1990-06-01,-12.5417,-21.0000,-4.0000,4.9165,24.0000
1990-06-02,-7.2917,-13.0000,1.0000,4.3587,24.0000
1990-06-03,-1.5000,-13.0000,5.0000,5.6415,24.0000
1990-06-04,2.4583,-7.0000,8.0000,3.9450,24.0000
1990-06-05,4.9583,1.0000,10.0000,2.4756,24.0000
1990-06-06,3.3333,-15.0000,16.0000,7.8223,24.0000
1990-06-07,-24.2917,-36.0000,6.0000,10.2001,24.0000
1990-06-08,-14.4167,-21.0000,-2.0000,4.5675,24.0000
1990-06-09,-37.3333,-62.0000,-7.0000,20.2241,24.0000
1990-06-10,-21.6250,-42.0000,-9.0000,9.3382,24.0000
1990-06-11,-12.5833,-32.0000,-1.0000,8.3193,24.0000
1990-06-12,-30.1250,-132.0000,10.0000,36.5148,24.0000
1990-06-13,-91.7917,-150.0000,-48.0000,36.2911,24.0000
1990-06-14,-54.7500,-93.0000,-9.0000,28.6466,24.0000
1990-06-15,-52.5000,-77.0000,-39.0000,9.3437,24.0000
1990-06-16,-29.2917,-44.0000,-19.0000,8.6551,24.0000
1990-06-17,-13.6667,-19.0000,-6.0000,3.4093,24.0000
1990-06-18,-10.1250,-18.0000,1.0000,6.4492,24.0000
1990-06-19,-18.8333,-27.0000,-10.0000,4.8245,24.0000
1990-06-20,-5.0833,-10.0000,7.0000,4.0316,24.0000
1990-06-21,2.7500,-12.0000,9.0000,5.4073,24.0000
1990-06-22,-6.6667,-14.0000,1.0000,4.8064,24.0000
1990-06-23,3.3333,-11.0000,23.0000,9.6264,24.0000
1990-06-24,13.2083,5.0000,19.0000,3.7991,24.0000
1990-06-25,5.1250,-1.0000,11.0000,3.5547,24.0000
1990-06-26,1.7083,-8.0000,10.0000,5.2210,24.0000
1990-06-27,5.7917,-11.0000,24.0000,8.0594,24.0000
1990-06-28,-2.2083,-12.0000,6.0000,5.4051,24.0000
1990-06-29,4.5833,-5.0000,20.0000,6.8646,24.0000
1990-06-30,3.2917,-3.0000,7.0000,2.5449,24.0000
1990-07-01,4.9583,-1.0000,13.0000,3.9615,24.0000
1990-07-02,-1.1667,-9.0000,10.0000,4.4003,24.0000
1990-07-03,3.4583,-3.0000,12.0000,4.4816,24.0000
1990-07-04,17.4167,4.0000,34.0000,7.6665,24.0000
1990-07-05,-3.3333,-18.0000,11.0000,9.5402,24.0000
1990-07-06,5.7500,-8.0000,15.0000,6.9673,24.0000
1990-07-07,-0.4167,-9.0000,7.0000,5.2990,24.0000
1990-07-08,-10.2917,-15.0000,-2.0000,3.6769,24.0000
1990-07-09,0.8750,-14.0000,8.0000,6.1171,24.0000
1990-07-10,16.0000,-4.0000,32.0000,10.3209,24.0000
1990-07-11,15.9167,-2.0000,27.0000,8.3454,24.0000
1990-07-12,-10.8750,-18.0000,-3.0000,3.5791,24.0000
1990-07-13,-20.4583,-35.0000,-7.0000,7.4483,24.0000
1990-07-14,-3.4583,-21.0000,19.0000,12.3217,24.0000
1990-07-15,-10.1667,-18.0000,-3.0000,3.7378,24.0000
1990-07-16,3.7083,-20.0000,21.0000,10.8366,24.0000
1990-07-17,11.2500,-4.0000,20.0000,5.9728,24.0000
1990-07-18,-0.8333,-17.0000,11.0000,7.8666,24.0000
1990-07-19,2.1667,-20.0000,23.0000,12.1464,24.0000
1990-07-20,-16.9583,-29.0000,-6.0000,7.8877,24.0000
1990-07-21,-9.2083,-25.0000,1.0000,5.9562,24.0000
1990-07-22,-2.7917,-12.0000,3.0000,3.9007,24.0000
1990-07-23,1.7083,-3.0000,7.0000,3.1689,24.0000
1990-07-24,2.6250,-2.0000,6.0000,2.2614,24.0000
1990-07-25,17.2917,4.0000,29.0000,7.9371,24.0000
1990-07-26,24.3750,17.0000,37.0000,4.7987,24.0000
1990-07-27,11.6667,-3.0000,29.0000,9.2014,24.0000
1990-07-28,-19.7083,-110.0000,66.0000,52.7887,24.0000
1990-07-29,-95.7917,-129.0000,-60.0000,27.5681,24.0000
1990-07-30,-31.7917,-57.0000,-13.0000,10.0043,24.0000
1990-07-31,-31.2917,-38.0000,-22.0000,4.0911,24.0000
1990-08-01,-25.4583,-57.0000,1.0000,17.5623,24.0000
1990-08-02,-42.4167,-51.0000,-33.0000,4.9775,24.0000
1990-08-03,-32.6667,-46.0000,-24.0000,7.7665,24.0000
1990-08-04,-21.3333,-30.0000,-15.0000,3.7144,24.0000
1990-08-05,-10.4583,-17.0000,-3.0000,4.1282,24.0000
1990-08-06,-10.2500,-20.0000,-4.0000,5.1436,24.0000
1990-08-07,-10.1250,-16.0000,-4.0000,2.7554,24.0000
1990-08-08,-8.3750,-16.0000,4.0000,5.8370,24.0000
1990-08-09,-2.7917,-11.0000,5.0000,4.2424,24.0000
1990-08-10,2.9583,-7.0000,13.0000,5.4172,24.0000
1990-08-11,-9.1250,-21.0000,-1.0000,5.6207,24.0000
1990-08-12,-13.2083,-27.0000,-1.0000,7.3720,24.0000
1990-08-13,-14.2083,-32.0000,-5.0000,7.1504,24.0000
1990-08-14,-16.2083,-38.0000,11.0000,13.5325,24.0000
1990-08-15,-19.5417,-50.0000,4.0000,17.3305,24.0000
1990-08-16,-32.3333,-55.0000,-19.0000,9.6128,24.0000
1990-08-17,-18.3750,-29.0000,-10.0000,4.7987,24.0000
1990-08-18,-17.9167,-29.0000,-12.0000,4.2006,24.0000
1990-08-19,-20.3333,-32.0000,-12.0000,5.2970,24.0000
1990-08-20,-27.0000,-43.0000,-14.0000,9.3576,24.0000
1990-08-21,-29.8750,-76.0000,-7.0000,20.3241,24.0000
1990-08-22,-75.9583,-98.0000,-56.0000,10.4984,24.0000
1990-08-23,-77.5000,-99.0000,-53.0000,12.2970,24.0000
1990-08-24,-61.3750,-82.0000,-27.0000,15.8219,24.0000
1990-08-25,-29.5000,-42.0000,-20.0000,4.9344,24.0000
1990-08-26,-63.2500,-113.0000,0.0000,36.4432,24.0000
1990-08-27,-45.0000,-57.0000,-29.0000,8.2883,24.0000
1990-08-28,-23.2083,-32.0000,-13.0000,4.8899,24.0000
1990-08-29,-10.7083,-26.0000,2.0000,7.1352,24.0000
1990-08-30,-24.9583,-54.0000,-11.0000,10.1274,24.0000
1990-08-31,-25.3333,-34.0000,-15.0000,6.7093,24.0000
1990-09-01,-18.9167,-48.0000,6.0000,14.9780,24.0000
1990-09-02,-27.1250,-36.0000,-14.0000,6.1384,24.0000
1990-09-03,-4.2500,-14.0000,7.0000,6.5955,24.0000
1990-09-04,-2.1250,-17.0000,13.0000,11.2339,24.0000
1990-09-05,-6.0833,-16.0000,6.0000,6.0427,24.0000
1990-09-06,0.1667,-12.0000,15.0000,8.2865,24.0000
1990-09-07,-13.1667,-40.0000,1.0000,11.7572,24.0000
1990-09-08,-6.2500,-11.0000,1.0000,3.0681,24.0000
1990-09-09,-6.1667,-16.0000,3.0000,5.7760,24.0000
1990-09-10,-0.3333,-15.0000,12.0000,6.4043,24.0000
1990-09-11,-13.0000,-36.0000,27.0000,16.4423,24.0000
1990-09-12,-20.8333,-31.0000,-14.0000,4.9402,24.0000
1990-09-13,-21.2500,-31.0000,-13.0000,5.0584,24.0000
1990-09-14,-19.2917,-37.0000,-8.0000,7.9972,24.0000
1990-09-15,-14.9583,-26.0000,-6.0000,5.3931,24.0000
1990-09-16,-18.5833,-27.0000,-7.0000,4.9071,24.0000
1990-09-17,-16.2083,-22.0000,-11.0000,3.0069,24.0000
1990-09-18,-22.5833,-47.0000,1.0000,14.8556,24.0000
1990-09-19,-30.0000,-43.0000,-25.0000,4.9782,24.0000
1990-09-20,-16.2500,-33.0000,-5.0000,7.2126,24.0000
1990-09-21,-24.6250,-33.0000,-17.0000,3.3984,24.0000
1990-09-22,-19.9583,-35.0000,-3.0000,8.7002,24.0000
1990-09-23,-13.4167,-27.0000,-2.0000,8.7274,24.0000
1990-09-24,-19.1667,-33.0000,-6.0000,8.3753,24.0000
1990-09-25,-4.4583,-12.0000,4.0000,4.0215,24.0000
1990-09-26,1.8333,-13.0000,11.0000,6.2739,24.0000
1990-09-27,3.0833,-5.0000,8.0000,2.7806,24.0000
1990-09-28,1.3750,-6.0000,6.0000,3.3468,24.0000
1990-09-29,0.7917,-9.0000,9.0000,6.0504,24.0000
1990-09-30,7.8333,-1.0000,12.0000,4.1459,24.0000
1990-10-01,9.7500,1.0000,16.0000,4.6649,24.0000
1990-10-02,12.9583,4.0000,21.0000,4.3984,24.0000
1990-10-03,18.8750,2.0000,28.0000,6.2437,24.0000
1990-10-04,3.5833,-12.0000,14.0000,8.9487,24.0000
1990-10-05,-4.8750,-16.0000,6.0000,6.6484,24.0000
1990-10-06,-13.0417,-26.0000,2.0000,8.9563,24.0000
1990-10-07,-3.7083,-15.0000,3.0000,5.0603,24.0000
1990-10-08,2.6250,-12.0000,14.0000,6.2750,24.0000
1990-10-09,11.7083,-9.0000,31.0000,11.0669,24.0000
1990-10-10,-70.7500,-133.0000,-28.0000,26.4316,24.0000
1990-10-11,-49.3333,-72.0000,-29.0000,11.2314,24.0000
1990-10-12,-52.4167,-67.0000,-31.0000,11.9452,24.0000
1990-10-13,-25.5833,-46.0000,-6.0000,13.8467,24.0000
1990-10-14,-23.9167,-38.0000,-10.0000,7.0459,24.0000
1990-10-15,-31.3750,-41.0000,-24.0000,4.5283,24.0000
1990-10-16,-24.5417,-38.0000,-15.0000,6.6788,24.0000
1990-10-17,-8.7917,-23.0000,1.0000,6.9029,24.0000
1990-10-18,-6.3750,-14.0000,3.0000,5.2238,24.0000
1990-10-19,-12.4583,-22.0000,-4.0000,5.7330,24.0000
1990-10-20,-20.0833,-57.0000,14.0000,21.5243,24.0000
1990-10-21,-32.7500,-47.0000,-15.0000,10.2628,24.0000
1990-10-22,-11.4583,-21.0000,6.0000,6.4806,24.0000
1990-10-23,3.0000,-14.0000,9.0000,5.8458,24.0000
1990-10-24,-38.2917,-63.0000,-13.0000,13.8516,24.0000
1990-10-25,-17.7083,-25.0000,-10.0000,4.7866,24.0000
1990-10-26,-1.1667,-9.0000,11.0000,5.8731,24.0000
1990-10-27,-11.1667,-22.0000,-3.0000,5.1640,24.0000
1990-10-28,-8.0000,-16.0000,-1.0000,3.9342,24.0000
1990-10-29,4.0417,-5.0000,23.0000,7.8656,24.0000
1990-10-30,-18.9167,-48.0000,21.0000,12.5383,24.0000
1990-10-31,-21.3333,-30.0000,-13.0000,5.0791,24.0000
1990-11-01,-12.4583,-22.0000,-1.0000,5.8308,24.0000
1990-11-02,-6.6250,-14.0000,1.0000,4.7531,24.0000
1990-11-03,3.5833,-2.0000,9.0000,2.4833,24.0000
1990-11-04,2.6667,-3.0000,6.0000,2.1196,24.0000
1990-11-05,11.4583,8.0000,14.0000,1.7932,24.0000
1990-11-06,17.1667,12.0000,22.0000,2.6973,24.0000
1990-11-07,13.6250,4.0000,26.0000,7.0761,24.0000
1990-11-08,1.4167,-15.0000,11.0000,7.8846,24.0000
1990-11-09,-10.8333,-25.0000,-1.0000,7.7385,24.0000
1990-11-10,-16.7083,-26.0000,-7.0000,5.6065,24.0000
1990-11-11,-11.5000,-27.0000,10.0000,13.4326,24.0000
1990-11-12,2.5000,-4.0000,9.0000,3.3362,24.0000
1990-11-13,8.5000,-5.0000,16.0000,5.9491,24.0000
1990-11-14,11.7500,6.0000,18.0000,3.8702,24.0000
1990-11-15,18.7917,10.0000,30.0000,5.1413,24.0000
1990-11-16,-21.6667,-52.0000,34.0000,28.0848,24.0000
1990-11-17,-28.9167,-36.0000,-23.0000,3.4505,24.0000
1990-11-18,-19.2917,-27.0000,-7.0000,5.9012,24.0000
1990-11-19,-6.0000,-15.0000,3.0000,4.5012,24.0000
1990-11-20,0.5000,-9.0000,5.0000,3.3492,24.0000
1990-11-21,-4.6667,-20.0000,7.0000,6.5916,24.0000
1990-11-22,2.3750,-4.0000,7.0000,2.8255,24.0000
1990-11-23,2.2083,-9.0000,11.0000,6.2204,24.0000
1990-11-24,2.7500,-7.0000,8.0000,5.5658,24.0000
1990-11-25,5.2083,-5.0000,10.0000,4.7729,24.0000
1990-11-26,0.6667,-8.0000,22.0000,7.4464,24.0000
1990-11-27,-35.8750,-135.0000,25.0000,53.9148,24.0000
1990-11-28,-64.0417,-105.0000,-38.0000,20.6681,24.0000
1990-11-29,-21.2083,-36.0000,-9.0000,9.7534,24.0000
1990-11-30,-17.5000,-29.0000,-10.0000,4.9695,24.0000
1990-12-01,-14.0417,-20.0000,-8.0000,3.3941,24.0000
1990-12-02,-1.2500,-6.0000,5.0000,3.0396,24.0000
1990-12-03,1.9583,-5.0000,9.0000,4.0484,24.0000
1990-12-04,-20.5417,-37.0000,13.0000,12.1117,24.0000
1990-12-05,-14.4167,-25.0000,-7.0000,4.8177,24.0000
1990-12-06,-9.5000,-17.0000,-3.0000,3.7300,24.0000
1990-12-07,-3.8750,-12.0000,2.0000,4.6561,24.0000
1990-12-08,1.7500,-14.0000,22.0000,9.3681,24.0000
1990-12-09,-1.0000,-11.0000,13.0000,7.1809,24.0000
1990-12-10,3.9167,-2.0000,9.0000,3.5005,24.0000
1990-12-11,9.4167,3.0000,15.0000,3.2560,24.0000
1990-12-12,14.8750,-22.0000,35.0000,12.0662,24.0000
1990-12-13,-22.5417,-39.0000,-9.0000,9.6908,24.0000
1990-12-14,-7.3333,-12.0000,-3.0000,2.4436,24.0000
1990-12-15,-5.5417,-17.0000,5.0000,5.2501,24.0000
1990-12-16,0.2083,-7.0000,14.0000,5.9416,24.0000
1990-12-17,6.5000,-2.0000,16.0000,5.2337,24.0000
1990-12-18,4.4167,-6.0000,14.0000,5.3317,24.0000
1990-12-19,5.4167,2.0000,9.0000,2.0412,24.0000
1990-12-20,-2.8333,-20.0000,10.0000,7.9600,24.0000
1990-12-21,2.8333,-10.0000,19.0000,9.0394,24.0000
1990-12-22,11.7917,8.0000,24.0000,3.4005,24.0000
1990-12-23,18.0000,-4.0000,30.0000,8.0919,24.0000
1990-12-24,-14.9167,-47.0000,3.0000,15.4186,24.0000
1990-12-25,-20.5000,-39.0000,-6.0000,10.8668,24.0000
1990-12-26,-2.5000,-15.0000,11.0000,9.3530,24.0000
1990-12-27,3.4583,-8.0000,11.0000,6.1360,24.0000
1990-12-28,13.7500,6.0000,21.0000,3.8022,24.0000
1990-12-29,11.8750,1.0000,19.0000,5.1272,24.0000
1990-12-30,22.3333,13.0000,41.0000,6.9010,24.0000
1990-12-31,5.6667,-26.0000,34.0000,19.1213,24.0000
1991-01-01,-21.3750,-34.0000,-7.0000,7.9170,24.0000
1991-01-02,-13.8333,-20.0000,-4.0000,5.0014,24.0000
1991-01-03,-16.3333,-39.0000,-6.0000,8.7659,24.0000
1991-01-04,-11.7500,-23.0000,-2.0000,5.7275,24.0000
1991-01-05,-0.7083,-8.0000,5.0000,3.5567,24.0000
1991-01-06,-0.9167,-5.0000,3.0000,2.3015,24.0000
1991-01-07,3.6667,-4.0000,14.0000,4.9666,24.0000
1991-01-08,-1.9167,-9.0000,7.0000,4.0638,24.0000
1991-01-09,6.5417,0.0000,12.0000,3.1344,24.0000
1991-01-10,2.5417,-3.0000,7.0000,2.7816,24.0000
1991-01-11,-0.7500,-9.0000,6.0000,4.5707,24.0000
1991-01-12,2.5417,-17.0000,34.0000,14.5721,24.0000
1991-01-13,-17.7917,-39.0000,-6.0000,8.8759,24.0000
1991-01-14,-0.0833,-7.0000,11.0000,5.0641,24.0000
1991-01-15,-7.1667,-23.0000,4.0000,7.1303,24.0000
1991-01-16,-5.3333,-19.0000,6.0000,7.1424,24.0000
1991-01-17,-7.7083,-22.0000,0.0000,6.6495,24.0000
1991-01-18,-13.0000,-28.0000,-3.0000,7.3010,24.0000
1991-01-19,-10.7083,-20.0000,-5.0000,3.5075,24.0000
1991-01-20,-3.5833,-13.0000,3.0000,3.9223,24.0000
1991-01-21,-3.8750,-15.0000,7.0000,5.9073,24.0000
1991-01-22,12.0000,5.0000,22.0000,5.0130,24.0000
1991-01-23,11.1667,2.0000,25.0000,6.4785,24.0000
1991-01-24,-8.7083,-35.0000,18.0000,15.5381,24.0000
1991-01-25,-0.6250,-37.0000,15.0000,16.6467,24.0000
1991-01-26,-28.1667,-45.0000,-8.0000,9.2908,24.0000
1991-01-27,-11.7917,-23.0000,-2.0000,5.5871,24.0000
1991-01-28,-7.5000,-22.0000,8.0000,7.0956,24.0000
1991-01-29,0.7083,-14.0000,14.0000,8.8292,24.0000
1991-01-30,0.0000,-10.0000,15.0000,6.7695,24.0000
1991-01-31,2.7500,-29.0000,31.0000,14.4951,24.0000
1991-02-01,-27.5000,-79.0000,-6.0000,18.1731,24.0000
1991-02-02,-57.4167,-72.0000,-43.0000,9.5777,24.0000
1991-02-03,-35.6667,-41.0000,-31.0000,2.7610,24.0000
1991-02-04,-21.2917,-33.0000,-6.0000,6.5107,24.0000
1991-02-05,-3.5000,-15.0000,4.0000,4.9078,24.0000
1991-02-06,-2.4583,-14.0000,6.0000,6.3244,24.0000
1991-02-07,-2.0417,-14.0000,13.0000,8.3743,24.0000
1991-02-08,-15.9583,-34.0000,4.0000,10.8567,24.0000
1991-02-09,-23.9167,-34.0000,-7.0000,6.9715,24.0000
1991-02-10,-20.3750,-30.0000,-2.0000,7.6261,24.0000
1991-02-11,-16.5833,-24.0000,-5.0000,5.4046,24.0000
1991-02-12,-16.0000,-24.0000,-4.0000,4.4134,24.0000
1991-02-13,-13.4583,-27.0000,0.0000,6.2064,24.0000
1991-02-14,-8.6250,-16.0000,-2.0000,3.8427,24.0000
1991-02-15,-10.7500,-18.0000,-1.0000,4.5707,24.0000
1991-02-16,-2.5833,-8.0000,4.0000,3.3221,24.0000
1991-02-17,-3.7500,-8.0000,2.0000,2.9229,24.0000
1991-02-18,1.7917,-4.0000,10.0000,4.5203,24.0000
1991-02-19,-0.9167,-24.0000,16.0000,12.4164,24.0000
1991-02-20,-1.6250,-14.0000,15.0000,8.0801,24.0000
1991-02-21,1.6250,-6.0000,10.0000,4.6327,24.0000
1991-02-22,2.5833,-8.0000,15.0000,6.9964,24.0000
1991-02-23,-11.6667,-26.0000,0.0000,5.9320,24.0000
1991-02-24,-6.3750,-16.0000,1.0000,4.8077,24.0000
1991-02-25,-6.1667,-11.0000,2.0000,3.3708,24.0000
1991-02-26,-8.9167,-20.0000,6.0000,6.1214,24.0000
1991-02-27,0.2917,-14.0000,13.0000,8.7798,24.0000
1991-02-28,-17.9583,-28.0000,-7.0000,5.3036,24.0000
1991-03-01,-15.9583,-27.0000,-8.0000,5.4651,24.0000
1991-03-02,-20.5417,-31.0000,-13.0000,6.0933,24.0000
1991-03-03,-8.9583,-17.0000,-3.0000,4.4865,24.0000
1991-03-04,-3.1250,-14.0000,11.0000,7.0730,24.0000
1991-03-05,-31.1250,-55.0000,-11.0000,11.7300,24.0000
1991-03-06,-34.5000,-46.0000,-18.0000,6.6920,24.0000
1991-03-07,-23.0000,-38.0000,-13.0000,6.3108,24.0000
1991-03-08,-23.5833,-33.0000,-14.0000,5.4924,24.0000
1991-03-09,-36.9167,-54.0000,0.0000,11.7581,24.0000
1991-03-10,-33.3750,-66.0000,-13.0000,12.9676,24.0000
1991-03-11,-13.7083,-24.0000,-6.0000,6.1040,24.0000
1991-03-12,-15.5833,-43.0000,-2.0000,9.1505,24.0000
1991-03-13,-34.9583,-60.0000,-26.0000,8.2645,24.0000
1991-03-14,-28.0417,-43.0000,-13.0000,9.0192,24.0000
1991-03-15,-8.0000,-17.0000,0.0000,4.5873,24.0000
1991-03-16,-2.5417,-15.0000,13.0000,7.5180,24.0000
1991-03-17,-0.7917,-15.0000,8.0000,6.8333,24.0000
1991-03-18,-8.6667,-28.0000,0.0000,8.2180,24.0000
1991-03-19,-7.9167,-34.0000,8.0000,12.7413,24.0000
1991-03-20,-16.8750,-35.0000,-4.0000,8.5125,24.0000
1991-03-21,-9.1667,-44.0000,45.0000,32.9870,24.0000
1991-03-22,-31.9167,-40.0000,-21.0000,5.2578,24.0000
1991-03-23,-11.7083,-22.0000,-4.0000,4.5729,24.0000
1991-03-24,-75.0417,-281.0000,63.0000,75.3707,24.0000
1991-03-25,-193.9167,-298.0000,-127.0000,56.4754,24.0000
1991-03-26,-131.1250,-168.0000,-103.0000,18.5948,24.0000
1991-03-27,-84.4167,-101.0000,-68.0000,9.2966,24.0000
1991-03-28,-62.9167,-76.0000,-42.0000,9.7353,24.0000
1991-03-29,-34.8333,-43.0000,-26.0000,4.3606,24.0000
1991-03-30,-47.4583,-85.0000,-19.0000,18.7709,24.0000
1991-03-31,-35.2083,-49.0000,-7.0000,11.8761,24.0000
1991-04-01,-48.5833,-77.0000,-29.0000,14.7498,24.0000
1991-04-02,-44.7917,-61.0000,-27.0000,10.0433,24.0000
1991-04-03,-52.3333,-78.0000,-24.0000,19.3608,24.0000
1991-04-04,-49.3750,-83.0000,-5.0000,23.2619,24.0000
1991-04-05,-47.8750,-70.0000,-35.0000,9.6698,24.0000
1991-04-06,-29.5417,-34.0000,-21.0000,3.3619,24.0000
1991-04-07,-31.2917,-39.0000,-23.0000,4.8318,24.0000
1991-04-08,-25.0417,-37.0000,-18.0000,5.2625,24.0000
1991-04-09,-34.6250,-50.0000,-21.0000,10.3496,24.0000
1991-04-10,-14.6250,-26.0000,-3.0000,6.3848,24.0000
1991-04-11,-4.2083,-10.0000,3.0000,3.6710,24.0000
1991-04-12,-3.9583,-24.0000,8.0000,10.1402,24.0000
1991-04-13,-3.9167,-8.0000,3.0000,3.2560,24.0000
1991-04-14,5.4583,-1.0000,17.0000,4.8899,24.0000
1991-04-15,6.9167,-4.0000,13.0000,3.9223,24.0000
1991-04-16,12.5833,6.0000,20.0000,4.0208,24.0000
1991-04-17,7.2500,-11.0000,22.0000,8.7190,24.0000
1991-04-18,-1.4583,-12.0000,8.0000,5.7179,24.0000
1991-04-19,-2.1250,-30.0000,16.0000,15.8122,24.0000
1991-04-20,6.2083,-6.0000,14.0000,5.9708,24.0000
1991-04-21,12.2500,1.0000,20.0000,5.8104,24.0000
1991-04-22,-3.2500,-13.0000,4.0000,5.2523,24.0000
1991-04-23,4.2083,-7.0000,15.0000,5.7406,24.0000
1991-04-24,-1.8333,-29.0000,10.0000,8.3701,24.0000
1991-04-25,-17.9583,-42.0000,4.0000,15.2358,24.0000
1991-04-26,-12.6250,-44.0000,13.0000,13.6885,24.0000
1991-04-27,-53.7500,-69.0000,-38.0000,9.1045,24.0000
1991-04-28,-53.7500,-68.0000,-36.0000,8.0878,24.0000
1991-04-29,-77.8750,-97.0000,-59.0000,11.7891,24.0000
1991-04-30,-56.9583,-74.0000,-39.0000,10.5273,24.0000
1991-05-01,-34.7083,-55.0000,-22.0000,7.9917,24.0000
1991-05-02,-54.2917,-67.0000,-33.0000,8.6551,24.0000
1991-05-03,-31.3333,-47.0000,-22.0000,7.9928,24.0000
1991-05-04,-20.0417,-32.0000,-12.0000,6.4638,24.0000
1991-05-05,-11.1667,-16.0000,-6.0000,3.2925,24.0000
1991-05-06,-3.5833,-11.0000,2.0000,3.7754,24.0000
1991-05-07,5.8333,0.0000,10.0000,2.6155,24.0000
1991-05-08,2.6667,-3.0000,7.0000,3.1987,24.0000
1991-05-09,1.6250,-26.0000,14.0000,11.4998,24.0000
1991-05-10,-9.0833,-14.0000,-3.0000,3.2292,24.0000
1991-05-11,5.8750,-5.0000,14.0000,5.6052,24.0000
1991-05-12,10.5417,5.0000,15.0000,2.8587,24.0000
1991-05-13,-11.5417,-48.0000,19.0000,20.3042,24.0000
1991-05-14,-42.5000,-74.0000,-11.0000,18.5402,24.0000
1991-05-15,-9.5833,-22.0000,-2.0000,5.9703,24.0000
1991-05-16,2.7917,-7.0000,37.0000,12.1547,24.0000
1991-05-17,-52.0417,-105.0000,10.0000,25.2905,24.0000
1991-05-18,-33.2083,-45.0000,-24.0000,7.1565,24.0000
1991-05-19,-12.8333,-23.0000,5.0000,8.8547,24.0000
1991-05-20,7.1667,-4.0000,14.0000,4.8064,24.0000
1991-05-21,21.3333,9.0000,35.0000,9.6579,24.0000
1991-05-22,0.7917,-28.0000,41.0000,21.5588,24.0000
1991-05-23,-11.9583,-36.0000,-2.0000,9.0337,24.0000
1991-05-24,-22.3333,-33.0000,-11.0000,6.2322,24.0000
1991-05-25,-38.1250,-60.0000,-19.0000,8.8971,24.0000
1991-05-26,-19.6667,-26.0000,-13.0000,3.7027,24.0000
1991-05-27,-31.2500,-46.0000,-20.0000,6.5159,24.0000
1991-05-28,-27.7917,-47.0000,-12.0000,10.6933,24.0000
1991-05-29,-33.0000,-42.0000,-26.0000,4.2733,24.0000
1991-05-30,-18.4167,-28.0000,-8.0000,5.6485,24.0000
1991-05-31,-44.0417,-84.0000,-15.0000,21.2510,24.0000
1991-06-01,-43.3750,-75.0000,-11.0000,16.0592,24.0000
1991-06-02,-48.7917,-71.0000,-24.0000,11.9345,24.0000
1991-06-03,-42.0833,-50.0000,-34.0000,4.3631,24.0000
1991-06-04,-15.1667,-57.0000,31.0000,19.6284,24.0000
1991-06-05,-147.0417,-223.0000,-19.0000,58.1703,24.0000
1991-06-06,-113.8750,-172.0000,-75.0000,23.6594,24.0000
1991-06-07,-65.5417,-85.0000,-31.0000,11.2016,24.0000
1991-06-08,-28.7917,-43.0000,-18.0000,7.1322,24.0000
1991-06-09,-40.0833,-73.0000,-13.0000,15.1655,24.0000
1991-06-10,-77.6667,-134.0000,-12.0000,36.7076,24.0000
1991-06-11,-99.3333,-140.0000,-42.0000,21.6928,24.0000
1991-06-12,-51.7917,-94.0000,-12.0000,25.5649,24.0000
1991-06-13,-65.7500,-114.0000,20.0000,41.1289,24.0000
1991-06-14,-60.7500,-101.0000,-45.0000,16.4773,24.0000
1991-06-15,-37.5833,-48.0000,-25.0000,6.7818,24.0000
1991-06-16,-25.7500,-35.0000,-14.0000,7.2186,24.0000
1991-06-17,-18.0000,-57.0000,19.0000,17.3130,24.0000
1991-06-18,-45.0833,-70.0000,-32.0000,8.0968,24.0000
1991-06-19,-44.4167,-54.0000,-32.0000,6.1285,24.0000
1991-06-20,-22.5417,-37.0000,-12.0000,6.0360,24.0000
1991-06-21,-20.4167,-38.0000,-9.0000,7.2527,24.0000
1991-06-22,-25.9167,-35.0000,-17.0000,5.1068,24.0000
1991-06-23,-44.6250,-68.0000,-23.0000,15.2282,24.0000
1991-06-24,-52.1250,-79.0000,-39.0000,11.7485,24.0000
1991-06-25,-33.8333,-46.0000,-26.0000,4.7243,24.0000
1991-06-26,-28.5417,-37.0000,-21.0000,4.0215,24.0000
1991-06-27,-20.5833,-34.0000,-7.0000,6.8773,24.0000
1991-06-28,-17.4167,-27.0000,-8.0000,5.1408,24.0000
1991-06-29,-7.1667,-20.0000,1.0000,6.2252,24.0000
1991-06-30,-19.3750,-55.0000,8.0000,20.4446,24.0000
1991-07-01,-11.2083,-38.0000,9.0000,15.8416,24.0000
1991-07-02,-9.9583,-22.0000,0.0000,6.8301,24.0000
1991-07-03,-34.3333,-57.0000,-21.0000,10.0072,24.0000
1991-07-04,-14.6667,-41.0000,-2.0000,12.6823,24.0000
1991-07-05,-4.5417,-12.0000,9.0000,6.2622,24.0000
1991-07-06,1.4167,-15.0000,14.0000,8.5257,24.0000
1991-07-07,2.4583,-17.0000,27.0000,10.5294,24.0000
1991-07-08,-16.0417,-45.0000,32.0000,21.9970,24.0000
1991-07-09,-122.8750,-194.0000,-25.0000,58.3478,24.0000
1991-07-10,-74.7500,-109.0000,-50.0000,17.5901,24.0000
1991-07-11,-45.8333,-60.0000,-28.0000,9.9855,24.0000
1991-07-12,-20.3750,-51.0000,5.0000,16.7561,24.0000
1991-07-13,-104.4583,-183.0000,-21.0000,57.3206,24.0000
1991-07-14,-111.2500,-158.0000,-76.0000,22.0912,24.0000
1991-07-15,-66.5000,-104.0000,-35.0000,19.7110,24.0000
1991-07-16,-37.2917,-60.0000,-22.0000,10.3692,24.0000
1991-07-17,-64.3750,-94.0000,-55.0000,10.9815,24.0000
1991-07-18,-47.1667,-78.0000,-32.0000,14.7844,24.0000
1991-07-19,-33.9167,-51.0000,-26.0000,5.8749,24.0000
1991-07-20,-50.2083,-73.0000,-32.0000,11.3520,24.0000
1991-07-21,-46.6250,-62.0000,-31.0000,8.8652,24.0000
1991-07-22,-35.2083,-51.0000,-19.0000,8.3976,24.0000
1991-07-23,-21.9167,-35.0000,-10.0000,6.7818,24.0000
1991-07-24,-16.0833,-24.0000,-9.0000,4.0423,24.0000
1991-07-25,-13.0000,-24.0000,-3.0000,6.5075,24.0000
1991-07-26,-9.7083,-18.0000,-1.0000,5.4412,24.0000
1991-07-27,-7.3333,-30.0000,2.0000,9.0056,24.0000
1991-07-28,-10.8750,-21.0000,12.0000,7.6233,24.0000
1991-07-29,4.9167,-7.0000,18.0000,7.9669,24.0000
1991-07-30,-6.3750,-14.0000,12.0000,6.6123,24.0000
1991-07-31,-3.3750,-12.0000,2.0000,3.6691,24.0000
1991-08-01,-18.5833,-57.0000,4.0000,15.6370,24.0000
1991-08-02,-75.1250,-114.0000,-30.0000,26.9207,24.0000
1991-08-03,-57.6250,-79.0000,-42.0000,9.7348,24.0000
1991-08-04,-68.7083,-95.0000,-51.0000,13.4277,24.0000
1991-08-05,-44.4583,-74.0000,-13.0000,12.8502,24.0000
1991-08-06,-63.0417,-88.0000,-28.0000,14.9477,24.0000
1991-08-07,-35.0833,-62.0000,-22.0000,10.4711,24.0000
1991-08-08,-32.5417,-41.0000,-21.0000,5.2501,24.0000
1991-08-09,-25.6667,-37.0000,-14.0000,5.4666,24.0000
1991-08-10,-17.8333,-28.0000,-2.0000,7.3465,24.0000
1991-08-11,-13.7500,-48.0000,37.0000,26.3080,24.0000
1991-08-12,-56.0833,-99.0000,-15.0000,29.0216,24.0000
1991-08-13,-53.6250,-79.0000,-40.0000,10.5863,24.0000
1991-08-14,-34.0000,-77.0000,-17.0000,16.4951,24.0000
1991-08-15,-55.0417,-71.0000,-36.0000,10.4735,24.0000
1991-08-16,-34.5417,-58.0000,-16.0000,11.4397,24.0000
1991-08-17,-29.0000,-38.0000,-22.0000,4.1494,24.0000
1991-08-18,-23.4167,-45.0000,2.0000,12.0647,24.0000
1991-08-19,-70.1250,-170.0000,-3.0000,41.6051,24.0000
1991-08-20,-79.1250,-143.0000,-33.0000,32.0995,24.0000
1991-08-21,-68.5833,-112.0000,-41.0000,18.7011,24.0000
1991-08-22,-67.0833,-92.0000,-34.0000,15.9344,24.0000
1991-08-23,-47.2500,-62.0000,-27.0000,11.1677,24.0000
1991-08-24,-18.3750,-39.0000,1.0000,10.1759,24.0000
1991-08-25,-17.3750,-25.0000,-10.0000,4.1683,24.0000
1991-08-26,-8.5833,-17.0000,-1.0000,4.1064,24.0000
1991-08-27,-23.5000,-60.0000,8.0000,17.6857,24.0000
1991-08-28,-35.0417,-55.0000,-23.0000,8.6902,24.0000
1991-08-29,-23.3333,-35.0000,-14.0000,6.3223,24.0000
1991-08-30,-55.7083,-107.0000,-23.0000,28.2512,24.0000
1991-08-31,-71.3750,-87.0000,-53.0000,7.6942,24.0000
1991-09-01,-60.9583,-87.0000,-47.0000,12.3903,24.0000
1991-09-02,-56.7917,-80.0000,-41.0000,11.1705,24.0000
1991-09-03,-40.5417,-51.0000,-29.0000,5.1834,24.0000
1991-09-04,-37.0833,-50.0000,-29.0000,6.7432,24.0000
1991-09-05,-46.1667,-56.0000,-32.0000,7.2452,24.0000
1991-09-06,-36.5417,-53.0000,-26.0000,6.3519,24.0000
1991-09-07,-26.3750,-44.0000,-10.0000,10.0339,24.0000
1991-09-08,-30.4167,-39.0000,-23.0000,4.1380,24.0000
1991-09-09,-44.2083,-78.0000,-10.0000,19.6888,24.0000
1991-09-10,-63.9167,-96.0000,-27.0000,19.9606,24.0000
1991-09-11,-26.9167,-41.0000,-9.0000,10.6849,24.0000
1991-09-12,-16.7500,-30.0000,-4.0000,6.8731,24.0000
1991-09-13,-8.6667,-22.0000,1.0000,7.1668,24.0000
1991-09-14,-31.2083,-40.0000,-21.0000,5.4051,24.0000
1991-09-15,-18.3333,-37.0000,-11.0000,7.5910,24.0000
1991-09-16,-11.4167,-22.0000,-4.0000,5.3317,24.0000
1991-09-17,-3.7917,-14.0000,1.0000,4.5490,24.0000
1991-09-18,0.4167,-7.0000,12.0000,4.7815,24.0000
1991-09-19,-6.3333,-23.0000,20.0000,11.9115,24.0000
1991-09-20,-12.6250,-22.0000,-2.0000,6.5129,24.0000
1991-09-21,-10.8750,-22.0000,2.0000,8.5022,24.0000
1991-09-22,9.5000,-1.0000,17.0000,4.8901,24.0000
1991-09-23,4.2500,-8.0000,10.0000,4.7936,24.0000
1991-09-24,7.8333,-4.0000,16.0000,6.1972,24.0000
1991-09-25,-42.4167,-84.0000,1.0000,22.0137,24.0000
1991-09-26,-63.7500,-77.0000,-50.0000,6.5955,24.0000
1991-09-27,-71.5000,-86.0000,-57.0000,8.3249,24.0000
1991-09-28,-61.7917,-73.0000,-50.0000,6.6527,24.0000
1991-09-29,-36.4167,-53.0000,-27.0000,7.8791,24.0000
1991-09-30,-42.0417,-53.0000,-27.0000,5.7595,24.0000
1991-10-01,-55.0000,-157.0000,-25.0000,34.3119,24.0000
1991-10-02,-130.4583,-164.0000,-85.0000,23.0425,24.0000
1991-10-03,-61.7500,-83.0000,-45.0000,12.2590,24.0000
1991-10-04,-50.6250,-69.0000,-26.0000,11.9667,24.0000
1991-10-05,-28.2917,-48.0000,-16.0000,9.8840,24.0000
1991-10-06,-30.7083,-61.0000,-12.0000,15.6552,24.0000
1991-10-07,-35.5833,-59.0000,-20.0000,11.3900,24.0000
1991-10-08,-55.5000,-84.0000,-32.0000,14.5542,24.0000
1991-10-09,-24.7083,-53.0000,-12.0000,10.1488,24.0000
1991-10-10,-42.0000,-60.0000,-17.0000,11.4512,24.0000
1991-10-11,-23.7083,-30.0000,-14.0000,4.2984,24.0000
1991-10-12,-11.0417,-18.0000,0.0000,4.2373,24.0000
1991-10-13,-4.5417,-8.0000,-2.0000,1.9106,24.0000
1991-10-14,-4.3333,-14.0000,5.0000,5.9539,24.0000
1991-10-15,-2.7500,-9.0000,8.0000,5.5892,24.0000
1991-10-16,1.8750,-10.0000,10.0000,5.1357,24.0000
1991-10-17,18.0417,2.0000,35.0000,9.8928,24.0000
1991-10-18,6.2917,-22.0000,47.0000,20.1051,24.0000
1991-10-19,-7.9167,-39.0000,3.0000,12.3638,24.0000
1991-10-20,-39.9167,-78.0000,-12.0000,18.7174,24.0000
1991-10-21,-54.4167,-94.0000,-5.0000,31.9849,24.0000
1991-10-22,-57.7917,-77.0000,-35.0000,11.3826,24.0000
1991-10-23,-34.4583,-47.0000,-7.0000,11.6469,24.0000
1991-10-24,-48.3333,-77.0000,-33.0000,11.5858,24.0000
1991-10-25,-53.7500,-86.0000,-37.0000,12.6121,24.0000
1991-10-26,-58.8750,-68.0000,-47.0000,5.0071,24.0000
1991-10-27,-72.9583,-94.0000,-42.0000,13.2746,24.0000
1991-10-28,-95.3333,-196.0000,-21.0000,45.0002,24.0000
1991-10-29,-172.8333,-254.0000,-129.0000,36.8919,24.0000
1991-10-30,-106.6667,-132.0000,-84.0000,12.9972,24.0000
1991-10-31,-76.7500,-104.0000,-35.0000,18.7715,24.0000
1991-11-01,-121.4167,-196.0000,-73.0000,45.4714,24.0000
1991-11-02,-122.7917,-189.0000,-66.0000,37.0628,24.0000
1991-11-03,-53.7083,-63.0000,-47.0000,3.9615,24.0000
1991-11-04,-47.0000,-74.0000,-34.0000,10.3714,24.0000
1991-11-05,-61.2917,-92.0000,-40.0000,16.6928,24.0000
1991-11-06,-40.5000,-57.0000,-26.0000,8.2251,24.0000
1991-11-07,-27.4167,-35.0000,-15.0000,5.3805,24.0000
1991-11-08,-75.7917,-280.0000,17.0000,85.2801,24.0000
1991-11-09,-222.5417,-354.0000,-132.0000,78.4147,24.0000
1991-11-10,-87.1250,-144.0000,-54.0000,26.9304,24.0000
1991-11-11,-36.4167,-64.0000,5.0000,22.2846,24.0000
1991-11-12,-33.7083,-43.0000,-20.0000,6.0252,24.0000
1991-11-13,-20.7917,-31.0000,-12.0000,4.2731,24.0000
1991-11-14,-27.8750,-44.0000,-14.0000,7.6970,24.0000
1991-11-15,-37.6250,-57.0000,-19.0000,11.2783,24.0000
1991-11-16,-64.3333,-80.0000,-40.0000,9.3468,24.0000
1991-11-17,-58.3750,-74.0000,-41.0000,8.9822,24.0000
1991-11-18,-75.7500,-97.0000,-47.0000,13.3978,24.0000
1991-11-19,-94.6667,-123.0000,-67.0000,13.3764,24.0000
1991-11-20,-66.8750,-90.0000,-53.0000,8.7094,24.0000
1991-11-21,-86.9583,-135.0000,-53.0000,27.0659,24.0000
1991-11-22,-98.7500,-139.0000,-55.0000,27.4595,24.0000
1991-11-23,-66.8750,-84.0000,-54.0000,8.3161,24.0000
1991-11-24,-50.8333,-65.0000,-40.0000,7.3524,24.0000
1991-11-25,-41.1667,-59.0000,-28.0000,8.4373,24.0000
1991-11-26,-26.8333,-35.0000,-19.0000,4.6780,24.0000
1991-11-27,-22.6667,-37.0000,-13.0000,6.9198,24.0000
1991-11-28,-13.7917,-29.0000,-2.0000,7.9672,24.0000
1991-11-29,-26.3333,-40.0000,-19.0000,6.5253,24.0000
1991-11-30,-21.0417,-35.0000,-12.0000,7.1291,24.0000
1991-12-01,-16.8333,-32.0000,-10.0000,4.9049,24.0000
1991-12-02,-27.0417,-48.0000,-15.0000,9.3273,24.0000
1991-12-03,-19.4167,-33.0000,-7.0000,8.1823,24.0000
1991-12-04,-16.7500,-35.0000,-9.0000,6.2918,24.0000
1991-12-05,-13.1667,-19.0000,-9.0000,3.0455,24.0000
1991-12-06,-6.1250,-16.0000,1.0000,4.4459,24.0000
1991-12-07,-2.4167,-18.0000,6.0000,6.2549,24.0000
1991-12-08,-2.8333,-12.0000,7.0000,4.6966,24.0000
1991-12-09,7.8333,-18.0000,33.0000,13.2523,24.0000
1991-12-10,-10.9167,-34.0000,1.0000,10.2995,24.0000
1991-12-11,-20.5000,-32.0000,-14.0000,5.2087,24.0000
1991-12-12,-22.9167,-39.0000,0.0000,8.0753,24.0000
1991-12-13,-19.8750,-27.0000,-7.0000,5.2611,24.0000
1991-12-14,-22.0417,-31.0000,-16.0000,5.2127,24.0000
1991-12-15,-17.6250,-25.0000,-10.0000,4.3018,24.0000
1991-12-16,-21.8333,-53.0000,1.0000,16.8824,24.0000
1991-12-17,-43.0417,-59.0000,-24.0000,9.6751,24.0000
1991-12-18,-36.4583,-51.0000,-21.0000,9.2923,24.0000
1991-12-19,-39.4167,-64.0000,-16.0000,17.3228,24.0000
1991-12-20,-31.2917,-53.0000,-14.0000,12.6508,24.0000
1991-12-21,-27.0000,-39.0000,-11.0000,6.6463,24.0000
1991-12-22,-10.5417,-23.0000,17.0000,10.7257,24.0000
1991-12-23,-19.3750,-38.0000,9.0000,11.1309,24.0000
1991-12-24,-14.3750,-20.0000,-9.0000,2.9754,24.0000
1991-12-25,-9.6667,-17.0000,-2.0000,4.3205,24.0000
1991-12-26,10.9583,-11.0000,27.0000,11.2384,24.0000
1991-12-27,-19.9583,-74.0000,23.0000,26.7736,24.0000
1991-12-28,-57.3750,-74.0000,-42.0000,10.4541,24.0000
1991-12-29,-41.5000,-77.0000,-23.0000,15.8004,24.0000
1991-12-30,-40.2083,-54.0000,-20.0000,8.6325,24.0000
1991-12-31,-23.8750,-35.0000,-7.0000,7.6233,24.0000
1992-01-01,-9.0833,-26.0000,19.0000,14.5061,24.0000
1992-01-02,-13.9167,-28.0000,15.0000,11.9525,24.0000
1992-01-03,-26.2083,-46.0000,-8.0000,9.4867,24.0000
1992-01-04,-24.0833,-34.0000,-12.0000,4.7815,24.0000
1992-01-05,-20.1250,-30.0000,-8.0000,6.1737,24.0000
1992-01-06,-18.3750,-35.0000,-7.0000,7.0761,24.0000
1992-01-07,-15.4167,-27.0000,-8.0000,6.1355,24.0000
1992-01-08,-28.0417,-52.0000,1.0000,16.6040,24.0000
1992-01-09,-18.7083,-33.0000,0.0000,7.8711,24.0000
1992-01-10,-25.7500,-41.0000,-9.0000,9.2372,24.0000
1992-01-11,-58.3750,-95.0000,-33.0000,24.2322,24.0000
1992-01-12,-41.4167,-93.0000,-6.0000,23.7284,24.0000
1992-01-13,-54.7500,-69.0000,-26.0000,12.8748,24.0000
1992-01-14,-19.1667,-39.0000,19.0000,18.9132,24.0000
1992-01-15,-29.5417,-43.0000,-17.0000,6.4402,24.0000
1992-01-16,-21.0417,-35.0000,-12.0000,7.3217,24.0000
1992-01-17,-20.8750,-30.0000,-13.0000,4.5808,24.0000
1992-01-18,-15.2500,-21.0000,-10.0000,3.2471,24.0000
1992-01-19,-7.4583,-15.0000,1.0000,4.3437,24.0000
1992-01-20,-26.6250,-37.0000,-13.0000,6.7296,24.0000
1992-01-21,-11.5833,-25.0000,0.0000,5.5476,24.0000
1992-01-22,-18.4583,-29.0000,-11.0000,5.8308,24.0000
1992-01-23,-2.2917,-8.0000,2.0000,2.3495,24.0000
1992-01-24,5.7083,-6.0000,17.0000,5.6759,24.0000
1992-01-25,-3.2500,-9.0000,6.0000,4.2247,24.0000
1992-01-26,16.1667,-8.0000,40.0000,13.1865,24.0000
1992-01-27,-25.2083,-48.0000,33.0000,18.3516,24.0000
1992-01-28,-28.5417,-40.0000,-13.0000,7.9399,24.0000
1992-01-29,-22.5000,-39.0000,-5.0000,10.7055,24.0000
1992-01-30,-28.2917,-45.0000,-14.0000,7.7149,24.0000
1992-01-31,-28.0417,-41.0000,-13.0000,8.3326,24.0000
1992-02-01,-29.9167,-91.0000,-7.0000,25.0059,24.0000
1992-02-02,-84.9167,-143.0000,-37.0000,28.1115,24.0000
1992-02-03,-114.3750,-170.0000,-55.0000,33.6773,24.0000
1992-02-04,-72.5417,-101.0000,-51.0000,14.9375,24.0000
1992-02-05,-50.4583,-64.0000,-32.0000,10.0606,24.0000
1992-02-06,-25.6667,-29.0000,-21.0000,2.5820,24.0000
1992-02-07,-31.6667,-56.0000,-13.0000,13.7577,24.0000
1992-02-08,-47.3750,-114.0000,-11.0000,23.9144,24.0000
1992-02-09,-161.6250,-201.0000,-66.0000,28.2778,24.0000
1992-02-10,-73.2083,-116.0000,-39.0000,20.1300,24.0000
1992-02-11,-33.0833,-46.0000,-20.0000,8.4180,24.0000
1992-02-12,-27.0000,-34.0000,-22.0000,3.2571,24.0000
1992-02-13,-21.7917,-30.0000,-10.0000,5.9123,24.0000
1992-02-14,-12.7917,-21.0000,-4.0000,4.4524,24.0000
1992-02-15,-8.9167,-14.0000,-3.0000,3.1611,24.0000
1992-02-16,-3.0833,-8.0000,2.0000,3.0775,24.0000
1992-02-17,0.5417,-18.0000,16.0000,8.2461,24.0000
1992-02-18,-15.3333,-33.0000,6.0000,12.8289,24.0000
1992-02-19,-4.8750,-20.0000,9.0000,9.0473,24.0000
1992-02-20,-64.3750,-147.0000,17.0000,57.0010,24.0000
1992-02-21,-105.1667,-171.0000,-55.0000,33.8432,24.0000
1992-02-22,-74.3333,-97.0000,-50.0000,14.6663,24.0000
1992-02-23,-47.4167,-58.0000,-34.0000,7.9286,24.0000
1992-02-24,-41.2083,-85.0000,-22.0000,16.0325,24.0000
1992-02-25,-105.6250,-140.0000,-70.0000,20.0495,24.0000
1992-02-26,-88.0417,-174.0000,-53.0000,38.2139,24.0000
1992-02-27,-100.1250,-143.0000,-69.0000,18.4044,24.0000
1992-02-28,-65.2500,-82.0000,-41.0000,12.1985,24.0000
1992-02-29,-60.6250,-118.0000,-25.0000,27.7517,24.0000
1992-03-01,-49.5833,-65.0000,-30.0000,8.8363,24.0000
1992-03-02,-28.7917,-40.0000,-19.0000,4.9693,24.0000
1992-03-03,-16.1250,-23.0000,-7.0000,4.1735,24.0000
1992-03-04,-1.6250,-12.0000,9.0000,6.4728,24.0000
1992-03-05,-13.8750,-24.0000,-8.0000,3.8370,24.0000
1992-03-06,-8.0000,-21.0000,-2.0000,3.9232,24.0000
1992-03-07,-2.0417,-15.0000,10.0000,5.6374,24.0000
1992-03-08,1.2083,-11.0000,14.0000,6.9281,24.0000
1992-03-09,-5.5000,-23.0000,18.0000,10.5542,24.0000
1992-03-10,-14.4583,-28.0000,-5.0000,5.8828,24.0000
1992-03-11,-18.4167,-26.0000,-11.0000,3.7523,24.0000
1992-03-12,-13.6667,-20.0000,-7.0000,3.6555,24.0000
1992-03-13,-6.9167,-12.0000,-3.0000,2.5862,24.0000
1992-03-14,6.5417,-4.0000,14.0000,6.0215,24.0000
1992-03-15,12.3750,7.0000,25.0000,5.1568,24.0000
1992-03-16,-12.0000,-43.0000,25.0000,20.7490,24.0000
1992-03-17,4.5417,-27.0000,35.0000,19.3615,24.0000
1992-03-18,-14.1250,-25.0000,4.0000,7.2850,24.0000
1992-03-19,-7.5833,-22.0000,1.0000,6.5403,24.0000
1992-03-20,4.7500,-2.0000,10.0000,3.0253,24.0000
1992-03-21,-16.3750,-66.0000,23.0000,33.3034,24.0000
1992-03-22,-37.1667,-57.0000,-26.0000,9.8936,24.0000
1992-03-23,-39.1667,-49.0000,-26.0000,6.3770,24.0000
1992-03-24,-33.2500,-47.0000,-23.0000,6.2083,24.0000
1992-03-25,-33.4167,-43.0000,-24.0000,5.5710,24.0000
1992-03-26,-19.5417,-32.0000,-3.0000,7.9179,24.0000
1992-03-27,-18.7083,-36.0000,-6.0000,9.2806,24.0000
1992-03-28,-19.9583,-28.0000,-13.0000,4.3487,24.0000
1992-03-29,-30.9167,-44.0000,-21.0000,6.3171,24.0000
1992-03-30,-28.7500,-51.0000,-19.0000,9.2748,24.0000
1992-03-31,-15.6667,-42.0000,2.0000,12.9234,24.0000
1992-04-01,-7.5000,-22.0000,7.0000,7.0956,24.0000
1992-04-02,-1.5833,-23.0000,12.0000,9.0165,24.0000
1992-04-03,-43.5833,-105.0000,10.0000,38.5452,24.0000
1992-04-04,-42.5000,-66.0000,-22.0000,10.9624,24.0000
1992-04-05,-21.3750,-29.0000,-13.0000,4.0412,24.0000
1992-04-06,-26.2917,-49.0000,-7.0000,11.9108,24.0000
1992-04-07,-23.7917,-36.0000,-12.0000,7.0278,24.0000
1992-04-08,-15.0833,-27.0000,-7.0000,4.9512,24.0000
1992-04-09,-3.3750,-12.0000,5.0000,5.0201,24.0000
1992-04-10,1.9583,-5.0000,7.0000,3.9395,24.0000
1992-04-11,5.5833,1.0000,15.0000,4.4907,24.0000
1992-04-12,14.7917,10.0000,18.0000,1.9995,24.0000
1992-04-13,8.2500,-5.0000,15.0000,5.2274,24.0000
1992-04-14,13.1250,5.0000,23.0000,4.7486,24.0000
1992-04-15,10.2500,5.0000,17.0000,3.0253,24.0000
1992-04-16,12.2917,9.0000,17.0000,2.0743,24.0000
1992-04-17,9.9583,7.0000,21.0000,3.0713,24.0000
1992-04-18,2.7083,-31.0000,29.0000,18.8345,24.0000
1992-04-19,-25.8333,-37.0000,-16.0000,6.7930,24.0000
1992-04-20,-32.5833,-52.0000,-20.0000,8.3506,24.0000
1992-04-21,-13.2917,-26.0000,-1.0000,7.5497,24.0000
1992-04-22,-25.3333,-39.0000,-1.0000,9.4761,24.0000
1992-04-23,-12.3750,-27.0000,-5.0000,7.5054,24.0000
1992-04-24,-21.3333,-39.0000,-5.0000,8.1543,24.0000
1992-04-25,-13.7500,-22.0000,-6.0000,4.6180,24.0000
1992-04-26,-9.2083,-22.0000,1.0000,6.7565,24.0000
1992-04-27,-6.7500,-17.0000,-1.0000,4.4940,24.0000
1992-04-28,-7.7500,-20.0000,13.0000,8.9212,24.0000
1992-04-29,6.0417,-6.0000,15.0000,5.0517,24.0000
1992-04-30,3.7500,-4.0000,18.0000,5.3589,24.0000
1992-05-01,7.2917,-14.0000,27.0000,11.9727,24.0000
1992-05-02,0.5833,-13.0000,14.0000,8.5104,24.0000
1992-05-03,4.1250,-7.0000,17.0000,6.7586,24.0000
1992-05-04,-12.6667,-24.0000,-1.0000,7.1058,24.0000
1992-05-05,4.7083,-6.0000,13.0000,5.7821,24.0000
1992-05-06,13.0833,6.0000,26.0000,5.2908,24.0000
1992-05-07,18.4167,-14.0000,50.0000,18.4460,24.0000
1992-05-08,-48.6250,-64.0000,-23.0000,10.6845,24.0000
1992-05-09,-14.5000,-37.0000,49.0000,18.9094,24.0000
1992-05-10,-162.2917,-288.0000,-9.0000,94.5614,24.0000
1992-05-11,-122.8750,-169.0000,-89.0000,24.3959,24.0000
1992-05-12,-68.9167,-85.0000,-55.0000,9.3619,24.0000
1992-05-13,-70.2083,-87.0000,-58.0000,9.0793,24.0000
1992-05-14,-43.8333,-61.0000,-37.0000,8.3127,24.0000
1992-05-15,-30.5417,-39.0000,-19.0000,5.8308,24.0000
1992-05-16,-22.1667,-26.0000,-20.0000,1.5228,24.0000
1992-05-17,-9.3750,-18.0000,-3.0000,4.3220,24.0000
1992-05-18,-20.7083,-33.0000,-13.0000,6.2099,24.0000
1992-05-19,-35.5417,-53.0000,-23.0000,8.1879,24.0000
1992-05-20,-21.2083,-39.0000,-9.0000,8.3509,24.0000
1992-05-21,-15.8333,-25.0000,-7.0000,4.6125,24.0000
1992-05-22,-58.2917,-102.0000,-9.0000,30.6289,24.0000
1992-05-23,-42.0000,-66.0000,-27.0000,9.0746,24.0000
1992-05-24,-25.5417,-42.0000,-17.0000,6.4335,24.0000
1992-05-25,-13.4167,-23.0000,-9.0000,3.2826,24.0000
1992-05-26,-8.7500,-18.0000,1.0000,5.6280,24.0000
1992-05-27,-8.8333,-19.0000,-3.0000,4.1772,24.0000
1992-05-28,-1.3750,-9.0000,7.0000,4.7072,24.0000
1992-05-29,-11.2917,-26.0000,2.0000,8.5642,24.0000
1992-05-30,-15.2917,-23.0000,-6.0000,4.8497,24.0000
1992-05-31,-6.5833,-17.0000,1.0000,5.7929,24.0000
1992-06-01,-5.8750,-13.0000,1.0000,3.4805,24.0000
1992-06-02,-4.9167,-12.0000,4.0000,4.8447,24.0000
1992-06-03,8.0833,1.0000,21.0000,5.3805,24.0000
1992-06-04,4.2083,-4.0000,12.0000,4.4427,24.0000
1992-06-05,13.5000,5.0000,25.0000,4.7549,24.0000
1992-06-06,11.0000,6.0000,16.0000,3.0503,24.0000
1992-06-07,4.5833,-52.0000,26.0000,18.6359,24.0000
1992-06-08,-68.7500,-81.0000,-55.0000,7.7474,24.0000
1992-06-09,-38.9167,-60.0000,-23.0000,13.3739,24.0000
1992-06-10,-11.0000,-24.0000,8.0000,8.3301,24.0000
1992-06-11,-24.9583,-60.0000,-4.0000,14.4025,24.0000
1992-06-12,-24.7083,-45.0000,7.0000,12.9228,24.0000
1992-06-13,-24.5000,-34.0000,-16.0000,5.7635,24.0000
1992-06-14,-7.0417,-24.0000,13.0000,10.3901,24.0000
1992-06-15,-7.4583,-17.0000,5.0000,7.1686,24.0000
1992-06-16,-8.8333,-22.0000,5.0000,8.0199,24.0000
1992-06-17,6.7083,-1.0000,15.0000,4.0698,24.0000
1992-06-18,-5.5417,-76.0000,29.0000,30.1705,24.0000
1992-06-19,-24.6250,-66.0000,-1.0000,17.1257,24.0000
1992-06-20,-11.9167,-18.0000,-6.0000,3.2958,24.0000
1992-06-21,-7.0417,-30.0000,4.0000,9.5621,24.0000
1992-06-22,2.3750,-24.0000,17.0000,12.1934,24.0000
1992-06-23,-10.1250,-31.0000,5.0000,12.2805,24.0000
1992-06-24,-10.9167,-27.0000,13.0000,9.3572,24.0000
1992-06-25,-11.7500,-28.0000,1.0000,8.9212,24.0000
1992-06-26,-3.1667,-13.0000,4.0000,4.8154,24.0000
1992-06-27,0.2917,-7.0000,11.0000,4.1017,24.0000
1992-06-28,-5.6667,-21.0000,10.0000,9.7876,24.0000
1992-06-29,-36.1250,-83.0000,-1.0000,21.4422,24.0000
1992-06-30,-51.2083,-89.0000,-25.0000,23.9510,24.0000
1992-07-01,-19.6250,-44.0000,-3.0000,10.2228,24.0000
1992-07-02,-21.5833,-32.0000,-11.0000,4.8087,24.0000
1992-07-03,-9.7917,-21.0000,0.0000,4.7272,24.0000
1992-07-04,-0.2917,-8.0000,5.0000,3.1135,24.0000
1992-07-05,3.2083,-8.0000,16.0000,6.0071,24.0000
1992-07-06,2.8333,-5.0000,7.0000,2.8691,24.0000
1992-07-07,6.1250,-2.0000,13.0000,4.0034,24.0000
1992-07-08,16.0000,9.0000,26.0000,4.5109,24.0000
1992-07-09,14.6667,5.0000,20.0000,4.4200,24.0000
1992-07-10,7.5833,2.0000,14.0000,3.9000,24.0000
1992-07-11,14.4583,6.0000,30.0000,7.2110,24.0000
1992-07-12,1.7917,-14.0000,27.0000,12.5663,24.0000
1992-07-13,-16.8750,-37.0000,1.0000,9.4377,24.0000
1992-07-14,-16.4167,-28.0000,-11.0000,3.5005,24.0000
1992-07-15,-7.7917,-17.0000,-1.0000,3.9780,24.0000
1992-07-16,-20.8333,-42.0000,7.0000,18.5535,24.0000
1992-07-17,-10.9167,-28.0000,0.0000,5.6099,24.0000
1992-07-18,3.4167,-7.0000,11.0000,5.9191,24.0000
1992-07-19,6.3750,-5.0000,13.0000,4.8077,24.0000
1992-07-20,10.2917,-14.0000,27.0000,13.0333,24.0000
1992-07-21,4.0417,-33.0000,32.0000,23.6211,24.0000
1992-07-22,-37.2083,-69.0000,-10.0000,15.8553,24.0000
1992-07-23,-31.2500,-43.0000,-21.0000,6.1732,24.0000
1992-07-24,-13.5417,-21.0000,-4.0000,4.8632,24.0000
1992-07-25,-4.2917,-18.0000,8.0000,7.0679,24.0000
1992-07-26,-3.7500,-16.0000,13.0000,7.8144,24.0000
1992-07-27,10.8750,5.0000,16.0000,2.9387,24.0000
1992-07-28,-17.3750,-31.0000,13.0000,12.8022,24.0000
1992-07-29,-7.5000,-14.0000,1.0000,4.6904,24.0000
1992-07-30,6.8750,-8.0000,26.0000,10.3433,24.0000
1992-07-31,6.5000,-10.0000,26.0000,9.9913,24.0000
1992-08-01,0.7917,-15.0000,7.0000,5.5793,24.0000
1992-08-02,2.7500,-12.0000,11.0000,5.9363,24.0000
1992-08-03,6.1667,-6.0000,15.0000,5.8060,24.0000
1992-08-04,26.1250,8.0000,51.0000,9.4699,24.0000
1992-08-05,-42.2500,-78.0000,25.0000,26.0338,24.0000
1992-08-06,-18.5833,-41.0000,9.0000,11.3747,24.0000
1992-08-07,-33.8750,-47.0000,-15.0000,9.0617,24.0000
1992-08-08,-36.7500,-55.0000,-14.0000,11.3070,24.0000
1992-08-09,-20.4167,-29.0000,-13.0000,3.5743,24.0000
1992-08-10,-14.2083,-25.0000,-9.0000,4.0538,24.0000
1992-08-11,-18.1667,-26.0000,-9.0000,4.9490,24.0000
1992-08-12,-17.0000,-28.0000,-8.0000,6.5938,24.0000
1992-08-13,-9.2500,-25.0000,13.0000,11.1560,24.0000
1992-08-14,-11.1667,-27.0000,4.0000,9.5856,24.0000
1992-08-15,-6.7917,-18.0000,1.0000,4.5490,24.0000
1992-08-16,-3.2083,-15.0000,6.0000,4.9868,24.0000
1992-08-17,3.2917,-6.0000,13.0000,6.1607,24.0000
1992-08-18,14.7500,7.0000,20.0000,3.2337,24.0000
1992-08-19,11.1667,2.0000,27.0000,6.3770,24.0000
1992-08-20,-11.5833,-36.0000,26.0000,18.1753,24.0000
1992-08-21,-5.8750,-18.0000,8.0000,7.3680,24.0000
1992-08-22,-12.5417,-31.0000,6.0000,10.5294,24.0000
1992-08-23,-65.4167,-111.0000,-32.0000,20.4449,24.0000
1992-08-24,-33.9167,-57.0000,-19.0000,12.9612,24.0000
1992-08-25,-16.0833,-23.0000,2.0000,5.3480,24.0000
1992-08-26,-17.5417,-40.0000,3.0000,10.2659,24.0000
1992-08-27,-16.3750,-30.0000,-6.0000,6.1842,24.0000
1992-08-28,-7.9583,-14.0000,-3.0000,3.3684,24.0000
1992-08-29,-18.3333,-34.0000,-3.0000,9.5219,24.0000
1992-08-30,-4.1250,-16.0000,4.0000,4.9635,24.0000
1992-08-31,5.2083,-3.0000,13.0000,4.4231,24.0000
1992-09-01,1.0417,-13.0000,14.0000,7.9042,24.0000
1992-09-02,14.8750,-15.0000,50.0000,18.7763,24.0000
1992-09-03,-45.8333,-77.0000,-8.0000,21.0128,24.0000
1992-09-04,-43.6250,-59.0000,-34.0000,6.2680,24.0000
1992-09-05,-39.0417,-61.0000,-21.0000,10.9484,24.0000
1992-09-06,-29.8333,-37.0000,-24.0000,3.6076,24.0000
1992-09-07,-29.5833,-40.0000,-21.0000,5.5866,24.0000
1992-09-08,-34.2083,-44.0000,-23.0000,5.2002,24.0000
1992-09-09,-68.2917,-131.0000,-11.0000,42.8003,24.0000
1992-09-10,-107.1250,-127.0000,-81.0000,14.1738,24.0000
1992-09-11,-80.3750,-112.0000,-53.0000,14.6341,24.0000
1992-09-12,-38.9167,-53.0000,-32.0000,6.1850,24.0000
1992-09-13,-11.4583,-30.0000,1.0000,10.0216,24.0000
1992-09-14,-6.8750,-20.0000,2.0000,6.5029,24.0000
1992-09-15,-14.0833,-24.0000,-6.0000,5.1661,24.0000
1992-09-16,-14.3333,-33.0000,-5.0000,7.4523,24.0000
1992-09-17,-88.1667,-140.0000,-8.0000,35.2243,24.0000
1992-09-18,-52.4167,-77.0000,-37.0000,12.6282,24.0000
1992-09-19,-30.0833,-40.0000,-22.0000,5.1068,24.0000
1992-09-20,-15.6250,-24.0000,-9.0000,3.7972,24.0000
1992-09-21,-13.5833,-33.0000,-5.0000,7.0828,24.0000
1992-09-22,-29.7500,-63.0000,-12.0000,16.3953,24.0000
1992-09-23,-20.2917,-31.0000,-2.0000,6.8555,24.0000
1992-09-24,-3.3750,-7.0000,1.0000,2.2421,24.0000
1992-09-25,0.5000,-7.0000,8.0000,4.5492,24.0000
1992-09-26,-6.5833,-20.0000,1.0000,6.4869,24.0000
1992-09-27,1.3333,-5.0000,8.0000,2.9142,24.0000
1992-09-28,-1.1250,-59.0000,21.0000,20.2061,24.0000
1992-09-29,-72.1667,-115.0000,-27.0000,22.9568,24.0000
1992-09-30,-46.7917,-59.0000,-34.0000,6.6788,24.0000
1992-10-01,-46.9167,-60.0000,-37.0000,6.7044,24.0000
1992-10-02,-39.3750,-44.0000,-30.0000,3.4868,24.0000
1992-10-03,-32.6250,-37.0000,-29.0000,2.1632,24.0000
1992-10-04,-23.0833,-35.0000,-12.0000,6.5203,24.0000
1992-10-05,-10.2917,-18.0000,-2.0000,5.0860,24.0000
1992-10-06,-20.2917,-29.0000,-6.0000,5.1286,24.0000
1992-10-07,-14.4583,-29.0000,-3.0000,6.3655,24.0000
1992-10-08,0.3333,-9.0000,30.0000,11.7350,24.0000
1992-10-09,-12.5417,-76.0000,44.0000,45.4178,24.0000
1992-10-10,-27.9167,-35.0000,-20.0000,4.5960,24.0000
1992-10-11,-35.4167,-71.0000,-13.0000,21.3967,24.0000
1992-10-12,-54.5000,-87.0000,-37.0000,14.6881,24.0000
1992-10-13,-29.7917,-41.0000,-13.0000,7.7234,24.0000
1992-10-14,-23.6667,-34.0000,-9.0000,8.0685,24.0000
1992-10-15,-32.0417,-46.0000,-19.0000,8.1799,24.0000
1992-10-16,-29.5000,-45.0000,-18.0000,8.4904,24.0000
1992-10-17,-20.6667,-30.0000,-8.0000,6.7545,24.0000
1992-10-18,-19.4583,-25.0000,-13.0000,3.5628,24.0000
1992-10-19,-15.3750,-26.0000,-4.0000,6.1277,24.0000
1992-10-20,-13.5000,-19.0000,-4.0000,3.8561,24.0000
1992-10-21,-2.5833,-12.0000,4.0000,5.1492,24.0000
1992-10-22,-2.3333,-10.0000,4.0000,4.5076,24.0000
1992-10-23,-1.8333,-7.0000,3.0000,2.8993,24.0000
1992-10-24,2.5833,-6.0000,12.0000,5.5082,24.0000
1992-10-25,5.0833,-1.0000,10.0000,2.7013,24.0000
1992-10-26,1.9167,-38.0000,20.0000,15.1598,24.0000
1992-10-27,-36.7083,-49.0000,-24.0000,5.9012,24.0000
1992-10-28,-38.0000,-46.0000,-25.0000,5.6569,24.0000
1992-10-29,-43.0833,-59.0000,-29.0000,6.7109,24.0000
1992-10-30,-37.0833,-47.0000,-30.0000,3.8552,24.0000
1992-10-31,-27.2917,-39.0000,-21.0000,4.8944,24.0000
1992-11-01,-17.0833,-36.0000,-1.0000,9.3804,24.0000
1992-11-02,-40.9583,-70.0000,-24.0000,12.3622,24.0000
1992-11-03,-42.3333,-67.0000,-25.0000,13.7071,24.0000
1992-11-04,-43.7917,-67.0000,-30.0000,10.5170,24.0000
1992-11-05,-39.0833,-53.0000,-26.0000,6.9777,24.0000
1992-11-06,-41.3750,-52.0000,-33.0000,5.3227,24.0000
1992-11-07,-30.2083,-39.0000,-26.0000,3.2030,24.0000
1992-11-08,-12.6250,-31.0000,0.0000,7.3237,24.0000
1992-11-09,-53.5417,-97.0000,-8.0000,32.3204,24.0000
1992-11-10,-33.5417,-49.0000,-12.0000,11.2442,24.0000
1992-11-11,-23.6667,-37.0000,-17.0000,6.0265,24.0000
1992-11-12,-16.3333,-23.0000,-11.0000,3.4850,24.0000
1992-11-13,-17.9583,-26.0000,-11.0000,4.0160,24.0000
1992-11-14,-13.9583,-22.0000,-6.0000,5.3200,24.0000
1992-11-15,-20.0833,-37.0000,-9.0000,9.6365,24.0000
1992-11-16,-20.7083,-32.0000,-14.0000,5.5205,24.0000
1992-11-17,-7.9167,-19.0000,3.0000,5.8452,24.0000
1992-11-18,-7.8750,-19.0000,0.0000,5.0846,24.0000
1992-11-19,-9.7500,-15.0000,-2.0000,4.0136,24.0000
1992-11-20,-5.2500,-14.0000,7.0000,5.5658,24.0000
1992-11-21,-15.8333,-38.0000,1.0000,10.6472,24.0000
1992-11-22,-10.2083,-46.0000,22.0000,21.9386,24.0000
1992-11-23,-47.8750,-74.0000,-25.0000,15.4027,24.0000
1992-11-24,-31.1250,-42.0000,-22.0000,4.5235,24.0000
1992-11-25,-31.0833,-49.0000,-22.0000,6.8329,24.0000
1992-11-26,-26.5417,-39.0000,-12.0000,8.0756,24.0000
1992-11-27,-7.6667,-17.0000,-2.0000,4.4592,24.0000
1992-11-28,-14.5000,-25.0000,-5.0000,4.7822,24.0000
1992-11-29,-1.7917,-14.0000,5.0000,5.8233,24.0000
1992-11-30,-15.5417,-40.0000,3.0000,15.3566,24.0000
1992-12-01,-34.6667,-56.0000,-19.0000,10.4701,24.0000
1992-12-02,-13.4583,-24.0000,-1.0000,6.3244,24.0000
1992-12-03,-22.1250,-29.0000,-7.0000,6.0167,24.0000
1992-12-04,-20.1250,-28.0000,-12.0000,4.8032,24.0000
1992-12-05,-11.5417,-23.0000,4.0000,9.2641,24.0000
1992-12-06,-3.0000,-11.0000,4.0000,4.9167,24.0000
1992-12-07,11.6250,-8.0000,30.0000,10.8620,24.0000
1992-12-08,-15.4583,-33.0000,3.0000,8.3353,24.0000
1992-12-09,-12.0833,-24.0000,-2.0000,5.9776,24.0000
1992-12-10,-13.0833,-33.0000,-1.0000,7.2106,24.0000
1992-12-11,-6.5000,-12.0000,-2.0000,2.9341,24.0000
1992-12-12,-1.2500,-15.0000,6.0000,5.4951,24.0000
1992-12-13,0.0417,-7.0000,8.0000,3.4576,24.0000
1992-12-14,-5.4583,-16.0000,0.0000,3.9229,24.0000
1992-12-15,-6.0833,-20.0000,4.0000,5.5240,24.0000
1992-12-16,-7.2917,-14.0000,-2.0000,3.6532,24.0000
1992-12-17,-15.9167,-64.0000,29.0000,28.1485,24.0000
1992-12-18,-34.6250,-49.0000,-24.0000,6.5329,24.0000
1992-12-19,-14.3333,-31.0000,0.0000,9.3886,24.0000
1992-12-20,-18.0000,-32.0000,-9.0000,4.8812,24.0000
1992-12-21,-12.2917,-23.0000,-4.0000,4.8766,24.0000
1992-12-22,-14.5417,-22.0000,-4.0000,5.0302,24.0000
1992-12-23,-6.3333,-12.0000,1.0000,3.7261,24.0000
1992-12-24,-12.4583,-21.0000,-3.0000,5.1413,24.0000
1992-12-25,-7.7917,-14.0000,-1.0000,4.1282,24.0000
1992-12-26,-2.4167,-12.0000,8.0000,4.1380,24.0000
1992-12-27,19.0417,3.0000,28.0000,6.0611,24.0000
1992-12-28,-26.0417,-96.0000,19.0000,39.2600,24.0000
1992-12-29,-86.8750,-105.0000,-62.0000,14.2167,24.0000
1992-12-30,-44.2500,-62.0000,-29.0000,9.1331,24.0000
1992-12-31,-23.1667,-39.0000,-9.0000,8.1650,24.0000
1993-01-01,-0.9167,-16.0000,19.0000,7.1561,24.0000
1993-01-02,-22.4167,-39.0000,2.0000,12.9746,24.0000
1993-01-03,-31.2500,-47.0000,-18.0000,7.5829,24.0000
1993-01-04,-27.5417,-42.0000,-19.0000,6.2344,24.0000
1993-01-05,-23.9583,-36.0000,-17.0000,5.1371,24.0000
1993-01-06,-16.0417,-22.0000,-10.0000,3.1689,24.0000
1993-01-07,-14.8750,-23.0000,-2.0000,6.3541,24.0000
1993-01-08,-20.9167,-29.0000,-13.0000,5.0210,24.0000
1993-01-09,-18.3750,-25.0000,-8.0000,4.8438,24.0000
1993-01-10,-14.6667,-35.0000,-1.0000,11.1888,24.0000
1993-01-11,-22.2083,-44.0000,3.0000,16.4501,24.0000
1993-01-12,-27.2083,-44.0000,-14.0000,7.5353,24.0000
1993-01-13,-11.3333,-31.0000,7.0000,10.9333,24.0000
1993-01-14,-24.2917,-37.0000,-13.0000,5.6452,24.0000
1993-01-15,-15.6250,-43.0000,0.0000,10.8420,24.0000
1993-01-16,-7.2083,-20.0000,6.0000,6.6853,24.0000
1993-01-17,-15.3333,-24.0000,-3.0000,4.7058,24.0000
1993-01-18,-7.5417,-22.0000,1.0000,4.9693,24.0000
1993-01-19,-4.0833,-28.0000,22.0000,15.6703,24.0000
1993-01-20,-16.4583,-32.0000,-4.0000,7.0894,24.0000
1993-01-21,-16.8750,-23.0000,-9.0000,4.4165,24.0000
1993-01-22,-7.7083,-14.0000,-1.0000,4.2270,24.0000
1993-01-23,-5.3750,-16.0000,2.0000,4.5760,24.0000
1993-01-24,-6.0000,-23.0000,16.0000,12.5213,24.0000
1993-01-25,-6.7083,-42.0000,27.0000,25.9120,24.0000
1993-01-26,-35.7083,-51.0000,-26.0000,5.7971,24.0000
1993-01-27,-22.7500,-32.0000,-18.0000,3.7213,24.0000
1993-01-28,-15.4167,-19.0000,-8.0000,2.8117,24.0000
1993-01-29,-8.5000,-18.0000,-3.0000,3.9453,24.0000
1993-01-30,-5.3333,-21.0000,9.0000,7.3168,24.0000
1993-01-31,-49.6250,-85.0000,-17.0000,18.1846,24.0000
1993-02-01,-49.0833,-83.0000,-32.0000,12.3567,24.0000
1993-02-02,-34.8333,-52.0000,-22.0000,10.1367,24.0000
1993-02-03,-23.2500,-39.0000,-11.0000,9.6109,24.0000
1993-02-04,-22.6250,-36.0000,-10.0000,7.6773,24.0000
1993-02-05,-14.6667,-29.0000,-2.0000,8.8153,24.0000
1993-02-06,-1.8333,-9.0000,6.0000,3.7378,24.0000
1993-02-07,-15.0417,-63.0000,26.0000,25.3985,24.0000
1993-02-08,-43.9583,-67.0000,-27.0000,11.1452,24.0000
1993-02-09,-39.9583,-51.0000,-27.0000,8.2382,24.0000
1993-02-10,-32.1667,-43.0000,-23.0000,5.4904,24.0000
1993-02-11,-34.2500,-46.0000,-21.0000,6.7260,24.0000
1993-02-12,-22.7500,-41.0000,-11.0000,6.5425,24.0000
1993-02-13,-21.8750,-32.0000,-15.0000,4.3670,24.0000
1993-02-14,-20.0417,-28.0000,-12.0000,4.4378,24.0000
1993-02-15,-13.5000,-25.0000,-7.0000,6.0863,24.0000
1993-02-16,-6.6250,-12.0000,-2.0000,3.2546,24.0000
1993-02-17,-26.2500,-110.0000,41.0000,50.4124,24.0000
1993-02-18,-49.2083,-65.0000,-35.0000,9.3900,24.0000
1993-02-19,-29.7917,-51.0000,-19.0000,9.9038,24.0000
1993-02-20,-26.0000,-54.0000,-13.0000,11.8542,24.0000
1993-02-21,-24.0417,-36.0000,-13.0000,6.1466,24.0000
1993-02-22,-32.5000,-45.0000,-21.0000,7.4425,24.0000
1993-02-23,-24.3333,-39.0000,-15.0000,6.2183,24.0000
1993-02-24,-11.5833,-20.0000,-1.0000,4.7815,24.0000
1993-02-25,-8.2917,-14.0000,-3.0000,2.4223,24.0000
1993-02-26,-4.1250,-12.0000,1.0000,4.1000,24.0000
1993-02-27,-2.0417,-8.0000,15.0000,4.6856,24.0000
1993-02-28,-26.5000,-53.0000,5.0000,14.7442,24.0000
1993-03-01,-17.5833,-41.0000,3.0000,14.6344,24.0000
1993-03-02,-28.9167,-51.0000,-14.0000,10.6930,24.0000
1993-03-03,-44.7500,-55.0000,-32.0000,4.8566,24.0000
1993-03-04,-34.9167,-62.0000,-24.0000,11.9961,24.0000
1993-03-05,-20.7500,-27.0000,-13.0000,3.3395,24.0000
1993-03-06,-13.1250,-22.0000,-5.0000,5.1778,24.0000
1993-03-07,-35.3333,-63.0000,2.0000,17.5193,24.0000
1993-03-08,-24.1667,-43.0000,16.0000,15.7526,24.0000
1993-03-09,-73.4583,-137.0000,-39.0000,28.8760,24.0000
1993-03-10,-47.7500,-62.0000,-37.0000,7.3559,24.0000
1993-03-11,-55.2083,-120.0000,-15.0000,33.5468,24.0000
1993-03-12,-54.7083,-93.0000,-37.0000,11.9582,24.0000
1993-03-13,-37.0000,-65.0000,-23.0000,12.0614,24.0000
1993-03-14,-30.1667,-42.0000,-19.0000,4.9927,24.0000
1993-03-15,-60.8333,-90.0000,-25.0000,20.4805,24.0000
1993-03-16,-46.4167,-63.0000,-36.0000,8.3869,24.0000
1993-03-17,-35.5000,-48.0000,-25.0000,6.4673,24.0000
1993-03-18,-31.0000,-44.0000,-15.0000,8.7675,24.0000
1993-03-19,-22.1250,-31.0000,-13.0000,5.1357,24.0000
1993-03-20,-24.1250,-45.0000,-10.0000,9.3125,24.0000
1993-03-21,-20.2500,-37.0000,-2.0000,11.0385,24.0000
1993-03-22,-24.5833,-36.0000,-14.0000,5.1153,24.0000
1993-03-23,-12.9167,-26.0000,11.0000,7.8791,24.0000
1993-03-24,-52.2917,-81.0000,-18.0000,14.6004,24.0000
1993-03-25,-33.9583,-50.0000,-23.0000,6.9500,24.0000
1993-03-26,-17.9583,-28.0000,-4.0000,7.4745,24.0000
1993-03-27,-20.6250,-36.0000,0.0000,7.3828,24.0000
1993-03-28,-33.8333,-55.0000,-22.0000,9.1446,24.0000
1993-03-29,-30.6667,-64.0000,1.0000,20.4656,24.0000
1993-03-30,-31.0833,-53.0000,-12.0000,12.0935,24.0000
1993-03-31,-22.0833,-39.0000,-14.0000,6.5734,24.0000
1993-04-01,-14.2500,-22.0000,-8.0000,3.8022,24.0000
1993-04-02,-10.8333,-19.0000,-2.0000,4.2699,24.0000
1993-04-03,0.5000,-4.0000,9.0000,3.0645,24.0000
1993-04-04,-28.5833,-108.0000,17.0000,49.3901,24.0000
1993-04-05,-113.9583,-165.0000,-55.0000,34.1817,24.0000
1993-04-06,-44.4583,-71.0000,-20.0000,12.5282,24.0000
1993-04-07,-36.5833,-48.0000,-30.0000,6.1143,24.0000
1993-04-08,-36.5833,-61.0000,-17.0000,12.5730,24.0000
1993-04-09,-31.9583,-58.0000,-13.0000,13.2975,24.0000
1993-04-10,-41.2500,-60.0000,-24.0000,10.4559,24.0000
1993-04-11,-14.2083,-30.0000,1.0000,9.2265,24.0000
1993-04-12,-17.7917,-58.0000,8.0000,17.8496,24.0000
1993-04-13,-30.8333,-54.0000,8.0000,20.6685,24.0000
1993-04-14,-34.5417,-49.0000,-25.0000,7.6271,24.0000
1993-04-15,-40.2500,-58.0000,-20.0000,9.9400,24.0000
1993-04-16,-29.5000,-45.0000,-19.0000,7.4484,24.0000
1993-04-17,-11.3333,-24.0000,4.0000,7.4697,24.0000
1993-04-18,-18.5833,-33.0000,-7.0000,7.6778,24.0000
1993-04-19,-12.1250,-25.0000,1.0000,6.6680,24.0000
1993-04-20,-19.4167,-40.0000,-6.0000,9.3060,24.0000
1993-04-21,-28.4583,-36.0000,-14.0000,6.9343,24.0000
1993-04-22,-9.0417,-34.0000,13.0000,11.3002,24.0000
1993-04-23,-7.6250,-17.0000,4.0000,6.1348,24.0000
1993-04-24,-0.2083,-20.0000,15.0000,10.0260,24.0000
1993-04-25,1.0417,-14.0000,10.0000,7.2800,24.0000
1993-04-26,5.9167,0.0000,17.0000,4.1485,24.0000
1993-04-27,-1.3750,-6.0000,5.0000,2.7790,24.0000
1993-04-28,8.5833,0.0000,17.0000,4.8626,24.0000
1993-04-29,14.0833,-7.0000,26.0000,10.3584,24.0000
1993-04-30,0.5417,-28.0000,16.0000,11.2944,24.0000
1993-05-01,-14.9167,-29.0000,3.0000,8.1610,24.0000
1993-05-02,-0.6667,-14.0000,11.0000,9.2250,24.0000
1993-05-03,-4.2083,-16.0000,11.0000,8.8562,24.0000
1993-05-04,1.8333,-3.0000,7.0000,2.7923,24.0000
1993-05-05,-0.7500,-10.0000,9.0000,6.3946,24.0000
1993-05-06,-1.5417,-29.0000,17.0000,12.6868,24.0000
1993-05-07,-8.2083,-18.0000,10.0000,8.0324,24.0000
1993-05-08,-41.0417,-68.0000,-24.0000,10.0714,24.0000
1993-05-09,-41.3750,-56.0000,-23.0000,8.0962,24.0000
1993-05-10,-58.5417,-91.0000,-28.0000,23.0085,24.0000
1993-05-11,-32.0417,-43.0000,-25.0000,4.7866,24.0000
1993-05-12,-34.5417,-55.0000,-21.0000,8.4338,24.0000
1993-05-13,-26.8333,-39.0000,-11.0000,8.7659,24.0000
1993-05-14,-11.7917,-22.0000,2.0000,6.3996,24.0000
1993-05-15,-7.8333,-24.0000,-2.0000,5.0791,24.0000
1993-05-16,-14.2083,-21.0000,-8.0000,3.3490,24.0000
1993-05-17,-14.0833,-20.0000,-8.0000,4.1902,24.0000
1993-05-18,-5.4583,-13.0000,4.0000,5.0560,24.0000
1993-05-19,-12.3750,-25.0000,2.0000,6.8703,24.0000
1993-05-20,-10.8750,-18.0000,-1.0000,5.0846,24.0000
1993-05-21,-2.4167,-7.0000,2.0000,2.3015,24.0000
1993-05-22,7.4167,-1.0000,16.0000,4.7174,24.0000
1993-05-23,1.3333,-4.0000,6.0000,2.9879,24.0000
1993-05-24,4.3750,1.0000,11.0000,2.5676,24.0000
1993-05-25,12.0000,7.0000,20.0000,3.5263,24.0000
1993-05-26,13.8333,6.0000,35.0000,5.7383,24.0000
1993-05-27,-3.7500,-35.0000,50.0000,25.0985,24.0000
1993-05-28,-13.4167,-26.0000,0.0000,6.8710,24.0000
1993-05-29,-13.0417,-25.0000,-4.0000,6.8682,24.0000
1993-05-30,-5.4583,-14.0000,7.0000,5.3729,24.0000
1993-05-31,3.5833,-4.0000,11.0000,4.7358,24.0000
1993-06-01,3.2083,-1.0000,12.0000,3.5013,24.0000
1993-06-02,6.6250,0.0000,26.0000,7.0143,24.0000
1993-06-03,0.5417,-16.0000,24.0000,11.3711,24.0000
1993-06-04,-43.8333,-62.0000,6.0000,18.4925,24.0000
1993-06-05,-43.1250,-60.0000,-30.0000,7.2730,24.0000
1993-06-06,-29.8750,-38.0000,-22.0000,4.7851,24.0000
1993-06-07,-24.3750,-32.0000,-18.0000,3.9542,24.0000
1993-06-08,-19.5417,-30.0000,-11.0000,5.2666,24.0000
1993-06-09,-19.9167,-27.0000,-13.0000,3.7869,24.0000
1993-06-10,-8.5000,-35.0000,21.0000,13.4488,24.0000
1993-06-11,-28.5417,-50.0000,-13.0000,12.3499,24.0000
1993-06-12,-15.5000,-24.0000,-8.0000,3.9453,24.0000
1993-06-13,-16.2500,-21.0000,-9.0000,3.1519,24.0000
1993-06-14,-11.7917,-17.0000,-8.0000,2.2838,24.0000
1993-06-15,-6.5417,-15.0000,3.0000,4.6623,24.0000
1993-06-16,1.3750,-4.0000,5.0000,2.5676,24.0000
1993-06-17,-0.1250,-11.0000,6.0000,6.0743,24.0000
1993-06-18,3.6250,-8.0000,12.0000,5.9623,24.0000
1993-06-19,-3.5833,-16.0000,5.0000,6.1214,24.0000
1993-06-20,-1.7500,-7.0000,6.0000,3.8022,24.0000
1993-06-21,8.0000,0.0000,15.0000,4.3439,24.0000
1993-06-22,4.5833,-1.0000,10.0000,3.0633,24.0000
1993-06-23,20.6667,0.0000,49.0000,13.8930,24.0000
1993-06-24,-6.6667,-18.0000,19.0000,9.6983,24.0000
1993-06-25,-14.8750,-19.0000,-10.0000,2.4013,24.0000
1993-06-26,-6.9583,-18.0000,-1.0000,5.0258,24.0000
1993-06-27,-3.5000,-9.0000,3.0000,3.0787,24.0000
1993-06-28,5.7917,0.0000,13.0000,3.7181,24.0000
1993-06-29,10.5000,-9.0000,25.0000,8.8022,24.0000
1993-06-30,-4.8333,-20.0000,15.0000,11.1615,24.0000
1993-07-01,-15.2083,-28.0000,3.0000,8.7971,24.0000
1993-07-02,-20.5833,-55.0000,-5.0000,13.1113,24.0000
1993-07-03,-21.2500,-62.0000,3.0000,21.7421,24.0000
1993-07-04,-16.8333,-23.0000,-9.0000,3.6076,24.0000
1993-07-05,-9.2917,-19.0000,-3.0000,4.1753,24.0000
1993-07-06,0.8750,-8.0000,10.0000,5.0675,24.0000
1993-07-07,0.0000,-10.0000,9.0000,5.0734,24.0000
1993-07-08,9.7500,-1.0000,26.0000,7.5369,24.0000
1993-07-09,-4.1667,-23.0000,14.0000,10.4660,24.0000
1993-07-10,-3.1667,-17.0000,12.0000,8.0416,24.0000
1993-07-11,-17.0000,-25.0000,-4.0000,5.0819,24.0000
1993-07-12,-14.2917,-21.0000,-10.0000,3.1551,24.0000
1993-07-13,-14.4583,-20.0000,-8.0000,3.0214,24.0000
1993-07-14,-5.9167,-15.0000,0.0000,3.2426,24.0000
1993-07-15,0.6667,-5.0000,7.0000,2.9439,24.0000
1993-07-16,3.8333,-3.0000,13.0000,4.8960,24.0000
1993-07-17,9.1667,-2.0000,14.0000,5.1217,24.0000
1993-07-18,13.6667,4.0000,17.0000,2.9142,24.0000
1993-07-19,9.3333,0.0000,17.0000,4.8782,24.0000
1993-07-20,0.8750,-23.0000,24.0000,16.0334,24.0000
1993-07-21,-16.2083,-25.0000,-9.0000,4.7087,24.0000
1993-07-22,-9.2500,-15.0000,-4.0000,2.6251,24.0000
1993-07-23,-2.0417,-8.0000,6.0000,3.9395,24.0000
1993-07-24,-0.4167,-8.0000,7.0000,4.0100,24.0000
1993-07-25,-1.5417,-6.0000,8.0000,3.2966,24.0000
1993-07-26,8.2083,-7.0000,23.0000,9.8289,24.0000
1993-07-27,16.5000,2.0000,32.0000,8.1880,24.0000
1993-07-28,7.0000,-4.0000,15.0000,5.4852,24.0000
1993-07-29,-1.6667,-20.0000,9.0000,8.8841,24.0000
1993-07-30,-8.0000,-19.0000,2.0000,5.3324,24.0000
1993-07-31,1.1250,-6.0000,9.0000,4.9722,24.0000
1993-08-01,12.5000,0.0000,20.0000,5.4214,24.0000
1993-08-02,9.1250,-5.0000,16.0000,5.5350,24.0000
1993-08-03,6.2917,-2.0000,15.0000,4.4671,24.0000
1993-08-04,-9.7083,-66.0000,15.0000,23.4789,24.0000
1993-08-05,-35.2083,-69.0000,-15.0000,14.0928,24.0000
1993-08-06,-20.5417,-34.0000,-10.0000,6.6788,24.0000
1993-08-07,-25.4583,-36.0000,-16.0000,4.8988,24.0000
1993-08-08,-15.4167,-25.0000,-4.0000,5.5632,24.0000
1993-08-09,-11.7917,-20.0000,-2.0000,4.7547,24.0000
1993-08-10,-6.6667,-12.0000,2.0000,3.8297,24.0000
1993-08-11,-4.9583,-10.0000,1.0000,3.3555,24.0000
1993-08-12,-4.3750,-14.0000,5.0000,5.1229,24.0000
1993-08-13,-3.0000,-16.0000,10.0000,5.7332,24.0000
1993-08-14,9.0417,1.0000,19.0000,4.9737,24.0000
1993-08-15,9.6667,-31.0000,21.0000,12.6445,24.0000
1993-08-16,-47.5000,-69.0000,-29.0000,11.0729,24.0000
1993-08-17,-47.3750,-74.0000,-17.0000,19.3229,24.0000
1993-08-18,-30.4167,-42.0000,-14.0000,7.7399,24.0000
1993-08-19,-23.9583,-29.0000,-17.0000,2.6454,24.0000
1993-08-20,-14.8750,-24.0000,-6.0000,4.8840,24.0000
1993-08-21,-12.2500,-19.0000,-7.0000,3.2870,24.0000
1993-08-22,-7.0833,-13.0000,-2.0000,3.1885,24.0000
1993-08-23,-2.3750,-9.0000,8.0000,4.2612,24.0000
1993-08-24,4.2500,-2.0000,11.0000,3.4167,24.0000
1993-08-25,1.2500,-1.0000,4.0000,1.3910,24.0000
1993-08-26,2.5417,-7.0000,11.0000,5.0903,24.0000
1993-08-27,-25.6667,-79.0000,3.0000,29.3282,24.0000
1993-08-28,-29.5417,-41.0000,-19.0000,6.1713,24.0000
1993-08-29,-21.6250,-36.0000,-10.0000,8.1016,24.0000
1993-08-30,-10.9167,-17.0000,-5.0000,3.0348,24.0000
1993-08-31,-1.2500,-11.0000,8.0000,5.4951,24.0000
1993-09-01,1.8333,-3.0000,12.0000,3.7027,24.0000
1993-09-02,7.5833,-1.0000,15.0000,5.0296,24.0000
1993-09-03,-22.2083,-51.0000,2.0000,15.7783,24.0000
1993-09-04,-34.2083,-54.0000,-19.0000,10.0260,24.0000
1993-09-05,-20.7083,-33.0000,-9.0000,5.7217,24.0000
1993-09-06,-16.2083,-28.0000,-9.0000,5.8233,24.0000
1993-09-07,-15.4167,-27.0000,-2.0000,5.7250,24.0000
1993-09-08,-12.1667,-21.0000,-5.0000,4.3904,24.0000
1993-09-09,-7.0417,-11.0000,-1.0000,3.0285,24.0000
1993-09-10,-4.5833,-8.0000,0.0000,2.2634,24.0000
1993-09-11,-4.0833,-11.0000,2.0000,3.3221,24.0000
1993-09-12,-8.9167,-72.0000,11.0000,24.4930,24.0000
1993-09-13,-102.1667,-161.0000,-61.0000,28.9823,24.0000
1993-09-14,-58.7500,-72.0000,-47.0000,5.7199,24.0000
1993-09-15,-40.6667,-48.0000,-31.0000,4.8693,24.0000
1993-09-16,-28.2917,-38.0000,-23.0000,3.8276,24.0000
1993-09-17,-18.7083,-24.0000,-12.0000,3.0995,24.0000
1993-09-18,-14.8750,-25.0000,-11.0000,3.0118,24.0000
1993-09-19,-13.5417,-24.0000,-8.0000,4.4816,24.0000
1993-09-20,-28.4167,-61.0000,0.0000,22.6561,24.0000
1993-09-21,-29.8333,-54.0000,-16.0000,9.7475,24.0000
1993-09-22,-20.8750,-32.0000,-10.0000,7.6744,24.0000
1993-09-23,2.9167,-34.0000,41.0000,21.0629,24.0000
1993-09-24,-15.4583,-29.0000,2.0000,8.3457,24.0000
1993-09-25,-13.3333,-22.0000,-6.0000,5.1471,24.0000
1993-09-26,-8.7500,-22.0000,-1.0000,5.7653,24.0000
1993-09-27,-4.5833,-9.0000,2.0000,3.1885,24.0000
1993-09-28,-3.3750,-26.0000,8.0000,9.3660,24.0000
1993-09-29,-21.5833,-47.0000,-2.0000,12.4688,24.0000
1993-09-30,-24.3333,-40.0000,-8.0000,10.2264,24.0000
1993-10-01,-27.5000,-41.0000,-18.0000,6.8079,24.0000
1993-10-02,-15.7083,-23.0000,-9.0000,3.9285,24.0000
1993-10-03,-13.4167,-20.0000,-2.0000,4.2418,24.0000
1993-10-04,1.1250,-6.0000,10.0000,4.1631,24.0000
1993-10-05,-0.8333,-24.0000,13.0000,11.6457,24.0000
1993-10-06,-20.3333,-37.0000,-7.0000,9.2439,24.0000
1993-10-07,-4.1667,-14.0000,2.0000,5.0619,24.0000
1993-10-08,-20.4583,-41.0000,-2.0000,11.9199,24.0000
1993-10-09,-52.0833,-91.0000,-3.0000,23.9454,24.0000
1993-10-10,-39.7083,-56.0000,-29.0000,9.0864,24.0000
1993-10-11,-34.1250,-47.0000,-21.0000,6.8418,24.0000
1993-10-12,-27.5000,-46.0000,-12.0000,11.0257,24.0000
1993-10-13,-26.0000,-37.0000,-17.0000,5.9564,24.0000
1993-10-14,-24.7083,-42.0000,-18.0000,6.6298,24.0000
1993-10-15,-18.5833,-25.0000,-13.0000,4.3531,24.0000
1993-10-16,-11.4167,-16.0000,-4.0000,3.5864,24.0000
1993-10-17,-11.1250,-24.0000,1.0000,7.6061,24.0000
1993-10-18,-22.5000,-33.0000,-15.0000,5.0043,24.0000
1993-10-19,-17.7500,-27.0000,-13.0000,3.7096,24.0000
1993-10-20,-10.0417,-22.0000,2.0000,6.6298,24.0000
1993-10-21,-11.5833,-25.0000,0.0000,8.8657,24.0000
1993-10-22,-2.5417,-15.0000,7.0000,5.6720,24.0000
1993-10-23,-12.2500,-30.0000,0.0000,7.6457,24.0000
1993-10-24,-17.3750,-33.0000,-2.0000,8.3812,24.0000
1993-10-25,-22.2500,-81.0000,12.0000,29.5918,24.0000
1993-10-26,-35.3750,-50.0000,-22.0000,6.4593,24.0000
1993-10-27,-54.5833,-82.0000,-32.0000,13.8530,24.0000
1993-10-28,-34.7083,-48.0000,-22.0000,5.7064,24.0000
1993-10-29,-33.0000,-43.0000,-25.0000,5.4931,24.0000
1993-10-30,-19.8750,-27.0000,-13.0000,4.2561,24.0000
1993-10-31,-21.0000,-30.0000,-7.0000,8.0325,24.0000
1993-11-01,-13.5000,-22.0000,-4.0000,4.9957,24.0000
1993-11-02,-13.3333,-20.0000,-9.0000,2.8387,24.0000
1993-11-03,2.5417,-28.0000,22.0000,13.2205,24.0000
1993-11-04,-90.2917,-119.0000,-59.0000,16.2975,24.0000
1993-11-05,-54.6250,-71.0000,-42.0000,5.9037,24.0000
1993-11-06,-48.3333,-62.0000,-40.0000,6.0553,24.0000
1993-11-07,-41.0833,-50.0000,-33.0000,4.2520,24.0000
1993-11-08,-37.8333,-49.0000,-29.0000,5.5691,24.0000
1993-11-09,-27.2500,-45.0000,-18.0000,7.1824,24.0000
1993-11-10,-31.1250,-39.0000,-25.0000,3.8029,24.0000
1993-11-11,-22.7083,-32.0000,-8.0000,6.3210,24.0000
1993-11-12,-14.3333,-21.0000,-7.0000,4.7335,24.0000
1993-11-13,-15.4583,-26.0000,-4.0000,7.6782,24.0000
1993-11-14,-22.5833,-33.0000,-9.0000,6.0857,24.0000
1993-11-15,-20.9583,-38.0000,-4.0000,9.5575,24.0000
1993-11-16,-28.8333,-37.0000,-17.0000,4.2699,24.0000
1993-11-17,-13.4583,-23.0000,0.0000,5.0988,24.0000
1993-11-18,-26.5833,-83.0000,16.0000,34.1517,24.0000
1993-11-19,-46.3333,-70.0000,-31.0000,11.5370,24.0000
1993-11-20,-28.7083,-44.0000,-16.0000,8.7252,24.0000
1993-11-21,-14.8750,-20.0000,-6.0000,4.2561,24.0000
1993-11-22,-11.1250,-18.0000,-4.0000,3.6393,24.0000
1993-11-23,-4.7500,-11.0000,1.0000,3.3395,24.0000
1993-11-24,0.0000,-4.0000,4.0000,2.3774,24.0000
1993-11-25,7.2500,-4.0000,21.0000,6.4623,24.0000
1993-11-26,-5.5417,-16.0000,2.0000,4.4816,24.0000
1993-11-27,-9.8333,-16.0000,-1.0000,3.8183,24.0000
1993-11-28,-2.0833,-10.0000,5.0000,3.7754,24.0000
1993-11-29,-9.0000,-15.0000,2.0000,3.7993,24.0000
1993-11-30,-2.0417,-11.0000,3.0000,3.4196,24.0000
1993-12-01,-17.4167,-60.0000,20.0000,27.6341,24.0000
1993-12-02,-52.6250,-113.0000,-35.0000,21.1574,24.0000
1993-12-03,-76.2917,-117.0000,-46.0000,20.7982,24.0000
1993-12-04,-36.0000,-56.0000,-24.0000,7.7122,24.0000
1993-12-05,-31.0417,-37.0000,-25.0000,3.3032,24.0000
1993-12-06,-22.7083,-33.0000,-17.0000,4.7133,24.0000
1993-12-07,-31.7917,-57.0000,-12.0000,13.2894,24.0000
1993-12-08,-76.0833,-95.0000,-54.0000,11.6541,24.0000
1993-12-09,-40.0000,-62.0000,-27.0000,10.4215,24.0000
1993-12-10,-26.1250,-37.0000,-16.0000,6.1100,24.0000
1993-12-11,-25.1667,-30.0000,-20.0000,3.4347,24.0000
1993-12-12,-23.0000,-29.0000,-16.0000,3.0928,24.0000
1993-12-13,-16.8750,-21.0000,-12.0000,2.6916,24.0000
1993-12-14,-9.0833,-17.0000,-3.0000,3.2826,24.0000
1993-12-15,-6.8333,-16.0000,3.0000,4.8424,24.0000
1993-12-16,-11.2500,-44.0000,12.0000,16.4376,24.0000
1993-12-17,-21.3333,-35.0000,-14.0000,5.6466,24.0000
1993-12-18,-19.0000,-32.0000,-13.0000,4.8275,24.0000
1993-12-19,-15.6250,-30.0000,-8.0000,5.3227,24.0000
1993-12-20,-9.2500,-28.0000,0.0000,7.8864,24.0000
1993-12-21,-14.9167,-29.0000,-4.0000,6.5536,24.0000
1993-12-22,-13.7500,-25.0000,-7.0000,4.4746,24.0000
1993-12-23,-9.8333,-16.0000,2.0000,4.8604,24.0000
1993-12-24,-10.7500,-22.0000,2.0000,6.9611,24.0000
1993-12-25,-11.7917,-19.0000,-5.0000,4.0752,24.0000
1993-12-26,-9.5833,-18.0000,2.0000,5.5003,24.0000
1993-12-27,-12.0833,-20.0000,-4.0000,4.0316,24.0000
1993-12-28,-10.2917,-16.0000,-3.0000,2.8050,24.0000
1993-12-29,-2.7500,-5.0000,0.0000,1.5108,24.0000
1993-12-30,-4.7917,-9.0000,0.0000,2.2454,24.0000
1993-12-31,-26.6667,-63.0000,11.0000,21.2432,24.0000
1994-01-01,-31.1250,-45.0000,-14.0000,9.7102,24.0000
1994-01-02,-28.4583,-40.0000,-21.0000,5.9489,24.0000
1994-01-03,-18.4583,-26.0000,-8.0000,4.9253,24.0000
1994-01-04,-14.8750,-22.0000,-9.0000,3.4555,24.0000
1994-01-05,-2.8333,-12.0000,12.0000,5.9976,24.0000
1994-01-06,-14.2917,-25.0000,-5.0000,6.9187,24.0000
1994-01-07,-2.7917,-8.0000,2.0000,3.2834,24.0000
1994-01-08,-1.2917,-10.0000,4.0000,4.4181,24.0000
1994-01-09,8.3333,3.0000,13.0000,2.3529,24.0000
1994-01-10,13.7083,11.0000,18.0000,2.0951,24.0000
1994-01-11,2.6250,-36.0000,25.0000,20.4063,24.0000
1994-01-12,-27.5417,-42.0000,-18.0000,7.2710,24.0000
1994-01-13,-18.5000,-27.0000,-7.0000,5.7256,24.0000
1994-01-14,-20.7083,-26.0000,-13.0000,2.9997,24.0000
1994-01-15,-24.9167,-32.0000,-9.0000,6.5933,24.0000
1994-01-16,-22.7083,-29.0000,-18.0000,3.0571,24.0000
1994-01-17,-28.5000,-40.0000,-20.0000,6.4606,24.0000
1994-01-18,-23.6667,-40.0000,-13.0000,8.5449,24.0000
1994-01-19,-28.9583,-40.0000,-21.0000,4.8228,24.0000
1994-01-20,-18.5833,-30.0000,-9.0000,5.6562,24.0000
1994-01-21,-16.5833,-28.0000,-8.0000,6.2757,24.0000
1994-01-22,-13.0000,-29.0000,4.0000,10.8987,24.0000
1994-01-23,-3.9583,-12.0000,9.0000,6.2588,24.0000
1994-01-24,-1.6250,-11.0000,2.0000,2.8864,24.0000
1994-01-25,-5.5417,-11.0000,2.0000,3.3490,24.0000
1994-01-26,-9.7083,-24.0000,13.0000,10.8045,24.0000
1994-01-27,-16.0833,-30.0000,0.0000,7.5349,24.0000
1994-01-28,-19.2083,-27.0000,-8.0000,6.8966,24.0000
1994-01-29,-11.3750,-18.0000,-3.0000,4.5950,24.0000
1994-01-30,-13.9583,-20.0000,-5.0000,4.8587,24.0000
1994-01-31,-11.1250,-19.0000,-2.0000,4.8572,24.0000
1994-02-01,-6.3333,-14.0000,-1.0000,3.2258,24.0000
1994-02-02,-17.5000,-35.0000,2.0000,12.9144,24.0000
1994-02-03,-12.3750,-21.0000,-7.0000,3.5116,24.0000
1994-02-04,-12.0833,-27.0000,-5.0000,5.7553,24.0000
1994-02-05,-37.4167,-81.0000,-7.0000,25.2809,24.0000
1994-02-06,-77.5417,-126.0000,-42.0000,27.9689,24.0000
1994-02-07,-73.2500,-92.0000,-45.0000,11.0069,24.0000
1994-02-08,-66.1667,-85.0000,-47.0000,9.0682,24.0000
1994-02-09,-52.6250,-68.0000,-38.0000,9.2399,24.0000
1994-02-10,-52.5833,-75.0000,-37.0000,10.4337,24.0000
1994-02-11,-52.8750,-74.0000,-36.0000,9.5522,24.0000
1994-02-12,-48.0417,-62.0000,-40.0000,6.6886,24.0000
1994-02-13,-48.5000,-80.0000,-28.0000,13.3579,24.0000
1994-02-14,-46.0000,-63.0000,-29.0000,10.6852,24.0000
1994-02-15,-39.7917,-55.0000,-24.0000,7.9563,24.0000
1994-02-16,-38.1667,-51.0000,-29.0000,6.4852,24.0000
1994-02-17,-23.4583,-29.0000,-15.0000,3.2966,24.0000
1994-02-18,-17.2917,-22.0000,-10.0000,3.6053,24.0000
1994-02-19,-23.1250,-31.0000,-14.0000,4.4752,24.0000
1994-02-20,-29.9583,-44.0000,-20.0000,7.0679,24.0000
1994-02-21,-49.4583,-135.0000,21.0000,48.6201,24.0000
1994-02-22,-93.8333,-144.0000,-55.0000,27.9155,24.0000
1994-02-23,-49.8750,-63.0000,-42.0000,6.1028,24.0000
1994-02-24,-36.3750,-46.0000,-27.0000,6.0276,24.0000
1994-02-25,-36.2917,-50.0000,-28.0000,5.6682,24.0000
1994-02-26,-28.9167,-35.0000,-23.0000,3.9333,24.0000
1994-02-27,-21.1667,-25.0000,-16.0000,2.1196,24.0000
1994-02-28,-17.0000,-30.0000,-11.0000,3.5386,24.0000
1994-03-01,-19.0417,-34.0000,-4.0000,8.3274,24.0000
1994-03-02,-20.6667,-31.0000,-10.0000,5.3052,24.0000
1994-03-03,-38.0000,-70.0000,-10.0000,17.6167,24.0000
1994-03-04,-11.0833,-15.0000,-8.0000,2.1042,24.0000
1994-03-05,-8.6250,-20.0000,0.0000,5.6861,24.0000
1994-03-06,-21.0417,-35.0000,-8.0000,8.6047,24.0000
1994-03-07,-61.4583,-109.0000,-32.0000,24.3006,24.0000
1994-03-08,-68.2500,-87.0000,-50.0000,11.1871,24.0000
1994-03-09,-63.5417,-75.0000,-54.0000,5.4850,24.0000
1994-03-10,-56.8333,-67.0000,-45.0000,6.2670,24.0000
1994-03-11,-57.4583,-65.0000,-49.0000,4.0215,24.0000
1994-03-12,-47.6667,-58.0000,-38.0000,5.2558,24.0000
1994-03-13,-47.8333,-58.0000,-39.0000,6.1621,24.0000
1994-03-14,-45.2500,-54.0000,-34.0000,5.2274,24.0000
1994-03-15,-55.5417,-66.0000,-44.0000,5.8084,24.0000
1994-03-16,-41.1667,-51.0000,-32.0000,5.3865,24.0000
1994-03-17,-46.4583,-55.0000,-39.0000,4.4524,24.0000
1994-03-18,-36.8333,-49.0000,-28.0000,5.3622,24.0000
1994-03-19,-39.4583,-58.0000,-29.0000,9.1745,24.0000
1994-03-20,-25.5417,-29.0000,-6.0000,5.8901,24.0000
1994-03-21,-25.4583,-35.0000,-11.0000,7.5698,24.0000
1994-03-22,-22.0833,-29.0000,-9.0000,4.8177,24.0000
1994-03-23,-28.3333,-36.0000,-13.0000,5.6157,24.0000
1994-03-24,-24.5000,-29.0000,-19.0000,2.6210,24.0000
1994-03-25,-24.7917,-40.0000,-12.0000,7.8240,24.0000
1994-03-26,-20.4167,-34.0000,-10.0000,7.3005,24.0000
1994-03-27,-16.4167,-28.0000,-1.0000,9.2592,24.0000
1994-03-28,-22.4583,-32.0000,-10.0000,5.7330,24.0000
1994-03-29,-12.8333,-18.0000,-8.0000,2.9587,24.0000
1994-03-30,-20.3750,-43.0000,-6.0000,11.9521,24.0000
1994-03-31,-14.0417,-32.0000,-6.0000,8.1373,24.0000
1994-04-01,-12.6667,-19.0000,-2.0000,4.5461,24.0000
1994-04-02,-40.4167,-96.0000,-5.0000,31.4517,24.0000
1994-04-03,-64.3750,-103.0000,-47.0000,14.6727,24.0000
1994-04-04,-71.7500,-111.0000,-51.0000,20.4902,24.0000
1994-04-05,-52.0417,-64.0000,-45.0000,4.2883,24.0000
1994-04-06,-52.3750,-66.0000,-39.0000,7.5804,24.0000
1994-04-07,-52.9583,-71.0000,-41.0000,10.8166,24.0000
1994-04-08,-52.3333,-62.0000,-42.0000,5.1556,24.0000
1994-04-09,-52.7083,-65.0000,-39.0000,6.2449,24.0000
1994-04-10,-44.7917,-65.0000,-35.0000,9.9082,24.0000
1994-04-11,-55.1667,-76.0000,-46.0000,7.2272,24.0000
1994-04-12,-42.9167,-55.0000,-31.0000,7.4420,24.0000
1994-04-13,-39.5833,-51.0000,-25.0000,7.5580,24.0000
1994-04-14,-43.6250,-64.0000,-35.0000,8.7616,24.0000
1994-04-15,-37.0417,-50.0000,-26.0000,6.7662,24.0000
1994-04-16,-42.1250,-59.0000,-26.0000,9.7460,24.0000
1994-04-17,-104.1667,-201.0000,-38.0000,49.8970,24.0000
1994-04-18,-49.0833,-67.0000,-35.0000,11.1703,24.0000
1994-04-19,-29.8333,-45.0000,-20.0000,8.6360,24.0000
1994-04-20,-19.0000,-29.0000,-11.0000,4.9695,24.0000
1994-04-21,-14.5833,-25.0000,-10.0000,4.2826,24.0000
1994-04-22,-11.3750,-21.0000,-3.0000,4.9853,24.0000
1994-04-23,-8.1667,-20.0000,9.0000,8.5398,24.0000
1994-04-24,-12.8750,-18.0000,-5.0000,3.2613,24.0000
1994-04-25,-6.6667,-10.0000,-3.0000,2.0572,24.0000
1994-04-26,-4.9583,-10.0000,3.0000,3.0995,24.0000
1994-04-27,2.9167,-4.0000,12.0000,3.7057,24.0000
1994-04-28,0.8333,-10.0000,17.0000,7.6651,24.0000
1994-04-29,2.5000,-7.0000,14.0000,5.8010,24.0000
1994-04-30,4.9167,-6.0000,19.0000,6.5734,24.0000
1994-05-01,-22.9167,-73.0000,21.0000,33.7019,24.0000
1994-05-02,-48.5833,-70.0000,-29.0000,12.2116,24.0000
1994-05-03,-56.1250,-79.0000,-36.0000,12.0409,24.0000
1994-05-04,-37.3750,-46.0000,-30.0000,5.1652,24.0000
1994-05-05,-38.0417,-49.0000,-27.0000,5.3931,24.0000
1994-05-06,-41.9583,-57.0000,-27.0000,8.8930,24.0000
1994-05-07,-47.7083,-70.0000,-34.0000,11.5136,24.0000
1994-05-08,-39.5417,-57.0000,-33.0000,6.4132,24.0000
1994-05-09,-29.0417,-39.0000,-21.0000,5.2043,24.0000
1994-05-10,-37.5000,-47.0000,-28.0000,5.2915,24.0000
1994-05-11,-31.6667,-42.0000,-20.0000,4.9490,24.0000
1994-05-12,-28.0833,-45.0000,-12.0000,8.7820,24.0000
1994-05-13,-20.2917,-29.0000,-12.0000,4.5251,24.0000
1994-05-14,-15.0000,-38.0000,7.0000,13.2796,24.0000
1994-05-15,-25.6250,-46.0000,2.0000,13.8244,24.0000
1994-05-16,-28.0000,-35.0000,-14.0000,6.1855,24.0000
1994-05-17,-19.5000,-35.0000,-3.0000,7.6896,24.0000
1994-05-18,-19.4167,-29.0000,-10.0000,5.8527,24.0000
1994-05-19,-17.0833,-25.0000,-7.0000,4.4810,24.0000
1994-05-20,-12.7500,-17.0000,-6.0000,3.3264,24.0000
1994-05-21,-5.7083,-12.0000,-2.0000,2.1964,24.0000
1994-05-22,-5.4583,-16.0000,1.0000,4.5966,24.0000
1994-05-23,-6.1250,-12.0000,1.0000,3.8370,24.0000
1994-05-24,-19.4167,-40.0000,-3.0000,11.3785,24.0000
1994-05-25,-20.3333,-29.0000,-13.0000,5.3379,24.0000
1994-05-26,-19.6667,-35.0000,-8.0000,7.1424,24.0000
1994-05-27,-13.7500,-21.0000,-8.0000,2.8930,24.0000
1994-05-28,-20.4167,-68.0000,3.0000,23.2209,24.0000
1994-05-29,-43.7500,-57.0000,-35.0000,6.7775,24.0000
1994-05-30,-43.1250,-51.0000,-33.0000,5.3431,24.0000
1994-05-31,-33.0000,-41.0000,-27.0000,3.2969,24.0000
1994-06-01,-31.0833,-40.0000,-23.0000,5.0036,24.0000
1994-06-02,-30.7083,-38.0000,-22.0000,4.0805,24.0000
1994-06-03,-26.5833,-39.0000,-19.0000,4.7358,24.0000
1994-06-04,-27.4583,-40.0000,-19.0000,5.3241,24.0000
1994-06-05,-21.2083,-35.0000,-10.0000,7.1868,24.0000
1994-06-06,-22.0833,-31.0000,-13.0000,5.3724,24.0000
1994-06-07,-23.3333,-28.0000,-18.0000,2.8233,24.0000
1994-06-08,-20.1667,-27.0000,-15.0000,3.2925,24.0000
1994-06-09,-15.2083,-22.0000,-9.0000,3.9889,24.0000
1994-06-10,-3.5417,-21.0000,18.0000,9.9345,24.0000
1994-06-11,-15.2083,-23.0000,-11.0000,2.8587,24.0000
1994-06-12,-16.2083,-28.0000,-6.0000,6.0215,24.0000
1994-06-13,-12.0000,-26.0000,-5.0000,5.2915,24.0000
1994-06-14,-10.0833,-16.0000,-5.0000,3.2693,24.0000
1994-06-15,-12.9583,-18.0000,-9.0000,2.5277,24.0000
1994-06-16,-9.5000,-21.0000,-5.0000,4.4134,24.0000
1994-06-17,-13.0417,-21.0000,-6.0000,4.0269,24.0000
1994-06-18,-22.2917,-36.0000,-14.0000,5.6528,24.0000
1994-06-19,-15.1667,-33.0000,-5.0000,6.8122,24.0000
1994-06-20,-18.2083,-27.0000,-7.0000,6.0719,24.0000
1994-06-21,-13.7083,-18.0000,-10.0000,2.3495,24.0000
1994-06-22,-12.5000,-18.0000,-9.0000,2.3591,24.0000
1994-06-23,-8.7500,-14.0000,-5.0000,2.5065,24.0000
1994-06-24,-0.5417,-6.0000,6.0000,3.9561,24.0000
1994-06-25,9.3333,-2.0000,23.0000,5.7685,24.0000
1994-06-26,-16.6250,-34.0000,13.0000,13.0744,24.0000
1994-06-27,-23.5417,-32.0000,-12.0000,4.9868,24.0000
1994-06-28,-12.1250,-33.0000,3.0000,9.6338,24.0000
1994-06-29,-16.3750,-41.0000,0.0000,9.2774,24.0000
1994-06-30,-18.6667,-32.0000,-8.0000,5.4267,24.0000
1994-07-01,-18.7917,-29.0000,-9.0000,5.3810,24.0000
1994-07-02,-30.2083,-37.0000,-21.0000,4.5871,24.0000
1994-07-03,-18.0417,-27.0000,-10.0000,4.8587,24.0000
1994-07-04,-17.5833,-27.0000,-9.0000,5.3317,24.0000
1994-07-05,-10.5833,-23.0000,1.0000,5.5003,24.0000
1994-07-06,1.1667,-8.0000,16.0000,5.7835,24.0000
1994-07-07,-3.4583,-17.0000,20.0000,8.9393,24.0000
1994-07-08,-11.5833,-20.0000,-6.0000,3.3869,24.0000
1994-07-09,5.5833,-6.0000,15.0000,5.4287,24.0000
1994-07-10,2.4583,-3.0000,9.0000,3.3877,24.0000
1994-07-11,6.0000,1.0000,16.0000,4.3238,24.0000
1994-07-12,12.7500,7.0000,22.0000,4.8566,24.0000
1994-07-13,17.9167,3.0000,24.0000,5.5003,24.0000
1994-07-14,-2.7917,-53.0000,15.0000,16.7773,24.0000
1994-07-15,-18.7500,-53.0000,0.0000,15.3913,24.0000
1994-07-16,-28.9167,-46.0000,-14.0000,9.8859,24.0000
1994-07-17,-23.1667,-31.0000,-15.0000,4.2699,24.0000
1994-07-18,-25.3750,-33.0000,-12.0000,6.0131,24.0000
1994-07-19,-17.0000,-28.0000,-8.0000,5.1668,24.0000
1994-07-20,-13.6667,-26.0000,-9.0000,4.0825,24.0000
1994-07-21,-12.0833,-20.0000,-3.0000,4.7815,24.0000
1994-07-22,-14.1667,-21.0000,-6.0000,4.4883,24.0000
1994-07-23,-1.2083,-10.0000,11.0000,5.4372,24.0000
1994-07-24,0.5833,-8.0000,11.0000,5.4207,24.0000
1994-07-25,-6.2917,-12.0000,-1.0000,3.1274,24.0000
1994-07-26,-5.1250,-11.0000,1.0000,3.6153,24.0000
1994-07-27,-12.0833,-29.0000,2.0000,9.6049,24.0000
1994-07-28,-10.9583,-28.0000,2.0000,7.1535,24.0000
1994-07-29,-8.8333,-17.0000,0.0000,3.8749,24.0000
1994-07-30,-6.5417,-15.0000,9.0000,6.6658,24.0000
1994-07-31,-6.0000,-14.0000,4.0000,4.3238,24.0000
1994-08-01,-5.5000,-8.0000,-1.0000,1.5880,24.0000
1994-08-02,-0.5833,-12.0000,7.0000,6.9465,24.0000
1994-08-03,0.4583,-7.0000,8.0000,5.2501,24.0000
1994-08-04,2.0833,-7.0000,7.0000,3.8777,24.0000
1994-08-05,7.5417,-2.0000,22.0000,7.1686,24.0000
1994-08-06,-3.6250,-10.0000,2.0000,3.5973,24.0000
1994-08-07,0.8333,-6.0000,5.0000,2.5481,24.0000
1994-08-08,2.3333,-7.0000,9.0000,4.0289,24.0000
1994-08-09,13.1667,-2.0000,25.0000,8.0901,24.0000
1994-08-10,-6.7917,-26.0000,7.0000,10.6933,24.0000
1994-08-11,-16.2500,-29.0000,-8.0000,6.0667,24.0000
1994-08-12,-13.1667,-21.0000,-4.0000,4.6966,24.0000
1994-08-13,-12.0000,-24.0000,3.0000,8.8809,24.0000
1994-08-14,-25.9583,-39.0000,-12.0000,8.3431,24.0000
1994-08-15,-19.2917,-26.0000,-10.0000,4.1229,24.0000
1994-08-16,-16.5833,-23.0000,-11.0000,3.5376,24.0000
1994-08-17,-12.8750,-21.0000,-8.0000,3.1939,24.0000
1994-08-18,-8.4167,-17.0000,2.0000,5.0296,24.0000
1994-08-19,-3.9583,-13.0000,10.0000,6.6233,24.0000
1994-08-20,-1.6250,-9.0000,10.0000,5.5232,24.0000
1994-08-21,1.4583,-10.0000,11.0000,6.7113,24.0000
1994-08-22,-2.5000,-32.0000,14.0000,10.8187,24.0000
1994-08-23,-16.5417,-31.0000,-3.0000,9.4454,24.0000
1994-08-24,8.5000,-8.0000,30.0000,9.1652,24.0000
1994-08-25,2.5833,-11.0000,12.0000,6.9652,24.0000
1994-08-26,3.0417,-9.0000,18.0000,7.7374,24.0000
1994-08-27,-2.7917,-14.0000,11.0000,6.1076,24.0000
1994-08-28,-3.5417,-13.0000,7.0000,5.6259,24.0000
1994-08-29,5.6667,-4.0000,13.0000,4.7518,24.0000
1994-08-30,-0.2083,-5.0000,5.0000,2.9779,24.0000
1994-08-31,7.1667,-8.0000,18.0000,6.7930,24.0000
1994-09-01,-12.9167,-22.0000,0.0000,6.0929,24.0000
1994-09-02,-12.9583,-28.0000,-2.0000,7.8601,24.0000
1994-09-03,-3.1250,-14.0000,8.0000,6.5296,24.0000
1994-09-04,11.7083,7.0000,19.0000,2.7894,24.0000
1994-09-05,-2.7917,-15.0000,20.0000,11.7362,24.0000
1994-09-06,-16.7500,-32.0000,0.0000,10.3766,24.0000
1994-09-07,-32.7500,-45.0000,-19.0000,8.1414,24.0000
1994-09-08,-30.4167,-46.0000,-9.0000,11.5039,24.0000
1994-09-09,-28.6667,-46.0000,-14.0000,7.4581,24.0000
1994-09-10,-33.3750,-42.0000,-25.0000,4.1579,24.0000
1994-09-11,-30.5000,-44.0000,-20.0000,8.1347,24.0000
1994-09-12,-23.1250,-38.0000,-14.0000,6.7393,24.0000
1994-09-13,-24.5000,-31.0000,-19.0000,3.2303,24.0000
1994-09-14,-8.5417,-15.0000,-3.0000,3.0069,24.0000
1994-09-15,-14.7500,-24.0000,-6.0000,4.1729,24.0000
1994-09-16,-11.2083,-17.0000,0.0000,4.2629,24.0000
1994-09-17,-6.1250,-18.0000,3.0000,4.9897,24.0000
1994-09-18,-6.7500,-12.0000,-1.0000,3.6386,24.0000
1994-09-19,-9.4583,-17.0000,-3.0000,3.8559,24.0000
1994-09-20,-3.0417,-13.0000,3.0000,4.3487,24.0000
1994-09-21,2.9167,-10.0000,9.0000,5.2578,24.0000
1994-09-22,-4.3333,-9.0000,0.0000,2.1602,24.0000
1994-09-23,2.0833,-6.0000,11.0000,4.6337,24.0000
1994-09-24,2.7083,-9.0000,13.0000,6.5507,24.0000
1994-09-25,-2.1250,-73.0000,28.0000,28.7150,24.0000
1994-09-26,-34.4583,-53.0000,-23.0000,11.0806,24.0000
1994-09-27,-31.2917,-39.0000,-24.0000,3.8615,24.0000
1994-09-28,-22.6250,-28.0000,-18.0000,3.0901,24.0000
1994-09-29,-16.4167,-23.0000,-9.0000,4.0100,24.0000
1994-09-30,-8.2917,-11.0000,-1.0000,2.4402,24.0000
1994-10-01,-6.4583,-12.0000,-2.0000,2.4844,24.0000
1994-10-02,3.5000,-35.0000,22.0000,14.3678,24.0000
1994-10-03,-67.3750,-93.0000,-30.0000,14.5955,24.0000
1994-10-04,-40.8333,-56.0000,-24.0000,9.0008,24.0000
1994-10-05,-50.8750,-63.0000,-35.0000,7.6801,24.0000
1994-10-06,-37.9167,-50.0000,-24.0000,7.2166,24.0000
1994-10-07,-46.2500,-62.0000,-35.0000,8.4558,24.0000
1994-10-08,-35.7083,-51.0000,-26.0000,7.4861,24.0000
1994-10-09,-30.4583,-46.0000,-22.0000,7.0586,24.0000
1994-10-10,-28.8750,-36.0000,-18.0000,5.0157,24.0000
1994-10-11,-39.1667,-53.0000,-27.0000,6.6376,24.0000
1994-10-12,-28.7917,-44.0000,-14.0000,9.5325,24.0000
1994-10-13,-18.7917,-26.0000,-11.0000,3.7991,24.0000
1994-10-14,-15.5417,-25.0000,-7.0000,4.9253,24.0000
1994-10-15,-16.8333,-27.0000,-7.0000,4.4883,24.0000
1994-10-16,-12.2917,-19.0000,-8.0000,3.0142,24.0000
1994-10-17,-5.7500,-12.0000,3.0000,3.6386,24.0000
1994-10-18,-6.2917,-18.0000,13.0000,6.8682,24.0000
1994-10-19,-3.0417,-26.0000,11.0000,9.3039,24.0000
1994-10-20,-9.2917,-30.0000,4.0000,9.8444,24.0000
1994-10-21,-9.6667,-24.0000,1.0000,7.7665,24.0000
1994-10-22,-1.8333,-28.0000,17.0000,11.3661,24.0000
1994-10-23,-56.5417,-71.0000,-40.0000,9.1032,24.0000
1994-10-24,-49.8750,-59.0000,-42.0000,5.3756,24.0000
1994-10-25,-36.7917,-50.0000,-29.0000,5.9049,24.0000
1994-10-26,-34.1250,-44.0000,-28.0000,4.2253,24.0000
1994-10-27,-26.7083,-33.0000,-22.0000,3.3294,24.0000
1994-10-28,-16.2083,-23.0000,-11.0000,3.8105,24.0000
1994-10-29,-56.1250,-123.0000,2.0000,39.0822,24.0000
1994-10-30,-65.2083,-94.0000,-31.0000,18.1969,24.0000
1994-10-31,-59.7083,-71.0000,-47.0000,7.0432,24.0000
1994-11-01,-45.9583,-58.0000,-36.0000,6.1748,24.0000
1994-11-02,-41.7917,-47.0000,-35.0000,3.4638,24.0000
1994-11-03,-37.7083,-46.0000,-32.0000,4.4865,24.0000
1994-11-04,-34.0833,-48.0000,-21.0000,7.4186,24.0000
1994-11-05,-37.8750,-52.0000,-30.0000,6.1877,24.0000
1994-11-06,-60.1667,-80.0000,-47.0000,9.4117,24.0000
1994-11-07,-35.8333,-46.0000,-22.0000,7.1303,24.0000
1994-11-08,-21.5000,-31.0000,-16.0000,3.7764,24.0000
1994-11-09,-22.2083,-38.0000,-5.0000,8.6526,24.0000
1994-11-10,-26.2917,-46.0000,-14.0000,8.9757,24.0000
1994-11-11,-19.1667,-33.0000,-9.0000,7.6481,24.0000
1994-11-12,-9.7083,-15.0000,-5.0000,2.9411,24.0000
1994-11-13,-8.9583,-15.0000,1.0000,4.9998,24.0000
1994-11-14,-13.5000,-35.0000,-2.0000,8.6326,24.0000
1994-11-15,-18.8750,-32.0000,-10.0000,6.1384,24.0000
1994-11-16,-14.7083,-21.0000,-11.0000,2.7104,24.0000
1994-11-17,-12.6250,-23.0000,-4.0000,4.8258,24.0000
1994-11-18,-5.9583,-13.0000,8.0000,6.0324,24.0000
1994-11-19,-31.6667,-56.0000,4.0000,14.4453,24.0000
1994-11-20,-31.4583,-41.0000,-25.0000,4.8899,24.0000
1994-11-21,-22.2500,-32.0000,-13.0000,6.2987,24.0000
1994-11-22,-11.2083,-16.0000,-6.0000,2.7184,24.0000
1994-11-23,-4.6250,-8.0000,-1.0000,1.8371,24.0000
1994-11-24,-4.0417,-15.0000,3.0000,4.7409,24.0000
1994-11-25,-2.9583,-10.0000,7.0000,4.1334,24.0000
1994-11-26,-44.0000,-117.0000,14.0000,40.8443,24.0000
1994-11-27,-49.7917,-61.0000,-39.0000,6.4604,24.0000
1994-11-28,-33.2500,-39.0000,-25.0000,4.4060,24.0000
1994-11-29,-24.9167,-33.0000,-17.0000,4.9424,24.0000
1994-11-30,-26.1667,-34.0000,-17.0000,4.4396,24.0000
1994-12-01,-22.6250,-31.0000,-13.0000,5.5153,24.0000
1994-12-02,-25.7917,-35.0000,-12.0000,5.8308,24.0000
1994-12-03,-21.9583,-33.0000,-15.0000,5.5127,24.0000
1994-12-04,-23.9167,-34.0000,-14.0000,6.7174,24.0000
1994-12-05,-10.2083,-23.0000,17.0000,10.4215,24.0000
1994-12-06,-13.0000,-32.0000,26.0000,19.3098,24.0000
1994-12-07,-14.6250,-22.0000,-6.0000,4.9503,24.0000
1994-12-08,-12.8333,-19.0000,-5.0000,4.2187,24.0000
1994-12-09,-12.5833,-22.0000,-4.0000,6.0857,24.0000
1994-12-10,-11.6250,-23.0000,-2.0000,5.4199,24.0000
1994-12-11,-11.1250,-21.0000,-2.0000,4.5713,24.0000
1994-12-12,-13.7917,-29.0000,0.0000,8.0864,24.0000
1994-12-13,-8.4583,-17.0000,1.0000,4.7911,24.0000
1994-12-14,-4.5000,-17.0000,10.0000,8.2725,24.0000
1994-12-15,-14.3333,-30.0000,5.0000,8.4218,24.0000
1994-12-16,-18.4583,-28.0000,-9.0000,6.4873,24.0000
1994-12-17,-13.8750,-24.0000,-4.0000,5.8852,24.0000
1994-12-18,-6.0000,-11.0000,-1.0000,2.3956,24.0000
1994-12-19,-0.5000,-5.0000,7.0000,3.1347,24.0000
1994-12-20,1.5833,-10.0000,13.0000,7.1743,24.0000
1994-12-21,-5.1250,-8.0000,-2.0000,1.9182,24.0000
1994-12-22,-2.6250,-7.0000,2.0000,3.0190,24.0000
1994-12-23,7.3333,-6.0000,25.0000,8.7510,24.0000
1994-12-24,-18.2500,-38.0000,27.0000,18.9284,24.0000
1994-12-25,-19.8750,-31.0000,-10.0000,5.3105,24.0000
1994-12-26,-18.4583,-28.0000,-12.0000,4.3035,24.0000
1994-12-27,-16.0417,-24.0000,-7.0000,3.8276,24.0000
1994-12-28,-13.0000,-27.0000,-1.0000,7.0526,24.0000
1994-12-29,-19.1250,-29.0000,-9.0000,5.9732,24.0000
1994-12-30,-11.1667,-21.0000,-3.0000,5.9100,24.0000
1994-12-31,-6.1250,-13.0000,2.0000,4.4557,24.0000
1995-01-01,2.0000,-5.0000,13.0000,4.4233,24.0000
1995-01-02,-10.0000,-42.0000,18.0000,19.1743,24.0000
1995-01-03,-26.5000,-43.0000,-9.0000,9.4777,24.0000
1995-01-04,-23.0417,-36.0000,-15.0000,4.9386,24.0000
1995-01-05,-22.6250,-43.0000,-10.0000,9.5089,24.0000
1995-01-06,-22.7500,-38.0000,-12.0000,7.4906,24.0000
1995-01-07,-20.4167,-35.0000,-13.0000,5.0383,24.0000
1995-01-08,-12.7917,-23.0000,-5.0000,4.6902,24.0000
1995-01-09,-15.1667,-22.0000,-9.0000,3.9636,24.0000
1995-01-10,-7.4583,-17.0000,0.0000,4.7820,24.0000
1995-01-11,-26.1250,-37.0000,-13.0000,5.4479,24.0000
1995-01-12,-11.0417,-20.0000,-4.0000,4.6763,24.0000
1995-01-13,-10.7500,-22.0000,3.0000,7.3084,24.0000
1995-01-14,-9.0833,-18.0000,0.0000,5.6562,24.0000
1995-01-15,-5.8333,-12.0000,0.0000,3.5468,24.0000
1995-01-16,-20.7917,-43.0000,-1.0000,13.6190,24.0000
1995-01-17,-48.0000,-81.0000,-28.0000,16.4713,24.0000
1995-01-18,-66.2083,-95.0000,-43.0000,17.0268,24.0000
1995-01-19,-29.2500,-40.0000,-20.0000,5.0239,24.0000
1995-01-20,-15.4167,-27.0000,-5.0000,6.2060,24.0000
1995-01-21,-11.9167,-26.0000,-2.0000,5.9631,24.0000
1995-01-22,-7.1250,-21.0000,7.0000,7.2909,24.0000
1995-01-23,-10.4583,-15.0000,-5.0000,2.9337,24.0000
1995-01-24,-7.5000,-14.0000,-1.0000,3.4766,24.0000
1995-01-25,-4.3750,-11.0000,5.0000,4.6887,24.0000
1995-01-26,0.7500,-10.0000,6.0000,4.6086,24.0000
1995-01-27,2.3333,-4.0000,9.0000,3.4473,24.0000
1995-01-28,9.7083,-2.0000,28.0000,9.4523,24.0000
1995-01-29,-15.3750,-56.0000,22.0000,23.6014,24.0000
1995-01-30,-41.7500,-55.0000,-27.0000,8.8083,24.0000
1995-01-31,-34.1250,-44.0000,-24.0000,5.9805,24.0000
1995-02-01,-26.9583,-32.0000,-18.0000,3.6888,24.0000
1995-02-02,-27.2083,-36.0000,-15.0000,6.2553,24.0000
1995-02-03,-35.8333,-44.0000,-30.0000,4.0825,24.0000
1995-02-04,-34.0833,-43.0000,-26.0000,3.9991,24.0000
1995-02-05,-20.1667,-31.0000,-11.0000,5.8434,24.0000
1995-02-06,-9.0000,-20.0000,4.0000,6.9282,24.0000
1995-02-07,-21.8333,-41.0000,-13.0000,5.9612,24.0000
1995-02-08,-47.2917,-80.0000,-23.0000,16.2253,24.0000
1995-02-09,-19.6667,-30.0000,-15.0000,4.0504,24.0000
1995-02-10,-10.7917,-17.0000,-2.0000,3.9561,24.0000
1995-02-11,-24.1250,-44.0000,9.0000,16.5406,24.0000
1995-02-12,-27.5833,-42.0000,-15.0000,8.1876,24.0000
1995-02-13,-41.8333,-50.0000,-33.0000,3.8749,24.0000
1995-02-14,-41.5833,-52.0000,-33.0000,6.2130,24.0000
1995-02-15,-30.7083,-41.0000,-25.0000,4.1334,24.0000
1995-02-16,-25.5417,-42.0000,-10.0000,8.4749,24.0000
1995-02-17,-13.7917,-20.0000,1.0000,6.8903,24.0000
1995-02-18,-10.7500,-19.0000,3.0000,5.2440,24.0000
1995-02-19,-11.9167,-17.0000,-6.0000,3.0060,24.0000
1995-02-20,-12.3333,-18.0000,-4.0000,4.4003,24.0000
1995-02-21,-6.9583,-18.0000,0.0000,5.4969,24.0000
1995-02-22,-4.7917,-11.0000,4.0000,4.3136,24.0000
1995-02-23,-11.3333,-21.0000,-3.0000,5.2143,24.0000
1995-02-24,-2.8333,-10.0000,2.0000,3.4725,24.0000
1995-02-25,-0.9167,-4.0000,3.0000,2.2247,24.0000
1995-02-26,-23.4167,-43.0000,2.0000,14.3252,24.0000
1995-02-27,-33.6667,-67.0000,-18.0000,14.9511,24.0000
1995-02-28,-45.5833,-58.0000,-33.0000,8.7919,24.0000
1995-03-01,-40.0417,-52.0000,-31.0000,6.3347,24.0000
1995-03-02,-33.7500,-40.0000,-29.0000,2.9672,24.0000
1995-03-03,-25.0833,-33.0000,-18.0000,4.3331,24.0000
1995-03-04,-31.7083,-90.0000,3.0000,29.4478,24.0000
1995-03-05,-43.2917,-86.0000,-19.0000,18.0999,24.0000
1995-03-06,-25.5417,-38.0000,-19.0000,5.8680,24.0000
1995-03-07,-12.7500,-21.0000,-6.0000,4.0459,24.0000
1995-03-08,-5.3750,-12.0000,0.0000,3.2546,24.0000
1995-03-09,-7.6667,-39.0000,4.0000,9.6444,24.0000
1995-03-10,-29.2083,-46.0000,-14.0000,9.3807,24.0000
1995-03-11,-29.6667,-44.0000,-22.0000,6.2113,24.0000
1995-03-12,-48.7500,-70.0000,-33.0000,12.1521,24.0000
1995-03-13,-40.7500,-52.0000,-31.0000,5.3751,24.0000
1995-03-14,-33.8333,-42.0000,-27.0000,3.9306,24.0000
1995-03-15,-25.8333,-32.0000,-17.0000,3.9855,24.0000
1995-03-16,-24.9583,-34.0000,-16.0000,5.3200,24.0000
1995-03-17,-10.4167,-23.0000,1.0000,4.6989,24.0000
1995-03-18,-8.5000,-13.0000,-3.0000,3.2168,24.0000
1995-03-19,-4.5833,-10.0000,0.0000,2.6196,24.0000
1995-03-20,-7.8333,-18.0000,1.0000,7.1364,24.0000
1995-03-21,-4.8750,-12.0000,0.0000,2.7237,24.0000
1995-03-22,1.5000,-5.0000,7.0000,2.9927,24.0000
1995-03-23,4.5000,-4.0000,10.0000,3.3492,24.0000
1995-03-24,6.1250,-2.0000,11.0000,3.1803,24.0000
1995-03-25,0.5833,-6.0000,8.0000,4.0638,24.0000
1995-03-26,-39.0000,-107.0000,25.0000,50.4536,24.0000
1995-03-27,-45.7500,-60.0000,-33.0000,8.0176,24.0000
1995-03-28,-38.6250,-47.0000,-26.0000,5.6708,24.0000
1995-03-29,-30.4167,-39.0000,-14.0000,6.3924,24.0000
1995-03-30,-18.1250,-33.0000,-9.0000,5.4078,24.0000
1995-03-31,-7.2500,-18.0000,4.0000,6.8541,24.0000
1995-04-01,-14.5833,-42.0000,-3.0000,11.5643,24.0000
1995-04-02,-40.2083,-67.0000,-19.0000,12.9614,24.0000
1995-04-03,-13.1667,-23.0000,-6.0000,5.1302,24.0000
1995-04-04,-10.5417,-18.0000,0.0000,5.1159,24.0000
1995-04-05,-11.7500,-20.0000,-2.0000,6.1308,24.0000
1995-04-06,-2.5417,-17.0000,9.0000,8.7971,24.0000
1995-04-07,-82.1250,-149.0000,4.0000,49.6039,24.0000
1995-04-08,-75.6250,-102.0000,-60.0000,10.6682,24.0000
1995-04-09,-53.2500,-68.0000,-39.0000,7.5022,24.0000
1995-04-10,-47.8750,-56.0000,-39.0000,4.3968,24.0000
1995-04-11,-39.7500,-48.0000,-32.0000,4.1729,24.0000
1995-04-12,-37.9167,-46.0000,-24.0000,6.3171,24.0000
1995-04-13,-27.5833,-39.0000,-19.0000,5.3562,24.0000
1995-04-14,-22.0000,-30.0000,-12.0000,4.9782,24.0000
1995-04-15,-13.5417,-19.0000,-10.0000,2.8434,24.0000
1995-04-16,-6.4583,-12.0000,-3.0000,2.3027,24.0000
1995-04-17,-6.1667,-11.0000,-1.0000,2.7452,24.0000
1995-04-18,-3.2917,-19.0000,7.0000,8.5082,24.0000
1995-04-19,-9.9167,-15.0000,-5.0000,2.4833,24.0000
1995-04-20,-11.3750,-23.0000,1.0000,7.6886,24.0000
1995-04-21,-9.3750,-16.0000,-4.0000,2.9900,24.0000
1995-04-22,-8.5417,-38.0000,20.0000,18.6057,24.0000
1995-04-23,-33.1250,-49.0000,-17.0000,8.5988,24.0000
1995-04-24,-35.0000,-53.0000,-21.0000,9.1557,24.0000
1995-04-25,-31.1250,-52.0000,-18.0000,9.0425,24.0000
1995-04-26,-8.9167,-25.0000,2.0000,7.2886,24.0000
1995-04-27,-24.6250,-38.0000,-8.0000,8.7517,24.0000
1995-04-28,-22.8333,-29.0000,-13.0000,5.3703,24.0000
1995-04-29,-20.2500,-28.0000,-13.0000,4.8923,24.0000
1995-04-30,-11.0833,-17.0000,-5.0000,3.2560,24.0000
1995-05-01,-1.2500,-9.0000,11.0000,3.8476,24.0000
1995-05-02,-26.0833,-53.0000,14.0000,20.4534,24.0000
1995-05-03,-47.2083,-58.0000,-37.0000,6.1501,24.0000
1995-05-04,-43.0833,-52.0000,-34.0000,4.7724,24.0000
1995-05-05,-45.5833,-60.0000,-31.0000,8.2616,24.0000
1995-05-06,-34.7500,-42.0000,-25.0000,5.0669,24.0000
1995-05-07,-34.4583,-45.0000,-20.0000,8.4903,24.0000
1995-05-08,-41.8750,-55.0000,-34.0000,5.8034,24.0000
1995-05-09,-26.7917,-33.0000,-17.0000,4.1492,24.0000
1995-05-10,-17.1250,-30.0000,-12.0000,4.2866,24.0000
1995-05-11,-14.4167,-19.0000,-9.0000,3.4881,24.0000
1995-05-12,-14.1250,-20.0000,-4.0000,4.2150,24.0000
1995-05-13,9.5833,-8.0000,24.0000,10.4670,24.0000
1995-05-14,-0.5000,-11.0000,17.0000,7.1323,24.0000
1995-05-15,-0.5000,-7.0000,8.0000,4.0325,24.0000
1995-05-16,-36.0000,-93.0000,18.0000,36.6072,24.0000
1995-05-17,-51.4167,-69.0000,-33.0000,10.5580,24.0000
1995-05-18,-32.3333,-41.0000,-24.0000,4.9402,24.0000
1995-05-19,-34.3750,-48.0000,-21.0000,6.7747,24.0000
1995-05-20,-29.8333,-42.0000,-21.0000,7.0813,24.0000
1995-05-21,-20.6250,-35.0000,-10.0000,5.6631,24.0000
1995-05-22,-7.1250,-15.0000,1.0000,4.5618,24.0000
1995-05-23,-5.0000,-65.0000,16.0000,23.0368,24.0000
1995-05-24,-42.1250,-65.0000,-25.0000,9.9053,24.0000
1995-05-25,-25.6667,-40.0000,-15.0000,7.3287,24.0000
1995-05-26,-19.5833,-37.0000,-7.0000,8.1823,24.0000
1995-05-27,-14.5833,-21.0000,-11.0000,2.5862,24.0000
1995-05-28,-13.6667,-18.0000,-9.0000,2.7134,24.0000
1995-05-29,2.0000,-19.0000,16.0000,11.8395,24.0000
1995-05-30,-19.7917,-36.0000,2.0000,12.3111,24.0000
1995-05-31,-30.7083,-37.0000,-19.0000,4.4280,24.0000
1995-06-01,-36.7083,-46.0000,-27.0000,5.9086,24.0000
1995-06-02,-21.2500,-28.0000,-13.0000,4.3862,24.0000
1995-06-03,-19.0417,-30.0000,-11.0000,5.6452,24.0000
1995-06-04,-16.4167,-23.0000,-8.0000,4.0208,24.0000
1995-06-05,-10.8750,-18.0000,-2.0000,4.5618,24.0000
1995-06-06,-10.6250,-21.0000,-2.0000,4.8706,24.0000
1995-06-07,-8.7917,-20.0000,0.0000,5.5166,24.0000
1995-06-08,3.1250,-7.0000,11.0000,4.1317,24.0000
1995-06-09,7.8750,3.0000,17.0000,4.4752,24.0000
1995-06-10,-4.7917,-16.0000,4.0000,4.9868,24.0000
1995-06-11,-14.8333,-25.0000,-4.0000,4.7427,24.0000
1995-06-12,-5.8750,-8.0000,-4.0000,1.3613,24.0000
1995-06-13,-2.6667,-11.0000,2.0000,3.7955,24.0000
1995-06-14,-0.5417,-8.0000,10.0000,5.2169,24.0000
1995-06-15,-1.0000,-9.0000,7.0000,3.8221,24.0000
1995-06-16,-8.6667,-24.0000,3.0000,6.6507,24.0000
1995-06-17,-8.8333,-18.0000,0.0000,5.0101,24.0000
1995-06-18,-23.7083,-46.0000,-5.0000,11.3501,24.0000
1995-06-19,-19.6667,-40.0000,3.0000,10.0463,24.0000
1995-06-20,-22.2917,-30.0000,-13.0000,4.8766,24.0000
1995-06-21,-14.5833,-21.0000,-9.0000,3.0775,24.0000
1995-06-22,-14.3333,-18.0000,-7.0000,2.9879,24.0000
1995-06-23,-10.4583,-17.0000,0.0000,5.3404,24.0000
1995-06-24,-5.8750,-12.0000,-2.0000,2.8332,24.0000
1995-06-25,-3.3750,-24.0000,13.0000,10.7776,24.0000
1995-06-26,-24.2083,-40.0000,-13.0000,8.4698,24.0000
1995-06-27,-15.6250,-23.0000,-9.0000,3.3856,24.0000
1995-06-28,-13.8750,-25.0000,-6.0000,5.2029,24.0000
1995-06-29,-5.2500,-17.0000,1.0000,4.6835,24.0000
1995-06-30,-11.5833,-41.0000,11.0000,14.9489,24.0000
1995-07-01,-30.4583,-56.0000,-15.0000,14.3375,24.0000
1995-07-02,-5.2917,-25.0000,6.0000,10.0108,24.0000
1995-07-03,-0.5833,-8.0000,11.0000,5.0296,24.0000
1995-07-04,1.8333,-5.0000,10.0000,4.5461,24.0000
1995-07-05,-0.2917,-6.0000,7.0000,3.0429,24.0000
1995-07-06,6.7083,-1.0000,13.0000,4.4083,24.0000
1995-07-07,7.2917,1.0000,16.0000,4.0591,24.0000
1995-07-08,1.5833,-3.0000,7.0000,2.6689,24.0000
1995-07-09,1.9583,-10.0000,6.0000,4.0269,24.0000
1995-07-10,5.7500,1.0000,11.0000,2.8628,24.0000
1995-07-11,4.2083,1.0000,9.0000,2.3953,24.0000
1995-07-12,21.1250,9.0000,32.0000,7.1828,24.0000
1995-07-13,10.9583,5.0000,21.0000,3.9285,24.0000
1995-07-14,9.3750,4.0000,16.0000,3.7511,24.0000
1995-07-15,8.7083,-1.0000,18.0000,5.5363,24.0000
1995-07-16,4.5417,-38.0000,37.0000,16.3653,24.0000
1995-07-17,-18.2083,-41.0000,-6.0000,9.1032,24.0000
1995-07-18,-15.5417,-24.0000,-12.0000,3.0214,24.0000
1995-07-19,-13.3750,-21.0000,-2.0000,4.4994,24.0000
1995-07-20,-14.5833,-25.0000,-7.0000,5.3154,24.0000
1995-07-21,-12.6667,-19.0000,-9.0000,2.6485,24.0000
1995-07-22,-3.8333,-14.0000,12.0000,9.1683,24.0000
1995-07-23,-6.2917,-18.0000,7.0000,7.0556,24.0000
1995-07-24,-20.5000,-52.0000,15.0000,17.2602,24.0000
1995-07-25,-25.4167,-46.0000,-6.0000,9.1362,24.0000
1995-07-26,-11.9583,-16.0000,-8.0000,1.8992,24.0000
1995-07-27,-8.5833,-12.0000,2.0000,3.1885,24.0000
1995-07-28,-0.4583,-11.0000,6.0000,4.4034,24.0000
1995-07-29,-8.1667,-15.0000,-4.0000,2.5651,24.0000
1995-07-30,-0.3333,-13.0000,11.0000,6.1409,24.0000
1995-07-31,5.2083,-1.0000,17.0000,5.1244,24.0000
1995-08-01,-0.2083,-5.0000,8.0000,3.4386,24.0000
1995-08-02,2.8333,-4.0000,8.0000,3.0598,24.0000
1995-08-03,-8.5000,-21.0000,9.0000,9.3390,24.0000
1995-08-04,-5.6250,-11.0000,1.0000,2.9754,24.0000
1995-08-05,-0.9167,-8.0000,5.0000,3.0060,24.0000
1995-08-06,3.0417,-2.0000,9.0000,3.1825,24.0000
1995-08-07,6.2500,-6.0000,21.0000,7.3618,24.0000
1995-08-08,-8.8333,-25.0000,6.0000,7.1303,24.0000
1995-08-09,-12.1250,-20.0000,-3.0000,5.2029,24.0000
1995-08-10,-17.6250,-36.0000,-1.0000,8.7019,24.0000
1995-08-11,-12.0417,-18.0000,-7.0000,3.2098,24.0000
1995-08-12,-9.6667,-15.0000,-2.0000,3.1987,24.0000
1995-08-13,-13.5417,-27.0000,3.0000,8.1025,24.0000
1995-08-14,-20.5417,-32.0000,-12.0000,4.9430,24.0000
1995-08-15,-20.2083,-27.0000,-11.0000,4.9518,24.0000
1995-08-16,-16.9583,-22.0000,-9.0000,3.5075,24.0000
1995-08-17,-14.6250,-31.0000,-1.0000,7.8509,24.0000
1995-08-18,-8.4583,-16.0000,0.0000,5.2335,24.0000
1995-08-19,-4.2083,-18.0000,7.0000,7.6555,24.0000
1995-08-20,-1.7917,-10.0000,6.0000,4.2731,24.0000
1995-08-21,-1.7500,-4.0000,0.0000,1.2247,24.0000
1995-08-22,-6.0000,-41.0000,8.0000,11.7436,24.0000
1995-08-23,-31.7083,-61.0000,-2.0000,20.0119,24.0000
1995-08-24,-6.0000,-12.0000,7.0000,4.9519,24.0000
1995-08-25,-19.0417,-48.0000,15.0000,14.4236,24.0000
1995-08-26,-12.0833,-24.0000,7.0000,8.5664,24.0000
1995-08-27,-0.1250,-11.0000,8.0000,4.2150,24.0000
1995-08-28,1.7917,-4.0000,8.0000,3.3619,24.0000
1995-08-29,-10.3333,-26.0000,12.0000,10.2731,24.0000
1995-08-30,-8.9583,-15.0000,-4.0000,3.1551,24.0000
1995-08-31,1.7083,-3.0000,5.0000,1.6545,24.0000
1995-09-01,3.9167,-1.0000,12.0000,4.2109,24.0000
1995-09-02,2.4167,-5.0000,11.0000,5.1238,24.0000
1995-09-03,12.7083,9.0000,16.0000,2.2742,24.0000
1995-09-04,10.2917,-14.0000,20.0000,8.1586,24.0000
1995-09-05,-29.6250,-54.0000,-6.0000,12.9373,24.0000
1995-09-06,-35.7500,-41.0000,-24.0000,3.7446,24.0000
1995-09-07,-27.5833,-38.0000,-18.0000,5.6408,24.0000
1995-09-08,-38.4167,-58.0000,-11.0000,14.3676,24.0000
1995-09-09,-28.5833,-33.0000,-18.0000,3.9882,24.0000
1995-09-10,-16.5417,-33.0000,-6.0000,6.1784,24.0000
1995-09-11,-34.2917,-47.0000,-6.0000,9.2336,24.0000
1995-09-12,-25.4167,-39.0000,-18.0000,4.9512,24.0000
1995-09-13,-22.9583,-29.0000,-16.0000,3.2900,24.0000
1995-09-14,-20.2917,-25.0000,-12.0000,3.3032,24.0000
1995-09-15,-35.2500,-52.0000,-18.0000,10.8997,24.0000
1995-09-16,-16.8333,-25.0000,-5.0000,6.2878,24.0000
1995-09-17,-12.2083,-21.0000,-5.0000,4.3736,24.0000
1995-09-18,-4.1667,-12.0000,3.0000,4.1772,24.0000
1995-09-19,2.2500,-4.0000,10.0000,4.0352,24.0000
1995-09-20,-3.5833,-12.0000,6.0000,5.4287,24.0000
1995-09-21,-3.7917,-21.0000,16.0000,9.8023,24.0000
1995-09-22,0.6667,-5.0000,10.0000,3.6673,24.0000
1995-09-23,-13.7500,-28.0000,7.0000,9.1900,24.0000
1995-09-24,-15.4167,-22.0000,-3.0000,4.5389,24.0000
1995-09-25,-9.1667,-18.0000,6.0000,6.7609,24.0000
1995-09-26,-4.5417,-15.0000,3.0000,4.7820,24.0000
1995-09-27,-41.2500,-108.0000,-7.0000,33.9645,24.0000
1995-09-28,-57.8750,-76.0000,-42.0000,8.1897,24.0000
1995-09-29,-21.2500,-36.0000,-12.0000,6.3400,24.0000
1995-09-30,-22.9167,-30.0000,-19.0000,3.3482,24.0000
1995-10-01,-13.2500,-27.0000,-3.0000,6.8414,24.0000
1995-10-02,-20.6667,-52.0000,1.0000,15.2534,24.0000
1995-10-03,-39.0833,-58.0000,-27.0000,7.6778,24.0000
1995-10-04,-59.5417,-92.0000,-29.0000,22.3373,24.0000
1995-10-05,-44.0000,-51.0000,-38.0000,3.3492,24.0000
1995-10-06,-45.8333,-57.0000,-34.0000,6.5718,24.0000
1995-10-07,-43.7083,-54.0000,-30.0000,6.9061,24.0000
1995-10-08,-47.3333,-63.0000,-36.0000,6.4651,24.0000
1995-10-09,-46.6250,-60.0000,-31.0000,7.9280,24.0000
1995-10-10,-32.2083,-48.0000,-20.0000,10.0476,24.0000
1995-10-11,-27.2917,-39.0000,-12.0000,6.2796,24.0000
1995-10-12,-38.1250,-47.0000,-26.0000,6.8481,24.0000
1995-10-13,-30.2917,-42.0000,-24.0000,5.5127,24.0000
1995-10-14,-20.6667,-27.0000,-12.0000,4.4592,24.0000
1995-10-15,-19.6667,-30.0000,-13.0000,4.4786,24.0000
1995-10-16,-17.0417,-28.0000,-7.0000,5.2459,24.0000
1995-10-17,-20.8750,-31.0000,-11.0000,6.0886,24.0000
1995-10-18,-26.2917,-127.0000,9.0000,36.0826,24.0000
1995-10-19,-63.7083,-124.0000,18.0000,47.9089,24.0000
1995-10-20,-39.5417,-65.0000,-7.0000,14.9433,24.0000
1995-10-21,-39.4167,-51.0000,-26.0000,5.4845,24.0000
1995-10-22,-36.4167,-47.0000,-25.0000,4.9424,24.0000
1995-10-23,-47.4167,-57.0000,-36.0000,5.9849,24.0000
1995-10-24,-31.8750,-48.0000,-20.0000,6.3267,24.0000
1995-10-25,-27.7083,-43.0000,-15.0000,8.7798,24.0000
1995-10-26,-6.5417,-19.0000,4.0000,7.0955,24.0000
1995-10-27,-11.0417,-22.0000,0.0000,4.4671,24.0000
1995-10-28,-6.9583,-13.0000,-3.0000,2.8358,24.0000
1995-10-29,-8.2500,-16.0000,6.0000,5.5580,24.0000
1995-10-30,-19.8333,-58.0000,8.0000,22.8391,24.0000
1995-10-31,-31.7500,-42.0000,-20.0000,6.7066,24.0000
1995-11-01,-35.5000,-55.0000,-20.0000,11.1784,24.0000
1995-11-02,-31.2083,-42.0000,-17.0000,6.6003,24.0000
1995-11-03,-20.7500,-30.0000,-16.0000,3.7792,24.0000
1995-11-04,-19.5000,-38.0000,-4.0000,7.6329,24.0000
1995-11-05,-17.7083,-30.0000,-2.0000,7.8490,24.0000
1995-11-06,-32.7083,-49.0000,-24.0000,6.9563,24.0000
1995-11-07,-25.5000,-37.0000,-11.0000,7.4250,24.0000
1995-11-08,-17.7083,-26.0000,-7.0000,5.3282,24.0000
1995-11-09,-9.0833,-13.0000,-1.0000,3.3221,24.0000
1995-11-10,-3.5417,-12.0000,9.0000,6.1360,24.0000
1995-11-11,-2.3333,-9.0000,8.0000,4.7610,24.0000
1995-11-12,-10.8750,-20.0000,-3.0000,5.4078,24.0000
1995-11-13,-6.2083,-12.0000,2.0000,4.1909,24.0000
1995-11-14,0.2083,-8.0000,9.0000,4.9955,24.0000
1995-11-15,-0.7500,-4.0000,2.0000,1.9616,24.0000
1995-11-16,5.9583,0.0000,14.0000,3.8162,24.0000
1995-11-17,3.4583,-5.0000,9.0000,4.9605,24.0000
1995-11-18,1.2500,-5.0000,7.0000,3.0253,24.0000
1995-11-19,-10.8333,-17.0000,-5.0000,3.1714,24.0000
1995-11-20,-10.2500,-18.0000,-3.0000,4.0027,24.0000
1995-11-21,-4.7083,-11.0000,5.0000,4.2064,24.0000
1995-11-22,3.8333,-4.0000,11.0000,4.6219,24.0000
1995-11-23,-3.5000,-10.0000,4.0000,4.6251,24.0000
1995-11-24,-1.7500,-8.0000,6.0000,3.3783,24.0000
1995-11-25,1.8333,-3.0000,6.0000,2.4436,24.0000
1995-11-26,6.8750,1.0000,14.0000,3.3791,24.0000
1995-11-27,-17.7500,-51.0000,15.0000,23.8022,24.0000
1995-11-28,-23.7500,-33.0000,-12.0000,6.6480,24.0000
1995-11-29,-17.3750,-29.0000,-8.0000,6.9771,24.0000
1995-11-30,-12.5000,-18.0000,-8.0000,2.9782,24.0000
1995-12-01,-25.1667,-62.0000,-1.0000,21.1592,24.0000
1995-12-02,-28.8333,-43.0000,-11.0000,7.8000,24.0000
1995-12-03,-14.6667,-25.0000,-1.0000,6.0840,24.0000
1995-12-04,-25.3333,-38.0000,-9.0000,8.1169,24.0000
1995-12-05,-15.7917,-20.0000,-9.0000,3.1065,24.0000
1995-12-06,-7.4167,-17.0000,-1.0000,4.3829,24.0000
1995-12-07,-6.9583,-11.0000,-1.0000,3.0429,24.0000
1995-12-08,-1.7500,-7.0000,7.0000,3.1657,24.0000
1995-12-09,-11.8750,-30.0000,8.0000,8.6844,24.0000
1995-12-10,-8.5833,-18.0000,1.0000,5.1996,24.0000
1995-12-11,0.5000,-8.0000,6.0000,4.5778,24.0000
1995-12-12,1.4167,-18.0000,16.0000,10.5497,24.0000
1995-12-13,-6.2083,-12.0000,-2.0000,2.6372,24.0000
1995-12-14,4.3333,-7.0000,12.0000,5.4666,24.0000
1995-12-15,-3.8333,-26.0000,18.0000,13.5186,24.0000
1995-12-16,-26.5000,-44.0000,-8.0000,10.5295,24.0000
1995-12-17,-15.8750,-24.0000,-4.0000,4.8213,24.0000
1995-12-18,-15.1250,-19.0000,-10.0000,2.3648,24.0000
1995-12-19,-8.2083,-13.0000,-3.0000,2.7023,24.0000
1995-12-20,-3.6667,-9.0000,1.0000,2.3713,24.0000
1995-12-21,-7.0000,-36.0000,11.0000,16.2855,24.0000
1995-12-22,-31.0000,-43.0000,-24.0000,5.0648,24.0000
1995-12-23,-22.0000,-37.0000,-11.0000,7.1627,24.0000
1995-12-24,-28.6667,-65.0000,28.0000,26.7739,24.0000
1995-12-25,-22.8750,-39.0000,-10.0000,7.3621,24.0000
1995-12-26,-20.6250,-30.0000,-15.0000,3.8877,24.0000
1995-12-27,-13.8333,-18.0000,-8.0000,2.9142,24.0000
1995-12-28,-4.8750,-13.0000,4.0000,4.6933,24.0000
1995-12-29,-3.8333,-12.0000,0.0000,2.8233,24.0000
1995-12-30,2.9167,-3.0000,8.0000,2.3941,24.0000
1995-12-31,-0.7500,-11.0000,8.0000,5.6047,24.0000
1996-01-01,-1.7083,-8.0000,3.0000,3.0285,24.0000
1996-01-02,-5.5000,-11.0000,2.0000,3.7066,24.0000
1996-01-03,-8.4167,-16.0000,0.0000,4.7541,24.0000
1996-01-04,-4.5417,-13.0000,2.0000,3.9340,24.0000
1996-01-05,-0.5417,-12.0000,8.0000,4.7547,24.0000
1996-01-06,2.7500,-6.0000,10.0000,5.0584,24.0000
1996-01-07,3.0833,-4.0000,10.0000,4.0531,24.0000
1996-01-08,-1.5833,-6.0000,4.0000,2.6526,24.0000
1996-01-09,0.2917,-5.0000,5.0000,2.5105,24.0000
1996-01-10,1.0000,-2.0000,3.0000,1.5036,24.0000
1996-01-11,0.4167,-4.0000,5.0000,2.3390,24.0000
1996-01-12,-4.0833,-10.0000,7.0000,4.0531,24.0000
1996-01-13,-52.3333,-90.0000,6.0000,26.3483,24.0000
1996-01-14,-32.9167,-48.0000,-21.0000,6.9777,24.0000
1996-01-15,-31.7083,-41.0000,-23.0000,4.5729,24.0000
1996-01-16,-22.2083,-26.0000,-16.0000,2.7023,24.0000
1996-01-17,-19.1250,-28.0000,-12.0000,4.1735,24.0000
1996-01-18,-18.1667,-26.0000,-13.0000,3.1439,24.0000
1996-01-19,-12.5833,-33.0000,0.0000,7.9505,24.0000
1996-01-20,-19.9167,-37.0000,0.0000,10.5291,24.0000
1996-01-21,-10.8333,-18.0000,3.0000,5.5063,24.0000
1996-01-22,-7.9167,-12.0000,0.0000,3.6821,24.0000
1996-01-23,-5.8750,-13.0000,0.0000,3.4048,24.0000
1996-01-24,-3.0417,-16.0000,6.0000,6.3553,24.0000
1996-01-25,-4.2083,-13.0000,7.0000,4.3437,24.0000
1996-01-26,-6.9583,-17.0000,3.0000,5.5441,24.0000
1996-01-27,-10.5000,-15.0000,-5.0000,2.4672,24.0000
1996-01-28,-5.2083,-20.0000,3.0000,5.2995,24.0000
1996-01-29,-20.6667,-38.0000,-12.0000,6.3429,24.0000
1996-01-30,-16.6250,-23.0000,-11.0000,2.9015,24.0000
1996-01-31,-14.0417,-22.0000,-8.0000,3.8840,24.0000
1996-02-01,-11.5000,-18.0000,0.0000,4.9344,24.0000
1996-02-02,-12.4583,-23.0000,-6.0000,5.0818,24.0000
1996-02-03,-9.5000,-18.0000,-5.0000,4.1494,24.0000
1996-02-04,-4.3750,-10.0000,1.0000,2.8713,24.0000
1996-02-05,-5.9167,-11.0000,2.0000,2.9476,24.0000
1996-02-06,-0.9583,-10.0000,11.0000,5.7217,24.0000
1996-02-07,-4.0833,-15.0000,7.0000,6.1143,24.0000
1996-02-08,-3.5417,-13.0000,10.0000,5.7255,24.0000
1996-02-09,-7.7917,-13.0000,-3.0000,2.8889,24.0000
1996-02-10,-15.1667,-38.0000,1.0000,11.3508,24.0000
1996-02-11,-27.7500,-43.0000,-18.0000,5.7123,24.0000
1996-02-12,-19.6667,-29.0000,-12.0000,4.9314,24.0000
1996-02-13,-19.5417,-26.0000,-12.0000,4.4816,24.0000
1996-02-14,-20.4583,-27.0000,-10.0000,4.1805,24.0000
1996-02-15,-18.7500,-32.0000,-8.0000,5.2523,24.0000
1996-02-16,-6.2083,-23.0000,6.0000,7.7515,24.0000
1996-02-17,-14.5417,-25.0000,-6.0000,5.9562,24.0000
1996-02-18,-2.4167,-7.0000,5.0000,4.0423,24.0000
1996-02-19,-12.1667,-21.0000,-4.0000,3.8410,24.0000
1996-02-20,-10.6667,-15.0000,-1.0000,4.4494,24.0000
1996-02-21,-6.9583,-12.0000,-1.0000,2.5619,24.0000
1996-02-22,-10.0833,-21.0000,6.0000,8.3245,24.0000
1996-02-23,-15.0417,-37.0000,9.0000,14.4357,24.0000
1996-02-24,-25.9167,-45.0000,-9.0000,11.1936,24.0000
1996-02-25,-32.0417,-44.0000,-22.0000,8.2645,24.0000
1996-02-26,-25.3750,-45.0000,-14.0000,8.3760,24.0000
1996-02-27,-20.4167,-37.0000,-9.0000,8.4541,24.0000
1996-02-28,-24.5000,-39.0000,-17.0000,6.0863,24.0000
1996-02-29,-13.9167,-29.0000,-6.0000,6.5933,24.0000
1996-03-01,-8.3750,-15.0000,0.0000,3.5240,24.0000
1996-03-02,-6.3750,-21.0000,1.0000,6.6647,24.0000
1996-03-03,-7.7917,-23.0000,10.0000,10.7055,24.0000
1996-03-04,-18.8333,-30.0000,-9.0000,5.9903,24.0000
1996-03-05,-14.3333,-22.0000,-6.0000,4.8245,24.0000
1996-03-06,-8.6250,-16.0000,-5.0000,3.3856,24.0000
1996-03-07,-9.3333,-16.0000,-4.0000,3.7144,24.0000
1996-03-08,-10.9583,-30.0000,-2.0000,7.4628,24.0000
1996-03-09,-6.6250,-24.0000,6.0000,9.5681,24.0000
1996-03-10,-8.1250,-19.0000,-2.0000,4.1527,24.0000
1996-03-11,-27.7917,-60.0000,-15.0000,13.1842,24.0000
1996-03-12,-22.5417,-37.0000,-15.0000,5.1159,24.0000
1996-03-13,-27.6667,-37.0000,-15.0000,6.6179,24.0000
1996-03-14,-22.8333,-44.0000,-10.0000,11.6420,24.0000
1996-03-15,-18.4583,-36.0000,-10.0000,7.3955,24.0000
1996-03-16,-10.5417,-29.0000,11.0000,11.7028,24.0000
1996-03-17,-17.8333,-35.0000,-6.0000,7.9764,24.0000
1996-03-18,-19.6250,-38.0000,-10.0000,7.7953,24.0000
1996-03-19,-19.9583,-35.0000,-10.0000,7.8656,24.0000
1996-03-20,-29.9167,-54.0000,-13.0000,8.9972,24.0000
1996-03-21,-30.5833,-66.0000,-13.0000,15.3875,24.0000
1996-03-22,-33.2500,-49.0000,-19.0000,8.8772,24.0000
1996-03-23,-28.4167,-47.0000,-19.0000,9.5322,24.0000
1996-03-24,-26.5833,-53.0000,-9.0000,11.6504,24.0000
1996-03-25,-37.0833,-60.0000,-19.0000,10.8223,24.0000
1996-03-26,-25.8333,-41.0000,-15.0000,7.8722,24.0000
1996-03-27,-16.1250,-23.0000,-8.0000,5.0503,24.0000
1996-03-28,-17.7083,-25.0000,-10.0000,3.4701,24.0000
1996-03-29,-11.2917,-19.0000,-3.0000,4.7956,24.0000
1996-03-30,-2.2917,-11.0000,5.0000,4.7226,24.0000
1996-03-31,-2.7083,-12.0000,4.0000,5.2707,24.0000
1996-04-01,-9.0417,-20.0000,9.0000,9.6751,24.0000
1996-04-02,-4.6250,-13.0000,2.0000,4.4508,24.0000
1996-04-03,-0.0833,-22.0000,11.0000,7.8126,24.0000
1996-04-04,-17.2917,-28.0000,-1.0000,7.5785,24.0000
1996-04-05,-10.7500,-18.0000,-4.0000,3.2067,24.0000
1996-04-06,-4.8750,-10.0000,0.0000,3.2746,24.0000
1996-04-07,-1.1250,-7.0000,6.0000,3.6986,24.0000
1996-04-08,9.2500,-8.0000,19.0000,6.9298,24.0000
1996-04-09,-12.4167,-19.0000,-1.0000,5.1913,24.0000
1996-04-10,-12.6250,-17.0000,-7.0000,3.1181,24.0000
1996-04-11,-9.7500,-19.0000,4.0000,7.7530,24.0000
1996-04-12,-25.0833,-34.0000,-12.0000,6.3309,24.0000
1996-04-13,-17.6250,-29.0000,-11.0000,4.7072,24.0000
1996-04-14,-29.3750,-53.0000,-19.0000,6.9207,24.0000
1996-04-15,-32.7500,-56.0000,-23.0000,9.1331,24.0000
1996-04-16,-22.5833,-30.0000,-13.0000,4.5675,24.0000
1996-04-17,-34.1667,-52.0000,-10.0000,11.8566,24.0000
1996-04-18,-29.0417,-39.0000,-20.0000,5.8865,24.0000
1996-04-19,-25.8333,-35.0000,-16.0000,5.2805,24.0000
1996-04-20,-29.2917,-41.0000,-21.0000,4.7775,24.0000
1996-04-21,-25.8333,-38.0000,-16.0000,6.5718,24.0000
1996-04-22,-20.9583,-29.0000,-14.0000,4.2167,24.0000
1996-04-23,-16.0833,-26.0000,-6.0000,6.2757,24.0000
1996-04-24,-12.5833,-23.0000,-7.0000,4.6617,24.0000
1996-04-25,-9.3333,-22.0000,-2.0000,5.5924,24.0000
1996-04-26,-0.3333,-10.0000,8.0000,6.2531,24.0000
1996-04-27,-2.5000,-14.0000,4.0000,4.9869,24.0000
1996-04-28,-6.7917,-14.0000,-2.0000,3.4638,24.0000
1996-04-29,-0.4167,-9.0000,7.0000,4.5004,24.0000
1996-04-30,1.8750,-7.0000,10.0000,5.4876,24.0000
1996-05-01,-3.8750,-13.0000,6.0000,5.4876,24.0000
1996-05-02,2.7917,-7.0000,11.0000,4.8183,24.0000
1996-05-03,4.1250,-4.0000,13.0000,4.8840,24.0000
1996-05-04,-2.9167,-16.0000,11.0000,7.7286,24.0000
1996-05-05,-9.6250,-14.0000,-5.0000,1.9740,24.0000
1996-05-06,-6.2500,-16.0000,9.0000,7.1277,24.0000
1996-05-07,5.0000,-3.0000,11.0000,4.0217,24.0000
1996-05-08,-7.4167,-23.0000,1.0000,7.1500,24.0000
1996-05-09,0.3333,-6.0000,7.0000,3.2660,24.0000
1996-05-10,-3.8333,-10.0000,2.0000,3.4347,24.0000
1996-05-11,1.0000,-10.0000,11.0000,6.0935,24.0000
1996-05-12,5.1250,0.0000,12.0000,3.6986,24.0000
1996-05-13,-6.5417,-20.0000,9.0000,7.8240,24.0000
1996-05-14,-14.4167,-29.0000,-8.0000,4.8177,24.0000
1996-05-15,-14.0000,-21.0000,-2.0000,5.2915,24.0000
1996-05-16,-13.5000,-19.0000,-4.0000,3.6236,24.0000
1996-05-17,-16.1250,-26.0000,-2.0000,7.9033,24.0000
1996-05-18,-8.9583,-20.0000,-1.0000,5.2376,24.0000
1996-05-19,0.3333,-8.0000,10.0000,3.9526,24.0000
1996-05-20,-11.6250,-21.0000,-2.0000,5.0718,24.0000
1996-05-21,-11.5000,-20.0000,-3.0000,4.6811,24.0000
1996-05-22,-6.1250,-14.0000,-2.0000,3.3920,24.0000
1996-05-23,3.6250,-6.0000,10.0000,5.0974,24.0000
1996-05-24,6.1250,0.0000,13.0000,4.2047,24.0000
1996-05-25,0.9167,-9.0000,6.0000,2.9770,24.0000
1996-05-26,-7.5417,-13.0000,-2.0000,3.3098,24.0000
1996-05-27,-10.3333,-33.0000,12.0000,13.1138,24.0000
1996-05-28,-2.7500,-22.0000,12.0000,11.4711,24.0000
1996-05-29,19.7500,3.0000,40.0000,9.1473,24.0000
1996-05-30,-3.0417,-8.0000,6.0000,4.7041,24.0000
1996-05-31,4.9583,-9.0000,13.0000,5.6912,24.0000
1996-06-01,-1.9167,-10.0000,5.0000,4.2826,24.0000
1996-06-02,5.5000,-6.0000,14.0000,6.7438,24.0000
1996-06-03,2.7917,-6.0000,13.0000,5.5480,24.0000
1996-06-04,6.7917,-1.0000,12.0000,3.4133,24.0000
1996-06-05,3.7500,-6.0000,12.0000,5.4474,24.0000
1996-06-06,-1.4167,-10.0000,12.0000,6.8202,24.0000
1996-06-07,-1.8750,-8.0000,3.0000,3.5791,24.0000
1996-06-08,-0.6667,-9.0000,7.0000,5.0533,24.0000
1996-06-09,2.9167,-5.0000,11.0000,4.3028,24.0000
1996-06-10,1.1250,-5.0000,10.0000,3.2075,24.0000
1996-06-11,8.9583,3.0000,16.0000,3.5445,24.0000
1996-06-12,3.1667,-3.0000,10.0000,3.6435,24.0000
1996-06-13,6.0417,4.0000,9.0000,1.3981,24.0000
1996-06-14,3.0000,-3.0000,13.0000,4.5683,24.0000
1996-06-15,8.7917,-13.0000,21.0000,10.6198,24.0000
1996-06-16,0.5417,-6.0000,6.0000,3.1620,24.0000
1996-06-17,-4.4167,-16.0000,4.0000,5.1323,24.0000
1996-06-18,3.0833,-6.0000,9.0000,3.9444,24.0000
1996-06-19,-3.4583,-11.0000,11.0000,5.8308,24.0000
1996-06-20,2.2500,-10.0000,19.0000,7.6514,24.0000
1996-06-21,4.5417,-13.0000,15.0000,6.8460,24.0000
1996-06-22,4.6667,-4.0000,16.0000,6.1621,24.0000
1996-06-23,9.4583,3.0000,15.0000,2.9632,24.0000
1996-06-24,1.7500,-3.0000,9.0000,3.1381,24.0000
1996-06-25,6.2083,1.0000,11.0000,2.9924,24.0000
1996-06-26,8.6667,2.0000,15.0000,3.6792,24.0000
1996-06-27,6.5417,-1.0000,18.0000,5.2831,24.0000
1996-06-28,5.9167,-2.0000,18.0000,5.6716,24.0000
1996-06-29,0.2083,-13.0000,11.0000,7.6839,24.0000
1996-06-30,-6.2917,-14.0000,5.0000,4.8944,24.0000
1996-07-01,3.6250,-9.0000,20.0000,8.1444,24.0000
1996-07-02,1.7917,-20.0000,11.0000,9.8289,24.0000
1996-07-03,-7.2083,-14.0000,2.0000,4.9868,24.0000
1996-07-04,-15.8750,-31.0000,-3.0000,7.1098,24.0000
1996-07-05,-10.7500,-20.0000,-4.0000,3.8363,24.0000
1996-07-06,-5.2083,-13.0000,2.0000,4.0752,24.0000
1996-07-07,-6.7917,-12.0000,-1.0000,3.0214,24.0000
1996-07-08,-6.9167,-13.0000,0.0000,3.6226,24.0000
1996-07-09,-7.2917,-16.0000,2.0000,4.9032,24.0000
1996-07-10,-3.0417,-8.0000,3.0000,3.0713,24.0000
1996-07-11,7.7500,-2.0000,15.0000,5.2191,24.0000
1996-07-12,-12.6250,-24.0000,9.0000,8.8358,24.0000
1996-07-13,-3.6667,-14.0000,5.0000,6.1054,24.0000
1996-07-14,7.2083,-8.0000,21.0000,7.0648,24.0000
1996-07-15,0.0417,-11.0000,12.0000,6.7918,24.0000
1996-07-16,-0.2083,-10.0000,14.0000,7.7627,24.0000
1996-07-17,-6.8750,-16.0000,10.0000,6.6875,24.0000
1996-07-18,-0.8750,-10.0000,6.0000,4.5139,24.0000
1996-07-19,1.0417,-11.0000,9.0000,5.6452,24.0000
1996-07-20,-1.9167,-12.0000,11.0000,6.1920,24.0000
1996-07-21,0.4167,-12.0000,10.0000,5.5082,24.0000
1996-07-22,-0.9167,-10.0000,10.0000,4.5389,24.0000
1996-07-23,-5.5833,-12.0000,1.0000,3.3997,24.0000
1996-07-24,2.0000,-7.0000,14.0000,6.4941,24.0000
1996-07-25,4.8750,-7.0000,18.0000,7.7196,24.0000
1996-07-26,-2.9583,-7.0000,7.0000,3.8951,24.0000
1996-07-27,-1.9583,-11.0000,5.0000,5.0946,24.0000
1996-07-28,2.5417,-21.0000,27.0000,14.6049,24.0000
1996-07-29,-6.5000,-12.0000,1.0000,3.2837,24.0000
1996-07-30,-3.5833,-16.0000,9.0000,6.3924,24.0000
1996-07-31,-13.4583,-30.0000,3.0000,8.6827,24.0000
1996-08-01,-15.0000,-25.0000,-8.0000,4.7640,24.0000
1996-08-02,-14.8750,-27.0000,-6.0000,4.7026,24.0000
1996-08-03,-10.5417,-16.0000,-6.0000,2.2646,24.0000
1996-08-04,-8.2917,-13.0000,-3.0000,2.8663,24.0000
1996-08-05,-11.4583,-18.0000,-4.0000,4.4622,24.0000
1996-08-06,-7.1667,-22.0000,2.0000,6.2739,24.0000
1996-08-07,-7.0833,-23.0000,6.0000,8.6674,24.0000
1996-08-08,-5.1667,-14.0000,5.0000,5.3215,24.0000
1996-08-09,3.8750,-9.0000,12.0000,7.1159,24.0000
1996-08-10,-2.9167,-9.0000,3.0000,3.2560,24.0000
1996-08-11,7.1667,-1.0000,12.0000,3.1851,24.0000
1996-08-12,8.2083,1.0000,18.0000,4.0964,24.0000
1996-08-13,6.5833,-7.0000,15.0000,7.2287,24.0000
1996-08-14,-5.6667,-27.0000,8.0000,11.7090,24.0000
1996-08-15,-5.4167,-13.0000,4.0000,4.9071,24.0000
1996-08-16,-5.3750,-23.0000,14.0000,9.7348,24.0000
1996-08-17,-9.9167,-18.0000,-1.0000,3.9773,24.0000
1996-08-18,-5.1667,-13.0000,1.0000,4.0289,24.0000
1996-08-19,-5.2083,-10.0000,4.0000,3.7761,24.0000
1996-08-20,-3.0000,-9.0000,6.0000,4.3937,24.0000
1996-08-21,-3.2500,-10.0000,2.0000,3.4167,24.0000
1996-08-22,-6.5000,-13.0000,-1.0000,3.2437,24.0000
1996-08-23,-12.2917,-30.0000,13.0000,12.5542,24.0000
1996-08-24,-7.0833,-17.0000,2.0000,4.3129,24.0000
1996-08-25,-18.4167,-34.0000,-6.0000,7.3657,24.0000
1996-08-26,-16.7083,-22.0000,-11.0000,3.2501,24.0000
1996-08-27,-12.3750,-25.0000,2.0000,7.7168,24.0000
1996-08-28,-12.6667,-22.0000,-2.0000,4.5747,24.0000
1996-08-29,-34.0417,-48.0000,-9.0000,9.1008,24.0000
1996-08-30,-23.1667,-29.0000,-16.0000,3.4850,24.0000
1996-08-31,-24.2500,-36.0000,-15.0000,6.4082,24.0000
1996-09-01,-15.6250,-20.0000,-12.0000,2.2421,24.0000
1996-09-02,-12.0417,-19.0000,-7.0000,3.0571,24.0000
1996-09-03,-8.3750,-13.0000,-4.0000,2.1226,24.0000
1996-09-04,-5.7083,-30.0000,4.0000,6.9061,24.0000
1996-09-05,-14.1667,-28.0000,-3.0000,6.4381,24.0000
1996-09-06,-8.1250,-15.0000,-4.0000,2.2324,24.0000
1996-09-07,-9.6250,-20.0000,-3.0000,4.6139,24.0000
1996-09-08,-8.4167,-14.0000,0.0000,3.1335,24.0000
1996-09-09,-1.7500,-19.0000,17.0000,8.3679,24.0000
1996-09-10,-25.2083,-42.0000,1.0000,11.3482,24.0000
1996-09-11,-28.7917,-42.0000,-9.0000,8.3821,24.0000
1996-09-12,-35.0833,-54.0000,-24.0000,6.5536,24.0000
1996-09-13,-25.0417,-34.0000,-15.0000,5.2625,24.0000
1996-09-14,-19.6250,-30.0000,-11.0000,5.4359,24.0000
1996-09-15,-15.4583,-27.0000,-10.0000,4.3836,24.0000
1996-09-16,-24.9583,-33.0000,-8.0000,7.0370,24.0000
1996-09-17,-14.4583,-22.0000,-6.0000,4.6249,24.0000
1996-09-18,-25.7500,-41.0000,-11.0000,7.5599,24.0000
1996-09-19,-18.0417,-38.0000,4.0000,12.5784,24.0000
1996-09-20,-26.0833,-43.0000,-18.0000,6.1779,24.0000
1996-09-21,-28.7917,-44.0000,-12.0000,8.7823,24.0000
1996-09-22,-29.3333,-48.0000,-19.0000,6.7545,24.0000
1996-09-23,-36.6667,-51.0000,-21.0000,7.0196,24.0000
1996-09-24,-26.7500,-37.0000,-18.0000,6.4014,24.0000
1996-09-25,-19.1667,-42.0000,-8.0000,9.0730,24.0000
1996-09-26,-24.4583,-48.0000,3.0000,12.9715,24.0000
1996-09-27,-28.4167,-50.0000,-14.0000,10.9937,24.0000
1996-09-28,-25.1250,-48.0000,-6.0000,10.4977,24.0000
1996-09-29,-9.6250,-19.0000,0.0000,5.1820,24.0000
1996-09-30,-7.2500,-11.0000,-4.0000,2.5410,24.0000
1996-10-01,-4.9583,-11.0000,10.0000,5.0345,24.0000
1996-10-02,-1.8750,-15.0000,14.0000,9.9272,24.0000
1996-10-03,-17.3750,-29.0000,-10.0000,5.4598,24.0000
1996-10-04,-8.4167,-14.0000,-2.0000,2.8425,24.0000
1996-10-05,-6.4583,-11.0000,-2.0000,2.3402,24.0000
1996-10-06,-2.5417,-6.0000,0.0000,1.7932,24.0000
1996-10-07,0.1667,-7.0000,7.0000,3.2123,24.0000
1996-10-08,-5.0833,-35.0000,10.0000,12.8703,24.0000
1996-10-09,-25.1667,-37.0000,-12.0000,6.3291,24.0000
1996-10-10,-21.1250,-31.0000,-16.0000,4.2765,24.0000
1996-10-11,-16.1667,-26.0000,-10.0000,4.4980,24.0000
1996-10-12,-17.4583,-32.0000,-7.0000,6.4335,24.0000
1996-10-13,-27.3333,-44.0000,-12.0000,8.2128,24.0000
1996-10-14,-25.2500,-36.0000,-16.0000,5.4234,24.0000
1996-10-15,-16.6250,-29.0000,-11.0000,5.1314,24.0000
1996-10-16,-13.7083,-28.0000,2.0000,9.7779,24.0000
1996-10-17,-6.5417,-19.0000,3.0000,5.2666,24.0000
1996-10-18,-27.9583,-42.0000,-10.0000,7.9808,24.0000
1996-10-19,-38.2917,-52.0000,-27.0000,6.4571,24.0000
1996-10-20,-34.2917,-51.0000,-26.0000,7.7655,24.0000
1996-10-21,-24.5417,-34.0000,-18.0000,4.2322,24.0000
1996-10-22,-30.8750,-61.0000,-17.0000,9.5840,24.0000
1996-10-23,-57.0000,-105.0000,-33.0000,24.2756,24.0000
1996-10-24,-38.6667,-49.0000,-28.0000,5.2640,24.0000
1996-10-25,-35.4167,-44.0000,-27.0000,4.5101,24.0000
1996-10-26,-24.0833,-32.0000,-19.0000,3.6226,24.0000
1996-10-27,-11.9583,-21.0000,-6.0000,5.4332,24.0000
1996-10-28,-14.3333,-20.0000,-6.0000,4.5076,24.0000
1996-10-29,-22.5417,-28.0000,-16.0000,2.9485,24.0000
1996-10-30,-24.7083,-41.0000,-10.0000,10.2723,24.0000
1996-10-31,-25.4167,-36.0000,-17.0000,5.8823,24.0000
1996-11-01,-12.4583,-18.0000,-8.0000,3.1065,24.0000
1996-11-02,-10.8750,-13.0000,-7.0000,1.6762,24.0000
1996-11-03,-3.3750,-11.0000,11.0000,5.0374,24.0000
1996-11-04,-15.1667,-31.0000,17.0000,12.7199,24.0000
1996-11-05,-16.5000,-27.0000,-5.0000,5.8829,24.0000
1996-11-06,-17.4167,-25.0000,-11.0000,3.7639,24.0000
1996-11-07,-11.0000,-18.0000,-6.0000,3.6116,24.0000
1996-11-08,-9.3333,-16.0000,-2.0000,3.9416,24.0000
1996-11-09,-12.5000,-23.0000,-3.0000,5.3079,24.0000
1996-11-10,-19.0417,-36.0000,-10.0000,8.0243,24.0000
1996-11-11,-4.0000,-12.0000,5.0000,4.6625,24.0000
1996-11-12,-10.3333,-16.0000,-2.0000,4.0931,24.0000
1996-11-13,-9.3333,-34.0000,13.0000,11.8125,24.0000
1996-11-14,-31.0417,-47.0000,-23.0000,5.9306,24.0000
1996-11-15,-27.2083,-33.0000,-19.0000,4.0323,24.0000
1996-11-16,-21.0000,-29.0000,-7.0000,6.8461,24.0000
1996-11-17,-15.5417,-30.0000,1.0000,9.1556,24.0000
1996-11-18,-27.4167,-40.0000,-17.0000,7.1440,24.0000
1996-11-19,-23.2500,-29.0000,-13.0000,4.3264,24.0000
1996-11-20,-16.1250,-31.0000,-8.0000,7.1159,24.0000
1996-11-21,-25.3750,-42.0000,-9.0000,10.0815,24.0000
1996-11-22,-14.2917,-19.0000,-9.0000,3.0571,24.0000
1996-11-23,-11.2917,-18.0000,-5.0000,3.8727,24.0000
1996-11-24,-5.2500,-19.0000,3.0000,5.3589,24.0000
1996-11-25,-14.0833,-28.0000,-1.0000,8.6271,24.0000
1996-11-26,-8.8333,-20.0000,-4.0000,3.8636,24.0000
1996-11-27,-12.2500,-20.0000,-5.0000,3.1657,24.0000
1996-11-28,-15.9167,-20.0000,-10.0000,2.8117,24.0000
1996-11-29,-8.5000,-16.0000,0.0000,5.2087,24.0000
1996-11-30,-3.3333,-8.0000,0.0000,2.2968,24.0000
1996-12-01,2.9167,-7.0000,9.0000,4.5389,24.0000
1996-12-02,3.4167,-9.0000,29.0000,11.3556,24.0000
1996-12-03,-13.5000,-19.0000,-3.0000,3.6831,24.0000
1996-12-04,-7.5833,-15.0000,5.0000,6.0211,24.0000
1996-12-05,-7.2917,-10.0000,-5.0000,1.6280,24.0000
1996-12-06,-5.7500,-14.0000,5.0000,4.5707,24.0000
1996-12-07,0.2500,-10.0000,5.0000,4.0352,24.0000
1996-12-08,-4.7500,-14.0000,8.0000,7.4382,24.0000
1996-12-09,10.1250,-15.0000,24.0000,7.7252,24.0000
1996-12-10,-23.0833,-32.0000,-15.0000,5.9044,24.0000
1996-12-11,-17.3333,-25.0000,-12.0000,4.2495,24.0000
1996-12-12,-16.8750,-30.0000,-7.0000,5.6899,24.0000
1996-12-13,-17.8333,-22.0000,-10.0000,3.5955,24.0000
1996-12-14,-14.2500,-25.0000,-6.0000,5.5814,24.0000
1996-12-15,-13.7917,-22.0000,-6.0000,4.8988,24.0000
1996-12-16,-17.0833,-23.0000,-5.0000,4.5004,24.0000
1996-12-17,-17.3333,-22.0000,-12.0000,2.9879,24.0000
1996-12-18,-15.5417,-20.0000,-12.0000,2.4491,24.0000
1996-12-19,-10.1667,-18.0000,-6.0000,3.9964,24.0000
1996-12-20,-1.3750,-7.0000,4.0000,3.2679,24.0000
1996-12-21,-1.4167,-15.0000,8.0000,7.1257,24.0000
1996-12-22,-18.4583,-41.0000,-6.0000,11.6282,24.0000
1996-12-23,-20.9583,-39.0000,-1.0000,15.1843,24.0000
1996-12-24,1.2917,-6.0000,12.0000,5.4969,24.0000
1996-12-25,-12.2917,-33.0000,11.0000,13.1132,24.0000
1996-12-26,-5.6667,-13.0000,4.0000,4.0931,24.0000
1996-12-27,-1.2083,-11.0000,5.0000,4.1492,24.0000
1996-12-28,-2.2083,-16.0000,3.0000,5.1328,24.0000
1996-12-29,-2.9583,-12.0000,2.0000,3.8276,24.0000
1996-12-30,-9.2917,-15.0000,-3.0000,3.4951,24.0000
1996-12-31,-11.8750,-18.0000,-8.0000,2.9089,24.0000
1997-01-01,-1.0833,-9.0000,9.0000,4.7081,24.0000
1997-01-02,-1.6667,-10.0000,7.0000,4.7883,24.0000
1997-01-03,0.8750,-6.0000,4.0000,2.4550,24.0000
1997-01-04,0.1667,-5.0000,6.0000,2.7134,24.0000
1997-01-05,3.1667,-7.0000,9.0000,3.8183,24.0000
1997-01-06,8.3333,2.0000,16.0000,3.0740,24.0000
1997-01-07,-5.1667,-17.0000,23.0000,10.4826,24.0000
1997-01-08,-2.0000,-11.0000,6.0000,5.7710,24.0000
1997-01-09,0.3750,-6.0000,9.0000,4.2815,24.0000
1997-01-10,-33.8333,-78.0000,23.0000,31.0577,24.0000
1997-01-11,-10.9167,-42.0000,50.0000,23.2583,24.0000
1997-01-12,-16.7917,-28.0000,-8.0000,6.1431,24.0000
1997-01-13,-19.0417,-26.0000,-14.0000,3.9725,24.0000
1997-01-14,-14.8750,-20.0000,-7.0000,3.0690,24.0000
1997-01-15,-5.9167,-12.0000,0.0000,2.8577,24.0000
1997-01-16,-8.7500,-15.0000,-1.0000,4.3364,24.0000
1997-01-17,0.3750,-8.0000,6.0000,3.8540,24.0000
1997-01-18,-3.9167,-14.0000,4.0000,4.5580,24.0000
1997-01-19,-10.3750,-23.0000,1.0000,9.1832,24.0000
1997-01-20,-9.7083,-35.0000,3.0000,10.1102,24.0000
1997-01-21,-18.1250,-31.0000,-10.0000,5.7128,24.0000
1997-01-22,-14.0000,-26.0000,-7.0000,6.0433,24.0000
1997-01-23,-3.0417,-11.0000,3.0000,4.0698,24.0000
1997-01-24,2.4583,-8.0000,18.0000,7.9015,24.0000
1997-01-25,-4.7917,-17.0000,8.0000,6.9594,24.0000
1997-01-26,-8.5417,-45.0000,18.0000,20.2699,24.0000
1997-01-27,-21.7500,-31.0000,-11.0000,5.3912,24.0000
1997-01-28,-26.0833,-44.0000,-9.0000,11.1781,24.0000
1997-01-29,-23.5833,-27.0000,-18.0000,2.4122,24.0000
1997-01-30,-19.9167,-27.0000,-15.0000,4.0423,24.0000
1997-01-31,-16.4583,-23.0000,-14.0000,2.2063,24.0000
1997-02-01,-11.8750,-19.0000,-2.0000,4.9283,24.0000
1997-02-02,-13.6667,-22.0000,-5.0000,5.0101,24.0000
1997-02-03,-17.8333,-21.0000,-13.0000,2.2198,24.0000
1997-02-04,-10.7500,-17.0000,-5.0000,3.7446,24.0000
1997-02-05,-5.5000,-14.0000,3.0000,4.6345,24.0000
1997-02-06,-12.4167,-18.0000,3.0000,5.8079,24.0000
1997-02-07,-5.3333,-13.0000,1.0000,3.7378,24.0000
1997-02-08,-15.0417,-39.0000,6.0000,15.5297,24.0000
1997-02-09,-28.9583,-56.0000,-13.0000,14.2355,24.0000
1997-02-10,-53.8333,-68.0000,-36.0000,9.1208,24.0000
1997-02-11,-38.0833,-60.0000,-22.0000,9.1932,24.0000
1997-02-12,-24.7917,-34.0000,-14.0000,6.0215,24.0000
1997-02-13,-15.5833,-18.0000,-12.0000,1.9763,24.0000
1997-02-14,-16.6250,-20.0000,-11.0000,2.4639,24.0000
1997-02-15,-13.1250,-23.0000,-8.0000,4.2458,24.0000
1997-02-16,-23.1667,-34.0000,-7.0000,7.4406,24.0000
1997-02-17,-33.2500,-54.0000,-19.0000,9.2513,24.0000
1997-02-18,-20.7917,-32.0000,-7.0000,6.3996,24.0000
1997-02-19,-7.0000,-11.0000,-2.0000,2.7975,24.0000
1997-02-20,-4.2500,-7.0000,1.0000,2.0904,24.0000
1997-02-21,-9.5000,-25.0000,5.0000,9.0841,24.0000
1997-02-22,-18.6667,-35.0000,-8.0000,8.7410,24.0000
1997-02-23,-15.7083,-33.0000,-1.0000,9.1056,24.0000
1997-02-24,-15.3333,-29.0000,-4.0000,6.6376,24.0000
1997-02-25,-14.5000,-19.0000,-7.0000,3.2571,24.0000
1997-02-26,-16.5417,-29.0000,-1.0000,7.6271,24.0000
1997-02-27,-28.2083,-86.0000,-5.0000,15.5199,24.0000
1997-02-28,-53.1250,-76.0000,-36.0000,10.0491,24.0000
1997-03-01,-32.8750,-38.0000,-26.0000,2.8024,24.0000
1997-03-02,-26.5417,-32.0000,-21.0000,3.5506,24.0000
1997-03-03,-25.0417,-32.0000,-18.0000,3.6532,24.0000
1997-03-04,-20.8333,-25.0000,-17.0000,2.6155,24.0000
1997-03-05,-11.7500,-24.0000,12.0000,9.2184,24.0000
1997-03-06,-23.8333,-34.0000,-17.0000,5.4746,24.0000
1997-03-07,-18.8333,-36.0000,-10.0000,6.5784,24.0000
1997-03-08,-16.3750,-32.0000,-8.0000,5.7394,24.0000
1997-03-09,-3.3750,-8.0000,3.0000,3.0901,24.0000
1997-03-10,-1.6667,-7.0000,5.0000,3.9306,24.0000
1997-03-11,-3.2500,-7.0000,2.0000,2.5065,24.0000
1997-03-12,-8.9167,-24.0000,20.0000,13.7206,24.0000
1997-03-13,-19.2083,-28.0000,-12.0000,3.8896,24.0000
1997-03-14,-9.5833,-17.0000,-3.0000,4.2927,24.0000
1997-03-15,-15.8333,-23.0000,-11.0000,3.3708,24.0000
1997-03-16,-8.8333,-19.0000,0.0000,3.8972,24.0000
1997-03-17,-12.4167,-21.0000,-6.0000,4.7632,24.0000
1997-03-18,-14.7917,-29.0000,-9.0000,6.0790,24.0000
1997-03-19,-0.8333,-7.0000,3.0000,2.7767,24.0000
1997-03-20,4.2917,-5.0000,11.0000,4.9649,24.0000
1997-03-21,1.2500,-9.0000,10.0000,5.9216,24.0000
1997-03-22,-18.0833,-25.0000,-8.0000,5.3562,24.0000
1997-03-23,-8.5833,-14.0000,1.0000,3.9991,24.0000
1997-03-24,-9.8333,-26.0000,-3.0000,5.8135,24.0000
1997-03-25,-16.2500,-31.0000,-2.0000,7.4089,24.0000
1997-03-26,-18.0417,-30.0000,-4.0000,6.5307,24.0000
1997-03-27,-14.5000,-22.0000,-5.0000,4.4429,24.0000
1997-03-28,-22.0417,-63.0000,-1.0000,17.5114,24.0000
1997-03-29,-34.1250,-62.0000,-19.0000,11.8663,24.0000
1997-03-30,-31.0417,-39.0000,-20.0000,5.5127,24.0000
1997-03-31,-17.3333,-33.0000,-8.0000,7.3109,24.0000
1997-04-01,-3.0417,-13.0000,6.0000,4.6390,24.0000
1997-04-02,-15.5833,-23.0000,-8.0000,4.1380,24.0000
1997-04-03,-13.8750,-26.0000,-4.0000,6.4828,24.0000
1997-04-04,-15.5000,-27.0000,-4.0000,5.6105,24.0000
1997-04-05,-21.0000,-34.0000,-10.0000,7.5470,24.0000
1997-04-06,-12.0417,-22.0000,-3.0000,5.3200,24.0000
1997-04-07,-19.0000,-29.0000,-10.0000,4.9255,24.0000
1997-04-08,-15.6250,-21.0000,-8.0000,4.1053,24.0000
1997-04-09,-14.6250,-26.0000,-8.0000,5.2487,24.0000
1997-04-10,-1.5833,-25.0000,20.0000,11.6467,24.0000
1997-04-11,-38.6667,-82.0000,5.0000,25.8956,24.0000
1997-04-12,-18.0833,-37.0000,-10.0000,7.8735,24.0000
1997-04-13,-14.9167,-19.0000,-8.0000,3.0060,24.0000
1997-04-14,-10.7500,-16.0000,2.0000,5.7653,24.0000
1997-04-15,-0.7083,-4.0000,2.0000,1.6545,24.0000
1997-04-16,-8.6250,-44.0000,14.0000,14.6549,24.0000
1997-04-17,-43.5833,-77.0000,-29.0000,12.6144,24.0000
1997-04-18,-35.7500,-41.0000,-25.0000,3.9590,24.0000
1997-04-19,-33.5833,-36.0000,-30.0000,1.8631,24.0000
1997-04-20,-22.2083,-31.0000,-16.0000,4.0645,24.0000
1997-04-21,-33.7083,-107.0000,-1.0000,33.2245,24.0000
1997-04-22,-52.0833,-93.0000,-33.0000,18.4695,24.0000
1997-04-23,-17.0833,-34.0000,-3.0000,8.4180,24.0000
1997-04-24,-19.2083,-32.0000,0.0000,7.9399,24.0000
1997-04-25,-3.5833,-10.0000,4.0000,4.1694,24.0000
1997-04-26,-4.0417,-9.0000,2.0000,2.8050,24.0000
1997-04-27,-2.6667,-8.0000,6.0000,4.1249,24.0000
1997-04-28,4.5417,-2.0000,10.0000,2.7023,24.0000
1997-04-29,3.6250,-2.0000,9.0000,2.9015,24.0000
1997-04-30,-10.2500,-28.0000,0.0000,7.5195,24.0000
1997-05-01,-18.8750,-63.0000,5.0000,18.9331,24.0000
1997-05-02,-35.5000,-64.0000,-22.0000,11.9018,24.0000
1997-05-03,-23.0417,-30.0000,-18.0000,4.2064,24.0000
1997-05-04,-19.0000,-25.0000,-13.0000,3.0928,24.0000
1997-05-05,-14.8333,-21.0000,-5.0000,4.6407,24.0000
1997-05-06,-14.5833,-23.0000,-6.0000,4.9248,24.0000
1997-05-07,-8.8750,-19.0000,-1.0000,5.1102,24.0000
1997-05-08,-5.5833,-14.0000,0.0000,4.0316,24.0000
1997-05-09,-8.4583,-17.0000,0.0000,4.5010,24.0000
1997-05-10,-2.9167,-9.0000,6.0000,4.2520,24.0000
1997-05-11,-4.7083,-13.0000,4.0000,4.5634,24.0000
1997-05-12,1.4167,-2.0000,5.0000,1.8863,24.0000
1997-05-13,4.8750,1.0000,8.0000,2.0068,24.0000
1997-05-14,5.5417,-4.0000,12.0000,4.4427,24.0000
1997-05-15,-62.1250,-115.0000,18.0000,45.7624,24.0000
1997-05-16,-40.1250,-47.0000,-29.0000,4.8572,24.0000
1997-05-17,-39.5000,-51.0000,-29.0000,6.9470,24.0000
1997-05-18,-22.2917,-35.0000,-8.0000,8.2803,24.0000
1997-05-19,-15.8333,-21.0000,-9.0000,3.4473,24.0000
1997-05-20,-8.0833,-17.0000,5.0000,8.1236,24.0000
1997-05-21,-7.2083,-17.0000,-1.0000,4.0323,24.0000
1997-05-22,-1.2083,-10.0000,9.0000,5.3971,24.0000
1997-05-23,-1.1250,-9.0000,7.0000,5.0846,24.0000
1997-05-24,-5.4583,-29.0000,11.0000,12.7039,24.0000
1997-05-25,-10.1667,-26.0000,6.0000,11.2970,24.0000
1997-05-26,-1.8750,-29.0000,12.0000,9.4008,24.0000
1997-05-27,-50.6250,-73.0000,-31.0000,12.0932,24.0000
1997-05-28,-21.2917,-31.0000,-14.0000,4.1753,24.0000
1997-05-29,-10.6250,-15.0000,-6.0000,2.6509,24.0000
1997-05-30,-6.0000,-26.0000,6.0000,9.8201,24.0000
1997-05-31,-9.7500,-15.0000,-3.0000,3.5539,24.0000
1997-06-01,-15.5417,-26.0000,-9.0000,5.1413,24.0000
1997-06-02,-9.3750,-17.0000,-3.0000,3.8765,24.0000
1997-06-03,-18.2917,-23.0000,-11.0000,3.2367,24.0000
1997-06-04,-15.5000,-22.0000,-10.0000,3.7066,24.0000
1997-06-05,-14.7917,-20.0000,-9.0000,3.5628,24.0000
1997-06-06,-2.5833,-14.0000,14.0000,7.8735,24.0000
1997-06-07,-15.3333,-27.0000,2.0000,8.5092,24.0000
1997-06-08,-28.4583,-64.0000,-14.0000,12.9882,24.0000
1997-06-09,-61.0833,-84.0000,-36.0000,15.0735,24.0000
1997-06-10,-29.7917,-38.0000,-19.0000,6.2134,24.0000
1997-06-11,-7.0000,-28.0000,5.0000,11.5871,24.0000
1997-06-12,-4.5000,-12.0000,1.0000,4.0432,24.0000
1997-06-13,-4.6667,-10.0000,0.0000,2.5481,24.0000
1997-06-14,0.6667,-6.0000,9.0000,4.4101,24.0000
1997-06-15,-0.7917,-11.0000,10.0000,5.7708,24.0000
1997-06-16,-1.0000,-5.0000,7.0000,3.4515,24.0000
1997-06-17,-7.5000,-12.0000,-3.0000,3.0072,24.0000
1997-06-18,-5.5833,-11.0000,-2.0000,2.3390,24.0000
1997-06-19,-19.4167,-36.0000,-1.0000,11.5002,24.0000
1997-06-20,-12.7917,-17.0000,-6.0000,4.0215,24.0000
1997-06-21,-5.7917,-12.0000,1.0000,3.9889,24.0000
1997-06-22,2.6667,-5.0000,12.0000,4.5173,24.0000
1997-06-23,-2.4583,-11.0000,3.0000,3.8559,24.0000
1997-06-24,-3.7917,-13.0000,5.0000,5.0732,24.0000
1997-06-25,-2.2917,-11.0000,10.0000,6.7468,24.0000
1997-06-26,-1.9167,-13.0000,5.0000,4.9862,24.0000
1997-06-27,-8.5000,-25.0000,16.0000,12.5560,24.0000
1997-06-28,-16.5833,-30.0000,-10.0000,4.1380,24.0000
1997-06-29,-23.3750,-33.0000,-15.0000,6.3917,24.0000
1997-06-30,-13.3750,-20.0000,-7.0000,3.6093,24.0000
1997-07-01,-6.5000,-18.0000,-4.0000,3.4008,24.0000
1997-07-02,-2.8333,-9.0000,1.0000,2.7452,24.0000
1997-07-03,1.0000,-8.0000,18.0000,6.9282,24.0000
1997-07-04,-2.7500,-10.0000,3.0000,3.3395,24.0000
1997-07-05,1.1667,-3.0000,5.0000,2.5481,24.0000
1997-07-06,-0.7500,-6.0000,4.0000,3.0253,24.0000
1997-07-07,-5.9167,-19.0000,7.0000,7.1743,24.0000
1997-07-08,-10.8750,-16.0000,-3.0000,4.2047,24.0000
1997-07-09,-13.1667,-28.0000,1.0000,8.2813,24.0000
1997-07-10,-13.6667,-21.0000,-4.0000,4.9137,24.0000
1997-07-11,-8.0000,-15.0000,-1.0000,4.4233,24.0000
1997-07-12,-0.8333,-4.0000,4.0000,2.4077,24.0000
1997-07-13,1.1667,-3.0000,8.0000,2.9142,24.0000
1997-07-14,4.6667,-3.0000,12.0000,4.1772,24.0000
1997-07-15,-12.6250,-45.0000,18.0000,24.6802,24.0000
1997-07-16,-12.3333,-22.0000,-6.0000,4.2801,24.0000
1997-07-17,-6.3750,-18.0000,1.0000,4.8348,24.0000
1997-07-18,-8.5000,-16.0000,-1.0000,4.0109,24.0000
1997-07-19,-8.0000,-16.0000,2.0000,4.4818,24.0000
1997-07-20,-12.4167,-18.0000,-6.0000,3.7523,24.0000
1997-07-21,-2.7917,-11.0000,3.0000,4.0323,24.0000
1997-07-22,-0.7500,-7.0000,7.0000,3.6860,24.0000
1997-07-23,2.4583,-5.0000,10.0000,4.0752,24.0000
1997-07-24,11.2917,-7.0000,25.0000,9.1246,24.0000
1997-07-25,2.4583,-3.0000,15.0000,5.5245,24.0000
1997-07-26,5.4167,1.0000,11.0000,2.8117,24.0000
1997-07-27,5.0417,0.0000,10.0000,2.7894,24.0000
1997-07-28,7.5833,-1.0000,14.0000,4.3631,24.0000
1997-07-29,6.4583,-1.0000,13.0000,4.0752,24.0000
1997-07-30,-0.4583,-8.0000,14.0000,6.1643,24.0000
1997-07-31,-13.0417,-23.0000,21.0000,10.2681,24.0000
1997-08-01,-11.5833,-17.0000,-6.0000,3.1056,24.0000
1997-08-02,-9.7500,-15.0000,-4.0000,3.2337,24.0000
1997-08-03,-11.2500,-49.0000,28.0000,23.3931,24.0000
1997-08-04,-7.9167,-22.0000,1.0000,5.6869,24.0000
1997-08-05,-6.4583,-12.0000,-1.0000,3.0642,24.0000
1997-08-06,-9.5833,-15.0000,-4.0000,3.5743,24.0000
1997-08-07,4.2500,-4.0000,15.0000,4.9012,24.0000
1997-08-08,-5.5000,-20.0000,8.0000,7.1384,24.0000
1997-08-09,-0.2083,-7.0000,13.0000,4.9077,24.0000
1997-08-10,-10.0000,-18.0000,0.0000,4.8004,24.0000
1997-08-11,-10.7083,-17.0000,-5.0000,3.4826,24.0000
1997-08-12,-3.9167,-9.0000,5.0000,3.3740,24.0000
1997-08-13,-8.4583,-18.0000,-1.0000,4.4034,24.0000
1997-08-14,-22.2917,-42.0000,-3.0000,8.4312,24.0000
1997-08-15,-15.3750,-24.0000,-4.0000,5.7090,24.0000
1997-08-16,-12.0417,-17.0000,-6.0000,2.4043,24.0000
1997-08-17,-14.5417,-28.0000,-4.0000,7.3543,24.0000
1997-08-18,-14.4583,-22.0000,-3.0000,4.0964,24.0000
1997-08-19,-4.9583,-14.0000,0.0000,4.2781,24.0000
1997-08-20,-7.2500,-15.0000,8.0000,6.2013,24.0000
1997-08-21,-6.6667,-17.0000,-1.0000,4.0072,24.0000
1997-08-22,-12.8333,-21.0000,-2.0000,5.9831,24.0000
1997-08-23,-3.5000,-10.0000,1.0000,3.1347,24.0000
1997-08-24,-4.1250,-19.0000,9.0000,7.7196,24.0000
1997-08-25,-2.3333,-16.0000,6.0000,6.9010,24.0000
1997-08-26,2.3333,-3.0000,7.0000,3.2123,24.0000
1997-08-27,7.8750,-5.0000,21.0000,7.3916,24.0000
1997-08-28,-20.9583,-48.0000,14.0000,15.2785,24.0000
1997-08-29,-17.7083,-26.0000,-7.0000,4.4865,24.0000
1997-08-30,-16.5417,-25.0000,-13.0000,3.2030,24.0000
1997-08-31,-7.3333,-16.0000,1.0000,4.6966,24.0000
1997-09-01,-5.7500,-13.0000,0.0000,4.8207,24.0000
1997-09-02,-1.9583,-7.0000,13.0000,4.3186,24.0000
1997-09-03,-14.4167,-98.0000,10.0000,31.4807,24.0000
1997-09-04,-50.2083,-73.0000,-30.0000,13.3806,24.0000
1997-09-05,-22.0000,-29.0000,-13.0000,4.9957,24.0000
1997-09-06,-16.5417,-24.0000,-6.0000,4.8183,24.0000
1997-09-07,-7.5417,-14.0000,0.0000,4.1701,24.0000
1997-09-08,-3.7917,-17.0000,14.0000,8.7525,24.0000
1997-09-09,-29.7500,-41.0000,-10.0000,9.2278,24.0000
1997-09-10,-27.2917,-49.0000,-8.0000,11.0276,24.0000
1997-09-11,-25.1667,-34.0000,-19.0000,3.6673,24.0000
1997-09-12,-27.6250,-34.0000,-22.0000,3.8086,24.0000
1997-09-13,-22.2917,-38.0000,-9.0000,9.6255,24.0000
1997-09-14,-26.4583,-35.0000,-19.0000,5.2252,24.0000
1997-09-15,-31.5000,-48.0000,-18.0000,8.4442,24.0000
1997-09-16,-24.1250,-34.0000,-15.0000,6.0671,24.0000
1997-09-17,-20.5833,-43.0000,-8.0000,11.3824,24.0000
1997-09-18,-39.5000,-56.0000,-25.0000,9.1224,24.0000
1997-09-19,-12.7083,-21.0000,-7.0000,4.1229,24.0000
1997-09-20,-24.3333,-38.0000,-11.0000,7.2151,24.0000
1997-09-21,-19.0000,-36.0000,-8.0000,7.0031,24.0000
1997-09-22,-15.4167,-30.0000,-4.0000,7.8956,24.0000
1997-09-23,-10.2917,-17.0000,-4.0000,2.9997,24.0000
1997-09-24,1.5833,-4.0000,8.0000,3.6821,24.0000
1997-09-25,-2.7083,-9.0000,2.0000,2.5619,24.0000
1997-09-26,-4.9167,-10.0000,2.0000,3.4505,24.0000
1997-09-27,-16.8333,-36.0000,-3.0000,8.4528,24.0000
1997-09-28,-28.1667,-42.0000,-14.0000,8.5703,24.0000
1997-09-29,-13.1667,-18.0000,-10.0000,2.1400,24.0000
1997-09-30,-14.9167,-25.0000,-5.0000,5.3562,24.0000
1997-10-01,-47.5000,-98.0000,8.0000,31.9606,24.0000
1997-10-02,-31.8750,-42.0000,-26.0000,4.2866,24.0000
1997-10-03,-20.3750,-35.0000,-9.0000,7.9115,24.0000
1997-10-04,-17.9167,-25.0000,-11.0000,3.8098,24.0000
1997-10-05,-12.5417,-19.0000,-7.0000,3.5137,24.0000
1997-10-06,-8.3750,-13.0000,-5.0000,2.6672,24.0000
1997-10-07,-16.6250,-25.0000,-4.0000,5.0460,24.0000
1997-10-08,-24.2083,-36.0000,-10.0000,8.8661,24.0000
1997-10-09,-36.8750,-50.0000,-30.0000,5.2196,24.0000
1997-10-10,-45.7500,-92.0000,-14.0000,17.8356,24.0000
1997-10-11,-73.8750,-130.0000,-33.0000,29.7399,24.0000
1997-10-12,-38.6667,-49.0000,-32.0000,5.1471,24.0000
1997-10-13,-38.8750,-46.0000,-25.0000,5.7356,24.0000
1997-10-14,-24.0417,-32.0000,-16.0000,4.1229,24.0000
1997-10-15,-20.4167,-29.0000,-11.0000,6.5734,24.0000
1997-10-16,-11.0417,-20.0000,-5.0000,4.4280,24.0000
1997-10-17,-8.3750,-18.0000,4.0000,6.2957,24.0000
1997-10-18,-15.7917,-23.0000,-9.0000,4.5395,24.0000
1997-10-19,-12.3333,-17.0000,-9.0000,1.8805,24.0000
1997-10-20,-13.4167,-19.0000,-10.0000,2.4480,24.0000
1997-10-21,-8.5833,-15.0000,5.0000,6.5867,24.0000
1997-10-22,-5.6667,-14.0000,6.0000,5.6157,24.0000
1997-10-23,-3.9167,-23.0000,16.0000,9.6049,24.0000
1997-10-24,-31.6250,-60.0000,-16.0000,9.3195,24.0000
1997-10-25,-44.9167,-64.0000,-33.0000,8.1503,24.0000
1997-10-26,-42.3750,-52.0000,-33.0000,5.3553,24.0000
1997-10-27,-39.1250,-60.0000,-27.0000,9.1903,24.0000
1997-10-28,-36.1667,-53.0000,-25.0000,8.0954,24.0000
1997-10-29,-30.7500,-43.0000,-18.0000,6.8159,24.0000
1997-10-30,-22.0000,-30.0000,-15.0000,3.8221,24.0000
1997-10-31,-16.5833,-23.0000,-5.0000,3.9444,24.0000
1997-11-01,-8.0417,-17.0000,8.0000,7.0924,24.0000
1997-11-02,-10.6250,-17.0000,-3.0000,4.0627,24.0000
1997-11-03,-4.9167,-12.0000,1.0000,3.8552,24.0000
1997-11-04,-18.4583,-32.0000,-4.0000,8.7525,24.0000
1997-11-05,-18.7500,-44.0000,-4.0000,12.4943,24.0000
1997-11-06,-23.5417,-34.0000,-5.0000,8.3509,24.0000
1997-11-07,-64.9583,-110.0000,-29.0000,25.9389,24.0000
1997-11-08,-29.0417,-35.0000,-24.0000,2.6781,24.0000
1997-11-09,-23.2083,-34.0000,-8.0000,6.8524,24.0000
1997-11-10,-38.2500,-54.0000,-16.0000,12.0118,24.0000
1997-11-11,-28.1667,-39.0000,-14.0000,8.2655,24.0000
1997-11-12,-19.8750,-30.0000,-9.0000,6.8861,24.0000
1997-11-13,-6.8333,-12.0000,5.0000,4.5747,24.0000
1997-11-14,-20.7083,-36.0000,-4.0000,11.4150,24.0000
1997-11-15,-34.6250,-49.0000,-25.0000,7.4297,24.0000
1997-11-16,-20.7917,-29.0000,-9.0000,6.1501,24.0000
1997-11-17,-26.4583,-45.0000,-20.0000,6.0504,24.0000
1997-11-18,-18.4583,-28.0000,-9.0000,5.0302,24.0000
1997-11-19,-14.3750,-20.0000,-10.0000,2.9754,24.0000
1997-11-20,-8.4583,-15.0000,-5.0000,2.2646,24.0000
1997-11-21,-2.0833,-8.0000,2.0000,2.6852,24.0000
1997-11-22,-36.2917,-75.0000,-2.0000,22.5321,24.0000
1997-11-23,-88.1250,-108.0000,-57.0000,14.8450,24.0000
1997-11-24,-41.8750,-56.0000,-31.0000,7.1828,24.0000
1997-11-25,-31.2083,-42.0000,-22.0000,7.2889,24.0000
1997-11-26,-22.5000,-27.0000,-13.0000,3.5386,24.0000
1997-11-27,-16.7917,-22.0000,-9.0000,3.3748,24.0000
1997-11-28,-13.1250,-18.0000,-8.0000,2.5928,24.0000
1997-11-29,-8.2917,-14.0000,-4.0000,2.6781,24.0000
1997-11-30,-1.4167,-13.0000,11.0000,7.8237,24.0000
1997-12-01,-9.2083,-15.0000,-5.0000,2.6536,24.0000
1997-12-02,-7.6250,-14.0000,6.0000,4.7164,24.0000
1997-12-03,-11.6667,-16.0000,-2.0000,3.4974,24.0000
1997-12-04,-11.2083,-15.0000,-6.0000,2.2063,24.0000
1997-12-05,-18.0417,-27.0000,-9.0000,5.8643,24.0000
1997-12-06,-15.9583,-25.0000,-4.0000,5.4651,24.0000
1997-12-07,-8.7083,-14.0000,-4.0000,3.1413,24.0000
1997-12-08,-4.4583,-11.0000,-1.0000,3.3877,24.0000
1997-12-09,-3.8333,-8.0000,1.0000,2.5651,24.0000
1997-12-10,-21.5833,-56.0000,17.0000,25.8321,24.0000
1997-12-11,-43.2500,-60.0000,-25.0000,10.1478,24.0000
1997-12-12,-22.2083,-27.0000,-13.0000,3.2701,24.0000
1997-12-13,-13.4583,-18.0000,-9.0000,3.0925,24.0000
1997-12-14,-0.8333,-8.0000,4.0000,3.7725,24.0000
1997-12-15,-2.7083,-14.0000,8.0000,6.8872,24.0000
1997-12-16,-5.8750,-14.0000,1.0000,4.1000,24.0000
1997-12-17,-8.3333,-14.0000,3.0000,4.4980,24.0000
1997-12-18,-13.4167,-20.0000,-8.0000,3.7407,24.0000
1997-12-19,-2.8333,-14.0000,6.0000,6.1972,24.0000
1997-12-20,0.4583,-7.0000,8.0000,4.2012,24.0000
1997-12-21,0.2500,-9.0000,6.0000,3.5904,24.0000
1997-12-22,3.6250,-1.0000,9.0000,3.5240,24.0000
1997-12-23,2.5000,-7.0000,12.0000,5.4931,24.0000
1997-12-24,-4.9583,-13.0000,5.0000,4.5729,24.0000
1997-12-25,4.6250,-2.0000,12.0000,2.7633,24.0000
1997-12-26,6.7500,2.0000,13.0000,3.1794,24.0000
1997-12-27,2.1250,-1.0000,8.0000,2.5076,24.0000
1997-12-28,10.9167,4.0000,19.0000,5.0469,24.0000
1997-12-29,4.4167,-4.0000,14.0000,4.3928,24.0000
1997-12-30,-35.0000,-77.0000,18.0000,29.7570,24.0000
1997-12-31,-34.0417,-49.0000,-16.0000,8.0998,24.0000
1998-01-01,-16.3333,-30.0000,-8.0000,6.8249,24.0000
1998-01-02,-12.0000,-21.0000,-2.0000,5.0130,24.0000
1998-01-03,-8.7083,-19.0000,-3.0000,4.5634,24.0000
1998-01-04,-4.6250,-18.0000,4.0000,6.1912,24.0000
1998-01-05,-7.5000,-16.0000,-1.0000,3.6116,24.0000
1998-01-06,-9.4583,-34.0000,7.0000,10.6116,24.0000
1998-01-07,-45.2500,-77.0000,-21.0000,17.6838,24.0000
1998-01-08,-12.9167,-23.0000,7.0000,7.8181,24.0000
1998-01-09,-12.3333,-22.0000,-4.0000,5.6926,24.0000
1998-01-10,-14.2917,-28.0000,1.0000,7.8379,24.0000
1998-01-11,-3.6667,-15.0000,5.0000,5.4507,24.0000
1998-01-12,-6.0833,-13.0000,-1.0000,3.8098,24.0000
1998-01-13,-4.4167,-14.0000,3.0000,5.0296,24.0000
1998-01-14,-4.4583,-14.0000,2.0000,4.1805,24.0000
1998-01-15,-0.2083,-7.0000,6.0000,4.0752,24.0000
1998-01-16,-2.5000,-23.0000,8.0000,10.1382,24.0000
1998-01-17,-15.7500,-28.0000,-1.0000,7.5195,24.0000
1998-01-18,-15.3750,-32.0000,-4.0000,8.3239,24.0000
1998-01-19,7.6250,-5.0000,19.0000,6.4256,24.0000
1998-01-20,-3.6250,-29.0000,14.0000,14.3945,24.0000
1998-01-21,-4.2500,-13.0000,5.0000,4.5229,24.0000
1998-01-22,2.4167,-6.0000,12.0000,5.6485,24.0000
1998-01-23,-2.9167,-7.0000,1.0000,2.3941,24.0000
1998-01-24,5.9583,0.0000,14.0000,4.3984,24.0000
1998-01-25,-3.1250,-21.0000,11.0000,7.2491,24.0000
1998-01-26,-3.4167,-12.0000,3.0000,4.0851,24.0000
1998-01-27,-6.6250,-19.0000,11.0000,9.3892,24.0000
1998-01-28,4.6667,-5.0000,14.0000,5.8508,24.0000
1998-01-29,0.9583,-9.0000,14.0000,5.9817,24.0000
1998-01-30,-37.3750,-55.0000,-13.0000,10.2100,24.0000
1998-01-31,-19.3750,-26.0000,-6.0000,4.9239,24.0000
1998-02-01,-8.0000,-16.0000,-3.0000,3.7183,24.0000
1998-02-02,-5.2083,-11.0000,2.0000,3.3490,24.0000
1998-02-03,-8.5000,-17.0000,-3.0000,4.0000,24.0000
1998-02-04,-21.8750,-34.0000,-9.0000,6.9364,24.0000
1998-02-05,10.9167,-9.0000,24.0000,9.9909,24.0000
1998-02-06,3.4167,-2.0000,11.0000,4.2212,24.0000
1998-02-07,9.1667,2.0000,16.0000,3.6076,24.0000
1998-02-08,1.6250,-23.0000,14.0000,9.3892,24.0000
1998-02-09,-15.7500,-23.0000,1.0000,6.3946,24.0000
1998-02-10,-10.1667,-21.0000,-3.0000,5.0188,24.0000
1998-02-11,-17.3333,-29.0000,-5.0000,7.4872,24.0000
1998-02-12,-17.8750,-25.0000,-11.0000,3.8709,24.0000
1998-02-13,-13.5833,-27.0000,-5.0000,6.1426,24.0000
1998-02-14,-9.2500,-22.0000,0.0000,5.5187,24.0000
1998-02-15,-10.7083,-17.0000,-4.0000,3.4196,24.0000
1998-02-16,0.5417,-10.0000,6.0000,4.6809,24.0000
1998-02-17,-18.3750,-95.0000,14.0000,34.3926,24.0000
1998-02-18,-57.4167,-100.0000,-31.0000,21.1021,24.0000
1998-02-19,-34.4167,-48.0000,-26.0000,6.2479,24.0000
1998-02-20,-25.9583,-50.0000,-18.0000,9.3877,24.0000
1998-02-21,-9.5833,-19.0000,-2.0000,4.7541,24.0000
1998-02-22,-6.2500,-16.0000,1.0000,4.3664,24.0000
1998-02-23,-10.6250,-27.0000,0.0000,7.4822,24.0000
1998-02-24,-9.0417,-13.0000,1.0000,2.9997,24.0000
1998-02-25,-4.4583,-12.0000,3.0000,4.5871,24.0000
1998-02-26,2.5833,-1.0000,9.0000,2.9476,24.0000
1998-02-27,1.3333,-11.0000,12.0000,7.4872,24.0000
1998-02-28,-9.3750,-19.0000,6.0000,6.7296,24.0000
1998-03-01,-17.1250,-29.0000,-5.0000,7.7645,24.0000
1998-03-02,-23.6667,-36.0000,-13.0000,7.0258,24.0000
1998-03-03,-18.6667,-32.0000,-9.0000,5.6926,24.0000
1998-03-04,-19.6667,-36.0000,-3.0000,9.2203,24.0000
1998-03-05,-3.6250,-14.0000,24.0000,9.4630,24.0000
1998-03-06,9.3333,1.0000,22.0000,5.9976,24.0000
1998-03-07,-3.2500,-16.0000,11.0000,8.0176,24.0000
1998-03-08,11.2083,7.0000,15.0000,2.0426,24.0000
1998-03-09,5.1250,-6.0000,19.0000,8.6442,24.0000
1998-03-10,-32.8333,-116.0000,16.0000,52.2208,24.0000
1998-03-11,-67.0833,-107.0000,-49.0000,16.2077,24.0000
1998-03-12,-45.5417,-62.0000,-33.0000,9.9956,24.0000
1998-03-13,-40.7500,-46.0000,-35.0000,2.8323,24.0000
1998-03-14,-33.2500,-42.0000,-21.0000,7.1155,24.0000
1998-03-15,-42.9167,-58.0000,-28.0000,8.3610,24.0000
1998-03-16,-36.5000,-45.0000,-25.0000,5.8458,24.0000
1998-03-17,-20.1250,-37.0000,-10.0000,8.6844,24.0000
1998-03-18,-18.6667,-28.0000,-13.0000,4.4494,24.0000
1998-03-19,-11.9583,-23.0000,0.0000,6.3826,24.0000
1998-03-20,-13.1250,-32.0000,-2.0000,8.3786,24.0000
1998-03-21,-40.0417,-85.0000,-9.0000,23.5916,24.0000
1998-03-22,-33.5417,-44.0000,-24.0000,5.3810,24.0000
1998-03-23,-19.7917,-31.0000,-11.0000,5.7859,24.0000
1998-03-24,-16.1250,-43.0000,2.0000,11.7559,24.0000
1998-03-25,-30.0417,-56.0000,-10.0000,13.1727,24.0000
1998-03-26,-19.2500,-36.0000,-4.0000,10.2967,24.0000
1998-03-27,-24.8750,-36.0000,-15.0000,5.4399,24.0000
1998-03-28,-19.2500,-30.0000,-2.0000,7.4323,24.0000
1998-03-29,-31.4583,-54.0000,-15.0000,12.3499,24.0000
1998-03-30,-29.9583,-37.0000,-18.0000,5.2127,24.0000
1998-03-31,-17.8750,-35.0000,-10.0000,7.2371,24.0000
1998-04-01,-6.0833,-16.0000,4.0000,6.2479,24.0000
1998-04-02,0.4167,-6.0000,11.0000,4.3129,24.0000
1998-04-03,-3.0833,-7.0000,1.0000,2.5524,24.0000
1998-04-04,-10.7083,-31.0000,-1.0000,10.1059,24.0000
1998-04-05,-1.0417,-7.0000,2.0000,2.8663,24.0000
1998-04-06,0.9167,-8.0000,13.0000,6.0211,24.0000
1998-04-07,-0.3333,-12.0000,11.0000,5.1975,24.0000
1998-04-08,-4.5833,-14.0000,3.0000,5.4686,24.0000
1998-04-09,-10.2083,-28.0000,0.0000,7.0401,24.0000
1998-04-10,-11.8333,-40.0000,9.0000,14.9744,24.0000
1998-04-11,-19.3750,-45.0000,-4.0000,11.6051,24.0000
1998-04-12,-22.1250,-46.0000,-4.0000,11.5733,24.0000
1998-04-13,-2.2917,-10.0000,7.0000,3.9506,24.0000
1998-04-14,-9.4583,-20.0000,2.0000,7.1200,24.0000
1998-04-15,2.7083,-5.0000,9.0000,4.3885,24.0000
1998-04-16,8.7083,2.0000,16.0000,3.2367,24.0000
1998-04-17,-8.2500,-29.0000,19.0000,16.4218,24.0000
1998-04-18,-9.0417,-15.0000,-2.0000,3.2501,24.0000
1998-04-19,-2.3750,-13.0000,3.0000,5.1988,24.0000
1998-04-20,-10.6250,-21.0000,2.0000,6.5396,24.0000
1998-04-21,-9.1667,-19.0000,2.0000,6.3154,24.0000
1998-04-22,-7.4583,-16.0000,3.0000,5.0128,24.0000
1998-04-23,1.5000,-18.0000,22.0000,9.2501,24.0000
1998-04-24,-38.2500,-69.0000,0.0000,14.0287,24.0000
1998-04-25,-28.3333,-39.0000,-17.0000,5.7002,24.0000
1998-04-26,-38.8750,-63.0000,-21.0000,13.4821,24.0000
1998-04-27,-27.1667,-36.0000,-17.0000,5.0014,24.0000
1998-04-28,-20.0417,-25.0000,-11.0000,4.2781,24.0000
1998-04-29,-12.1667,-19.0000,-4.0000,3.5712,24.0000
1998-04-30,3.0417,-18.0000,34.0000,15.8813,24.0000
1998-05-01,-0.3750,-13.0000,21.0000,7.3887,24.0000
1998-05-02,-35.6667,-85.0000,17.0000,35.2243,24.0000
1998-05-03,-53.7500,-70.0000,-28.0000,10.2925,24.0000
1998-05-04,-118.0833,-205.0000,-58.0000,41.2615,24.0000
1998-05-05,-93.5417,-119.0000,-57.0000,15.9209,24.0000
1998-05-06,-63.0417,-72.0000,-52.0000,6.0252,24.0000
1998-05-07,-40.0833,-52.0000,-13.0000,10.4087,24.0000
1998-05-08,-42.5417,-56.0000,-25.0000,7.3365,24.0000
1998-05-09,-42.6250,-63.0000,-29.0000,9.2680,24.0000
1998-05-10,-35.5000,-49.0000,-21.0000,8.0972,24.0000
1998-05-11,-30.2917,-38.0000,-21.0000,4.4378,24.0000
1998-05-12,-36.8750,-48.0000,-22.0000,5.6052,24.0000
1998-05-13,-24.8750,-31.0000,-18.0000,3.7337,24.0000
1998-05-14,-17.7500,-22.0000,-6.0000,4.1520,24.0000
1998-05-15,-1.5000,-10.0000,13.0000,7.9181,24.0000
1998-05-16,-5.0000,-21.0000,11.0000,9.5051,24.0000
1998-05-17,-17.1667,-26.0000,-6.0000,5.0447,24.0000
1998-05-18,-19.1667,-41.0000,-4.0000,10.5446,24.0000
1998-05-19,-20.4583,-30.0000,-8.0000,5.8084,24.0000
1998-05-20,-11.5000,-35.0000,9.0000,13.5871,24.0000
1998-05-21,-25.2917,-39.0000,-12.0000,7.7205,24.0000
1998-05-22,-18.4167,-26.0000,-9.0000,4.9775,24.0000
1998-05-23,-23.6250,-41.0000,-7.0000,7.5459,24.0000
1998-05-24,-23.2083,-39.0000,-6.0000,6.5739,24.0000
1998-05-25,-22.9167,-46.0000,-4.0000,13.0047,24.0000
1998-05-26,-21.3333,-32.0000,-11.0000,6.4314,24.0000
1998-05-27,-11.5833,-21.0000,-5.0000,4.7632,24.0000
1998-05-28,-2.3333,-15.0000,6.0000,5.4904,24.0000
1998-05-29,3.9583,-9.0000,13.0000,5.1455,24.0000
1998-05-30,-21.8333,-42.0000,-11.0000,7.7385,24.0000
1998-05-31,-16.1667,-21.0000,-6.0000,3.5590,24.0000
1998-06-01,-3.4583,-15.0000,6.0000,6.6788,24.0000
1998-06-02,1.5000,-4.0000,11.0000,3.7879,24.0000
1998-06-03,-1.9167,-20.0000,16.0000,8.7572,24.0000
1998-06-04,-16.2917,-29.0000,-8.0000,5.9890,24.0000
1998-06-05,-6.3750,-17.0000,2.0000,4.6045,24.0000
1998-06-06,-8.2083,-50.0000,10.0000,18.4932,24.0000
1998-06-07,-30.4583,-46.0000,-19.0000,7.4073,24.0000
1998-06-08,-28.2500,-40.0000,-20.0000,5.5423,24.0000
1998-06-09,-15.5000,-23.0000,-7.0000,4.4036,24.0000
1998-06-10,-9.4167,-17.0000,3.0000,5.1068,24.0000
1998-06-11,-7.2500,-23.0000,8.0000,9.0901,24.0000
1998-06-12,-12.6667,-22.0000,2.0000,6.8630,24.0000
1998-06-13,-1.7917,-13.0000,11.0000,5.0646,24.0000
1998-06-14,-26.6250,-55.0000,9.0000,19.0213,24.0000
1998-06-15,-13.0417,-19.0000,-4.0000,3.9285,24.0000
1998-06-16,-10.0417,-14.0000,-7.0000,2.0104,24.0000
1998-06-17,-1.4167,-7.0000,8.0000,3.3740,24.0000
1998-06-18,10.7500,6.0000,28.0000,4.9891,24.0000
1998-06-19,3.0417,-16.0000,20.0000,9.9454,24.0000
1998-06-20,-6.1250,-27.0000,3.0000,8.2637,24.0000
1998-06-21,-22.5417,-37.0000,-14.0000,6.9531,24.0000
1998-06-22,-22.3750,-44.0000,-10.0000,9.7571,24.0000
1998-06-23,-11.6250,-36.0000,2.0000,9.7482,24.0000
1998-06-24,-12.1250,-29.0000,0.0000,7.6574,24.0000
1998-06-25,7.2083,-25.0000,28.0000,15.6871,24.0000
1998-06-26,-42.9583,-101.0000,-9.0000,25.4976,24.0000
1998-06-27,-15.1667,-29.0000,-6.0000,7.1303,24.0000
1998-06-28,-13.0417,-23.0000,-7.0000,4.3984,24.0000
1998-06-29,-6.5000,-22.0000,-1.0000,4.5205,24.0000
1998-06-30,-2.3750,-8.0000,4.0000,2.5844,24.0000
1998-07-01,3.9167,-11.0000,15.0000,7.4654,24.0000
1998-07-02,-7.6667,-24.0000,2.0000,6.5916,24.0000
1998-07-03,-9.1667,-24.0000,-1.0000,6.6898,24.0000
1998-07-04,-21.9167,-30.0000,-16.0000,3.9991,24.0000
1998-07-05,-12.6250,-31.0000,4.0000,10.2779,24.0000
1998-07-06,-17.8333,-30.0000,-1.0000,8.5245,24.0000
1998-07-07,-15.8333,-22.0000,-6.0000,4.0718,24.0000
1998-07-08,-4.2917,-13.0000,4.0000,3.9834,24.0000
1998-07-09,-5.8333,-29.0000,5.0000,9.5811,24.0000
1998-07-10,-9.7917,-26.0000,2.0000,7.8573,24.0000
1998-07-11,-8.2083,-35.0000,12.0000,16.6628,24.0000
1998-07-12,-14.7083,-28.0000,-6.0000,6.0324,24.0000
1998-07-13,-6.1250,-17.0000,8.0000,8.2109,24.0000
1998-07-14,2.1667,-9.0000,10.0000,5.5691,24.0000
1998-07-15,11.0833,-1.0000,27.0000,7.8237,24.0000
1998-07-16,-36.1250,-58.0000,18.0000,20.6257,24.0000
1998-07-17,-30.6250,-40.0000,-20.0000,6.6582,24.0000
1998-07-18,-12.8750,-20.0000,-5.0000,3.9816,24.0000
1998-07-19,-11.6667,-16.0000,-7.0000,2.4964,24.0000
1998-07-20,-8.3750,-12.0000,0.0000,2.9164,24.0000
1998-07-21,-6.2083,-16.0000,18.0000,9.5643,24.0000
1998-07-22,-3.1667,-17.0000,11.0000,8.3856,24.0000
1998-07-23,-34.0000,-48.0000,-15.0000,9.1794,24.0000
1998-07-24,-23.6667,-33.0000,-13.0000,5.1302,24.0000
1998-07-25,-20.7083,-28.0000,-15.0000,3.0713,24.0000
1998-07-26,-11.1667,-19.0000,-3.0000,4.7335,24.0000
1998-07-27,-5.5417,-11.0000,2.0000,3.3619,24.0000
1998-07-28,4.6250,-8.0000,20.0000,7.0883,24.0000
1998-07-29,1.9167,-5.0000,13.0000,4.6617,24.0000
1998-07-30,7.3750,-6.0000,32.0000,10.0599,24.0000
1998-07-31,-6.8333,-35.0000,22.0000,15.3075,24.0000
1998-08-01,0.2917,-12.0000,26.0000,8.4672,24.0000
1998-08-02,3.1250,-4.0000,11.0000,4.3470,24.0000
1998-08-03,8.8750,-5.0000,17.0000,5.3998,24.0000
1998-08-04,-1.2083,-10.0000,6.0000,4.1805,24.0000
1998-08-05,2.6250,-8.0000,13.0000,5.7696,24.0000
1998-08-06,-72.8333,-138.0000,10.0000,48.5536,24.0000
1998-08-07,-69.7083,-108.0000,-51.0000,14.4688,24.0000
1998-08-08,-38.2500,-49.0000,-28.0000,6.4555,24.0000
1998-08-09,-19.1250,-26.0000,-7.0000,5.5035,24.0000
1998-08-10,-9.6667,-27.0000,3.0000,8.8400,24.0000
1998-08-11,-10.6667,-17.0000,-5.0000,3.2925,24.0000
1998-08-12,-4.0833,-19.0000,3.0000,5.9338,24.0000
1998-08-13,-7.3333,-14.0000,2.0000,4.2699,24.0000
1998-08-14,-8.0417,-24.0000,7.0000,11.2771,24.0000
1998-08-15,-11.4583,-21.0000,-5.0000,4.1492,24.0000
1998-08-16,-6.8750,-15.0000,0.0000,4.2967,24.0000
1998-08-17,-3.2917,-7.0000,2.0000,2.8814,24.0000
1998-08-18,-4.5417,-11.0000,3.0000,4.2527,24.0000
1998-08-19,-4.1250,-42.0000,5.0000,12.1559,24.0000
1998-08-20,-33.3750,-67.0000,1.0000,21.4351,24.0000
1998-08-21,-14.5417,-40.0000,-6.0000,7.3306,24.0000
1998-08-22,-23.3333,-43.0000,7.0000,16.2204,24.0000
1998-08-23,-23.4583,-35.0000,-11.0000,5.9781,24.0000
1998-08-24,-17.5833,-24.0000,-11.0000,4.1275,24.0000
1998-08-25,-9.6667,-29.0000,1.0000,8.2865,24.0000
1998-08-26,-20.8333,-71.0000,31.0000,26.5226,24.0000
1998-08-27,-129.2917,-155.0000,-96.0000,15.1958,24.0000
1998-08-28,-67.5417,-84.0000,-50.0000,10.6116,24.0000
1998-08-29,-53.5000,-65.0000,-41.0000,6.9595,24.0000
1998-08-30,-44.4583,-56.0000,-38.0000,5.1074,24.0000
1998-08-31,-46.7917,-60.0000,-34.0000,8.8759,24.0000
1998-09-01,-34.0417,-55.0000,-15.0000,11.9108,24.0000
1998-09-02,-23.0833,-31.0000,-14.0000,4.2520,24.0000
1998-09-03,-18.2500,-29.0000,-8.0000,5.6280,24.0000
1998-09-04,-4.7083,-13.0000,8.0000,5.3282,24.0000
1998-09-05,-4.5000,-12.0000,3.0000,4.1598,24.0000
1998-09-06,-9.4583,-18.0000,2.0000,5.3404,24.0000
1998-09-07,-8.9167,-29.0000,3.0000,9.8286,24.0000
1998-09-08,-26.0417,-41.0000,-19.0000,5.8494,24.0000
1998-09-09,-17.5000,-36.0000,-7.0000,7.1990,24.0000
1998-09-10,-6.4583,-21.0000,5.0000,6.2274,24.0000
1998-09-11,6.6250,-11.0000,19.0000,9.3846,24.0000
1998-09-12,-21.8333,-33.0000,-10.0000,8.3597,24.0000
1998-09-13,-20.7500,-34.0000,-12.0000,5.1351,24.0000
1998-09-14,-16.2083,-19.0000,-12.0000,2.3215,24.0000
1998-09-15,-15.0833,-24.0000,-8.0000,4.6337,24.0000
1998-09-16,-12.4583,-18.0000,-8.0000,3.0784,24.0000
1998-09-17,-0.6250,-12.0000,11.0000,5.5546,24.0000
1998-09-18,-17.7500,-51.0000,14.0000,25.4375,24.0000
1998-09-19,-23.7917,-35.0000,-8.0000,7.5295,24.0000
1998-09-20,-14.8750,-28.0000,-7.0000,5.5975,24.0000
1998-09-21,-16.5833,-30.0000,-6.0000,5.4527,24.0000
1998-09-22,-10.5417,-21.0000,-2.0000,5.6720,24.0000
1998-09-23,-19.4583,-33.0000,-9.0000,7.3896,24.0000
1998-09-24,-35.3750,-55.0000,-23.0000,8.4843,24.0000
1998-09-25,-118.2917,-207.0000,-4.0000,59.4237,24.0000
1998-09-26,-54.2917,-75.0000,-46.0000,9.3180,24.0000
1998-09-27,-44.0000,-57.0000,-34.0000,7.0341,24.0000
1998-09-28,-24.0417,-35.0000,-18.0000,5.1792,24.0000
1998-09-29,-21.8333,-28.0000,-15.0000,3.3449,24.0000
1998-09-30,-11.2917,-52.0000,4.0000,12.4324,24.0000
1998-10-01,-44.2500,-58.0000,-24.0000,10.1692,24.0000
1998-10-02,-28.6667,-56.0000,-3.0000,15.4517,24.0000
1998-10-03,-39.2917,-56.0000,-25.0000,10.1574,24.0000
1998-10-04,-20.4583,-29.0000,-13.0000,5.0732,24.0000
1998-10-05,-11.8750,-18.0000,-6.0000,2.9973,24.0000
1998-10-06,-0.4583,-8.0000,15.0000,6.8587,24.0000
1998-10-07,-29.2500,-70.0000,-5.0000,22.8154,24.0000
1998-10-08,-39.1667,-62.0000,-30.0000,10.0765,24.0000
1998-10-09,-38.0417,-47.0000,-30.0000,5.4172,24.0000
1998-10-10,-24.9167,-38.0000,-15.0000,7.2766,24.0000
1998-10-11,-18.1667,-26.0000,-12.0000,4.0718,24.0000
1998-10-12,-21.0417,-33.0000,-10.0000,6.1040,24.0000
1998-10-13,-14.2083,-30.0000,-4.0000,7.6669,24.0000
1998-10-14,-4.1250,-10.0000,2.0000,3.2613,24.0000
1998-10-15,1.4167,-9.0000,9.0000,5.3724,24.0000
1998-10-16,-5.5833,-10.0000,-2.0000,2.2442,24.0000
1998-10-17,-9.9167,-19.0000,5.0000,6.0857,24.0000
1998-10-18,-8.4167,-19.0000,7.0000,7.8735,24.0000
1998-10-19,-77.3333,-112.0000,-1.0000,35.5071,24.0000
1998-10-20,-52.4167,-71.0000,-31.0000,12.3954,24.0000
1998-10-21,-49.7500,-70.0000,-31.0000,12.6568,24.0000
1998-10-22,-39.0833,-53.0000,-23.0000,8.1556,24.0000
1998-10-23,-30.9167,-49.0000,-11.0000,10.6073,24.0000
1998-10-24,-34.5000,-52.0000,-22.0000,8.8367,24.0000
1998-10-25,-36.6667,-42.0000,-24.0000,4.7973,24.0000
1998-10-26,-16.6667,-22.0000,-11.0000,3.2258,24.0000
1998-10-27,-11.2500,-29.0000,-1.0000,5.7879,24.0000
1998-10-28,-10.7500,-25.0000,-1.0000,6.7903,24.0000
1998-10-29,-7.4583,-21.0000,1.0000,5.8828,24.0000
1998-10-30,-8.7500,-14.0000,-5.0000,2.4716,24.0000
1998-10-31,-4.3750,-10.0000,2.0000,3.5608,24.0000
1998-11-01,-3.8750,-10.0000,1.0000,3.0262,24.0000
1998-11-02,-3.2083,-12.0000,2.0000,4.4719,24.0000
1998-11-03,-2.5833,-12.0000,5.0000,5.3317,24.0000
1998-11-04,-8.5000,-22.0000,2.0000,6.8015,24.0000
1998-11-05,-17.0000,-31.0000,-6.0000,8.4904,24.0000
1998-11-06,-45.1667,-61.0000,-23.0000,12.7847,24.0000
1998-11-07,-45.1250,-81.0000,-10.0000,20.0571,24.0000
1998-11-08,-68.6250,-149.0000,-16.0000,42.0029,24.0000
1998-11-09,-102.6667,-142.0000,-29.0000,35.5108,24.0000
1998-11-10,-57.0833,-93.0000,-34.0000,16.8030,24.0000
1998-11-11,-30.0417,-39.0000,-22.0000,5.8271,24.0000
1998-11-12,-17.9167,-29.0000,-4.0000,7.7679,24.0000
1998-11-13,-81.5000,-131.0000,1.0000,43.2767,24.0000
1998-11-14,-83.2083,-109.0000,-54.0000,16.3760,24.0000
1998-11-15,-44.5833,-55.0000,-36.0000,6.6327,24.0000
1998-11-16,-34.2917,-52.0000,-21.0000,9.6616,24.0000
1998-11-17,-18.5833,-28.0000,-14.0000,3.6584,24.0000
1998-11-18,-8.5000,-19.0000,4.0000,5.7256,24.0000
1998-11-19,-5.5417,-18.0000,6.0000,6.3519,24.0000
1998-11-20,-8.9167,-24.0000,2.0000,5.9994,24.0000
1998-11-21,-12.9167,-17.0000,-7.0000,2.6689,24.0000
1998-11-22,-7.5833,-14.0000,-3.0000,3.0060,24.0000
1998-11-23,-10.7083,-23.0000,1.0000,7.3217,24.0000
1998-11-24,-16.0417,-36.0000,0.0000,11.3117,24.0000
1998-11-25,-14.0833,-23.0000,-3.0000,5.1577,24.0000
1998-11-26,-12.5417,-22.0000,-6.0000,4.3736,24.0000
1998-11-27,-10.9167,-21.0000,0.0000,5.4845,24.0000
1998-11-28,-4.8333,-11.0000,2.0000,4.1459,24.0000
1998-11-29,-0.2917,-11.0000,13.0000,6.1182,24.0000
1998-11-30,-3.1667,-15.0000,8.0000,7.3347,24.0000
1998-12-01,-13.6667,-26.0000,15.0000,10.6594,24.0000
1998-12-02,-11.2083,-22.0000,-6.0000,4.7363,24.0000
1998-12-03,-8.4167,-19.0000,0.0000,4.8447,24.0000
1998-12-04,-12.9167,-25.0000,-5.0000,6.3240,24.0000
1998-12-05,-22.3333,-31.0000,-10.0000,6.3360,24.0000
1998-12-06,-17.5833,-25.0000,-10.0000,4.3829,24.0000
1998-12-07,-8.6250,-17.0000,-1.0000,3.8877,24.0000
1998-12-08,-4.7917,-9.0000,3.0000,3.2030,24.0000
1998-12-09,-4.5417,-15.0000,3.0000,4.0964,24.0000
1998-12-10,-5.4167,-39.0000,7.0000,11.3288,24.0000
1998-12-11,-49.7500,-69.0000,-20.0000,15.1349,24.0000
1998-12-12,-14.3750,-26.0000,-6.0000,4.6327,24.0000
1998-12-13,2.5833,-5.0000,12.0000,5.0641,24.0000
1998-12-14,5.6250,-8.0000,20.0000,8.4535,24.0000
1998-12-15,3.6667,-3.0000,7.0000,2.6485,24.0000
1998-12-16,-3.5417,-11.0000,9.0000,5.9123,24.0000
1998-12-17,1.8333,-6.0000,6.0000,3.8183,24.0000
1998-12-18,7.6667,0.0000,13.0000,4.0825,24.0000
1998-12-19,4.5417,-9.0000,23.0000,8.4647,24.0000
1998-12-20,-6.1250,-24.0000,8.0000,8.7492,24.0000
1998-12-21,3.5000,-2.0000,13.0000,4.3238,24.0000
1998-12-22,9.5833,4.0000,19.0000,4.7996,24.0000
1998-12-23,-9.8750,-24.0000,6.0000,10.0793,24.0000
1998-12-24,1.0000,-9.0000,10.0000,4.9695,24.0000
1998-12-25,-11.6667,-57.0000,14.0000,19.0438,24.0000
1998-12-26,-13.6667,-30.0000,-5.0000,7.0258,24.0000
1998-12-27,-10.2917,-25.0000,-2.0000,7.5612,24.0000
1998-12-28,-4.1250,-25.0000,7.0000,9.7370,24.0000
1998-12-29,-29.5833,-58.0000,-2.0000,16.9498,24.0000
1998-12-30,-15.1250,-26.0000,-3.0000,6.0167,24.0000
1998-12-31,-3.8750,-10.0000,1.0000,3.1666,24.0000
1999-01-01,-3.3333,-8.0000,3.0000,3.4725,24.0000
1999-01-02,-7.4583,-15.0000,-1.0000,3.6233,24.0000
1999-01-03,-4.1250,-11.0000,1.0000,4.0034,24.0000
1999-01-04,-18.2500,-29.0000,-4.0000,7.5599,24.0000
1999-01-05,-23.0000,-40.0000,-6.0000,12.0830,24.0000
1999-01-06,1.0000,-21.0000,18.0000,10.3630,24.0000
1999-01-07,-8.8333,-18.0000,-3.0000,3.8410,24.0000
1999-01-08,-12.3333,-26.0000,3.0000,7.2990,24.0000
1999-01-09,-19.7917,-30.0000,-14.0000,4.2832,24.0000
1999-01-10,-13.6667,-21.0000,-3.0000,4.7243,24.0000
1999-01-11,-12.4167,-19.0000,-5.0000,4.4713,24.0000
1999-01-12,-3.2917,-13.0000,1.0000,4.0911,24.0000
1999-01-13,-38.6250,-112.0000,1.0000,40.2793,24.0000
1999-01-14,-67.1667,-101.0000,-45.0000,16.5100,24.0000
1999-01-15,-42.0417,-56.0000,-25.0000,7.9536,24.0000
1999-01-16,-26.9583,-31.0000,-20.0000,2.6123,24.0000
1999-01-17,-14.8750,-23.0000,-10.0000,3.8370,24.0000
1999-01-18,-12.5417,-31.0000,-4.0000,8.5210,24.0000
1999-01-19,-19.3333,-24.0000,-16.0000,2.1196,24.0000
1999-01-20,-13.5833,-26.0000,-8.0000,4.6054,24.0000
1999-01-21,-17.8750,-24.0000,-10.0000,3.8143,24.0000
1999-01-22,-19.0000,-49.0000,-1.0000,15.8389,24.0000
1999-01-23,-26.0833,-52.0000,-7.0000,13.5194,24.0000
1999-01-24,-38.3333,-50.0000,-28.0000,5.6002,24.0000
1999-01-25,-30.2917,-42.0000,-18.0000,6.7533,24.0000
1999-01-26,-15.3750,-24.0000,-11.0000,3.3856,24.0000
1999-01-27,-26.8333,-44.0000,-16.0000,7.7047,24.0000
1999-01-28,-12.4583,-16.0000,-8.0000,2.5191,24.0000
1999-01-29,-7.8750,-13.0000,-2.0000,3.5054,24.0000
1999-01-30,-6.5833,-16.0000,-1.0000,3.9663,24.0000
1999-01-31,-6.6250,-11.0000,-2.0000,2.6012,24.0000
1999-02-01,-1.2917,-6.0000,6.0000,2.5619,24.0000
1999-02-02,9.1250,3.0000,15.0000,3.3403,24.0000
1999-02-03,5.9167,-11.0000,24.0000,12.3356,24.0000
1999-02-04,-5.0417,-33.0000,8.0000,11.5287,24.0000
1999-02-05,-16.8750,-32.0000,-8.0000,6.7264,24.0000
1999-02-06,-14.6250,-29.0000,-1.0000,8.8946,24.0000
1999-02-07,-18.0833,-23.0000,-11.0000,3.0060,24.0000
1999-02-08,-11.2917,-17.0000,-1.0000,4.7592,24.0000
1999-02-09,-5.0833,-12.0000,0.0000,3.1196,24.0000
1999-02-10,-5.2917,-16.0000,7.0000,7.1047,24.0000
1999-02-11,-4.0417,-17.0000,14.0000,9.7556,24.0000
1999-02-12,-19.2500,-33.0000,8.0000,10.6536,24.0000
1999-02-13,-12.1250,-16.0000,-8.0000,2.0283,24.0000
1999-02-14,-8.1250,-17.0000,2.0000,6.3198,24.0000
1999-02-15,-9.0417,-16.0000,-4.0000,3.5075,24.0000
1999-02-16,-4.8750,-10.0000,6.0000,3.7800,24.0000
1999-02-17,-18.2083,-34.0000,6.0000,15.8525,24.0000
1999-02-18,-84.4583,-123.0000,2.0000,37.5592,24.0000
1999-02-19,-76.7917,-106.0000,-51.0000,17.7714,24.0000
1999-02-20,-42.0417,-58.0000,-31.0000,7.3808,24.0000
1999-02-21,-24.3333,-37.0000,-2.0000,9.2439,24.0000
1999-02-22,-11.7500,-33.0000,0.0000,8.1681,24.0000
1999-02-23,-20.8333,-33.0000,-12.0000,6.1902,24.0000
1999-02-24,-14.2917,-28.0000,-1.0000,7.4043,24.0000
1999-02-25,-17.6250,-24.0000,-12.0000,3.6572,24.0000
1999-02-26,-9.3750,-20.0000,-5.0000,4.0627,24.0000
1999-02-27,-7.5417,-22.0000,3.0000,6.1218,24.0000
1999-02-28,-11.8750,-87.0000,20.0000,25.9804,24.0000
1999-03-01,-69.0000,-95.0000,-37.0000,18.8357,24.0000
1999-03-02,-47.7917,-80.0000,-30.0000,14.6643,24.0000
1999-03-03,-36.9167,-49.0000,-23.0000,7.1135,24.0000
1999-03-04,-34.0833,-52.0000,-23.0000,7.1622,24.0000
1999-03-05,-29.7917,-50.0000,-18.0000,10.1980,24.0000
1999-03-06,-26.8750,-40.0000,-15.0000,6.0743,24.0000
1999-03-07,-43.2917,-57.0000,-34.0000,6.8872,24.0000
1999-03-08,-26.3750,-37.0000,-18.0000,5.7696,24.0000
1999-03-09,-35.8333,-44.0000,-26.0000,5.2392,24.0000
1999-03-10,-44.4583,-81.0000,-29.0000,13.2435,24.0000
1999-03-11,-23.8333,-41.0000,-9.0000,9.4990,24.0000
1999-03-12,-12.8333,-24.0000,-6.0000,4.9314,24.0000
1999-03-13,-12.2917,-23.0000,-2.0000,5.8643,24.0000
1999-03-14,-11.5000,-21.0000,2.0000,6.1926,24.0000
1999-03-15,-23.7083,-36.0000,-11.0000,6.8237,24.0000
1999-03-16,-7.7917,-15.0000,2.0000,4.4622,24.0000
1999-03-17,-1.7500,-8.0000,4.0000,3.9037,24.0000
1999-03-18,-1.0833,-6.0000,3.0000,2.7649,24.0000
1999-03-19,-7.1667,-30.0000,11.0000,14.5473,24.0000
1999-03-20,-13.9583,-22.0000,-5.0000,5.2043,24.0000
1999-03-21,-3.3750,-16.0000,4.0000,5.3390,24.0000
1999-03-22,1.3333,-6.0000,10.0000,4.5365,24.0000
1999-03-23,8.3750,0.0000,18.0000,4.2917,24.0000
1999-03-24,2.4583,-1.0000,7.0000,2.2646,24.0000
1999-03-25,2.0833,-31.0000,16.0000,14.4821,24.0000
1999-03-26,-7.2917,-15.0000,3.0000,5.2376,24.0000
1999-03-27,-0.9167,-5.0000,2.0000,2.2247,24.0000
1999-03-28,1.4583,-9.0000,22.0000,8.5363,24.0000
1999-03-29,-12.2500,-56.0000,30.0000,26.9335,24.0000
1999-03-30,-35.4583,-50.0000,-21.0000,8.4492,24.0000
1999-03-31,-30.1250,-49.0000,-21.0000,7.5372,24.0000
1999-04-01,-24.5833,-40.0000,-13.0000,8.1929,24.0000
1999-04-02,-12.9583,-19.0000,-9.0000,3.1825,24.0000
1999-04-03,-13.5833,-23.0000,-6.0000,4.6054,24.0000
1999-04-04,-9.4167,-19.0000,-2.0000,5.1829,24.0000
1999-04-05,-13.8333,-26.0000,-5.0000,4.3506,24.0000
1999-04-06,-16.3333,-24.0000,-9.0000,3.8749,24.0000
1999-04-07,-25.0000,-31.0000,-18.0000,3.8335,24.0000
1999-04-08,-7.7083,-18.0000,6.0000,6.3894,24.0000
1999-04-09,-2.6667,-13.0000,6.0000,5.0188,24.0000
1999-04-10,-4.2917,-27.0000,13.0000,10.8045,24.0000
1999-04-11,-15.5833,-24.0000,-2.0000,5.7174,24.0000
1999-04-12,-5.5417,-15.0000,2.0000,4.3836,24.0000
1999-04-13,-2.6250,-7.0000,1.0000,2.3922,24.0000
1999-04-14,-2.4583,-11.0000,5.0000,4.4231,24.0000
1999-04-15,0.3750,-5.0000,5.0000,3.5973,24.0000
1999-04-16,12.3750,-29.0000,65.0000,21.5282,24.0000
1999-04-17,-52.5000,-91.0000,-29.0000,22.1811,24.0000
1999-04-18,-21.7500,-32.0000,-12.0000,5.2440,24.0000
1999-04-19,-20.7917,-42.0000,-9.0000,8.3196,24.0000
1999-04-20,-23.2083,-39.0000,-12.0000,6.5074,24.0000
1999-04-21,-16.4583,-29.0000,1.0000,7.6214,24.0000
1999-04-22,-5.7083,-17.0000,7.0000,6.9937,24.0000
1999-04-23,0.7083,-4.0000,5.0000,2.2161,24.0000
1999-04-24,-0.4583,-6.0000,4.0000,2.5191,24.0000
1999-04-25,2.4167,-3.0000,12.0000,3.4631,24.0000
1999-04-26,0.9583,-23.0000,18.0000,13.1958,24.0000
1999-04-27,-13.6250,-25.0000,-2.0000,5.4678,24.0000
1999-04-28,-26.4583,-46.0000,-17.0000,7.6895,24.0000
1999-04-29,-21.8333,-37.0000,-8.0000,9.4532,24.0000
1999-04-30,-21.0000,-34.0000,-15.0000,5.9124,24.0000
1999-05-01,-17.5000,-29.0000,-10.0000,4.8454,24.0000
1999-05-02,-16.6250,-25.0000,-8.0000,4.3620,24.0000
1999-05-03,-13.9583,-20.0000,-7.0000,4.4768,24.0000
1999-05-04,-3.5417,-14.0000,2.0000,4.5490,24.0000
1999-05-05,7.8333,-8.0000,26.0000,11.7572,24.0000
1999-05-06,-2.4583,-11.0000,9.0000,5.0388,24.0000
1999-05-07,-6.7083,-18.0000,1.0000,5.7444,24.0000
1999-05-08,-2.0000,-10.0000,4.0000,4.3339,24.0000
1999-05-09,6.3333,-3.0000,12.0000,4.6407,24.0000
1999-05-10,4.5833,0.0000,9.0000,2.7806,24.0000
1999-05-11,1.9167,-3.0000,11.0000,3.5621,24.0000
1999-05-12,12.6667,-4.0000,37.0000,12.1250,24.0000
1999-05-13,-22.2917,-49.0000,21.0000,17.5238,24.0000
1999-05-14,-15.8750,-33.0000,-7.0000,8.4612,24.0000
1999-05-15,-2.4583,-14.0000,7.0000,7.4716,24.0000
1999-05-16,6.2500,-7.0000,14.0000,6.0018,24.0000
1999-05-17,8.7917,5.0000,11.0000,1.9556,24.0000
1999-05-18,3.0000,-22.0000,48.0000,19.2376,24.0000
1999-05-19,-8.5000,-27.0000,3.0000,9.1128,24.0000
1999-05-20,-1.2917,-12.0000,8.0000,5.9817,24.0000
1999-05-21,5.3750,-8.0000,13.0000,7.3945,24.0000
1999-05-22,9.5833,2.0000,16.0000,3.3869,24.0000
1999-05-23,12.5417,2.0000,32.0000,8.4852,24.0000
1999-05-24,20.8750,3.0000,39.0000,10.3265,24.0000
1999-05-25,-14.7500,-26.0000,7.0000,7.2427,24.0000
1999-05-26,-2.2917,-19.0000,9.0000,7.9972,24.0000
1999-05-27,3.8750,-7.0000,12.0000,5.8184,24.0000
1999-05-28,-3.0417,-11.0000,3.0000,4.4671,24.0000
1999-05-29,9.6667,1.0000,17.0000,4.6873,24.0000
1999-05-30,11.7500,4.0000,20.0000,4.5612,24.0000
1999-05-31,4.3333,-6.0000,11.0000,4.9753,24.0000
1999-06-01,15.9167,-4.0000,37.0000,12.1938,24.0000
1999-06-02,8.7917,1.0000,23.0000,7.0154,24.0000
1999-06-03,14.6250,-6.0000,33.0000,11.8462,24.0000
1999-06-04,9.6667,1.0000,17.0000,4.1980,24.0000
1999-06-05,11.6250,5.0000,17.0000,3.4617,24.0000
1999-06-06,14.5417,5.0000,23.0000,6.3038,24.0000
1999-06-07,17.6250,7.0000,31.0000,5.9550,24.0000
1999-06-08,12.2917,-8.0000,26.0000,10.9325,24.0000
1999-06-09,-3.9167,-18.0000,5.0000,5.8229,24.0000
1999-06-10,-2.8750,-8.0000,2.0000,2.8485,24.0000
1999-06-11,-0.7917,-14.0000,11.0000,6.5341,24.0000
1999-06-12,-2.2500,-9.0000,7.0000,4.2040,24.0000
1999-06-13,1.9167,-9.0000,9.0000,5.2578,24.0000
1999-06-14,7.2083,3.0000,13.0000,2.8587,24.0000
1999-06-15,19.3333,9.0000,32.0000,7.0567,24.0000
1999-06-16,17.9583,12.0000,24.0000,3.9834,24.0000
1999-06-17,15.0000,8.0000,28.0000,5.3406,24.0000
1999-06-18,15.0417,5.0000,26.0000,5.6605,24.0000
1999-06-19,13.2500,5.0000,19.0000,3.6624,24.0000
1999-06-20,14.9583,9.0000,19.0000,2.2357,24.0000
1999-06-21,16.9167,11.0000,24.0000,3.0060,24.0000
1999-06-22,22.8750,19.0000,28.0000,2.8789,24.0000
1999-06-23,9.9583,-1.0000,26.0000,8.5133,24.0000
1999-06-24,7.3333,1.0000,17.0000,4.6031,24.0000
1999-06-25,14.0417,4.0000,20.0000,3.5567,24.0000
1999-06-26,12.7500,-15.0000,39.0000,14.6057,24.0000
1999-06-27,1.6250,-22.0000,18.0000,14.3733,24.0000
1999-06-28,-17.7083,-41.0000,27.0000,19.8439,24.0000
1999-06-29,-11.6667,-18.0000,-6.0000,2.9733,24.0000
1999-06-30,-6.6667,-14.0000,-1.0000,3.1851,24.0000
1999-07-01,-3.7917,-12.0000,3.0000,4.8092,24.0000
1999-07-02,-8.0000,-23.0000,6.0000,7.5412,24.0000
1999-07-03,-17.9167,-26.0000,-7.0000,5.0983,24.0000
1999-07-04,-4.8750,-7.0000,-1.0000,1.6235,24.0000
1999-07-05,6.0000,-1.0000,12.0000,3.6713,24.0000
1999-07-06,-3.7500,-19.0000,11.0000,8.7290,24.0000
1999-07-07,6.3750,1.0000,14.0000,4.5187,24.0000
1999-07-08,-2.1667,-31.0000,21.0000,17.3498,24.0000
1999-07-09,-7.2500,-12.0000,4.0000,3.8814,24.0000
1999-07-10,-1.1667,-10.0000,4.0000,3.8972,24.0000
1999-07-11,0.6250,-4.0000,8.0000,3.1321,24.0000
1999-07-12,-12.8750,-26.0000,14.0000,12.3264,24.0000
1999-07-13,-3.2083,-12.0000,1.0000,3.1482,24.0000
1999-07-14,8.6667,-2.0000,21.0000,7.2811,24.0000
1999-07-15,-0.7083,-7.0000,12.0000,5.3526,24.0000
1999-07-16,5.4583,-5.0000,14.0000,6.0143,24.0000
1999-07-17,12.7083,7.0000,16.0000,2.3862,24.0000
1999-07-18,15.0000,1.0000,25.0000,6.9595,24.0000
1999-07-19,20.2500,12.0000,28.0000,3.7677,24.0000
1999-07-20,24.7917,14.0000,35.0000,7.2830,24.0000
1999-07-21,0.4583,-44.0000,19.0000,17.3881,24.0000
1999-07-22,-26.4167,-48.0000,0.0000,14.1173,24.0000
1999-07-23,-17.7917,-31.0000,-3.0000,7.3306,24.0000
1999-07-24,-11.3333,-21.0000,-4.0000,4.0825,24.0000
1999-07-25,-10.4167,-18.0000,-1.0000,5.2330,24.0000
1999-07-26,-6.9583,-19.0000,3.0000,6.4233,24.0000
1999-07-27,4.1250,-6.0000,13.0000,5.6284,24.0000
1999-07-28,-6.7083,-31.0000,1.0000,9.8620,24.0000
1999-07-29,-10.7917,-38.0000,3.0000,12.7688,24.0000
1999-07-30,-10.4167,-26.0000,35.0000,12.8939,24.0000
1999-07-31,-33.7917,-53.0000,-15.0000,10.7904,24.0000
1999-08-01,-14.8750,-29.0000,0.0000,4.9809,24.0000
1999-08-02,-13.9167,-22.0000,-9.0000,3.5743,24.0000
1999-08-03,-3.6250,-12.0000,8.0000,4.4606,24.0000
1999-08-04,-0.1667,-14.0000,18.0000,8.1223,24.0000
1999-08-05,3.7083,-7.0000,12.0000,4.8497,24.0000
1999-08-06,2.3750,-22.0000,24.0000,16.4285,24.0000
1999-08-07,-15.0000,-23.0000,-5.0000,4.5492,24.0000
1999-08-08,-11.2500,-25.0000,-1.0000,7.2906,24.0000
1999-08-09,-34.7500,-47.0000,-20.0000,6.8604,24.0000
1999-08-10,1.0833,-16.0000,11.0000,7.8901,24.0000
1999-08-11,1.3333,-6.0000,8.0000,4.1037,24.0000
1999-08-12,1.1250,-13.0000,19.0000,8.5022,24.0000
1999-08-13,-5.8750,-13.0000,3.0000,4.6092,24.0000
1999-08-14,6.4583,2.0000,14.0000,3.3098,24.0000
1999-08-15,13.4583,-3.0000,30.0000,9.4822,24.0000
1999-08-16,-9.0000,-29.0000,17.0000,12.4970,24.0000
1999-08-17,-25.2500,-36.0000,-18.0000,5.2191,24.0000
1999-08-18,-27.8750,-40.0000,-16.0000,6.0095,24.0000
1999-08-19,-19.8333,-29.0000,-10.0000,5.5141,24.0000
1999-08-20,-37.0000,-56.0000,-9.0000,12.7859,24.0000
1999-08-21,-22.0000,-31.0000,-14.0000,4.8901,24.0000
1999-08-22,-27.0000,-56.0000,-15.0000,10.8668,24.0000
1999-08-23,-53.1250,-66.0000,-41.0000,7.2850,24.0000
1999-08-24,-41.6250,-55.0000,-28.0000,7.4764,24.0000
1999-08-25,-14.8333,-24.0000,-7.0000,5.4666,24.0000
1999-08-26,-18.1667,-38.0000,0.0000,10.9690,24.0000
1999-08-27,-15.5417,-30.0000,-7.0000,5.6104,24.0000
1999-08-28,-18.0833,-30.0000,-11.0000,4.9949,24.0000
1999-08-29,-13.9583,-21.0000,-8.0000,3.1413,24.0000
1999-08-30,-9.0000,-19.0000,9.0000,7.7907,24.0000
1999-08-31,-11.5833,-34.0000,1.0000,9.7709,24.0000
1999-09-01,-39.5417,-48.0000,-32.0000,4.5490,24.0000
1999-09-02,-22.4583,-38.0000,-13.0000,8.7525,24.0000
1999-09-03,-20.2500,-32.0000,-13.0000,5.6588,24.0000
1999-09-04,-14.6667,-23.0000,-5.0000,5.0188,24.0000
1999-09-05,-9.4583,-15.0000,-3.0000,3.2030,24.0000
1999-09-06,3.4167,-7.0000,17.0000,7.6039,24.0000
1999-09-07,-6.8333,-29.0000,21.0000,13.5892,24.0000
1999-09-08,-13.5000,-29.0000,-6.0000,6.6398,24.0000
1999-09-09,4.6250,-7.0000,20.0000,7.1433,24.0000
1999-09-10,-3.6250,-18.0000,12.0000,8.0909,24.0000
1999-09-11,-11.6667,-28.0000,-2.0000,6.9010,24.0000
1999-09-12,-16.4167,-59.0000,29.0000,27.5332,24.0000
1999-09-13,-60.4167,-74.0000,-42.0000,9.1600,24.0000
1999-09-14,-42.2917,-65.0000,-21.0000,11.5325,24.0000
1999-09-15,-30.0417,-51.0000,-3.0000,13.4697,24.0000
1999-09-16,-45.9167,-67.0000,-6.0000,15.7284,24.0000
1999-09-17,-24.9583,-39.0000,-12.0000,8.3065,24.0000
1999-09-18,-23.2083,-40.0000,-14.0000,7.8407,24.0000
1999-09-19,-19.5000,-29.0000,-6.0000,5.6028,24.0000
1999-09-20,-17.2083,-31.0000,4.0000,8.6576,24.0000
1999-09-21,-7.3750,-28.0000,6.0000,8.5761,24.0000
1999-09-22,-18.9167,-173.0000,27.0000,47.9727,24.0000
1999-09-23,-96.9167,-155.0000,-50.0000,31.8869,24.0000
1999-09-24,-39.9167,-50.0000,-23.0000,8.5614,24.0000
1999-09-25,-16.2917,-24.0000,-8.0000,4.8497,24.0000
1999-09-26,-11.9167,-36.0000,7.0000,10.9183,24.0000
1999-09-27,-44.5000,-64.0000,-22.0000,14.1667,24.0000
1999-09-28,-38.6250,-49.0000,-31.0000,4.8077,24.0000
1999-09-29,-30.0833,-43.0000,-22.0000,5.4686,24.0000
1999-09-30,-40.2500,-61.0000,-21.0000,13.8917,24.0000
1999-10-01,-18.5833,-26.0000,-12.0000,3.5743,24.0000
1999-10-02,-19.7083,-31.0000,-10.0000,6.0540,24.0000
1999-10-03,-14.2917,-32.0000,-5.0000,6.9625,24.0000
1999-10-04,-18.9583,-33.0000,-3.0000,9.2899,24.0000
1999-10-05,-11.8333,-26.0000,3.0000,8.4063,24.0000
1999-10-06,-8.9167,-16.0000,0.0000,4.6524,24.0000
1999-10-07,-2.7500,-7.0000,2.0000,2.6416,24.0000
1999-10-08,-7.6250,-23.0000,11.0000,9.4538,24.0000
1999-10-09,2.0833,-12.0000,21.0000,9.2403,24.0000
1999-10-10,-37.8750,-67.0000,14.0000,23.4415,24.0000
1999-10-11,-37.0417,-52.0000,-18.0000,9.7199,24.0000
1999-10-12,-48.5000,-60.0000,-27.0000,8.7078,24.0000
1999-10-13,-43.3333,-57.0000,-27.0000,6.8820,24.0000
1999-10-14,-32.5417,-47.0000,-18.0000,7.3187,24.0000
1999-10-15,-46.4583,-67.0000,-28.0000,9.9082,24.0000
1999-10-16,-33.0417,-47.0000,-25.0000,5.4572,24.0000
1999-10-17,-33.3750,-54.0000,-20.0000,7.8730,24.0000
1999-10-18,-15.5000,-24.0000,-9.0000,4.9957,24.0000
1999-10-19,-14.4167,-26.0000,-5.0000,7.0150,24.0000
1999-10-20,1.6250,-4.0000,10.0000,3.7742,24.0000
1999-10-21,9.2083,-5.0000,23.0000,8.0162,24.0000
1999-10-22,-133.6250,-237.0000,-23.0000,54.6139,24.0000
1999-10-23,-64.9167,-76.0000,-50.0000,7.4712,24.0000
1999-10-24,-57.6667,-71.0000,-39.0000,9.4624,24.0000
1999-10-25,-44.9583,-53.0000,-38.0000,4.4083,24.0000
1999-10-26,-28.8333,-38.0000,-22.0000,4.7518,24.0000
1999-10-27,-47.0833,-61.0000,-26.0000,10.9937,24.0000
1999-10-28,-44.9167,-66.0000,-22.0000,13.6092,24.0000
1999-10-29,-33.0833,-59.0000,-17.0000,12.8399,24.0000
1999-10-30,-26.9583,-34.0000,-23.0000,3.2635,24.0000
1999-10-31,-9.2083,-26.0000,2.0000,8.7326,24.0000
1999-11-01,-14.7917,-25.0000,-5.0000,5.2002,24.0000
1999-11-02,-15.7917,-26.0000,-9.0000,4.6716,24.0000
1999-11-03,-9.0000,-22.0000,-1.0000,6.1432,24.0000
1999-11-04,-1.0833,-9.0000,6.0000,4.5004,24.0000
1999-11-05,4.4583,-6.0000,13.0000,4.5107,24.0000
1999-11-06,-1.3750,-16.0000,10.0000,6.0203,24.0000
1999-11-07,-38.2083,-67.0000,6.0000,22.9214,24.0000
1999-11-08,-51.5000,-73.0000,-41.0000,8.3718,24.0000
1999-11-09,-45.7500,-57.0000,-30.0000,7.3322,24.0000
1999-11-10,-24.5417,-35.0000,-15.0000,5.6336,24.0000
1999-11-11,-41.7917,-55.0000,-21.0000,8.4595,24.0000
1999-11-12,-34.2917,-47.0000,-27.0000,5.1201,24.0000
1999-11-13,-66.9583,-106.0000,-44.0000,17.6524,24.0000
1999-11-14,-61.9583,-87.0000,-42.0000,12.3552,24.0000
1999-11-15,-29.0000,-40.0000,-15.0000,7.2352,24.0000
1999-11-16,-36.9583,-79.0000,-14.0000,22.2661,24.0000
1999-11-17,-30.1667,-43.0000,-23.0000,5.8210,24.0000
1999-11-18,-31.4167,-50.0000,-21.0000,6.9715,24.0000
1999-11-19,-34.2083,-43.0000,-28.0000,3.7646,24.0000
1999-11-20,-15.6250,-27.0000,-4.0000,6.3439,24.0000
1999-11-21,-12.9583,-28.0000,4.0000,8.5439,24.0000
1999-11-22,-12.4167,-22.0000,0.0000,7.2287,24.0000
1999-11-23,-23.9583,-41.0000,-1.0000,12.4673,24.0000
1999-11-24,-23.1250,-50.0000,0.0000,13.3882,24.0000
1999-11-25,-13.0417,-21.0000,-2.0000,6.2865,24.0000
1999-11-26,-14.0417,-21.0000,-6.0000,4.3387,24.0000
1999-11-27,1.7083,-4.0000,7.0000,2.9852,24.0000
1999-11-28,-3.6667,-18.0000,8.0000,7.8722,24.0000
1999-11-29,-2.1667,-12.0000,4.0000,4.9927,24.0000
1999-11-30,6.0000,-4.0000,20.0000,7.0772,24.0000
1999-12-01,4.8333,-3.0000,12.0000,3.5468,24.0000
1999-12-02,12.8333,3.0000,21.0000,3.9084,24.0000
1999-12-03,-6.5417,-28.0000,10.0000,10.9821,24.0000
1999-12-04,-18.6667,-35.0000,4.0000,11.2198,24.0000
1999-12-05,-24.2917,-38.0000,-18.0000,4.9386,24.0000
1999-12-06,-18.7083,-30.0000,-5.0000,6.0969,24.0000
1999-12-07,-13.8333,-22.0000,-8.0000,3.7494,24.0000
1999-12-08,-15.4167,-25.0000,-8.0000,4.6054,24.0000
1999-12-09,-17.8750,-27.0000,-11.0000,4.4263,24.0000
1999-12-10,-14.4167,-22.0000,-9.0000,3.2826,24.0000
1999-12-11,-11.1250,-19.0000,-2.0000,3.9925,24.0000
1999-12-12,-13.1667,-25.0000,-4.0000,4.9402,24.0000
1999-12-13,-46.1667,-85.0000,-20.0000,19.8136,24.0000
1999-12-14,-22.7917,-33.0000,-12.0000,5.5323,24.0000
1999-12-15,-4.1250,-17.0000,5.0000,6.2853,24.0000
1999-12-16,-3.7500,-15.0000,4.0000,5.5266,24.0000
1999-12-17,-3.8333,-10.0000,1.0000,2.6649,24.0000
1999-12-18,3.9167,-4.0000,10.0000,3.7290,24.0000
1999-12-19,1.6250,-4.0000,8.0000,3.4492,24.0000
1999-12-20,8.4583,3.0000,14.0000,3.4005,24.0000
1999-12-21,8.3750,6.0000,12.0000,1.5551,24.0000
1999-12-22,9.4583,2.0000,16.0000,3.5384,24.0000
1999-12-23,24.0417,12.0000,35.0000,7.2740,24.0000
1999-12-24,13.5000,-3.0000,26.0000,6.4874,24.0000
1999-12-25,-0.5000,-8.0000,8.0000,4.4429,24.0000
1999-12-26,3.7917,-2.0000,10.0000,3.1344,24.0000
1999-12-27,2.5000,-8.0000,14.0000,7.2051,24.0000
1999-12-28,0.7500,-15.0000,12.0000,7.2846,24.0000
1999-12-29,-3.7083,-27.0000,9.0000,10.9246,24.0000
1999-12-30,10.4583,-5.0000,28.0000,9.9694,24.0000
1999-12-31,-18.5000,-50.0000,3.0000,12.6354,24.0000
2000-01-01,-29.9583,-45.0000,-21.0000,8.1159,24.0000
2000-01-02,-19.0417,-28.0000,-11.0000,4.2167,24.0000
2000-01-03,-16.8750,-23.0000,-9.0000,4.2150,24.0000
2000-01-04,-14.9583,-23.0000,-9.0000,3.5811,24.0000
2000-01-05,-25.2500,-33.0000,-9.0000,5.6741,24.0000
2000-01-06,-22.1667,-36.0000,-9.0000,9.0730,24.0000
2000-01-07,-21.2917,-29.0000,-14.0000,3.4826,24.0000
2000-01-08,-12.6250,-18.0000,-8.0000,3.3207,24.0000
2000-01-09,-3.8333,-10.0000,4.0000,4.5269,24.0000
2000-01-10,-0.3333,-8.0000,10.0000,4.1249,24.0000
2000-01-11,-17.7500,-80.0000,13.0000,31.8068,24.0000
2000-01-12,-44.3750,-71.0000,-25.0000,13.3541,24.0000
2000-01-13,-22.6250,-30.0000,-17.0000,2.8409,24.0000
2000-01-14,-15.3750,-21.0000,-10.0000,2.8864,24.0000
2000-01-15,-10.7083,-19.0000,-5.0000,4.0484,24.0000
2000-01-16,-10.5000,-19.0000,-5.0000,3.5139,24.0000
2000-01-17,-3.4583,-9.0000,2.0000,3.0642,24.0000
2000-01-18,0.3333,-8.0000,9.0000,4.9927,24.0000
2000-01-19,7.4583,-3.0000,16.0000,5.2995,24.0000
2000-01-20,-1.2917,-10.0000,7.0000,4.3487,24.0000
2000-01-21,2.1667,-5.0000,7.0000,3.5590,24.0000
2000-01-22,-11.7500,-91.0000,17.0000,31.2441,24.0000
2000-01-23,-62.8333,-96.0000,-43.0000,17.2744,24.0000
2000-01-24,-40.1667,-50.0000,-34.0000,3.6196,24.0000
2000-01-25,-28.0833,-39.0000,-14.0000,9.2873,24.0000
2000-01-26,-15.3333,-28.0000,-3.0000,6.7866,24.0000
2000-01-27,4.3333,-26.0000,47.0000,21.0851,24.0000
2000-01-28,-28.2500,-41.0000,-6.0000,9.9793,24.0000
2000-01-29,-25.6250,-32.0000,-20.0000,3.4617,24.0000
2000-01-30,-18.5000,-27.0000,-12.0000,4.0217,24.0000
2000-01-31,-11.9167,-21.0000,-2.0000,5.5554,24.0000
2000-02-01,-5.5000,-18.0000,4.0000,5.3730,24.0000
2000-02-02,-6.7083,-17.0000,4.0000,5.7821,24.0000
2000-02-03,-3.5833,-14.0000,4.0000,4.6054,24.0000
2000-02-04,-0.1667,-8.0000,6.0000,4.0504,24.0000
2000-02-05,-0.4167,-33.0000,32.0000,14.4881,24.0000
2000-02-06,-27.7917,-39.0000,-11.0000,7.5353,24.0000
2000-02-07,-34.9583,-43.0000,-26.0000,4.2578,24.0000
2000-02-08,-23.5833,-30.0000,-17.0000,3.9444,24.0000
2000-02-09,-18.2500,-28.0000,-12.0000,3.4294,24.0000
2000-02-10,-12.5833,-23.0000,-2.0000,5.7250,24.0000
2000-02-11,-14.3333,-35.0000,6.0000,10.6022,24.0000
2000-02-12,-75.5000,-135.0000,-23.0000,34.4017,24.0000
2000-02-13,-48.5417,-62.0000,-30.0000,10.2447,24.0000
2000-02-14,-43.2083,-68.0000,-26.0000,13.0982,24.0000
2000-02-15,-32.0000,-45.0000,-22.0000,6.8652,24.0000
2000-02-16,-20.7500,-31.0000,-5.0000,6.2572,24.0000
2000-02-17,-21.6667,-30.0000,-12.0000,5.9246,24.0000
2000-02-18,-13.0000,-25.0000,-8.0000,4.3937,24.0000
2000-02-19,-5.1667,-15.0000,3.0000,4.8064,24.0000
2000-02-20,0.2917,-9.0000,22.0000,7.6242,24.0000
2000-02-21,-1.0417,-25.0000,20.0000,13.8045,24.0000
2000-02-22,1.7083,-9.0000,15.0000,7.7262,24.0000
2000-02-23,2.6250,-18.0000,20.0000,9.1358,24.0000
2000-02-24,-13.6667,-29.0000,4.0000,10.8294,24.0000
2000-02-25,-19.1667,-35.0000,-9.0000,8.3493,24.0000
2000-02-26,-15.7083,-20.0000,-7.0000,3.6173,24.0000
2000-02-27,-12.7917,-21.0000,-6.0000,4.7729,24.0000
2000-02-28,-21.5000,-31.0000,-14.0000,4.4036,24.0000
2000-02-29,-13.6667,-22.0000,-5.0000,5.2558,24.0000
2000-03-01,-22.1250,-44.0000,15.0000,17.1953,24.0000
2000-03-02,-17.7500,-32.0000,-5.0000,9.9269,24.0000
2000-03-03,-5.9167,-10.0000,3.0000,3.6226,24.0000
2000-03-04,-0.3333,-7.0000,9.0000,3.4599,24.0000
2000-03-05,0.0833,-19.0000,15.0000,8.2931,24.0000
2000-03-06,-8.2917,-26.0000,7.0000,8.8636,24.0000
2000-03-07,-26.8333,-37.0000,-17.0000,5.8731,24.0000
2000-03-08,-28.4167,-51.0000,-18.0000,9.0981,24.0000
2000-03-09,-13.5833,-35.0000,-4.0000,7.4069,24.0000
2000-03-10,-14.5833,-39.0000,5.0000,14.9838,24.0000
2000-03-11,-36.4167,-43.0000,-28.0000,3.8889,24.0000
2000-03-12,-18.6667,-38.0000,-2.0000,9.7743,24.0000
2000-03-13,-12.5833,-26.0000,5.0000,9.1932,24.0000
2000-03-14,-12.6667,-19.0000,-8.0000,3.1987,24.0000
2000-03-15,-5.5000,-17.0000,1.0000,5.3892,24.0000
2000-03-16,11.9167,1.0000,19.0000,5.1323,24.0000
2000-03-17,12.6250,1.0000,23.0000,5.4598,24.0000
2000-03-18,9.6667,-3.0000,18.0000,5.9246,24.0000
2000-03-19,2.4167,-8.0000,10.0000,5.0036,24.0000
2000-03-20,7.0000,-3.0000,12.0000,4.3539,24.0000
2000-03-21,16.3333,8.0000,24.0000,4.1249,24.0000
2000-03-22,20.3750,-5.0000,46.0000,16.3755,24.0000
2000-03-23,2.0000,-6.0000,8.0000,4.0647,24.0000
2000-03-24,-2.7917,-17.0000,10.0000,8.5159,24.0000
2000-03-25,-9.2917,-18.0000,0.0000,5.7292,24.0000
2000-03-26,-0.7917,-5.0000,3.0000,1.8877,24.0000
2000-03-27,1.5833,-4.0000,14.0000,4.9775,24.0000
2000-03-28,1.1667,-2.0000,9.0000,2.6973,24.0000
2000-03-29,4.6250,-16.0000,22.0000,8.9822,24.0000
2000-03-30,-2.0833,-12.0000,13.0000,6.5536,24.0000
2000-03-31,-38.7083,-59.0000,-8.0000,16.7630,24.0000
2000-04-01,-17.8750,-45.0000,4.0000,13.3980,24.0000
2000-04-02,-40.0833,-50.0000,-28.0000,6.7882,24.0000
2000-04-03,-23.5417,-37.0000,-4.0000,9.2124,24.0000
2000-04-04,-37.5833,-52.0000,-14.0000,10.7011,24.0000
2000-04-05,-33.7083,-63.0000,-8.0000,16.4250,24.0000
2000-04-06,-65.7917,-291.0000,-5.0000,87.1495,24.0000
2000-04-07,-161.6250,-292.0000,-92.0000,50.3180,24.0000
2000-04-08,-65.2917,-87.0000,-35.0000,16.4884,24.0000
2000-04-09,-36.0000,-47.0000,-25.0000,5.0905,24.0000
2000-04-10,-50.7917,-66.0000,-31.0000,9.8862,24.0000
2000-04-11,-30.8750,-41.0000,-24.0000,4.3869,24.0000
2000-04-12,-16.7917,-38.0000,4.0000,12.6181,24.0000
2000-04-13,-14.3750,-29.0000,-2.0000,8.4432,24.0000
2000-04-14,-2.0000,-10.0000,10.0000,5.7180,24.0000
2000-04-15,1.3333,-22.0000,8.0000,6.9824,24.0000
2000-04-16,-47.2083,-78.0000,-19.0000,15.8745,24.0000
2000-04-17,-23.4167,-30.0000,-13.0000,4.6337,24.0000
2000-04-18,-7.6250,-23.0000,2.0000,7.8064,24.0000
2000-04-19,-6.7083,-13.0000,5.0000,4.5155,24.0000
2000-04-20,-12.9167,-25.0000,-5.0000,5.9776,24.0000
2000-04-21,-3.4583,-15.0000,5.0000,5.9635,24.0000
2000-04-22,0.5833,-4.0000,6.0000,2.7174,24.0000
2000-04-23,2.2083,-8.0000,10.0000,5.4612,24.0000
2000-04-24,-25.2500,-60.0000,14.0000,24.1539,24.0000
2000-04-25,-24.6667,-42.0000,-12.0000,8.3127,24.0000
2000-04-26,-5.7083,-18.0000,4.0000,6.0107,24.0000
2000-04-27,-3.8333,-27.0000,14.0000,12.8424,24.0000
2000-04-28,-23.5417,-32.0000,-18.0000,3.9889,24.0000
2000-04-29,-9.5833,-20.0000,-3.0000,4.1485,24.0000
2000-04-30,-15.2500,-31.0000,-4.0000,6.7454,24.0000
2000-05-01,-17.6667,-31.0000,-7.0000,6.8630,24.0000
2000-05-02,-25.8333,-37.0000,-11.0000,8.3023,24.0000
2000-05-03,-12.5000,-35.0000,10.0000,13.5807,24.0000
2000-05-04,-16.0000,-32.0000,-3.0000,7.6727,24.0000
2000-05-05,-11.9583,-19.0000,-5.0000,4.1017,24.0000
2000-05-06,-12.9167,-28.0000,-3.0000,8.6473,24.0000
2000-05-07,2.9167,-10.0000,13.0000,6.3787,24.0000
2000-05-08,19.0000,8.0000,30.0000,6.1855,24.0000
2000-05-09,-0.3750,-19.0000,16.0000,8.7467,24.0000
2000-05-10,-9.2500,-22.0000,0.0000,5.8403,24.0000
2000-05-11,0.1250,-15.0000,7.0000,5.4319,24.0000
2000-05-12,-15.2917,-33.0000,15.0000,15.5325,24.0000
2000-05-13,0.3333,-14.0000,8.0000,6.0265,24.0000
2000-05-14,3.8750,-4.0000,9.0000,4.0358,24.0000
2000-05-15,6.7917,-5.0000,27.0000,9.7890,24.0000
2000-05-16,-7.5833,-31.0000,5.0000,8.1236,24.0000
2000-05-17,-51.2083,-91.0000,-5.0000,20.2420,24.0000
2000-05-18,-19.6667,-35.0000,-7.0000,9.7832,24.0000
2000-05-19,-6.7083,-12.0000,0.0000,3.0142,24.0000
2000-05-20,-5.0417,-9.0000,0.0000,2.3862,24.0000
2000-05-21,-1.5000,-8.0000,5.0000,3.9342,24.0000
2000-05-22,1.8750,-9.0000,11.0000,6.8924,24.0000
2000-05-23,13.6250,-1.0000,36.0000,9.1548,24.0000
2000-05-24,-89.5833,-147.0000,17.0000,42.1786,24.0000
2000-05-25,-58.5833,-72.0000,-39.0000,7.9778,24.0000
2000-05-26,-33.8750,-49.0000,-13.0000,10.3769,24.0000
2000-05-27,-21.4583,-29.0000,-14.0000,4.4913,24.0000
2000-05-28,-21.0833,-38.0000,-13.0000,6.4735,24.0000
2000-05-29,-22.5000,-53.0000,-1.0000,14.2615,24.0000
2000-05-30,-29.1667,-40.0000,-20.0000,6.3497,24.0000
2000-05-31,-18.6250,-26.0000,-10.0000,4.5379,24.0000
2000-06-01,-13.4583,-23.0000,-4.0000,4.8092,24.0000
2000-06-02,-4.0000,-13.0000,2.0000,4.8004,24.0000
2000-06-03,-9.7917,-21.0000,2.0000,6.3519,24.0000
2000-06-04,-6.5000,-21.0000,8.0000,7.1869,24.0000
2000-06-05,-12.3750,-34.0000,20.0000,15.5110,24.0000
2000-06-06,-2.2083,-13.0000,7.0000,6.3928,24.0000
2000-06-07,-1.2500,-13.0000,5.0000,5.5187,24.0000
2000-06-08,-28.0833,-90.0000,11.0000,33.5312,24.0000
2000-06-09,-34.4167,-56.0000,-14.0000,10.0991,24.0000
2000-06-10,-40.8333,-52.0000,-22.0000,8.1490,24.0000
2000-06-11,-27.5833,-36.0000,-10.0000,6.6327,24.0000
2000-06-12,-19.5000,-33.0000,-4.0000,6.3793,24.0000
2000-06-13,-16.2083,-37.0000,0.0000,11.3213,24.0000
2000-06-14,4.2500,-26.0000,29.0000,15.9816,24.0000
2000-06-15,-13.1250,-26.0000,-3.0000,7.0545,24.0000
2000-06-16,-6.1250,-18.0000,1.0000,4.9897,24.0000
2000-06-17,6.5417,-2.0000,16.0000,4.6623,24.0000
2000-06-18,0.2917,-12.0000,10.0000,6.9249,24.0000
2000-06-19,3.5833,-5.0000,18.0000,7.7061,24.0000
2000-06-20,5.0833,-6.0000,21.0000,8.6422,24.0000
2000-06-21,3.1667,-5.0000,18.0000,5.8210,24.0000
2000-06-22,12.1250,-6.0000,21.0000,7.8203,24.0000
2000-06-23,3.7083,-25.0000,30.0000,14.6450,24.0000
2000-06-24,-19.5417,-34.0000,-1.0000,9.0409,24.0000
2000-06-25,-5.8750,-14.0000,3.0000,3.8370,24.0000
2000-06-26,-36.2500,-75.0000,8.0000,24.9020,24.0000
2000-06-27,-30.6667,-53.0000,-14.0000,9.5675,24.0000
2000-06-28,-20.2500,-34.0000,-11.0000,7.3203,24.0000
2000-06-29,-23.1667,-39.0000,-9.0000,8.3284,24.0000
2000-06-30,-5.8750,-13.0000,0.0000,3.8257,24.0000
2000-07-01,7.5833,-10.0000,20.0000,8.6019,24.0000
2000-07-02,10.7083,3.0000,17.0000,4.2883,24.0000
2000-07-03,8.0417,2.0000,15.0000,3.5322,24.0000
2000-07-04,12.7083,-3.0000,27.0000,6.0540,24.0000
2000-07-05,0.7917,-12.0000,15.0000,8.7922,24.0000
2000-07-06,5.1667,-1.0000,11.0000,3.7261,24.0000
2000-07-07,7.3333,-2.0000,16.0000,5.3052,24.0000
2000-07-08,8.6250,3.0000,14.0000,3.4743,24.0000
2000-07-09,7.3333,1.0000,13.0000,3.2526,24.0000
2000-07-10,8.0000,-17.0000,21.0000,7.9290,24.0000
2000-07-11,12.7500,-21.0000,50.0000,18.6926,24.0000
2000-07-12,-10.8333,-25.0000,5.0000,8.8005,24.0000
2000-07-13,-4.0417,-43.0000,51.0000,22.5822,24.0000
2000-07-14,-16.7500,-29.0000,3.0000,8.8919,24.0000
2000-07-15,-71.1250,-289.0000,7.0000,89.4681,24.0000
2000-07-16,-171.6250,-300.0000,-116.0000,60.0947,24.0000
2000-07-17,-69.6250,-113.0000,-40.0000,22.5211,24.0000
2000-07-18,-33.0417,-41.0000,-14.0000,7.1169,24.0000
2000-07-19,-20.0417,-35.0000,5.0000,12.6336,24.0000
2000-07-20,-67.0417,-92.0000,-26.0000,16.8277,24.0000
2000-07-21,-40.0417,-59.0000,-21.0000,9.6796,24.0000
2000-07-22,-39.8750,-62.0000,-24.0000,11.4372,24.0000
2000-07-23,-32.6667,-67.0000,-12.0000,15.4826,24.0000
2000-07-24,-37.0000,-54.0000,-21.0000,9.4409,24.0000
2000-07-25,-18.8333,-24.0000,-13.0000,3.2526,24.0000
2000-07-26,-27.5833,-43.0000,-7.0000,12.2116,24.0000
2000-07-27,-25.8750,-41.0000,-15.0000,7.6914,24.0000
2000-07-28,-27.4583,-49.0000,-9.0000,11.8026,24.0000
2000-07-29,-37.8333,-69.0000,-16.0000,11.5143,24.0000
2000-07-30,-23.3333,-38.0000,-16.0000,7.1970,24.0000
2000-07-31,-25.3750,-38.0000,-16.0000,6.9833,24.0000
2000-08-01,-25.7500,-37.0000,-16.0000,5.7275,24.0000
2000-08-02,-20.6667,-39.0000,-11.0000,7.8997,24.0000
2000-08-03,-12.0000,-24.0000,-4.0000,5.6415,24.0000
2000-08-04,-23.2917,-29.0000,-12.0000,4.8408,24.0000
2000-08-05,-24.7917,-43.0000,-4.0000,11.7658,24.0000
2000-08-06,-31.5000,-55.0000,-16.0000,10.7623,24.0000
2000-08-07,-18.0833,-28.0000,-11.0000,5.0898,24.0000
2000-08-08,-9.1250,-19.0000,0.0000,4.4459,24.0000
2000-08-09,-6.9167,-16.0000,5.0000,5.5319,24.0000
2000-08-10,-20.7500,-64.0000,4.0000,17.5629,24.0000
2000-08-11,-72.5833,-105.0000,-36.0000,18.2897,24.0000
2000-08-12,-127.7917,-234.0000,-20.0000,60.2956,24.0000
2000-08-13,-58.4583,-83.0000,-39.0000,12.2970,24.0000
2000-08-14,-32.5417,-49.0000,-8.0000,11.0019,24.0000
2000-08-15,-20.1250,-30.0000,-11.0000,5.2446,24.0000
2000-08-16,-17.2083,-26.0000,-3.0000,5.8009,24.0000
2000-08-17,-10.9167,-17.0000,-2.0000,4.6054,24.0000
2000-08-18,-5.7500,-13.0000,-1.0000,3.3002,24.0000
2000-08-19,-0.2500,-7.0000,6.0000,3.8363,24.0000
2000-08-20,4.7500,-5.0000,18.0000,6.9109,24.0000
2000-08-21,-23.3333,-37.0000,-2.0000,10.1325,24.0000
2000-08-22,-7.7083,-26.0000,7.0000,11.2191,24.0000
2000-08-23,-10.2500,-31.0000,0.0000,8.1307,24.0000
2000-08-24,-8.3333,-18.0000,-1.0000,4.6031,24.0000
2000-08-25,-1.8333,-9.0000,3.0000,3.3708,24.0000
2000-08-26,-8.3333,-24.0000,0.0000,6.7352,24.0000
2000-08-27,3.5417,-6.0000,14.0000,6.8396,24.0000
2000-08-28,-4.3333,-42.0000,17.0000,15.3217,24.0000
2000-08-29,-33.4167,-59.0000,-20.0000,11.7396,24.0000
2000-08-30,-18.7083,-37.0000,2.0000,12.1386,24.0000
2000-08-31,-17.6667,-24.0000,-11.0000,3.3837,24.0000
2000-09-01,-20.8333,-26.0000,-9.0000,4.0504,24.0000
2000-09-02,-32.4167,-56.0000,-10.0000,15.5505,24.0000
2000-09-03,-13.8750,-26.0000,-8.0000,4.8303,24.0000
2000-09-04,-14.6667,-36.0000,5.0000,10.8254,24.0000
2000-09-05,-17.2083,-36.0000,-7.0000,7.9890,24.0000
2000-09-06,3.1667,-10.0000,39.0000,14.1872,24.0000
2000-09-07,-21.1667,-33.0000,2.0000,9.0153,24.0000
2000-09-08,-26.7917,-47.0000,-18.0000,7.4249,24.0000
2000-09-09,-9.4167,-15.0000,-3.0000,3.5621,24.0000
2000-09-10,-1.1667,-5.0000,5.0000,3.2925,24.0000
2000-09-11,7.2917,1.0000,13.0000,2.7263,24.0000
2000-09-12,-29.6250,-73.0000,12.0000,28.7248,24.0000
2000-09-13,-27.0833,-45.0000,-14.0000,9.6455,24.0000
2000-09-14,-17.7500,-25.0000,-10.0000,4.8477,24.0000
2000-09-15,3.6667,-21.0000,20.0000,12.2071,24.0000
2000-09-16,-25.7500,-68.0000,-5.0000,14.9383,24.0000
2000-09-17,-40.6667,-201.0000,28.0000,50.7746,24.0000
2000-09-18,-103.3750,-193.0000,-59.0000,38.5879,24.0000
2000-09-19,-56.1667,-77.0000,-28.0000,12.0926,24.0000
2000-09-20,-38.0417,-56.0000,-24.0000,10.7237,24.0000
2000-09-21,-25.8750,-35.0000,-12.0000,6.7458,24.0000
2000-09-22,-15.5000,-25.0000,-8.0000,4.6811,24.0000
2000-09-23,-14.9167,-22.0000,-4.0000,5.4207,24.0000
2000-09-24,-10.2083,-38.0000,9.0000,11.7584,24.0000
2000-09-25,-32.0833,-50.0000,-15.0000,8.6422,24.0000
2000-09-26,-41.0000,-55.0000,-27.0000,7.5181,24.0000
2000-09-27,-26.4583,-40.0000,-15.0000,7.9618,24.0000
2000-09-28,-26.2917,-42.0000,-16.0000,6.5970,24.0000
2000-09-29,-19.3750,-30.0000,-9.0000,4.6045,24.0000
2000-09-30,-52.4583,-75.0000,-34.0000,14.4823,24.0000
2000-10-01,-36.7083,-57.0000,-14.0000,14.1835,24.0000
2000-10-02,-22.0417,-42.0000,-6.0000,8.7897,24.0000
2000-10-03,-54.5417,-78.0000,-26.0000,13.8375,24.0000
2000-10-04,-76.6667,-143.0000,-26.0000,39.5339,24.0000
2000-10-05,-137.9167,-181.0000,-91.0000,24.3951,24.0000
2000-10-06,-70.7500,-104.0000,-44.0000,18.7251,24.0000
2000-10-07,-36.3333,-44.0000,-25.0000,5.7685,24.0000
2000-10-08,-19.9167,-26.0000,-14.0000,3.8552,24.0000
2000-10-09,-12.4167,-17.0000,-5.0000,3.4125,24.0000
2000-10-10,-21.2500,-30.0000,-10.0000,6.7260,24.0000
2000-10-11,-28.4583,-46.0000,-8.0000,9.9869,24.0000
2000-10-12,-15.2500,-23.0000,16.0000,9.3913,24.0000
2000-10-13,-33.7500,-71.0000,2.0000,19.0702,24.0000
2000-10-14,-79.9583,-106.0000,-52.0000,16.9436,24.0000
2000-10-15,-33.0000,-48.0000,-17.0000,9.3669,24.0000
2000-10-16,-25.2083,-40.0000,-12.0000,9.0936,24.0000
2000-10-17,-12.6250,-19.0000,-5.0000,3.2007,24.0000
2000-10-18,-11.0417,-18.0000,-1.0000,3.8389,24.0000
2000-10-19,-8.2917,-17.0000,-1.0000,4.5824,24.0000
2000-10-20,-1.9167,-7.0000,3.0000,2.3575,24.0000
2000-10-21,4.2917,-4.0000,15.0000,6.0324,24.0000
2000-10-22,-6.2500,-41.0000,25.0000,21.1604,24.0000
2000-10-23,-28.7083,-53.0000,-13.0000,10.3314,24.0000
2000-10-24,-26.4583,-39.0000,-18.0000,5.4691,24.0000
2000-10-25,-19.7917,-32.0000,-10.0000,6.0215,24.0000
2000-10-26,-21.2083,-36.0000,-6.0000,7.9890,24.0000
2000-10-27,-12.7083,-21.0000,1.0000,6.2518,24.0000
2000-10-28,-5.5833,-52.0000,15.0000,12.8229,24.0000
2000-10-29,-88.8750,-126.0000,-55.0000,22.8669,24.0000
2000-10-30,-37.0417,-53.0000,-26.0000,7.5899,24.0000
2000-10-31,-19.6250,-26.0000,-11.0000,4.4508,24.0000
2000-11-01,-16.2917,-23.0000,-11.0000,3.6532,24.0000
2000-11-02,-11.6250,-20.0000,3.0000,7.0329,24.0000
2000-11-03,2.4167,-6.0000,10.0000,4.6617,24.0000
2000-11-04,-22.0417,-49.0000,36.0000,23.0566,24.0000
2000-11-05,-25.1667,-45.0000,-6.0000,11.0598,24.0000
2000-11-06,-65.3750,-159.0000,-24.0000,42.8677,24.0000
2000-11-07,-88.7500,-151.0000,-34.0000,36.9256,24.0000
2000-11-08,-28.2917,-43.0000,-2.0000,10.0886,24.0000
2000-11-09,-16.0417,-29.0000,-7.0000,5.8121,24.0000
2000-11-10,-48.2500,-95.0000,8.0000,32.1778,24.0000
2000-11-11,-35.0000,-57.0000,-23.0000,9.5871,24.0000
2000-11-12,-29.7500,-40.0000,-21.0000,6.2083,24.0000
2000-11-13,-17.6667,-24.0000,-11.0000,4.1037,24.0000
2000-11-14,-6.8333,-14.0000,-2.0000,3.7840,24.0000
2000-11-15,-2.8750,-8.0000,4.0000,3.3920,24.0000
2000-11-16,1.5833,-2.0000,5.0000,2.6526,24.0000
2000-11-17,0.8750,-5.0000,5.0000,2.7077,24.0000
2000-11-18,8.7083,-12.0000,20.0000,9.7956,24.0000
2000-11-19,-10.1667,-23.0000,4.0000,7.5738,24.0000
2000-11-20,-7.3750,-27.0000,6.0000,11.0721,24.0000
2000-11-21,-11.1250,-25.0000,3.0000,7.4151,24.0000
2000-11-22,-13.9583,-21.0000,-5.0000,4.9561,24.0000
2000-11-23,-9.5000,-20.0000,2.0000,5.8160,24.0000
2000-11-24,-0.2500,-32.0000,16.0000,12.1378,24.0000
2000-11-25,-15.4583,-27.0000,-1.0000,6.4064,24.0000
2000-11-26,9.5417,-31.0000,42.0000,21.1762,24.0000
2000-11-27,-47.5417,-79.0000,-26.0000,15.5507,24.0000
2000-11-28,-50.7917,-72.0000,-26.0000,12.9882,24.0000
2000-11-29,-81.2917,-119.0000,-52.0000,17.3167,24.0000
2000-11-30,-44.0000,-59.0000,-20.0000,11.7214,24.0000
2000-12-01,-27.3333,-43.0000,-18.0000,7.1058,24.0000
2000-12-02,-15.4583,-27.0000,-8.0000,6.1854,24.0000
2000-12-03,-8.8333,-19.0000,1.0000,6.3634,24.0000
2000-12-04,-17.6250,-33.0000,-5.0000,8.5862,24.0000
2000-12-05,-10.3333,-33.0000,9.0000,14.2392,24.0000
2000-12-06,-1.2917,-15.0000,10.0000,6.5040,24.0000
2000-12-07,-6.7917,-20.0000,7.0000,7.7795,24.0000
2000-12-08,-4.3333,-20.0000,15.0000,8.7906,24.0000
2000-12-09,-10.6667,-24.0000,-2.0000,4.6873,24.0000
2000-12-10,-6.3333,-17.0000,4.0000,6.9010,24.0000
2000-12-11,0.5000,-11.0000,15.0000,8.0217,24.0000
2000-12-12,-0.7083,-13.0000,14.0000,7.1898,24.0000
2000-12-13,5.0833,-4.0000,16.0000,6.4060,24.0000
2000-12-14,7.7083,0.0000,14.0000,3.6532,24.0000
2000-12-15,8.4583,1.0000,14.0000,3.9561,24.0000
2000-12-16,11.9583,3.0000,19.0000,4.6763,24.0000
2000-12-17,-5.0417,-16.0000,7.0000,6.9312,24.0000
2000-12-18,-13.2083,-24.0000,-3.0000,6.6003,24.0000
2000-12-19,-6.8750,-16.0000,6.0000,6.6287,24.0000
2000-12-20,-3.3333,-12.0000,7.0000,6.1902,24.0000
2000-12-21,6.2083,-6.0000,21.0000,7.2770,24.0000
2000-12-22,8.0000,-10.0000,24.0000,7.8630,24.0000
2000-12-23,-37.7500,-62.0000,-8.0000,14.5520,24.0000
2000-12-24,-11.5833,-32.0000,22.0000,13.0581,24.0000
2000-12-25,10.0833,-9.0000,29.0000,10.6727,24.0000
2000-12-26,-1.4583,-15.0000,10.0000,6.9719,24.0000
2000-12-27,-1.2500,-23.0000,15.0000,12.7867,24.0000
2000-12-28,-4.2083,-19.0000,12.0000,10.1894,24.0000
2000-12-29,-0.5000,-19.0000,16.0000,10.8908,24.0000
2000-12-30,-1.2083,-16.0000,6.0000,6.5074,24.0000
2000-12-31,3.7917,-3.0000,10.0000,3.7646,24.0000
2001-01-01,2.3333,-7.0000,13.0000,5.2640,24.0000
2001-01-02,11.8333,-3.0000,24.0000,6.6833,24.0000
2001-01-03,-7.5000,-35.0000,25.0000,14.3618,24.0000
2001-01-04,-1.7083,-10.0000,13.0000,6.3894,24.0000
2001-01-05,-7.1250,-14.0000,-4.0000,2.6096,24.0000
2001-01-06,-1.7917,-12.0000,4.0000,4.1282,24.0000
2001-01-07,-2.6667,-10.0000,7.0000,4.6966,24.0000
2001-01-08,-0.0833,-19.0000,9.0000,7.4010,24.0000
2001-01-09,-12.7083,-26.0000,-3.0000,6.0179,24.0000
2001-01-10,0.0833,-8.0000,13.0000,5.0296,24.0000
2001-01-11,-5.5000,-16.0000,8.0000,7.5527,24.0000
2001-01-12,-18.7500,-30.0000,-5.0000,6.5823,24.0000
2001-01-13,-2.0000,-11.0000,6.0000,5.4454,24.0000
2001-01-14,-7.6667,-17.0000,1.0000,5.4746,24.0000
2001-01-15,-12.0417,-26.0000,-3.0000,6.7468,24.0000
2001-01-16,-5.5833,-13.0000,2.0000,4.1064,24.0000
2001-01-17,4.8333,-20.0000,19.0000,11.0559,24.0000
2001-01-18,4.6250,-3.0000,21.0000,6.6647,24.0000
2001-01-19,7.3750,0.0000,17.0000,5.0803,24.0000
2001-01-20,-0.3750,-20.0000,18.0000,13.0178,24.0000
2001-01-21,-24.3750,-40.0000,-10.0000,8.9870,24.0000
2001-01-22,-24.7500,-32.0000,-18.0000,4.2860,24.0000
2001-01-23,-12.0833,-25.0000,14.0000,11.7987,24.0000
2001-01-24,-35.0000,-61.0000,-11.0000,15.2173,24.0000
2001-01-25,-27.1250,-41.0000,-20.0000,4.6654,24.0000
2001-01-26,-26.3333,-35.0000,-12.0000,5.4267,24.0000
2001-01-27,-16.0833,-25.0000,-10.0000,4.3230,24.0000
2001-01-28,-1.2500,-20.0000,13.0000,9.7189,24.0000
2001-01-29,-16.1250,-29.0000,3.0000,7.5257,24.0000
2001-01-30,-9.0833,-16.0000,-6.0000,3.3090,24.0000
2001-01-31,-22.1667,-45.0000,10.0000,17.1557,24.0000
2001-02-01,-25.2083,-41.0000,-9.0000,10.6403,24.0000
2001-02-02,-12.2083,-22.0000,-5.0000,5.5949,24.0000
2001-02-03,-2.5000,-8.0000,1.0000,2.3774,24.0000
2001-02-04,3.8333,-4.0000,9.0000,4.2801,24.0000
2001-02-05,10.5417,6.0000,15.0000,2.9040,24.0000
2001-02-06,-1.0417,-31.0000,23.0000,15.1010,24.0000
2001-02-07,-6.4167,-16.0000,1.0000,4.4027,24.0000
2001-02-08,-0.5000,-12.0000,11.0000,7.3426,24.0000
2001-02-09,3.4583,-7.0000,15.0000,6.4940,24.0000
2001-02-10,1.7083,-8.0000,9.0000,5.1708,24.0000
2001-02-11,0.3750,-11.0000,9.0000,6.3439,24.0000
2001-02-12,7.0417,3.0000,11.0000,2.4402,24.0000
2001-02-13,-13.2083,-50.0000,13.0000,17.6487,24.0000
2001-02-14,-34.2083,-43.0000,-22.0000,6.4604,24.0000
2001-02-15,-15.8333,-26.0000,-3.0000,6.8694,24.0000
2001-02-16,-4.5417,-11.0000,4.0000,4.1387,24.0000
2001-02-17,-4.0833,-10.0000,0.0000,2.7333,24.0000
2001-02-18,1.6667,-5.0000,12.0000,4.9137,24.0000
2001-02-19,1.3333,-14.0000,15.0000,7.2151,24.0000
2001-02-20,5.0000,-11.0000,17.0000,6.7114,24.0000
2001-02-21,-5.8750,-20.0000,8.0000,7.4677,24.0000
2001-02-22,-0.5833,-20.0000,14.0000,8.6623,24.0000
2001-02-23,-14.0417,-32.0000,-1.0000,9.1532,24.0000
2001-02-24,-2.4583,-10.0000,4.0000,4.2527,24.0000
2001-02-25,6.6667,2.0000,12.0000,2.4077,24.0000
2001-02-26,1.2917,-22.0000,10.0000,10.0195,24.0000
2001-02-27,-15.2500,-37.0000,-2.0000,11.1794,24.0000
2001-02-28,-5.2917,-14.0000,5.0000,5.1540,24.0000
2001-03-01,-4.1667,-17.0000,4.0000,5.9758,24.0000
2001-03-02,0.6250,-7.0000,6.0000,3.3076,24.0000
2001-03-03,-3.7917,-14.0000,10.0000,6.5341,24.0000
2001-03-04,-17.1667,-52.0000,-5.0000,11.4879,24.0000
2001-03-05,-34.4583,-73.0000,-12.0000,20.1429,24.0000
2001-03-06,-13.9167,-24.0000,-6.0000,5.1996,24.0000
2001-03-07,-9.4583,-17.0000,-5.0000,3.5750,24.0000
2001-03-08,-5.6667,-16.0000,1.0000,4.7792,24.0000
2001-03-09,-5.3750,-12.0000,3.0000,4.3520,24.0000
2001-03-10,1.7917,-4.0000,6.0000,2.6206,24.0000
2001-03-11,1.1667,-3.0000,9.0000,3.3449,24.0000
2001-03-12,0.9583,-28.0000,14.0000,12.2278,24.0000
2001-03-13,-14.2917,-25.0000,-1.0000,8.8685,24.0000
2001-03-14,-8.8750,-24.0000,1.0000,6.3267,24.0000
2001-03-15,-2.5833,-8.0000,4.0000,3.5376,24.0000
2001-03-16,4.9583,0.0000,11.0000,2.5788,24.0000
2001-03-17,5.1667,-3.0000,12.0000,4.1354,24.0000
2001-03-18,-5.3333,-11.0000,0.0000,2.8387,24.0000
2001-03-19,-32.1250,-105.0000,1.0000,33.8492,24.0000
2001-03-20,-116.9583,-149.0000,-73.0000,24.1237,24.0000
2001-03-21,-65.4583,-83.0000,-52.0000,10.7176,24.0000
2001-03-22,-29.8750,-48.0000,6.0000,14.4171,24.0000
2001-03-23,-54.3750,-75.0000,-42.0000,7.7055,24.0000
2001-03-24,-27.0833,-43.0000,-14.0000,7.7343,24.0000
2001-03-25,-20.2500,-26.0000,-13.0000,4.4060,24.0000
2001-03-26,-8.3333,-17.0000,-2.0000,4.3406,24.0000
2001-03-27,-1.6667,-51.0000,36.0000,16.6098,24.0000
2001-03-28,-52.5833,-87.0000,-30.0000,15.5085,24.0000
2001-03-29,-32.7500,-53.0000,-20.0000,10.3346,24.0000
2001-03-30,-10.7500,-31.0000,15.0000,12.1771,24.0000
2001-03-31,-210.8750,-387.0000,26.0000,123.0491,24.0000
2001-04-01,-136.9167,-228.0000,-80.0000,44.3846,24.0000
2001-04-02,-71.0417,-101.0000,-38.0000,21.3592,24.0000
2001-04-03,-28.9583,-41.0000,-17.0000,6.4974,24.0000
2001-04-04,-14.7500,-31.0000,15.0000,11.7926,24.0000
2001-04-05,-31.2500,-50.0000,-13.0000,8.2896,24.0000
2001-04-06,-18.3333,-31.0000,-6.0000,6.8567,24.0000
2001-04-07,-30.7500,-42.0000,-10.0000,10.5840,24.0000
2001-04-08,-33.3333,-59.0000,4.0000,17.3272,24.0000
2001-04-09,-52.7917,-63.0000,-42.0000,6.2274,24.0000
2001-04-10,-33.0000,-52.0000,-17.0000,9.3530,24.0000
2001-04-11,-63.5833,-271.0000,-2.0000,73.8264,24.0000
2001-04-12,-130.8750,-236.0000,-76.0000,47.3188,24.0000
2001-04-13,-60.5833,-77.0000,-14.0000,15.3167,24.0000
2001-04-14,-42.8750,-75.0000,-28.0000,12.8107,24.0000
2001-04-15,-31.1250,-38.0000,-20.0000,5.9367,24.0000
2001-04-16,-23.9583,-36.0000,-17.0000,6.3072,24.0000
2001-04-17,-19.2083,-30.0000,-12.0000,5.8009,24.0000
2001-04-18,-70.3333,-114.0000,-8.0000,25.4365,24.0000
2001-04-19,-40.5833,-78.0000,-20.0000,17.2070,24.0000
2001-04-20,-20.8333,-34.0000,-12.0000,6.6442,24.0000
2001-04-21,-1.8333,-14.0000,12.0000,9.4440,24.0000
2001-04-22,-54.5833,-102.0000,4.0000,33.4156,24.0000
2001-04-23,-57.4167,-83.0000,-30.0000,18.5283,24.0000
2001-04-24,-28.3750,-40.0000,-17.0000,5.6861,24.0000
2001-04-25,-6.1667,-21.0000,4.0000,8.1703,24.0000
2001-04-26,-5.6667,-11.0000,-2.0000,2.6485,24.0000
2001-04-27,-2.2500,-10.0000,2.0000,3.6386,24.0000
2001-04-28,-2.7917,-33.0000,41.0000,22.2378,24.0000
2001-04-29,-17.8750,-47.0000,-1.0000,12.6777,24.0000
2001-04-30,-13.1250,-23.0000,-2.0000,5.7431,24.0000
2001-05-01,-1.0417,-13.0000,8.0000,5.8121,24.0000
2001-05-02,6.1667,0.0000,14.0000,4.2699,24.0000
2001-05-03,6.2917,-7.0000,15.0000,6.2379,24.0000
2001-05-04,4.0000,-2.0000,10.0000,3.3492,24.0000
2001-05-05,3.2917,0.0000,6.0000,1.9667,24.0000
2001-05-06,9.1667,3.0000,18.0000,3.9636,24.0000
2001-05-07,-18.2083,-36.0000,0.0000,8.4492,24.0000
2001-05-08,-19.8750,-39.0000,-2.0000,9.1524,24.0000
2001-05-09,-49.7083,-68.0000,-26.0000,11.4074,24.0000
2001-05-10,-54.0417,-76.0000,-35.0000,13.9891,24.0000
2001-05-11,-34.9167,-48.0000,-27.0000,6.2618,24.0000
2001-05-12,-35.2917,-44.0000,-21.0000,5.7140,24.0000
2001-05-13,-26.4583,-48.0000,-10.0000,12.1081,24.0000
2001-05-14,-24.8333,-41.0000,-13.0000,8.3336,24.0000
2001-05-15,-19.0000,-23.0000,-10.0000,4.0217,24.0000
2001-05-16,-8.9167,-19.0000,3.0000,6.6458,24.0000
2001-05-17,-5.6667,-12.0000,0.0000,3.5955,24.0000
2001-05-18,0.5833,-11.0000,11.0000,4.8357,24.0000
2001-05-19,-9.9167,-25.0000,8.0000,7.1500,24.0000
2001-05-20,0.2917,-4.0000,9.0000,3.7933,24.0000
2001-05-21,5.5417,2.0000,15.0000,2.8434,24.0000
2001-05-22,19.5417,14.0000,33.0000,4.9165,24.0000
2001-05-23,18.5000,10.0000,30.0000,5.0990,24.0000
2001-05-24,4.0833,-5.0000,11.0000,4.0531,24.0000
2001-05-25,5.2917,-2.0000,10.0000,3.7472,24.0000
2001-05-26,3.8333,-2.0000,8.0000,2.5651,24.0000
2001-05-27,12.9583,4.0000,26.0000,6.6364,24.0000
2001-05-28,-8.3333,-42.0000,22.0000,25.0680,24.0000
2001-05-29,-10.7917,-28.0000,2.0000,6.7501,24.0000
2001-05-30,-4.4167,-12.0000,5.0000,5.2163,24.0000
2001-05-31,5.5417,-3.0000,14.0000,5.0215,24.0000
2001-06-01,18.5833,9.0000,37.0000,7.2347,24.0000
2001-06-02,-13.7500,-27.0000,22.0000,10.4974,24.0000
2001-06-03,-6.6250,-15.0000,0.0000,4.3018,24.0000
2001-06-04,-5.5833,-19.0000,5.0000,6.8962,24.0000
2001-06-05,0.6667,-7.0000,5.0000,3.0024,24.0000
2001-06-06,1.3333,-6.0000,10.0000,4.7518,24.0000
2001-06-07,-0.2500,-9.0000,8.0000,5.0926,24.0000
2001-06-08,13.5000,7.0000,21.0000,3.9121,24.0000
2001-06-09,-0.0833,-36.0000,23.0000,15.9862,24.0000
2001-06-10,-20.0833,-33.0000,-9.0000,6.7044,24.0000
2001-06-11,-4.5833,-15.0000,5.0000,6.0283,24.0000
2001-06-12,-1.5833,-9.0000,6.0000,5.0383,24.0000
2001-06-13,-15.0833,-23.0000,-6.0000,4.5389,24.0000
2001-06-14,1.1250,-6.0000,16.0000,5.6284,24.0000
2001-06-15,0.0417,-6.0000,13.0000,5.7444,24.0000
2001-06-16,4.4167,-7.0000,12.0000,5.1492,24.0000
2001-06-17,-0.7500,-12.0000,8.0000,5.5345,24.0000
2001-06-18,-34.3333,-61.0000,23.0000,22.3795,24.0000
2001-06-19,-28.1250,-46.0000,-4.0000,12.7563,24.0000
2001-06-20,-19.7083,-26.0000,-13.0000,3.4196,24.0000
2001-06-21,-20.7500,-30.0000,-9.0000,6.3537,24.0000
2001-06-22,-11.6250,-26.0000,-2.0000,6.4188,24.0000
2001-06-23,-2.3333,-9.0000,10.0000,6.1902,24.0000
2001-06-24,0.1667,-8.0000,8.0000,3.8636,24.0000
2001-06-25,2.1667,-9.0000,12.0000,6.1338,24.0000
2001-06-26,-1.7083,-21.0000,11.0000,12.0054,24.0000
2001-06-27,-7.7917,-20.0000,-1.0000,6.2622,24.0000
2001-06-28,2.9167,-5.0000,10.0000,3.6703,24.0000
2001-06-29,11.3750,4.0000,16.0000,3.3856,24.0000
2001-06-30,4.3333,-11.0000,19.0000,11.4954,24.0000
2001-07-01,0.4167,-9.0000,11.0000,6.5403,24.0000
2001-07-02,3.4583,-2.0000,7.0000,2.7023,24.0000
2001-07-03,7.5833,-5.0000,21.0000,8.7473,24.0000
2001-07-04,8.0833,-7.0000,23.0000,8.3869,24.0000
2001-07-05,5.2917,-3.0000,12.0000,3.8951,24.0000
2001-07-06,2.3750,-7.0000,10.0000,4.2714,24.0000
2001-07-07,5.4167,1.0000,11.0000,2.6689,24.0000
2001-07-08,12.6250,-16.0000,27.0000,10.4749,24.0000
2001-07-09,-8.2917,-32.0000,2.0000,9.6975,24.0000
2001-07-10,-12.7083,-37.0000,1.0000,10.1445,24.0000
2001-07-11,-16.7083,-38.0000,7.0000,13.3758,24.0000
2001-07-12,5.5000,1.0000,13.0000,3.5386,24.0000
2001-07-13,3.8750,-4.0000,10.0000,3.7684,24.0000
2001-07-14,-6.2500,-18.0000,8.0000,6.5823,24.0000
2001-07-15,-0.5417,-19.0000,12.0000,10.4839,24.0000
2001-07-16,-0.8750,-16.0000,10.0000,7.6118,24.0000
2001-07-17,-12.8333,-19.0000,-7.0000,3.4220,24.0000
2001-07-18,-5.7500,-14.0000,5.0000,5.0411,24.0000
2001-07-19,-0.2500,-5.0000,4.0000,2.8476,24.0000
2001-07-20,0.7500,-3.0000,3.0000,1.7004,24.0000
2001-07-21,10.6250,-1.0000,23.0000,5.7921,24.0000
2001-07-22,-7.4167,-18.0000,12.0000,7.9995,24.0000
2001-07-23,-1.4583,-11.0000,5.0000,4.2012,24.0000
2001-07-24,7.9583,-6.0000,27.0000,9.5028,24.0000
2001-07-25,-11.8333,-26.0000,8.0000,10.4743,24.0000
2001-07-26,-15.2083,-29.0000,-5.0000,7.5295,24.0000
2001-07-27,-4.1667,-11.0000,5.0000,4.0611,24.0000
2001-07-28,0.2500,-8.0000,7.0000,4.2452,24.0000
2001-07-29,6.0417,-3.0000,14.0000,4.5538,24.0000
2001-07-30,9.8750,-4.0000,17.0000,6.0528,24.0000
2001-07-31,-11.3333,-35.0000,15.0000,12.9537,24.0000
2001-08-01,-5.4583,-18.0000,6.0000,5.9269,24.0000
2001-08-02,7.7917,-7.0000,16.0000,5.5637,24.0000
2001-08-03,-0.0417,-13.0000,14.0000,7.5093,24.0000
2001-08-04,-3.2917,-17.0000,5.0000,7.7093,24.0000
2001-08-05,-16.0417,-40.0000,3.0000,13.0733,24.0000
2001-08-06,-17.6667,-32.0000,-2.0000,9.0105,24.0000
2001-08-07,-7.6667,-26.0000,1.0000,6.6507,24.0000
2001-08-08,-1.7083,-17.0000,10.0000,8.6902,24.0000
2001-08-09,4.0000,0.0000,14.0000,3.5631,24.0000
2001-08-10,9.4167,-3.0000,24.0000,6.5602,24.0000
2001-08-11,5.0000,-8.0000,16.0000,6.3929,24.0000
2001-08-12,16.7083,-2.0000,42.0000,14.2080,24.0000
2001-08-13,-6.8333,-32.0000,18.0000,11.9152,24.0000
2001-08-14,-9.7500,-20.0000,0.0000,6.8477,24.0000
2001-08-15,-8.6667,-16.0000,-3.0000,3.3188,24.0000
2001-08-16,-1.0833,-5.0000,4.0000,2.0412,24.0000
2001-08-17,-9.3333,-105.0000,44.0000,39.1759,24.0000
2001-08-18,-43.0417,-68.0000,-18.0000,16.9974,24.0000
2001-08-19,-13.9583,-33.0000,0.0000,9.7244,24.0000
2001-08-20,-2.7917,-17.0000,11.0000,8.9247,24.0000
2001-08-21,7.7917,-12.0000,23.0000,10.2107,24.0000
2001-08-22,-13.7500,-33.0000,3.0000,10.2586,24.0000
2001-08-23,-14.1250,-25.0000,-4.0000,5.6284,24.0000
2001-08-24,0.2917,-3.0000,5.0000,2.2933,24.0000
2001-08-25,6.5000,-1.0000,20.0000,6.2970,24.0000
2001-08-26,-7.0417,-25.0000,6.0000,7.7711,24.0000
2001-08-27,-0.1250,-13.0000,14.0000,8.3578,24.0000
2001-08-28,-11.0417,-23.0000,1.0000,6.3758,24.0000
2001-08-29,-7.0000,-13.0000,1.0000,3.1208,24.0000
2001-08-30,-10.2083,-24.0000,0.0000,7.0216,24.0000
2001-08-31,-21.7083,-40.0000,-8.0000,8.7451,24.0000
2001-09-01,-10.2917,-19.0000,2.0000,6.7468,24.0000
2001-09-02,-6.7083,-17.0000,0.0000,4.9474,24.0000
2001-09-03,-3.5417,-20.0000,5.0000,7.0832,24.0000
2001-09-04,-18.2917,-32.0000,-10.0000,6.7982,24.0000
2001-09-05,-18.1667,-27.0000,-8.0000,5.5691,24.0000
2001-09-06,-13.9167,-21.0000,-7.0000,4.1169,24.0000
2001-09-07,5.5000,-3.0000,11.0000,4.6625,24.0000
2001-09-08,-15.0833,-26.0000,1.0000,5.9849,24.0000
2001-09-09,-6.2083,-11.0000,3.0000,3.4260,24.0000
2001-09-10,4.7500,-1.0000,12.0000,3.5539,24.0000
2001-09-11,6.1667,-23.0000,24.0000,12.0314,24.0000
2001-09-12,-25.3750,-34.0000,-12.0000,5.2487,24.0000
2001-09-13,-29.9583,-57.0000,-4.0000,15.5884,24.0000
2001-09-14,1.4167,-11.0000,9.0000,5.7477,24.0000
2001-09-15,-10.7083,-22.0000,2.0000,7.7149,24.0000
2001-09-16,-10.5833,-18.0000,-5.0000,3.9991,24.0000
2001-09-17,-4.2917,-13.0000,10.0000,6.1182,24.0000
2001-09-18,3.2083,-25.0000,15.0000,11.7879,24.0000
2001-09-19,-5.3333,-14.0000,6.0000,5.7534,24.0000
2001-09-20,2.4583,-2.0000,12.0000,3.5750,24.0000
2001-09-21,9.5000,2.0000,16.0000,4.0000,24.0000
2001-09-22,1.0833,-17.0000,21.0000,11.2169,24.0000
2001-09-23,-26.8333,-73.0000,6.0000,27.0758,24.0000
2001-09-24,-32.6250,-48.0000,-19.0000,8.3083,24.0000
2001-09-25,-16.7917,-53.0000,14.0000,12.2899,24.0000
2001-09-26,-72.4583,-102.0000,-39.0000,17.3054,24.0000
2001-09-27,-42.8750,-51.0000,-33.0000,5.3187,24.0000
2001-09-28,-33.8750,-45.0000,-29.0000,3.9597,24.0000
2001-09-29,-41.7917,-55.0000,-25.0000,8.2619,24.0000
2001-09-30,-43.6667,-66.0000,-32.0000,9.2908,24.0000
2001-10-01,-98.8750,-148.0000,-54.0000,23.1260,24.0000
2001-10-02,-86.5833,-104.0000,-72.0000,8.2510,24.0000
2001-10-03,-107.3333,-166.0000,-46.0000,36.6804,24.0000
2001-10-04,-70.7083,-94.0000,-47.0000,16.1231,24.0000
2001-10-05,-24.9167,-43.0000,-4.0000,12.6247,24.0000
2001-10-06,-16.3333,-21.0000,-13.0000,2.0990,24.0000
2001-10-07,-5.1667,-14.0000,1.0000,4.5173,24.0000
2001-10-08,-17.4167,-48.0000,5.0000,15.0331,24.0000
2001-10-09,-36.8750,-64.0000,-19.0000,11.2764,24.0000
2001-10-10,-34.5417,-44.0000,-29.0000,3.3877,24.0000
2001-10-11,-33.2500,-70.0000,5.0000,15.3347,24.0000
2001-10-12,-51.3333,-71.0000,-18.0000,14.1626,24.0000
2001-10-13,-36.2083,-47.0000,-26.0000,5.7859,24.0000
2001-10-14,-29.0000,-39.0000,-19.0000,4.8901,24.0000
2001-10-15,-18.0000,-32.0000,-1.0000,8.9831,24.0000
2001-10-16,-11.1667,-22.0000,1.0000,6.4178,24.0000
2001-10-17,-16.9583,-26.0000,-4.0000,6.3210,24.0000
2001-10-18,0.8333,-6.0000,11.0000,4.2597,24.0000
2001-10-19,-18.2083,-57.0000,8.0000,24.2092,24.0000
2001-10-20,-30.3750,-43.0000,-23.0000,5.4678,24.0000
2001-10-21,-58.9167,-187.0000,-9.0000,60.0304,24.0000
2001-10-22,-150.4167,-177.0000,-129.0000,12.9142,24.0000
2001-10-23,-101.5000,-165.0000,-73.0000,25.3891,24.0000
2001-10-24,-50.4583,-72.0000,-40.0000,8.4903,24.0000
2001-10-25,-19.2083,-40.0000,5.0000,14.1051,24.0000
2001-10-26,-20.9167,-29.0000,-12.0000,4.2622,24.0000
2001-10-27,-23.4167,-27.0000,-15.0000,4.0316,24.0000
2001-10-28,-99.2083,-157.0000,-15.0000,43.6697,24.0000
2001-10-29,-67.2500,-83.0000,-48.0000,8.0825,24.0000
2001-10-30,-46.7083,-54.0000,-36.0000,5.9962,24.0000
2001-10-31,-25.4167,-81.0000,-2.0000,17.2927,24.0000
2001-11-01,-83.1250,-106.0000,-58.0000,14.9908,24.0000
2001-11-02,-38.3333,-55.0000,-26.0000,8.6711,24.0000
2001-11-03,-18.3333,-27.0000,-14.0000,3.0312,24.0000
2001-11-04,-21.2083,-41.0000,-3.0000,11.0098,24.0000
2001-11-05,-7.2500,-55.0000,22.0000,22.6605,24.0000
2001-11-06,-201.9167,-292.0000,-64.0000,64.4326,24.0000
2001-11-07,-109.8750,-165.0000,-73.0000,26.4054,24.0000
2001-11-08,-55.4583,-71.0000,-44.0000,9.4500,24.0000
2001-11-09,-36.5833,-44.0000,-33.0000,3.2292,24.0000
2001-11-10,-31.8333,-40.0000,-27.0000,3.8297,24.0000
2001-11-11,-32.6250,-43.0000,-24.0000,5.0803,24.0000
2001-11-12,-20.6250,-28.0000,-10.0000,5.0803,24.0000
2001-11-13,-14.6667,-25.0000,-10.0000,3.8069,24.0000
2001-11-14,-7.8333,-12.0000,-1.0000,2.7923,24.0000
2001-11-15,-4.7917,-24.0000,19.0000,10.1980,24.0000
2001-11-16,-25.4167,-33.0000,-12.0000,5.9994,24.0000
2001-11-17,-32.3333,-39.0000,-23.0000,4.6966,24.0000
2001-11-18,-29.0833,-38.0000,-23.0000,4.4421,24.0000
2001-11-19,-36.0417,-48.0000,-25.0000,6.3416,24.0000
2001-11-20,-31.9167,-40.0000,-24.0000,4.4224,24.0000
2001-11-21,-19.6250,-29.0000,-10.0000,5.6477,24.0000
2001-11-22,-16.8333,-29.0000,-6.0000,5.2475,24.0000
2001-11-23,-31.1250,-42.0000,-24.0000,4.8661,24.0000
2001-11-24,-122.5417,-221.0000,2.0000,75.0316,24.0000
2001-11-25,-105.8333,-145.0000,-81.0000,20.4273,24.0000
2001-11-26,-60.6667,-86.0000,-43.0000,15.2534,24.0000
2001-11-27,-33.1667,-55.0000,-25.0000,9.3886,24.0000
2001-11-28,-19.3750,-33.0000,-12.0000,7.5054,24.0000
2001-11-29,-15.8750,-20.0000,-12.0000,2.1531,24.0000
2001-11-30,-9.9167,-22.0000,3.0000,7.9832,24.0000
2001-12-01,0.2917,-9.0000,13.0000,5.9233,24.0000
2001-12-02,5.0417,-3.0000,16.0000,6.4368,24.0000
2001-12-03,-2.5000,-32.0000,10.0000,12.8232,24.0000
2001-12-04,-23.5833,-30.0000,-17.0000,3.3740,24.0000
2001-12-05,-22.6250,-38.0000,-8.0000,8.9434,24.0000
2001-12-06,-19.7083,-32.0000,-9.0000,5.6759,24.0000
2001-12-07,-19.3750,-26.0000,-15.0000,3.1734,24.0000
2001-12-08,-18.2500,-27.0000,-10.0000,4.9541,24.0000
2001-12-09,-11.1667,-17.0000,-5.0000,3.1577,24.0000
2001-12-10,-7.7083,-14.0000,-1.0000,3.8162,24.0000
2001-12-11,-9.2917,-13.0000,-3.0000,2.4043,24.0000
2001-12-12,-19.5417,-38.0000,0.0000,11.3902,24.0000
2001-12-13,-26.3333,-39.0000,-15.0000,9.2203,24.0000
2001-12-14,-14.0417,-25.0000,3.0000,5.9672,24.0000
2001-12-15,7.8750,-11.0000,31.0000,13.3817,24.0000
2001-12-16,-6.4583,-21.0000,17.0000,10.8947,24.0000
2001-12-17,-29.9583,-39.0000,-18.0000,6.6625,24.0000
2001-12-18,-27.3333,-36.0000,-16.0000,6.6768,24.0000
2001-12-19,-22.5833,-34.0000,-13.0000,6.2340,24.0000
2001-12-20,-17.6250,-31.0000,-7.0000,7.1128,24.0000
2001-12-21,-29.0000,-67.0000,-11.0000,15.1887,24.0000
2001-12-22,-40.1667,-59.0000,-20.0000,14.1810,24.0000
2001-12-23,-19.8750,-36.0000,8.0000,12.3264,24.0000
2001-12-24,-29.6250,-55.0000,15.0000,21.3985,24.0000
2001-12-25,-23.8333,-37.0000,-6.0000,11.6008,24.0000
2001-12-26,-20.0000,-40.0000,-6.0000,9.6053,24.0000
2001-12-27,-15.7917,-33.0000,-5.0000,7.3779,24.0000
2001-12-28,10.7500,-10.0000,33.0000,13.3262,24.0000
2001-12-29,34.5000,3.0000,55.0000,15.6205,24.0000
2001-12-30,-24.2083,-58.0000,15.0000,21.1187,24.0000
2001-12-31,-30.4583,-43.0000,-16.0000,7.6042,24.0000
2002-01-01,-33.4167,-48.0000,-17.0000,8.1716,24.0000
2002-01-02,-15.6250,-20.0000,-8.0000,3.3468,24.0000
2002-01-03,-16.0417,-25.0000,-10.0000,4.3885,24.0000
2002-01-04,-6.1250,-15.0000,-1.0000,3.7103,24.0000
2002-01-05,-7.5833,-18.0000,3.0000,6.5602,24.0000
2002-01-06,6.0833,-3.0000,17.0000,5.6562,24.0000
2002-01-07,1.2500,-23.0000,18.0000,12.7697,24.0000
2002-01-08,-13.2083,-25.0000,-4.0000,4.9165,24.0000
2002-01-09,-3.8750,-16.0000,5.0000,6.1525,24.0000
2002-01-10,-16.8750,-51.0000,8.0000,19.6608,24.0000
2002-01-11,-42.3750,-72.0000,-22.0000,12.7136,24.0000
2002-01-12,-31.1667,-47.0000,-21.0000,7.8887,24.0000
2002-01-13,-19.7500,-30.0000,-10.0000,6.3194,24.0000
2002-01-14,-14.4167,-23.0000,-4.0000,4.6054,24.0000
2002-01-15,-13.8333,-23.0000,-5.0000,5.3052,24.0000
2002-01-16,-5.4583,-15.0000,3.0000,5.6181,24.0000
2002-01-17,-1.2500,-10.0000,6.0000,5.1351,24.0000
2002-01-18,-4.0417,-12.0000,9.0000,5.6759,24.0000
2002-01-19,3.9167,-26.0000,37.0000,19.1014,24.0000
2002-01-20,-12.5833,-27.0000,2.0000,7.3421,24.0000
2002-01-21,-10.2083,-17.0000,1.0000,5.0388,24.0000
2002-01-22,-5.0417,-18.0000,2.0000,5.4731,24.0000
2002-01-23,-9.5417,-27.0000,10.0000,9.5188,24.0000
2002-01-24,-12.0417,-26.0000,-3.0000,5.5284,24.0000
2002-01-25,-8.8750,-38.0000,15.0000,16.9816,24.0000
2002-01-26,-22.9583,-32.0000,-12.0000,4.2373,24.0000
2002-01-27,-17.1667,-29.0000,-6.0000,6.9761,24.0000
2002-01-28,-8.2500,-13.0000,0.0000,3.9700,24.0000
2002-01-29,-8.5000,-22.0000,-1.0000,5.7860,24.0000
2002-01-30,-0.9583,-7.0000,4.0000,2.9411,24.0000
2002-01-31,-3.5000,-11.0000,4.0000,4.0432,24.0000
2002-02-01,-17.2500,-33.0000,5.0000,8.7041,24.0000
2002-02-02,-47.3333,-86.0000,3.0000,27.0067,24.0000
2002-02-03,-25.4167,-32.0000,-22.0000,2.8117,24.0000
2002-02-04,-15.2917,-27.0000,2.0000,8.1052,24.0000
2002-02-05,-30.5833,-82.0000,-2.0000,22.0137,24.0000
2002-02-06,-55.8333,-73.0000,-27.0000,13.0972,24.0000
2002-02-07,-26.0000,-45.0000,-10.0000,11.4018,24.0000
2002-02-08,-20.7083,-30.0000,-9.0000,5.9526,24.0000
2002-02-09,-17.3333,-32.0000,-10.0000,6.0265,24.0000
2002-02-10,-13.4167,-28.0000,2.0000,7.9231,24.0000
2002-02-11,-17.4167,-28.0000,-2.0000,6.9277,24.0000
2002-02-12,-18.0417,-28.0000,-8.0000,6.1466,24.0000
2002-02-13,-18.1667,-35.0000,-7.0000,6.9261,24.0000
2002-02-14,-10.5833,-16.0000,-6.0000,3.0633,24.0000
2002-02-15,-3.0417,-10.0000,6.0000,3.4450,24.0000
2002-02-16,-8.5417,-20.0000,1.0000,5.4132,24.0000
2002-02-17,-5.0417,-21.0000,24.0000,11.7232,24.0000
2002-02-18,-7.7500,-24.0000,3.0000,8.3938,24.0000
2002-02-19,-16.7917,-27.0000,-8.0000,4.8363,24.0000
2002-02-20,-6.7083,-15.0000,-2.0000,3.4951,24.0000
2002-02-21,-5.4167,-17.0000,6.0000,5.9703,24.0000
2002-02-22,-1.6250,-12.0000,14.0000,7.0391,24.0000
2002-02-23,-6.0000,-13.0000,6.0000,5.3324,24.0000
2002-02-24,-1.5417,-9.0000,6.0000,4.3935,24.0000
2002-02-25,-2.6250,-10.0000,5.0000,4.7256,24.0000
2002-02-26,-15.0417,-31.0000,-8.0000,6.7081,24.0000
2002-02-27,-8.6250,-19.0000,1.0000,5.2982,24.0000
2002-02-28,-10.8750,-55.0000,8.0000,12.6261,24.0000
2002-03-01,-47.2083,-71.0000,-18.0000,16.9012,24.0000
2002-03-02,-14.0833,-22.0000,-5.0000,4.6337,24.0000
2002-03-03,-20.7500,-46.0000,3.0000,15.0051,24.0000
2002-03-04,-7.0833,-31.0000,5.0000,11.5980,24.0000
2002-03-05,-21.8333,-37.0000,0.0000,9.2062,24.0000
2002-03-06,-20.2083,-37.0000,-11.0000,6.4806,24.0000
2002-03-07,-10.8750,-23.0000,-1.0000,5.0932,24.0000
2002-03-08,-7.5833,-17.0000,0.0000,3.9333,24.0000
2002-03-09,-5.4583,-22.0000,7.0000,8.0864,24.0000
2002-03-10,-9.2083,-22.0000,3.0000,8.0756,24.0000
2002-03-11,-11.6250,-29.0000,4.0000,10.1588,24.0000
2002-03-12,-3.4583,-11.0000,8.0000,5.4051,24.0000
2002-03-13,-1.5000,-8.0000,3.0000,3.0217,24.0000
2002-03-14,1.3333,-4.0000,6.0000,2.5137,24.0000
2002-03-15,11.2917,0.0000,21.0000,5.9817,24.0000
2002-03-16,12.7917,3.0000,22.0000,6.2761,24.0000
2002-03-17,8.6667,5.0000,13.0000,2.8387,24.0000
2002-03-18,24.2917,-1.0000,59.0000,20.9274,24.0000
2002-03-19,-15.8750,-37.0000,24.0000,12.1021,24.0000
2002-03-20,-7.0000,-18.0000,11.0000,11.4967,24.0000
2002-03-21,-5.0000,-13.0000,7.0000,4.7273,24.0000
2002-03-22,-4.2917,-13.0000,4.0000,4.6108,24.0000
2002-03-23,-8.4167,-34.0000,8.0000,13.6188,24.0000
2002-03-24,-77.5417,-100.0000,-30.0000,18.6733,24.0000
2002-03-25,-33.4583,-66.0000,-12.0000,16.0162,24.0000
2002-03-26,-25.6667,-36.0000,-7.0000,8.8301,24.0000
2002-03-27,-13.9583,-20.0000,-9.0000,2.9263,24.0000
2002-03-28,-3.7500,-10.0000,2.0000,3.1242,24.0000
2002-03-29,7.9167,-3.0000,45.0000,9.9517,24.0000
2002-03-30,-4.8333,-38.0000,44.0000,24.2050,24.0000
2002-03-31,-11.0417,-23.0000,1.0000,6.1889,24.0000
2002-04-01,-15.9583,-31.0000,-2.0000,8.3170,24.0000
2002-04-02,-21.1667,-41.0000,-5.0000,9.7920,24.0000
2002-04-03,-13.0417,-23.0000,-3.0000,5.9890,24.0000
2002-04-04,-8.4583,-17.0000,-1.0000,4.4913,24.0000
2002-04-05,6.3750,1.0000,15.0000,3.9871,24.0000
2002-04-06,4.0417,-7.0000,15.0000,6.4772,24.0000
2002-04-07,3.4583,-12.0000,17.0000,7.5180,24.0000
2002-04-08,3.7083,-3.0000,10.0000,3.8951,24.0000
2002-04-09,10.7917,1.0000,21.0000,6.2344,24.0000
2002-04-10,17.3333,10.0000,25.0000,3.6316,24.0000
2002-04-11,13.2083,4.0000,30.0000,5.9489,24.0000
2002-04-12,-0.5417,-10.0000,15.0000,6.3792,24.0000
2002-04-13,-22.7500,-48.0000,6.0000,12.6500,24.0000
2002-04-14,-9.3333,-15.0000,5.0000,4.6031,24.0000
2002-04-15,-8.2917,-23.0000,6.0000,8.1480,24.0000
2002-04-16,-6.4583,-17.0000,1.0000,5.8680,24.0000
2002-04-17,-38.0000,-98.0000,0.0000,34.9882,24.0000
2002-04-18,-104.2917,-127.0000,-53.0000,17.7335,24.0000
2002-04-19,-81.2083,-126.0000,-41.0000,27.7128,24.0000
2002-04-20,-106.3333,-149.0000,-77.0000,22.7322,24.0000
2002-04-21,-49.7083,-74.0000,-38.0000,8.5845,24.0000
2002-04-22,-40.3333,-55.0000,-31.0000,6.6048,24.0000
2002-04-23,-39.6667,-57.0000,-6.0000,13.3894,24.0000
2002-04-24,-30.2083,-40.0000,-24.0000,5.4532,24.0000
2002-04-25,-23.0417,-30.0000,-18.0000,3.0995,24.0000
2002-04-26,-7.7917,-22.0000,-1.0000,6.9656,24.0000
2002-04-27,-3.1250,-14.0000,3.0000,4.6186,24.0000
2002-04-28,-23.6250,-34.0000,-9.0000,7.1006,24.0000
2002-04-29,-19.2917,-28.0000,-9.0000,5.8196,24.0000
2002-04-30,-2.7917,-15.0000,7.0000,4.5395,24.0000
2002-05-01,-4.5000,-10.0000,0.0000,2.5367,24.0000
2002-05-02,-1.4583,-11.0000,5.0000,4.1596,24.0000
2002-05-03,1.8333,-2.0000,8.0000,2.3529,24.0000
2002-05-04,3.8333,-3.0000,8.0000,3.1021,24.0000
2002-05-05,10.0417,-1.0000,18.0000,4.3085,24.0000
2002-05-06,2.7500,-31.0000,22.0000,20.4838,24.0000
2002-05-07,-4.7917,-15.0000,4.0000,5.6950,24.0000
2002-05-08,-18.7500,-29.0000,-10.0000,5.2274,24.0000
2002-05-09,-10.1667,-20.0000,-6.0000,3.6076,24.0000
2002-05-10,2.2917,-14.0000,22.0000,12.1171,24.0000
2002-05-11,-38.9167,-110.0000,15.0000,43.7591,24.0000
2002-05-12,-58.7500,-97.0000,-37.0000,15.4870,24.0000
2002-05-13,-21.3333,-44.0000,-3.0000,14.1534,24.0000
2002-05-14,-48.4167,-63.0000,-8.0000,13.4323,24.0000
2002-05-15,-42.7917,-65.0000,-32.0000,10.0260,24.0000
2002-05-16,-27.0000,-33.0000,-18.0000,3.8561,24.0000
2002-05-17,-11.0417,-27.0000,-2.0000,5.5284,24.0000
2002-05-18,-1.9583,-13.0000,26.0000,8.6952,24.0000
2002-05-19,-33.7500,-58.0000,1.0000,14.6087,24.0000
2002-05-20,-12.1250,-23.0000,0.0000,6.9050,24.0000
2002-05-21,-15.5833,-36.0000,15.0000,13.9718,24.0000
2002-05-22,-6.3333,-12.0000,1.0000,3.5098,24.0000
2002-05-23,-37.5417,-109.0000,63.0000,49.0590,24.0000
2002-05-24,-61.2917,-82.0000,-50.0000,9.8840,24.0000
2002-05-25,-34.4167,-45.0000,-20.0000,5.7704,24.0000
2002-05-26,-19.4167,-24.0000,-14.0000,3.2292,24.0000
2002-05-27,-39.1250,-64.0000,-6.0000,17.9136,24.0000
2002-05-28,-25.7083,-33.0000,-20.0000,2.7422,24.0000
2002-05-29,-18.0417,-22.0000,-12.0000,2.3121,24.0000
2002-05-30,-6.0000,-13.0000,3.0000,4.2324,24.0000
2002-05-31,-4.2083,-11.0000,5.0000,4.3836,24.0000
2002-06-01,8.8333,2.0000,20.0000,5.2558,24.0000
2002-06-02,-18.4583,-34.0000,2.0000,8.2355,24.0000
2002-06-03,-21.2917,-37.0000,-8.0000,6.3621,24.0000
2002-06-04,-22.9167,-31.0000,-13.0000,6.0283,24.0000
2002-06-05,-14.4167,-24.0000,-8.0000,4.3928,24.0000
2002-06-06,-8.0417,-13.0000,-5.0000,2.3309,24.0000
2002-06-07,-2.8750,-8.0000,3.0000,3.3533,24.0000
2002-06-08,2.0833,-18.0000,21.0000,10.0776,24.0000
2002-06-09,-12.6250,-21.0000,-2.0000,4.3018,24.0000
2002-06-10,-17.5833,-38.0000,-1.0000,12.0647,24.0000
2002-06-11,-19.4583,-30.0000,-12.0000,4.6060,24.0000
2002-06-12,-13.6250,-21.0000,-9.0000,2.9900,24.0000
2002-06-13,-11.2083,-20.0000,-1.0000,6.5274,24.0000
2002-06-14,-8.0417,-16.0000,-4.0000,3.3425,24.0000
2002-06-15,2.2083,-4.0000,12.0000,4.3236,24.0000
2002-06-16,5.5417,-10.0000,19.0000,7.1929,24.0000
2002-06-17,1.3750,-10.0000,15.0000,6.6386,24.0000
2002-06-18,9.4167,-2.0000,20.0000,6.2757,24.0000
2002-06-19,-1.5000,-15.0000,20.0000,10.2999,24.0000
2002-06-20,-9.6667,-17.0000,2.0000,4.7058,24.0000
2002-06-21,-6.2917,-15.0000,5.0000,4.9649,24.0000
2002-06-22,3.4167,-11.0000,11.0000,5.4686,24.0000
2002-06-23,-13.0833,-23.0000,0.0000,7.2046,24.0000
2002-06-24,-3.2083,-13.0000,4.0000,3.8784,24.0000
2002-06-25,-0.2917,-16.0000,8.0000,6.2657,24.0000
2002-06-26,-1.9167,-12.0000,5.0000,4.7815,24.0000
2002-06-27,1.3333,-4.0000,7.0000,2.4964,24.0000
2002-06-28,12.6667,7.0000,19.0000,3.3708,24.0000
2002-06-29,5.6250,-4.0000,10.0000,3.3207,24.0000
2002-06-30,-0.5000,-24.0000,14.0000,8.8857,24.0000
2002-07-01,-10.8333,-20.0000,-3.0000,4.9137,24.0000
2002-07-02,-4.2500,-11.0000,2.0000,4.0027,24.0000
2002-07-03,0.7083,-11.0000,5.0000,4.8497,24.0000
2002-07-04,8.1667,-2.0000,22.0000,6.3154,24.0000
2002-07-05,15.7083,-8.0000,30.0000,9.8178,24.0000
2002-07-06,-23.7917,-41.0000,-1.0000,9.5279,24.0000
2002-07-07,-17.5833,-27.0000,-9.0000,4.1590,24.0000
2002-07-08,-6.2500,-14.0000,5.0000,5.2771,24.0000
2002-07-09,-7.7500,-20.0000,4.0000,7.4323,24.0000
2002-07-10,-2.8750,-14.0000,6.0000,5.6439,24.0000
2002-07-11,5.3333,-6.0000,14.0000,5.4984,24.0000
2002-07-12,-10.4167,-36.0000,16.0000,18.6476,24.0000
2002-07-13,-10.2917,-20.0000,-3.0000,4.9032,24.0000
2002-07-14,-1.1667,-11.0000,7.0000,5.9903,24.0000
2002-07-15,16.5000,2.0000,33.0000,7.4775,24.0000
2002-07-16,13.0000,-7.0000,32.0000,12.0830,24.0000
2002-07-17,0.0000,-11.0000,17.0000,8.5973,24.0000
2002-07-18,-7.6667,-17.0000,3.0000,6.6179,24.0000
2002-07-19,-2.0417,-14.0000,10.0000,6.1748,24.0000
2002-07-20,-20.3333,-34.0000,-8.0000,5.6234,24.0000
2002-07-21,-22.1667,-36.0000,-9.0000,7.2692,24.0000
2002-07-22,-23.0417,-38.0000,-7.0000,9.2147,24.0000
2002-07-23,-12.2500,-22.0000,-3.0000,4.4940,24.0000
2002-07-24,-11.5417,-21.0000,-3.0000,5.4132,24.0000
2002-07-25,-1.5000,-14.0000,15.0000,9.1271,24.0000
2002-07-26,-12.5417,-21.0000,-1.0000,5.4292,24.0000
2002-07-27,-19.4583,-31.0000,-10.0000,5.8531,24.0000
2002-07-28,-7.0000,-18.0000,1.0000,5.6028,24.0000
2002-07-29,-0.1667,-14.0000,13.0000,8.6208,24.0000
2002-07-30,4.7500,0.0000,9.0000,2.5238,24.0000
2002-07-31,-6.7917,-21.0000,3.0000,6.7436,24.0000
2002-08-01,-20.4167,-51.0000,4.0000,15.5421,24.0000
2002-08-02,-58.5417,-102.0000,-24.0000,17.2928,24.0000
2002-08-03,-36.3333,-57.0000,-10.0000,15.1246,24.0000
2002-08-04,-33.5000,-58.0000,-11.0000,11.7251,24.0000
2002-08-05,-12.4167,-21.0000,-7.0000,3.1611,24.0000
2002-08-06,-8.3333,-12.0000,-3.0000,2.7767,24.0000
2002-08-07,1.9167,-6.0000,11.0000,5.0812,24.0000
2002-08-08,4.1250,-4.0000,20.0000,6.4357,24.0000
2002-08-09,-6.9167,-33.0000,8.0000,12.4793,24.0000
2002-08-10,-23.2500,-43.0000,-7.0000,9.7099,24.0000
2002-08-11,-17.0833,-30.0000,-2.0000,8.1716,24.0000
2002-08-12,-16.9583,-30.0000,-6.0000,7.1169,24.0000
2002-08-13,-22.2500,-34.0000,-11.0000,7.0047,24.0000
2002-08-14,-23.2917,-38.0000,-15.0000,6.4705,24.0000
2002-08-15,-26.9167,-38.0000,-15.0000,4.7358,24.0000
2002-08-16,-27.7083,-41.0000,-10.0000,10.6014,24.0000
2002-08-17,-23.5000,-38.0000,-13.0000,8.3718,24.0000
2002-08-18,-18.2083,-34.0000,20.0000,16.3254,24.0000
2002-08-19,-41.6250,-59.0000,-30.0000,8.0801,24.0000
2002-08-20,-48.5000,-71.0000,-29.0000,13.1248,24.0000
2002-08-21,-77.7083,-106.0000,-25.0000,25.8431,24.0000
2002-08-22,-28.7500,-51.0000,-10.0000,11.7631,24.0000
2002-08-23,-17.8750,-25.0000,-9.0000,5.1187,24.0000
2002-08-24,-17.1250,-27.0000,-11.0000,4.3169,24.0000
2002-08-25,-8.2500,-17.0000,0.0000,3.7792,24.0000
2002-08-26,-15.8333,-45.0000,5.0000,15.2591,24.0000
2002-08-27,-24.3750,-45.0000,-12.0000,10.9577,24.0000
2002-08-28,-18.8333,-26.0000,-9.0000,4.6501,24.0000
2002-08-29,-16.3333,-28.0000,-9.0000,4.7335,24.0000
2002-08-30,-20.0000,-42.0000,-7.0000,10.2533,24.0000
2002-08-31,-16.8333,-32.0000,3.0000,9.8231,24.0000
2002-09-01,-13.6250,-31.0000,-5.0000,7.4180,24.0000
2002-09-02,-13.4583,-30.0000,-7.0000,7.6839,24.0000
2002-09-03,12.9167,-8.0000,23.0000,9.9604,24.0000
2002-09-04,-71.8333,-109.0000,-2.0000,30.2435,24.0000
2002-09-05,-42.0000,-52.0000,-29.0000,4.9255,24.0000
2002-09-06,-30.5000,-44.0000,-22.0000,5.4693,24.0000
2002-09-07,-64.6667,-177.0000,-27.0000,48.7439,24.0000
2002-09-08,-100.7083,-181.0000,-64.0000,34.8867,24.0000
2002-09-09,-54.9167,-71.0000,-44.0000,9.3897,24.0000
2002-09-10,-64.7917,-82.0000,-52.0000,7.2710,24.0000
2002-09-11,-60.7083,-90.0000,-38.0000,16.7760,24.0000
2002-09-12,-55.5000,-80.0000,-44.0000,9.1414,24.0000
2002-09-13,-42.7083,-51.0000,-37.0000,3.6888,24.0000
2002-09-14,-33.4583,-44.0000,-23.0000,6.6658,24.0000
2002-09-15,-26.6250,-39.0000,-16.0000,6.2680,24.0000
2002-09-16,-11.0833,-27.0000,1.0000,7.7399,24.0000
2002-09-17,-26.0833,-45.0000,-13.0000,9.2498,24.0000
2002-09-18,-26.5000,-37.0000,-17.0000,4.7913,24.0000
2002-09-19,-23.7083,-40.0000,-12.0000,8.4672,24.0000
2002-09-20,-17.0000,-23.0000,-11.0000,2.7975,24.0000
2002-09-21,-11.6250,-22.0000,-4.0000,6.0635,24.0000
2002-09-22,-18.1250,-35.0000,-8.0000,9.3172,24.0000
2002-09-23,-11.6667,-25.0000,-6.0000,4.8424,24.0000
2002-09-24,-7.6667,-15.0000,-1.0000,5.0188,24.0000
2002-09-25,-3.0000,-10.0000,2.0000,3.9121,24.0000
2002-09-26,-9.2083,-36.0000,1.0000,9.2969,24.0000
2002-09-27,-14.3333,-32.0000,2.0000,8.9524,24.0000
2002-09-28,3.0833,-9.0000,12.0000,6.2549,24.0000
2002-09-29,12.2500,3.0000,18.0000,3.3654,24.0000
2002-09-30,-23.8333,-49.0000,3.0000,15.7499,24.0000
2002-10-01,-99.9583,-176.0000,-20.0000,62.8957,24.0000
2002-10-02,-120.0417,-160.0000,-70.0000,28.5436,24.0000
2002-10-03,-77.9583,-117.0000,-45.0000,22.3946,24.0000
2002-10-04,-107.9583,-146.0000,-78.0000,20.8086,24.0000
2002-10-05,-82.3750,-102.0000,-69.0000,9.4216,24.0000
2002-10-06,-57.3333,-72.0000,-45.0000,7.8666,24.0000
2002-10-07,-87.0833,-115.0000,-53.0000,13.5740,24.0000
2002-10-08,-79.0417,-108.0000,-53.0000,17.5288,24.0000
2002-10-09,-60.0833,-71.0000,-46.0000,7.8680,24.0000
2002-10-10,-61.6667,-74.0000,-44.0000,9.4715,24.0000
2002-10-11,-37.6250,-47.0000,-30.0000,5.7771,24.0000
2002-10-12,-35.4583,-44.0000,-27.0000,4.8002,24.0000
2002-10-13,-30.2500,-39.0000,-24.0000,4.5897,24.0000
2002-10-14,-56.8333,-100.0000,-31.0000,20.1638,24.0000
2002-10-15,-47.0000,-70.0000,-28.0000,11.0532,24.0000
2002-10-16,-40.1667,-63.0000,-23.0000,13.1799,24.0000
2002-10-17,-41.2500,-62.0000,-29.0000,9.4420,24.0000
2002-10-18,-32.0833,-40.0000,-26.0000,3.9991,24.0000
2002-10-19,-27.7083,-32.0000,-24.0000,2.4931,24.0000
2002-10-20,-24.4167,-30.0000,-19.0000,3.5005,24.0000
2002-10-21,-18.0417,-21.0000,-10.0000,2.5788,24.0000
2002-10-22,-18.0417,-29.0000,-8.0000,4.9386,24.0000
2002-10-23,-14.3333,-23.0000,0.0000,5.8434,24.0000
2002-10-24,-66.4167,-98.0000,-10.0000,21.5062,24.0000
2002-10-25,-68.2083,-91.0000,-39.0000,14.4673,24.0000
2002-10-26,-45.7500,-62.0000,-32.0000,7.4731,24.0000
2002-10-27,-50.5833,-65.0000,-32.0000,9.8286,24.0000
2002-10-28,-46.1250,-63.0000,-36.0000,8.0559,24.0000
2002-10-29,-32.8750,-45.0000,-18.0000,6.6940,24.0000
2002-10-30,-34.5000,-47.0000,-13.0000,9.6279,24.0000
2002-10-31,-43.8750,-52.0000,-30.0000,6.2784,24.0000
2002-11-01,-22.3750,-32.0000,-10.0000,5.5467,24.0000
2002-11-02,-46.3333,-65.0000,-23.0000,12.9805,24.0000
2002-11-03,-65.3750,-75.0000,-55.0000,7.5286,24.0000
2002-11-04,-56.5833,-69.0000,-48.0000,5.6485,24.0000
2002-11-05,-46.0417,-60.0000,-38.0000,6.1889,24.0000
2002-11-06,-42.2500,-53.0000,-34.0000,5.8254,24.0000
2002-11-07,-33.5833,-43.0000,-24.0000,5.0469,24.0000
2002-11-08,-24.8750,-29.0000,-20.0000,2.1931,24.0000
2002-11-09,-10.4583,-23.0000,11.0000,10.4381,24.0000
2002-11-10,-17.5833,-28.0000,0.0000,8.0158,24.0000
2002-11-11,-15.7083,-32.0000,0.0000,9.2899,24.0000
2002-11-12,-15.1667,-38.0000,1.0000,10.6920,24.0000
2002-11-13,-31.4583,-43.0000,-24.0000,5.1750,24.0000
2002-11-14,-23.5833,-32.0000,-8.0000,6.4735,24.0000
2002-11-15,-20.9167,-39.0000,-10.0000,8.1556,24.0000
2002-11-16,-20.1667,-32.0000,-15.0000,5.3784,24.0000
2002-11-17,-6.6667,-19.0000,1.0000,6.5186,24.0000
2002-11-18,-36.8333,-52.0000,-22.0000,8.3597,24.0000
2002-11-19,-27.8750,-50.0000,-14.0000,10.3307,24.0000
2002-11-20,-37.7500,-87.0000,-8.0000,22.9484,24.0000
2002-11-21,-76.1667,-128.0000,-6.0000,28.3482,24.0000
2002-11-22,-56.2083,-67.0000,-49.0000,4.5586,24.0000
2002-11-23,-47.9167,-65.0000,-38.0000,8.6070,24.0000
2002-11-24,-42.7500,-52.0000,-31.0000,6.0738,24.0000
2002-11-25,-46.1250,-60.0000,-37.0000,6.4425,24.0000
2002-11-26,-28.9583,-40.0000,-3.0000,9.1008,24.0000
2002-11-27,-49.8333,-64.0000,-36.0000,8.4270,24.0000
2002-11-28,-33.5833,-40.0000,-25.0000,4.5580,24.0000
2002-11-29,-26.2083,-34.0000,-19.0000,4.0645,24.0000
2002-11-30,-31.1667,-39.0000,-24.0000,3.7144,24.0000
2002-12-01,-32.3750,-42.0000,-23.0000,5.5467,24.0000
2002-12-02,-27.2500,-35.0000,-22.0000,3.1103,24.0000
2002-12-03,-25.4583,-32.0000,-18.0000,4.1805,24.0000
2002-12-04,-23.7917,-30.0000,-15.0000,4.5107,24.0000
2002-12-05,-26.0000,-38.0000,-20.0000,5.6492,24.0000
2002-12-06,-6.4583,-17.0000,7.0000,5.7784,24.0000
2002-12-07,-21.3333,-38.0000,-4.0000,8.3075,24.0000
2002-12-08,-27.5833,-34.0000,-21.0000,4.1694,24.0000
2002-12-09,-25.2917,-35.0000,-20.0000,3.5322,24.0000
2002-12-10,-17.2083,-22.0000,-10.0000,3.1482,24.0000
2002-12-11,-12.3333,-17.0000,-6.0000,3.4850,24.0000
2002-12-12,-8.7083,-18.0000,3.0000,5.7896,24.0000
2002-12-13,-8.3333,-20.0000,-1.0000,5.0619,24.0000
2002-12-14,-14.3333,-42.0000,9.0000,14.7344,24.0000
2002-12-15,-28.2083,-39.0000,-14.0000,7.0894,24.0000
2002-12-16,-15.3750,-22.0000,-5.0000,6.0348,24.0000
2002-12-17,-7.0833,-16.0000,10.0000,6.4667,24.0000
2002-12-18,14.5417,6.0000,20.0000,3.5872,24.0000
2002-12-19,-24.9167,-72.0000,26.0000,37.2756,24.0000
2002-12-20,-47.2917,-64.0000,-33.0000,8.8341,24.0000
2002-12-21,-48.5417,-75.0000,-32.0000,12.3851,24.0000
2002-12-22,-14.2083,-35.0000,22.0000,17.3656,24.0000
2002-12-23,-41.6250,-67.0000,-17.0000,13.8590,24.0000
2002-12-24,-38.1250,-49.0000,-31.0000,5.3350,24.0000
2002-12-25,-31.5417,-39.0000,-25.0000,3.4133,24.0000
2002-12-26,-31.5833,-49.0000,-16.0000,9.5868,24.0000
2002-12-27,-54.0833,-68.0000,-32.0000,10.4003,24.0000
2002-12-28,-40.0833,-49.0000,-26.0000,6.7432,24.0000
2002-12-29,-27.3333,-37.0000,-22.0000,4.1037,24.0000
2002-12-30,-25.7917,-37.0000,-19.0000,4.8632,24.0000
2002-12-31,-23.0000,-33.0000,-16.0000,4.7273,24.0000
2003-01-01,-8.6250,-23.0000,1.0000,6.1701,24.0000
2003-01-02,-7.6250,-18.0000,16.0000,9.0545,24.0000
2003-01-03,-3.6667,-33.0000,18.0000,16.6411,24.0000
2003-01-04,-21.3333,-33.0000,-10.0000,7.2392,24.0000
2003-01-05,-9.6250,-15.0000,-4.0000,2.7790,24.0000
2003-01-06,-1.9583,-7.0000,2.0000,2.1565,24.0000
2003-01-07,-6.6250,-13.0000,7.0000,5.4038,24.0000
2003-01-08,3.9583,-4.0000,14.0000,4.6856,24.0000
2003-01-09,2.5000,-12.0000,16.0000,6.8904,24.0000
2003-01-10,-1.6250,-31.0000,17.0000,15.1996,24.0000
2003-01-11,-17.5000,-28.0000,-8.0000,5.9344,24.0000
2003-01-12,-18.3750,-29.0000,-5.0000,5.1145,24.0000
2003-01-13,-6.7083,-15.0000,0.0000,4.5729,24.0000
2003-01-14,-9.8750,-20.0000,-3.0000,4.4654,24.0000
2003-01-15,-6.4167,-15.0000,-2.0000,3.7639,24.0000
2003-01-16,-4.2917,-12.0000,3.0000,4.3085,24.0000
2003-01-17,-2.4167,-19.0000,15.0000,8.1396,24.0000
2003-01-18,1.7917,-10.0000,12.0000,5.8308,24.0000
2003-01-19,-16.6667,-37.0000,9.0000,13.5700,24.0000
2003-01-20,-19.8333,-33.0000,-8.0000,6.5718,24.0000
2003-01-21,-16.0417,-27.0000,-3.0000,7.6071,24.0000
2003-01-22,-14.3750,-24.0000,-6.0000,5.4439,24.0000
2003-01-23,-19.2083,-31.0000,-15.0000,3.6353,24.0000
2003-01-24,-19.8333,-46.0000,-10.0000,8.3701,24.0000
2003-01-25,-31.3333,-44.0000,-21.0000,7.0874,24.0000
2003-01-26,-14.4167,-24.0000,-6.0000,4.0423,24.0000
2003-01-27,-4.9167,-18.0000,23.0000,10.9779,24.0000
2003-01-28,-10.0833,-30.0000,7.0000,10.9024,24.0000
2003-01-29,-13.2083,-63.0000,5.0000,15.6816,24.0000
2003-01-30,-37.7083,-66.0000,-20.0000,10.7359,24.0000
2003-01-31,-34.1667,-43.0000,-19.0000,6.1267,24.0000
2003-02-01,-24.0833,-38.0000,-10.0000,6.8456,24.0000
2003-02-02,-56.4583,-72.0000,-31.0000,14.3435,24.0000
2003-02-03,-41.5833,-59.0000,-18.0000,13.3284,24.0000
2003-02-04,-44.5833,-74.0000,-21.0000,13.9188,24.0000
2003-02-05,-33.2083,-52.0000,-23.0000,7.7008,24.0000
2003-02-06,-23.2083,-40.0000,-8.0000,9.2359,24.0000
2003-02-07,-31.2917,-38.0000,-25.0000,3.8615,24.0000
2003-02-08,-26.1250,-32.0000,-19.0000,4.0573,24.0000
2003-02-09,-26.9167,-36.0000,-11.0000,6.5933,24.0000
2003-02-10,-26.4167,-45.0000,-12.0000,9.7887,24.0000
2003-02-11,-21.6250,-36.0000,-10.0000,7.4297,24.0000
2003-02-12,-10.3750,-25.0000,-3.0000,4.8884,24.0000
2003-02-13,-7.6250,-23.0000,3.0000,9.2210,24.0000
2003-02-14,-10.6250,-27.0000,-1.0000,6.5794,24.0000
2003-02-15,-18.6667,-33.0000,-7.0000,6.7609,24.0000
2003-02-16,-14.3750,-20.0000,-9.0000,3.1871,24.0000
2003-02-17,-11.2500,-19.0000,2.0000,4.9717,24.0000
2003-02-18,-1.1250,-17.0000,26.0000,12.1309,24.0000
2003-02-19,-2.9167,-20.0000,6.0000,6.2200,24.0000
2003-02-20,-11.7500,-27.0000,3.0000,7.5369,24.0000
2003-02-21,-10.7917,-24.0000,-2.0000,5.6797,24.0000
2003-02-22,-5.2500,-11.0000,2.0000,3.3654,24.0000
2003-02-23,-4.8750,-15.0000,3.0000,5.4159,24.0000
2003-02-24,-5.1667,-14.0000,2.0000,4.1980,24.0000
2003-02-25,-2.5000,-8.0000,2.0000,3.4515,24.0000
2003-02-26,-2.5833,-21.0000,9.0000,8.7721,24.0000
2003-02-27,-45.5833,-66.0000,-19.0000,10.9024,24.0000
2003-02-28,-34.2500,-55.0000,-20.0000,8.9260,24.0000
2003-03-01,-30.0833,-49.0000,-21.0000,7.7455,24.0000
2003-03-02,-24.2500,-34.0000,-15.0000,4.9978,24.0000
2003-03-03,-21.4167,-51.0000,-7.0000,11.6168,24.0000
2003-03-04,-47.7083,-67.0000,-25.0000,11.5400,24.0000
2003-03-05,-28.5000,-39.0000,-19.0000,6.2554,24.0000
2003-03-06,-38.5417,-50.0000,-24.0000,7.1261,24.0000
2003-03-07,-28.9583,-45.0000,-17.0000,7.9481,24.0000
2003-03-08,-19.0833,-31.0000,-12.0000,5.9994,24.0000
2003-03-09,-19.5417,-29.0000,-11.0000,5.7406,24.0000
2003-03-10,-22.6250,-37.0000,-7.0000,6.9646,24.0000
2003-03-11,-15.1667,-25.0000,-3.0000,5.8434,24.0000
2003-03-12,-6.1667,-19.0000,6.0000,7.9928,24.0000
2003-03-13,-11.0000,-23.0000,-3.0000,5.9491,24.0000
2003-03-14,-18.1667,-40.0000,7.0000,14.2208,24.0000
2003-03-15,-21.4167,-39.0000,-11.0000,7.5118,24.0000
2003-03-16,-23.2083,-60.0000,-7.0000,17.8569,24.0000
2003-03-17,-42.4583,-52.0000,-30.0000,5.4850,24.0000
2003-03-18,-37.2500,-54.0000,-19.0000,9.4328,24.0000
2003-03-19,-18.8333,-32.0000,-6.0000,7.9928,24.0000
2003-03-20,-28.6667,-64.0000,4.0000,20.5779,24.0000
2003-03-21,-25.7083,-42.0000,-16.0000,6.6101,24.0000
2003-03-22,-22.0417,-36.0000,-11.0000,8.1533,24.0000
2003-03-23,-18.6250,-24.0000,-13.0000,2.9754,24.0000
2003-03-24,-12.3750,-21.0000,-5.0000,3.6572,24.0000
2003-03-25,-1.1250,-7.0000,7.0000,4.0787,24.0000
2003-03-26,2.6667,-7.0000,13.0000,6.6376,24.0000
2003-03-27,-31.1250,-56.0000,5.0000,16.9637,24.0000
2003-03-28,-30.7917,-55.0000,-12.0000,12.3182,24.0000
2003-03-29,-52.5417,-70.0000,-38.0000,10.5376,24.0000
2003-03-30,-49.8750,-76.0000,-37.0000,9.9272,24.0000
2003-03-31,-56.8333,-78.0000,-28.0000,13.6976,24.0000
2003-04-01,-43.6667,-68.0000,-27.0000,12.0638,24.0000
2003-04-02,-39.6250,-53.0000,-32.0000,6.3576,24.0000
2003-04-03,-26.5000,-45.0000,-15.0000,7.4425,24.0000
2003-04-04,-37.4583,-62.0000,-25.0000,9.9651,24.0000
2003-04-05,-39.2917,-58.0000,-26.0000,8.9369,24.0000
2003-04-06,-22.2917,-37.0000,-16.0000,5.7896,24.0000
2003-04-07,-9.3333,-18.0000,1.0000,5.3297,24.0000
2003-04-08,-14.0417,-33.0000,20.0000,15.8950,24.0000
2003-04-09,-21.7917,-41.0000,-7.0000,7.8462,24.0000
2003-04-10,-21.5417,-33.0000,-5.0000,7.9344,24.0000
2003-04-11,-14.8750,-21.0000,-9.0000,3.7453,24.0000
2003-04-12,-6.7083,-22.0000,0.0000,5.3850,24.0000
2003-04-13,-5.7500,-11.0000,1.0000,3.0108,24.0000
2003-04-14,-10.0833,-35.0000,8.0000,16.0676,24.0000
2003-04-15,-10.7500,-19.0000,-2.0000,5.3507,24.0000
2003-04-16,-13.5833,-32.0000,6.0000,10.3164,24.0000
2003-04-17,-25.2500,-37.0000,-11.0000,6.2711,24.0000
2003-04-18,-17.9583,-26.0000,-9.0000,4.8855,24.0000
2003-04-19,-8.7500,-15.0000,-1.0000,4.5133,24.0000
2003-04-20,-5.8750,-25.0000,11.0000,10.8960,24.0000
2003-04-21,-29.6667,-40.0000,-19.0000,4.8514,24.0000
2003-04-22,-29.9167,-46.0000,-16.0000,7.2647,24.0000
2003-04-23,-26.3333,-49.0000,-15.0000,8.1008,24.0000
2003-04-24,-30.9583,-52.0000,-13.0000,10.6587,24.0000
2003-04-25,-41.5417,-53.0000,-33.0000,5.6720,24.0000
2003-04-26,-28.7917,-43.0000,-12.0000,7.8129,24.0000
2003-04-27,-15.2083,-20.0000,-10.0000,2.9924,24.0000
2003-04-28,-29.3333,-49.0000,-14.0000,8.8939,24.0000
2003-04-29,-25.5833,-57.0000,-6.0000,16.8830,24.0000
2003-04-30,-43.2917,-67.0000,-24.0000,10.4818,24.0000
2003-05-01,-51.4167,-78.0000,-36.0000,11.5341,24.0000
2003-05-02,-24.3333,-39.0000,-16.0000,5.8508,24.0000
2003-05-03,-15.7917,-21.0000,-9.0000,3.4764,24.0000
2003-05-04,-5.0833,-18.0000,11.0000,9.1648,24.0000
2003-05-05,13.6667,6.0000,26.0000,5.2970,24.0000
2003-05-06,-7.8750,-27.0000,5.0000,11.5469,24.0000
2003-05-07,-30.1250,-39.0000,-19.0000,5.5271,24.0000
2003-05-08,-26.0417,-38.0000,-15.0000,6.1324,24.0000
2003-05-09,-27.3750,-50.0000,4.0000,15.1566,24.0000
2003-05-10,-55.8750,-84.0000,-32.0000,14.0196,24.0000
2003-05-11,-34.0417,-48.0000,-18.0000,8.6400,24.0000
2003-05-12,-21.7500,-31.0000,-11.0000,5.0239,24.0000
2003-05-13,-20.2083,-31.0000,-14.0000,4.6343,24.0000
2003-05-14,-24.0417,-28.0000,-18.0000,2.9263,24.0000
2003-05-15,-26.6667,-39.0000,-16.0000,6.0696,24.0000
2003-05-16,-15.4583,-22.0000,-8.0000,3.0214,24.0000
2003-05-17,-14.5417,-19.0000,-8.0000,3.4005,24.0000
2003-05-18,5.2500,-5.0000,16.0000,6.5359,24.0000
2003-05-19,-12.4167,-24.0000,-3.0000,5.5632,24.0000
2003-05-20,-11.8333,-21.0000,-1.0000,5.1892,24.0000
2003-05-21,-15.3750,-56.0000,4.0000,20.7905,24.0000
2003-05-22,-42.5000,-73.0000,-22.0000,14.1421,24.0000
2003-05-23,-27.5417,-37.0000,-15.0000,6.6068,24.0000
2003-05-24,-26.4167,-38.0000,-17.0000,6.5801,24.0000
2003-05-25,-24.0417,-40.0000,-14.0000,7.5035,24.0000
2003-05-26,-20.3750,-30.0000,-9.0000,5.1652,24.0000
2003-05-27,-23.6250,-32.0000,-16.0000,4.7805,24.0000
2003-05-28,-33.7500,-43.0000,-19.0000,5.8848,24.0000
2003-05-29,-45.6667,-144.0000,-25.0000,27.9731,24.0000
2003-05-30,-74.1667,-135.0000,-46.0000,27.7295,24.0000
2003-05-31,-43.2083,-63.0000,-33.0000,7.8018,24.0000
2003-06-01,-23.9167,-36.0000,-13.0000,6.3787,24.0000
2003-06-02,-45.4167,-91.0000,-13.0000,20.4172,24.0000
2003-06-03,-25.8750,-38.0000,-17.0000,5.4559,24.0000
2003-06-04,-25.4167,-33.0000,-18.0000,4.3129,24.0000
2003-06-05,-17.7917,-27.0000,-10.0000,4.7820,24.0000
2003-06-06,-11.5417,-18.0000,-7.0000,3.4764,24.0000
2003-06-07,-11.2917,-19.0000,0.0000,5.9817,24.0000
2003-06-08,-22.0417,-50.0000,0.0000,13.3465,24.0000
2003-06-09,-27.5417,-45.0000,-15.0000,8.1879,24.0000
2003-06-10,-21.0833,-35.0000,-8.0000,7.4886,24.0000
2003-06-11,-14.1250,-24.0000,-4.0000,5.1946,24.0000
2003-06-12,-1.5833,-7.0000,6.0000,3.3869,24.0000
2003-06-13,2.9583,-5.0000,18.0000,5.5441,24.0000
2003-06-14,-14.2917,-38.0000,9.0000,13.7950,24.0000
2003-06-15,-11.5417,-29.0000,-1.0000,6.7950,24.0000
2003-06-16,-26.8750,-68.0000,11.0000,28.5113,24.0000
2003-06-17,-54.7083,-81.0000,-32.0000,13.8108,24.0000
2003-06-18,-79.4167,-141.0000,-34.0000,29.3967,24.0000
2003-06-19,-46.0417,-61.0000,-30.0000,8.7649,24.0000
2003-06-20,-21.9583,-32.0000,-12.0000,5.4810,24.0000
2003-06-21,-37.2083,-50.0000,-20.0000,7.1077,24.0000
2003-06-22,-25.1667,-36.0000,-16.0000,5.8434,24.0000
2003-06-23,-20.5000,-34.0000,-12.0000,5.2503,24.0000
2003-06-24,-37.5833,-55.0000,-17.0000,10.2953,24.0000
2003-06-25,-22.9583,-35.0000,-15.0000,4.7409,24.0000
2003-06-26,-4.8750,-20.0000,20.0000,11.0466,24.0000
2003-06-27,-17.2500,-33.0000,7.0000,12.1342,24.0000
2003-06-28,-20.7083,-34.0000,-7.0000,7.5382,24.0000
2003-06-29,-21.4167,-30.0000,-15.0000,4.0423,24.0000
2003-06-30,-16.8333,-23.0000,-10.0000,3.4850,24.0000
2003-07-01,-11.0833,-27.0000,-1.0000,7.1743,24.0000
2003-07-02,-14.2917,-22.0000,-4.0000,4.5251,24.0000
2003-07-03,-5.6667,-24.0000,11.0000,9.1920,24.0000
2003-07-04,-13.9167,-21.0000,-5.0000,3.7290,24.0000
2003-07-05,-15.0417,-24.0000,-2.0000,6.4098,24.0000
2003-07-06,-4.7917,-14.0000,15.0000,6.7694,24.0000
2003-07-07,-16.2500,-26.0000,-10.0000,4.5612,24.0000
2003-07-08,-11.0000,-17.0000,-7.0000,2.6375,24.0000
2003-07-09,0.7500,-8.0000,14.0000,6.4690,24.0000
2003-07-10,12.1250,3.0000,23.0000,6.2576,24.0000
2003-07-11,-39.3750,-63.0000,3.0000,21.0523,24.0000
2003-07-12,-63.3750,-105.0000,-42.0000,16.6101,24.0000
2003-07-13,-32.5000,-42.0000,-27.0000,4.1284,24.0000
2003-07-14,-19.6250,-33.0000,-4.0000,8.2452,24.0000
2003-07-15,-28.9583,-45.0000,-15.0000,6.9249,24.0000
2003-07-16,-57.1250,-90.0000,-15.0000,25.0049,24.0000
2003-07-17,-33.3750,-52.0000,-19.0000,8.7716,24.0000
2003-07-18,-21.6667,-38.0000,-12.0000,7.4872,24.0000
2003-07-19,-24.1667,-50.0000,-8.0000,10.8534,24.0000
2003-07-20,-27.4583,-36.0000,-20.0000,4.8542,24.0000
2003-07-21,-22.6250,-32.0000,-16.0000,3.3468,24.0000
2003-07-22,-12.0000,-17.0000,-7.0000,2.6043,24.0000
2003-07-23,-4.9583,-26.0000,4.0000,7.5382,24.0000
2003-07-24,0.7500,-22.0000,8.0000,8.2948,24.0000
2003-07-25,-8.0417,-17.0000,3.0000,5.8420,24.0000
2003-07-26,-6.2917,-49.0000,15.0000,18.6885,24.0000
2003-07-27,-35.7083,-57.0000,-24.0000,8.4980,24.0000
2003-07-28,-11.4583,-22.0000,-2.0000,6.2899,24.0000
2003-07-29,-20.9583,-54.0000,-3.0000,12.7875,24.0000
2003-07-30,-26.7083,-45.0000,-18.0000,6.9874,24.0000
2003-07-31,-29.2500,-40.0000,-10.0000,8.5274,24.0000
2003-08-01,-32.7917,-47.0000,-25.0000,6.0647,24.0000
2003-08-02,-23.5833,-33.0000,-14.0000,7.0397,24.0000
2003-08-03,-20.0000,-29.0000,-13.0000,4.4331,24.0000
2003-08-04,-6.6250,-15.0000,8.0000,5.3796,24.0000
2003-08-05,7.0833,-5.0000,14.0000,4.6431,24.0000
2003-08-06,-42.0000,-60.0000,-17.0000,10.7137,24.0000
2003-08-07,-19.5833,-61.0000,-3.0000,16.6444,24.0000
2003-08-08,-31.5833,-43.0000,-19.0000,6.2618,24.0000
2003-08-09,-16.3750,-28.0000,-3.0000,6.3370,24.0000
2003-08-10,-19.8333,-28.0000,-12.0000,4.5842,24.0000
2003-08-11,-9.0417,-27.0000,1.0000,7.7543,24.0000
2003-08-12,-17.5000,-24.0000,-5.0000,5.2833,24.0000
2003-08-13,-10.5000,-18.0000,3.0000,5.4613,24.0000
2003-08-14,-8.5417,-19.0000,2.0000,6.1289,24.0000
2003-08-15,-4.1667,-16.0000,3.0000,4.7518,24.0000
2003-08-16,-4.3750,-10.0000,2.0000,3.5973,24.0000
2003-08-17,0.2500,-63.0000,27.0000,24.3476,24.0000
2003-08-18,-107.6667,-148.0000,-27.0000,37.4034,24.0000
2003-08-19,-59.6667,-116.0000,-33.0000,23.9450,24.0000
2003-08-20,-29.4167,-43.0000,-18.0000,7.9505,24.0000
2003-08-21,-47.3333,-68.0000,-14.0000,15.2819,24.0000
2003-08-22,-48.2500,-60.0000,-39.0000,6.0953,24.0000
2003-08-23,-38.4583,-51.0000,-29.0000,7.6328,24.0000
2003-08-24,-34.2500,-41.0000,-27.0000,3.5783,24.0000
2003-08-25,-34.3333,-47.0000,-25.0000,6.0768,24.0000
2003-08-26,-21.7500,-33.0000,-14.0000,5.4633,24.0000
2003-08-27,-21.7917,-28.0000,-16.0000,3.1757,24.0000
2003-08-28,-19.0000,-34.0000,-4.0000,7.8961,24.0000
2003-08-29,-8.2917,-15.0000,-2.0000,3.2768,24.0000
2003-08-30,-15.2500,-30.0000,-8.0000,6.4958,24.0000
2003-08-31,-6.8750,-16.0000,0.0000,3.6153,24.0000
2003-09-01,-4.0833,-22.0000,17.0000,9.6545,24.0000
2003-09-02,-2.2500,-10.0000,4.0000,4.1625,24.0000
2003-09-03,-1.8333,-10.0000,6.0000,4.4101,24.0000
2003-09-04,-12.9167,-35.0000,1.0000,10.3332,24.0000
2003-09-05,-12.3333,-22.0000,-1.0000,5.7685,24.0000
2003-09-06,-4.9583,-13.0000,0.0000,3.8502,24.0000
2003-09-07,-2.6250,-7.0000,1.0000,2.1832,24.0000
2003-09-08,7.7500,-2.0000,19.0000,6.3331,24.0000
2003-09-09,-0.9583,-37.0000,13.0000,14.4508,24.0000
2003-09-10,-21.3750,-42.0000,-10.0000,7.5689,24.0000
2003-09-11,-8.1250,-19.0000,3.0000,6.1948,24.0000
2003-09-12,-6.2917,-14.0000,3.0000,5.3688,24.0000
2003-09-13,-5.1250,-12.0000,2.0000,3.9266,24.0000
2003-09-14,1.1667,-5.0000,6.0000,2.9879,24.0000
2003-09-15,10.0417,-3.0000,37.0000,11.0826,24.0000
2003-09-16,-30.6667,-48.0000,8.0000,13.3861,24.0000
2003-09-17,-42.9583,-65.0000,-23.0000,9.9104,24.0000
2003-09-18,-41.4583,-54.0000,-27.0000,8.5056,24.0000
2003-09-19,-39.2500,-53.0000,-26.0000,7.7249,24.0000
2003-09-20,-32.8333,-46.0000,-20.0000,6.4381,24.0000
2003-09-21,-29.0000,-42.0000,-20.0000,6.2136,24.0000
2003-09-22,-24.8750,-37.0000,-12.0000,6.2784,24.0000
2003-09-23,-18.2917,-32.0000,0.0000,8.5794,24.0000
2003-09-24,-36.8750,-59.0000,-11.0000,10.0187,24.0000
2003-09-25,-35.3333,-51.0000,-25.0000,5.8434,24.0000
2003-09-26,-21.9583,-28.0000,-17.0000,3.4826,24.0000
2003-09-27,-13.7500,-29.0000,-2.0000,7.5369,24.0000
2003-09-28,-6.0833,-15.0000,3.0000,4.5101,24.0000
2003-09-29,-1.5000,-8.0000,6.0000,3.8674,24.0000
2003-09-30,0.2917,-11.0000,12.0000,6.9375,24.0000
2003-10-01,-6.0417,-38.0000,19.0000,13.9080,24.0000
2003-10-02,-10.1667,-24.0000,1.0000,8.1969,24.0000
2003-10-03,-17.5417,-33.0000,-1.0000,8.9150,24.0000
2003-10-04,-3.8333,-12.0000,1.0000,3.8297,24.0000
2003-10-05,6.2500,-4.0000,31.0000,9.7946,24.0000
2003-10-06,6.1250,-4.0000,20.0000,7.2130,24.0000
2003-10-07,-8.8750,-20.0000,-3.0000,4.2458,24.0000
2003-10-08,0.6667,-5.0000,6.0000,2.6811,24.0000
2003-10-09,-1.8333,-12.0000,4.0000,3.9746,24.0000
2003-10-10,1.8333,-5.0000,7.0000,2.7923,24.0000
2003-10-11,2.8333,-6.0000,6.0000,2.7610,24.0000
2003-10-12,7.0833,2.0000,12.0000,2.9915,24.0000
2003-10-13,2.2500,-31.0000,21.0000,15.3828,24.0000
2003-10-14,-36.0833,-85.0000,-17.0000,18.6569,24.0000
2003-10-15,-55.5000,-77.0000,-39.0000,9.7579,24.0000
2003-10-16,-37.5000,-51.0000,-24.0000,6.2276,24.0000
2003-10-17,-36.4167,-53.0000,-20.0000,8.8559,24.0000
2003-10-18,-30.4583,-49.0000,-17.0000,7.5756,24.0000
2003-10-19,-38.7083,-54.0000,-21.0000,8.7252,24.0000
2003-10-20,-38.5000,-57.0000,-23.0000,8.1667,24.0000
2003-10-21,-45.4583,-60.0000,-29.0000,7.4599,24.0000
2003-10-22,-37.0417,-61.0000,-15.0000,13.2057,24.0000
2003-10-23,-15.0833,-21.0000,-9.0000,3.6821,24.0000
2003-10-24,-19.5000,-44.0000,5.0000,12.8402,24.0000
2003-10-25,-25.6250,-49.0000,0.0000,12.9407,24.0000
2003-10-26,-16.7917,-33.0000,-4.0000,11.2558,24.0000
2003-10-27,-39.0000,-52.0000,-24.0000,9.9739,24.0000
2003-10-28,-15.1250,-32.0000,-1.0000,9.0856,24.0000
2003-10-29,-127.7083,-350.0000,-10.0000,91.4499,24.0000
2003-10-30,-220.9583,-383.0000,-97.0000,91.9005,24.0000
2003-10-31,-117.2917,-307.0000,-52.0000,72.9547,24.0000
2003-11-01,-45.6250,-69.0000,-28.0000,12.7068,24.0000
2003-11-02,-27.0417,-41.0000,-21.0000,5.2293,24.0000
2003-11-03,-13.8750,-38.0000,-2.0000,11.4903,24.0000
2003-11-04,-32.7083,-69.0000,14.0000,24.5560,24.0000
2003-11-05,-24.5833,-41.0000,-12.0000,7.0951,24.0000
2003-11-06,-14.2917,-25.0000,5.0000,7.8268,24.0000
2003-11-07,-9.3333,-20.0000,-1.0000,5.2143,24.0000
2003-11-08,4.3750,-5.0000,21.0000,6.0778,24.0000
2003-11-09,-13.4583,-33.0000,5.0000,12.7688,24.0000
2003-11-10,-21.5417,-37.0000,-11.0000,7.3661,24.0000
2003-11-11,-46.7083,-62.0000,-28.0000,8.3743,24.0000
2003-11-12,-32.5000,-47.0000,-26.0000,4.9344,24.0000
2003-11-13,-35.5833,-59.0000,-14.0000,13.4453,24.0000
2003-11-14,-36.5000,-55.0000,-25.0000,8.2357,24.0000
2003-11-15,-36.0417,-50.0000,-17.0000,10.6137,24.0000
2003-11-16,-34.0417,-49.0000,-25.0000,5.6605,24.0000
2003-11-17,-34.9583,-48.0000,-25.0000,6.8365,24.0000
2003-11-18,-24.7500,-31.0000,-15.0000,4.8026,24.0000
2003-11-19,-16.0000,-27.0000,-2.0000,7.3603,24.0000
2003-11-20,-156.3750,-422.0000,-4.0000,164.2177,24.0000
2003-11-21,-140.2083,-309.0000,-63.0000,62.0561,24.0000
2003-11-22,-66.1667,-87.0000,-40.0000,14.8050,24.0000
2003-11-23,-54.2500,-79.0000,-33.0000,15.5151,24.0000
2003-11-24,-28.6667,-33.0000,-23.0000,2.4436,24.0000
2003-11-25,-23.7500,-35.0000,-12.0000,5.7804,24.0000
2003-11-26,-18.6250,-24.0000,-12.0000,3.8427,24.0000
2003-11-27,-9.7500,-17.0000,-1.0000,4.1205,24.0000
2003-11-28,-6.5000,-11.0000,-1.0000,2.8742,24.0000
2003-11-29,-6.1250,-13.0000,2.0000,4.2356,24.0000
2003-11-30,-3.2500,-39.0000,23.0000,20.9477,24.0000
2003-12-01,-17.7083,-29.0000,-8.0000,6.4030,24.0000
2003-12-02,-5.0000,-17.0000,2.0000,5.4931,24.0000
2003-12-03,0.5833,-4.0000,5.0000,2.4302,24.0000
2003-12-04,5.6667,-4.0000,14.0000,5.2640,24.0000
2003-12-05,-28.8750,-49.0000,17.0000,20.4436,24.0000
2003-12-06,-33.5000,-55.0000,-18.0000,11.2172,24.0000
2003-12-07,-21.9167,-38.0000,-3.0000,9.1979,24.0000
2003-12-08,-32.1250,-54.0000,-18.0000,10.0534,24.0000
2003-12-09,-30.7083,-53.0000,-20.0000,9.1389,24.0000
2003-12-10,-30.2500,-51.0000,-10.0000,10.7066,24.0000
2003-12-11,-24.4167,-39.0000,-11.0000,6.7238,24.0000
2003-12-12,-17.4583,-25.0000,-8.0000,5.3323,24.0000
2003-12-13,-21.7500,-29.0000,-13.0000,3.7213,24.0000
2003-12-14,-22.2917,-36.0000,-14.0000,6.5507,24.0000
2003-12-15,-25.3750,-35.0000,-16.0000,5.3146,24.0000
2003-12-16,-15.2917,-21.0000,-9.0000,3.2900,24.0000
2003-12-17,-4.9167,-15.0000,6.0000,5.8527,24.0000
2003-12-18,1.5417,-6.0000,7.0000,3.7646,24.0000
2003-12-19,5.8750,2.0000,14.0000,3.6153,24.0000
2003-12-20,9.5000,-21.0000,42.0000,19.9804,24.0000
2003-12-21,-13.0833,-25.0000,-1.0000,6.9715,24.0000
2003-12-22,-9.5000,-18.0000,-4.0000,3.8786,24.0000
2003-12-23,-7.1250,-20.0000,0.0000,4.7941,24.0000
2003-12-24,0.0000,-8.0000,8.0000,4.3937,24.0000
2003-12-25,3.5417,-6.0000,13.0000,5.5166,24.0000
2003-12-26,2.6250,-9.0000,9.0000,4.9591,24.0000
2003-12-27,1.1667,-33.0000,12.0000,9.9419,24.0000
2003-12-28,-14.0000,-30.0000,-5.0000,5.8903,24.0000
2003-12-29,-3.2083,-14.0000,9.0000,7.6214,24.0000
2003-12-30,-5.8333,-20.0000,0.0000,5.0275,24.0000
2003-12-31,-0.6250,-17.0000,21.0000,12.0644,24.0000
2004-01-01,-24.7917,-34.0000,-12.0000,5.9049,24.0000
2004-01-02,-10.0000,-19.0000,-1.0000,5.0562,24.0000
2004-01-03,-11.2500,-24.0000,3.0000,6.7260,24.0000
2004-01-04,-20.7500,-29.0000,-12.0000,4.4551,24.0000
2004-01-05,-14.7917,-22.0000,-5.0000,4.9165,24.0000
2004-01-06,-19.3750,-34.0000,2.0000,8.2399,24.0000
2004-01-07,-35.4167,-50.0000,-18.0000,8.4592,24.0000
2004-01-08,-15.7500,-23.0000,-5.0000,4.6649,24.0000
2004-01-09,-16.7917,-28.0000,3.0000,8.0594,24.0000
2004-01-10,-23.9167,-45.0000,1.0000,14.7969,24.0000
2004-01-11,-20.2917,-33.0000,-8.0000,6.8808,24.0000
2004-01-12,-16.8750,-28.0000,-8.0000,5.6899,24.0000
2004-01-13,-13.3333,-25.0000,10.0000,9.5402,24.0000
2004-01-14,-15.2083,-24.0000,-5.0000,4.9605,24.0000
2004-01-15,-19.7500,-50.0000,2.0000,18.5595,24.0000
2004-01-16,-26.2917,-37.0000,-19.0000,4.5347,24.0000
2004-01-17,-21.7500,-32.0000,-8.0000,5.7653,24.0000
2004-01-18,-18.7083,-25.0000,-10.0000,4.4181,24.0000
2004-01-19,-16.5833,-35.0000,-2.0000,8.9584,24.0000
2004-01-20,-25.7083,-38.0000,-14.0000,7.8213,24.0000
2004-01-21,-19.6667,-27.0000,-9.0000,4.4883,24.0000
2004-01-22,-50.0833,-130.0000,26.0000,48.6468,24.0000
2004-01-23,-66.9583,-78.0000,-45.0000,10.1317,24.0000
2004-01-24,-38.0000,-52.0000,-23.0000,6.7631,24.0000
2004-01-25,-64.8333,-81.0000,-49.0000,9.5036,24.0000
2004-01-26,-37.3333,-56.0000,-29.0000,7.0505,24.0000
2004-01-27,-28.1250,-62.0000,-3.0000,19.7557,24.0000
2004-01-28,-18.1250,-32.0000,-5.0000,6.8735,24.0000
2004-01-29,-13.7083,-21.0000,-7.0000,4.3687,24.0000
2004-01-30,-10.3333,-29.0000,5.0000,10.2094,24.0000
2004-01-31,-10.6250,-16.0000,-5.0000,2.8101,24.0000
2004-02-01,-11.0000,-17.0000,-2.0000,3.5016,24.0000
2004-02-02,-10.9167,-21.0000,-1.0000,5.6945,24.0000
2004-02-03,-17.3750,-34.0000,-2.0000,8.6719,24.0000
2004-02-04,-15.1250,-23.0000,-5.0000,5.9147,24.0000
2004-02-05,-8.9167,-18.0000,-2.0000,4.5101,24.0000
2004-02-06,-13.2500,-28.0000,3.0000,8.9698,24.0000
2004-02-07,-10.8750,-18.0000,-6.0000,3.7337,24.0000
2004-02-08,-0.2917,-7.0000,4.0000,3.0571,24.0000
2004-02-09,-4.1667,-28.0000,9.0000,12.8289,24.0000
2004-02-10,-7.3750,-22.0000,1.0000,6.0420,24.0000
2004-02-11,-30.8750,-93.0000,9.0000,37.0585,24.0000
2004-02-12,-39.5833,-50.0000,-24.0000,7.4596,24.0000
2004-02-13,-33.2500,-42.0000,-22.0000,6.7389,24.0000
2004-02-14,-32.0417,-39.0000,-23.0000,3.6053,24.0000
2004-02-15,-35.1667,-44.0000,-28.0000,4.1037,24.0000
2004-02-16,-25.7917,-32.0000,-21.0000,2.8434,24.0000
2004-02-17,-20.4167,-27.0000,-16.0000,2.9328,24.0000
2004-02-18,-16.0833,-23.0000,-10.0000,3.9773,24.0000
2004-02-19,-14.8333,-28.0000,-8.0000,5.1217,24.0000
2004-02-20,-11.4583,-22.0000,-4.0000,5.0388,24.0000
2004-02-21,-3.0000,-8.0000,3.0000,2.7187,24.0000
2004-02-22,-3.6667,-14.0000,6.0000,5.3134,24.0000
2004-02-23,-2.5417,-11.0000,3.0000,3.7761,24.0000
2004-02-24,-15.2917,-22.0000,-10.0000,4.0911,24.0000
2004-02-25,-6.4583,-13.0000,6.0000,5.8084,24.0000
2004-02-26,4.4583,-7.0000,20.0000,9.4546,24.0000
2004-02-27,7.0417,-17.0000,22.0000,10.0281,24.0000
2004-02-28,-14.7917,-26.0000,-1.0000,6.3587,24.0000
2004-02-29,-14.8750,-22.0000,-7.0000,4.3570,24.0000
2004-03-01,-13.6667,-24.0000,-6.0000,4.8693,24.0000
2004-03-02,-16.2500,-26.0000,0.0000,6.6283,24.0000
2004-03-03,-7.3333,-17.0000,3.0000,5.9976,24.0000
2004-03-04,-2.9167,-12.0000,6.0000,4.7541,24.0000
2004-03-05,-0.8333,-8.0000,6.0000,3.7027,24.0000
2004-03-06,6.1250,-1.0000,11.0000,4.3670,24.0000
2004-03-07,4.8750,-3.0000,8.0000,2.9387,24.0000
2004-03-08,1.8750,-5.0000,5.0000,2.5249,24.0000
2004-03-09,-14.5833,-72.0000,18.0000,28.5686,24.0000
2004-03-10,-51.8333,-78.0000,-36.0000,12.7336,24.0000
2004-03-11,-35.0000,-63.0000,-18.0000,12.8266,24.0000
2004-03-12,-34.2500,-51.0000,-23.0000,9.5610,24.0000
2004-03-13,-29.9167,-37.0000,-21.0000,4.7815,24.0000
2004-03-14,-28.4167,-37.0000,-22.0000,4.7632,24.0000
2004-03-15,-23.7083,-31.0000,-14.0000,4.2984,24.0000
2004-03-16,-17.8750,-27.0000,-10.0000,5.4399,24.0000
2004-03-17,-15.5417,-27.0000,-7.0000,5.7179,24.0000
2004-03-18,-20.2500,-28.0000,-13.0000,4.8117,24.0000
2004-03-19,-7.7500,-17.0000,3.0000,5.8328,24.0000
2004-03-20,-6.7500,-18.0000,3.0000,6.0235,24.0000
2004-03-21,-9.5833,-19.0000,-3.0000,4.6149,24.0000
2004-03-22,-8.6667,-24.0000,-3.0000,4.7058,24.0000
2004-03-23,-7.8333,-24.0000,0.0000,5.8878,24.0000
2004-03-24,2.6667,-6.0000,11.0000,4.6501,24.0000
2004-03-25,12.1667,5.0000,17.0000,3.2526,24.0000
2004-03-26,2.4583,-15.0000,15.0000,10.5294,24.0000
2004-03-27,-6.5417,-35.0000,9.0000,11.4397,24.0000
2004-03-28,-23.2083,-38.0000,-16.0000,5.8531,24.0000
2004-03-29,-11.1250,-17.0000,-3.0000,3.6033,24.0000
2004-03-30,-11.2083,-20.0000,-5.0000,4.5490,24.0000
2004-03-31,-7.4167,-13.0000,0.0000,4.1590,24.0000
2004-04-01,-3.2083,-9.0000,0.0000,2.3215,24.0000
2004-04-02,5.0000,-1.0000,11.0000,3.3362,24.0000
2004-04-03,-24.5417,-104.0000,10.0000,35.8402,24.0000
2004-04-04,-39.9167,-117.0000,-8.0000,31.1196,24.0000
2004-04-05,-18.7917,-62.0000,4.0000,23.5870,24.0000
2004-04-06,-44.6250,-58.0000,-33.0000,7.0576,24.0000
2004-04-07,-23.5833,-33.0000,-17.0000,4.2418,24.0000
2004-04-08,-20.9583,-28.0000,-11.0000,3.7472,24.0000
2004-04-09,-13.6667,-27.0000,-8.0000,4.4200,24.0000
2004-04-10,-8.4167,-16.0000,1.0000,4.5101,24.0000
2004-04-11,-13.6250,-28.0000,-4.0000,5.3715,24.0000
2004-04-12,-11.0417,-25.0000,-2.0000,5.5284,24.0000
2004-04-13,-9.6250,-15.0000,-6.0000,2.4462,24.0000
2004-04-14,-3.6667,-9.0000,3.0000,3.5955,24.0000
2004-04-15,0.5417,-8.0000,14.0000,7.3424,24.0000
2004-04-16,-16.3750,-30.0000,7.0000,10.8179,24.0000
2004-04-17,-6.9167,-18.0000,1.0000,5.6408,24.0000
2004-04-18,-11.0833,-18.0000,-5.0000,4.0638,24.0000
2004-04-19,-7.0833,-15.0000,2.0000,4.2520,24.0000
2004-04-20,7.6667,-4.0000,19.0000,6.6179,24.0000
2004-04-21,5.1250,0.0000,11.0000,3.3273,24.0000
2004-04-22,14.1250,7.0000,19.0000,2.9681,24.0000
2004-04-23,-5.2917,-36.0000,24.0000,19.4276,24.0000
2004-04-24,-4.0833,-19.0000,7.0000,6.6914,24.0000
2004-04-25,-7.5417,-20.0000,1.0000,5.6797,24.0000
2004-04-26,-1.2083,-9.0000,8.0000,4.7729,24.0000
2004-04-27,9.5417,2.0000,18.0000,5.2749,24.0000
2004-04-28,6.4167,-8.0000,19.0000,8.4643,24.0000
2004-04-29,1.3333,-7.0000,11.0000,4.3606,24.0000
2004-04-30,-3.0833,-34.0000,16.0000,12.7276,24.0000
2004-05-01,-14.9583,-33.0000,-4.0000,9.7956,24.0000
2004-05-02,0.5417,-12.0000,9.0000,5.9781,24.0000
2004-05-03,3.9583,-10.0000,12.0000,5.6528,24.0000
2004-05-04,-1.0000,-6.0000,12.0000,4.6157,24.0000
2004-05-05,0.4167,-12.0000,14.0000,6.3446,24.0000
2004-05-06,-0.5417,-5.0000,6.0000,2.9632,24.0000
2004-05-07,-7.5833,-14.0000,2.0000,4.7724,24.0000
2004-05-08,-3.8333,-14.0000,8.0000,5.8060,24.0000
2004-05-09,1.2500,-4.0000,6.0000,3.3525,24.0000
2004-05-10,4.3750,-1.0000,15.0000,3.6453,24.0000
2004-05-11,7.5833,-9.0000,14.0000,5.0123,24.0000
2004-05-12,-6.5833,-27.0000,3.0000,8.9633,24.0000
2004-05-13,-7.1667,-19.0000,5.0000,7.1119,24.0000
2004-05-14,1.1667,-15.0000,16.0000,9.2533,24.0000
2004-05-15,-7.5417,-18.0000,2.0000,5.7859,24.0000
2004-05-16,-2.9167,-8.0000,2.0000,3.1473,24.0000
2004-05-17,8.3333,4.0000,14.0000,2.5651,24.0000
2004-05-18,16.8750,8.0000,26.0000,4.7668,24.0000
2004-05-19,12.4167,1.0000,25.0000,7.0767,24.0000
2004-05-20,3.1250,-13.0000,18.0000,8.4612,24.0000
2004-05-21,1.6250,-7.0000,10.0000,4.2714,24.0000
2004-05-22,4.5000,-2.0000,11.0000,3.2969,24.0000
2004-05-23,3.5833,-5.0000,13.0000,5.1492,24.0000
2004-05-24,-2.9167,-14.0000,4.0000,5.0296,24.0000
2004-05-25,-0.5417,-4.0000,3.0000,2.3215,24.0000
2004-05-26,8.9583,4.0000,16.0000,3.8276,24.0000
2004-05-27,11.2500,7.0000,18.0000,3.0396,24.0000
2004-05-28,5.5417,-29.0000,17.0000,15.1427,24.0000
2004-05-29,-9.0417,-25.0000,3.0000,8.9466,24.0000
2004-05-30,2.2500,-11.0000,14.0000,6.8857,24.0000
2004-05-31,-0.4167,-5.0000,3.0000,1.8396,24.0000
2004-06-01,0.0000,-10.0000,13.0000,6.1503,24.0000
2004-06-02,-0.0417,-7.0000,5.0000,3.7588,24.0000
2004-06-03,2.7500,-6.0000,9.0000,4.5707,24.0000
2004-06-04,5.1667,-2.0000,12.0000,3.5345,24.0000
2004-06-05,5.8333,-9.0000,18.0000,6.7609,24.0000
2004-06-06,1.5417,-7.0000,11.0000,5.4372,24.0000
2004-06-07,-0.8750,-29.0000,15.0000,9.6518,24.0000
2004-06-08,-5.8333,-28.0000,7.0000,8.2603,24.0000
2004-06-09,-5.5000,-11.0000,0.0000,3.2033,24.0000
2004-06-10,2.2917,-7.0000,12.0000,4.7956,24.0000
2004-06-11,0.5833,-5.0000,6.0000,3.3869,24.0000
2004-06-12,8.3750,1.0000,19.0000,5.8296,24.0000
2004-06-13,23.5833,8.0000,36.0000,9.0020,24.0000
2004-06-14,4.7917,-16.0000,29.0000,15.9291,24.0000
2004-06-15,-2.0000,-23.0000,10.0000,9.0458,24.0000
2004-06-16,-2.4167,-7.0000,3.0000,2.9030,24.0000
2004-06-17,1.5833,-4.0000,7.0000,3.0916,24.0000
2004-06-18,5.5000,-1.0000,11.0000,3.4135,24.0000
2004-06-19,8.2917,0.0000,17.0000,4.5634,24.0000
2004-06-20,14.6250,11.0000,17.0000,1.4084,24.0000
2004-06-21,13.5000,8.0000,18.0000,3.0360,24.0000
2004-06-22,12.5417,8.0000,15.0000,1.8877,24.0000
2004-06-23,16.6250,12.0000,22.0000,2.3184,24.0000
2004-06-24,17.7917,12.0000,22.0000,2.4491,24.0000
2004-06-25,14.9583,7.0000,21.0000,3.6532,24.0000
2004-06-26,14.2917,-4.0000,23.0000,8.1533,24.0000
2004-06-27,5.0833,-5.0000,12.0000,3.9444,24.0000
2004-06-28,17.1667,5.0000,38.0000,10.8334,24.0000
2004-06-29,-2.3750,-10.0000,9.0000,4.7164,24.0000
2004-06-30,3.0000,-5.0000,9.0000,3.8335,24.0000
2004-07-01,4.5417,-1.0000,9.0000,2.8127,24.0000
2004-07-02,4.2500,-1.0000,11.0000,3.7907,24.0000
2004-07-03,1.7500,-7.0000,8.0000,4.2758,24.0000
2004-07-04,5.7083,-1.0000,16.0000,5.4011,24.0000
2004-07-05,6.0833,-1.0000,12.0000,3.6584,24.0000
2004-07-06,6.0417,0.0000,14.0000,3.3555,24.0000
2004-07-07,10.2083,6.0000,14.0000,2.5534,24.0000
2004-07-08,19.0833,8.0000,28.0000,6.1638,24.0000
2004-07-09,19.5417,13.0000,26.0000,3.2966,24.0000
2004-07-10,17.5000,11.0000,25.0000,3.6116,24.0000
2004-07-11,13.5000,-2.0000,26.0000,8.5973,24.0000
2004-07-12,4.0417,-3.0000,15.0000,4.8137,24.0000
2004-07-13,-3.3333,-12.0000,13.0000,7.1058,24.0000
2004-07-14,1.5833,-1.0000,5.0000,1.7917,24.0000
2004-07-15,9.5417,0.0000,17.0000,5.3077,24.0000
2004-07-16,15.3333,-6.0000,26.0000,6.4986,24.0000
2004-07-17,-38.9167,-76.0000,-23.0000,13.2761,24.0000
2004-07-18,-13.2083,-22.0000,-6.0000,4.9955,24.0000
2004-07-19,-9.2917,-17.0000,-2.0000,4.0698,24.0000
2004-07-20,-4.0000,-12.0000,2.0000,3.6949,24.0000
2004-07-21,-1.2083,-8.0000,13.0000,5.4292,24.0000
2004-07-22,5.7917,-85.0000,29.0000,26.9508,24.0000
2004-07-23,-63.8333,-99.0000,-31.0000,19.0278,24.0000
2004-07-24,-12.7500,-39.0000,19.0000,15.4870,24.0000
2004-07-25,-107.0833,-136.0000,-51.0000,20.3618,24.0000
2004-07-26,-60.7083,-94.0000,-24.0000,16.9795,24.0000
2004-07-27,-120.0417,-170.0000,-64.0000,28.5938,24.0000
2004-07-28,-76.7917,-88.0000,-61.0000,7.8573,24.0000
2004-07-29,-55.0833,-66.0000,-45.0000,5.9485,24.0000
2004-07-30,-38.3333,-50.0000,-21.0000,8.0253,24.0000
2004-07-31,-29.5000,-38.0000,-24.0000,4.5012,24.0000
2004-08-01,-24.9167,-40.0000,-19.0000,4.7541,24.0000
2004-08-02,-25.3333,-33.0000,-19.0000,4.4396,24.0000
2004-08-03,-16.1667,-20.0000,-11.0000,2.5820,24.0000
2004-08-04,-9.6667,-15.0000,-4.0000,2.8691,24.0000
2004-08-05,-10.0417,-16.0000,-5.0000,3.3555,24.0000
2004-08-06,-6.9583,-22.0000,2.0000,6.6036,24.0000
2004-08-07,-21.8333,-31.0000,-4.0000,8.4425,24.0000
2004-08-08,-20.3333,-28.0000,-15.0000,4.1772,24.0000
2004-08-09,-24.9583,-51.0000,-8.0000,9.9410,24.0000
2004-08-10,-27.5833,-41.0000,-17.0000,7.5522,24.0000
2004-08-11,-23.5000,-29.0000,-17.0000,3.7183,24.0000
2004-08-12,-13.9583,-21.0000,-5.0000,4.4865,24.0000
2004-08-13,-13.0417,-20.0000,0.0000,4.5824,24.0000
2004-08-14,-0.5833,-9.0000,10.0000,5.9265,24.0000
2004-08-15,-7.3750,-14.0000,1.0000,5.3553,24.0000
2004-08-16,-3.8750,-11.0000,3.0000,4.2663,24.0000
2004-08-17,-7.9167,-18.0000,-1.0000,5.0727,24.0000
2004-08-18,-10.9167,-20.0000,5.0000,7.4069,24.0000
2004-08-19,0.0417,-11.0000,5.0000,3.7704,24.0000
2004-08-20,-17.5000,-29.0000,1.0000,7.1140,24.0000
2004-08-21,-21.8750,-31.0000,-9.0000,5.6669,24.0000
2004-08-22,-21.9167,-33.0000,-14.0000,4.2315,24.0000
2004-08-23,-13.1250,-19.0000,-8.0000,3.0405,24.0000
2004-08-24,-8.2500,-16.0000,-1.0000,3.9259,24.0000
2004-08-25,-4.7500,-10.0000,2.0000,3.0681,24.0000
2004-08-26,2.7083,-3.0000,5.0000,1.7062,24.0000
2004-08-27,-5.5833,-12.0000,-1.0000,3.1749,24.0000
2004-08-28,-5.5833,-13.0000,0.0000,3.9882,24.0000
2004-08-29,7.7917,-2.0000,18.0000,7.5526,24.0000
2004-08-30,-48.9167,-129.0000,18.0000,43.9910,24.0000
2004-08-31,-62.2917,-90.0000,-41.0000,14.8455,24.0000
2004-09-01,-27.7917,-38.0000,-24.0000,3.8896,24.0000
2004-09-02,-18.4167,-23.0000,-15.0000,2.7333,24.0000
2004-09-03,-7.1667,-17.0000,-3.0000,3.9636,24.0000
2004-09-04,4.0833,-2.0000,10.0000,3.2958,24.0000
2004-09-05,-2.1250,-29.0000,12.0000,12.2769,24.0000
2004-09-06,-12.6250,-25.0000,0.0000,8.6969,24.0000
2004-09-07,-16.4167,-28.0000,-4.0000,6.9902,24.0000
2004-09-08,-14.5833,-26.0000,-4.0000,6.5270,24.0000
2004-09-09,-1.0417,-7.0000,9.0000,4.6013,24.0000
2004-09-10,-4.1667,-8.0000,6.0000,3.5098,24.0000
2004-09-11,0.2083,-4.0000,6.0000,3.0357,24.0000
2004-09-12,-0.8750,-5.0000,6.0000,3.2746,24.0000
2004-09-13,6.2083,-1.0000,29.0000,8.6224,24.0000
2004-09-14,-16.7500,-45.0000,23.0000,17.0683,24.0000
2004-09-15,-23.2917,-37.0000,-10.0000,7.4919,24.0000
2004-09-16,-17.3750,-25.0000,-5.0000,4.9678,24.0000
2004-09-17,-20.6667,-33.0000,-1.0000,8.5245,24.0000
2004-09-18,-16.5833,-33.0000,2.0000,9.3107,24.0000
2004-09-19,-4.6250,-9.0000,2.0000,2.7633,24.0000
2004-09-20,-2.2917,-10.0000,10.0000,5.6835,24.0000
2004-09-21,-4.3750,-19.0000,9.0000,6.2819,24.0000
2004-09-22,-10.7083,-33.0000,6.0000,14.1651,24.0000
2004-09-23,-17.1250,-38.0000,-7.0000,10.0144,24.0000
2004-09-24,-11.2083,-24.0000,-3.0000,6.1924,24.0000
2004-09-25,-3.2500,-12.0000,1.0000,3.8589,24.0000
2004-09-26,3.7917,-2.0000,11.0000,3.9340,24.0000
2004-09-27,1.8333,-10.0000,11.0000,6.3154,24.0000
2004-09-28,1.4583,-8.0000,9.0000,4.4913,24.0000
2004-09-29,6.9583,3.0000,12.0000,2.3495,24.0000
2004-09-30,12.5000,8.0000,17.0000,1.9111,24.0000
2004-10-01,15.8333,10.0000,23.0000,4.0181,24.0000
2004-10-02,1.9583,-11.0000,22.0000,9.3645,24.0000
2004-10-03,-10.0000,-26.0000,6.0000,11.3482,24.0000
2004-10-04,-13.5000,-30.0000,-2.0000,7.7963,24.0000
2004-10-05,-6.2917,-15.0000,0.0000,5.4492,24.0000
2004-10-06,-5.6667,-12.0000,0.0000,3.8297,24.0000
2004-10-07,3.5417,-2.0000,11.0000,3.4513,24.0000
2004-10-08,11.5417,-1.0000,22.0000,6.7436,24.0000
2004-10-09,0.2083,-7.0000,6.0000,2.8127,24.0000
2004-10-10,-3.4167,-14.0000,1.0000,3.7523,24.0000
2004-10-11,-10.7083,-20.0000,-4.0000,4.5538,24.0000
2004-10-12,-4.8750,-20.0000,2.0000,6.3336,24.0000
2004-10-13,-34.6667,-49.0000,-12.0000,8.3336,24.0000
2004-10-14,-23.0417,-30.0000,-12.0000,4.3186,24.0000
2004-10-15,-10.0000,-19.0000,-3.0000,3.7417,24.0000
2004-10-16,-6.0000,-14.0000,0.0000,4.4036,24.0000
2004-10-17,3.9167,2.0000,8.0000,1.5581,24.0000
2004-10-18,9.5417,-1.0000,16.0000,5.3810,24.0000
2004-10-19,8.1667,1.0000,15.0000,4.3305,24.0000
2004-10-20,-6.2500,-32.0000,21.0000,14.1981,24.0000
2004-10-21,-9.0000,-21.0000,-5.0000,4.3339,24.0000
2004-10-22,-0.3333,-7.0000,5.0000,3.2123,24.0000
2004-10-23,8.4167,1.0000,13.0000,3.7984,24.0000
2004-10-24,7.7083,-8.0000,16.0000,7.4570,24.0000
2004-10-25,-2.4583,-9.0000,12.0000,5.8605,24.0000
2004-10-26,0.4167,-8.0000,5.0000,3.8098,24.0000
2004-10-27,9.6250,3.0000,16.0000,4.0840,24.0000
2004-10-28,11.7500,7.0000,17.0000,2.7544,24.0000
2004-10-29,3.5833,-18.0000,14.0000,10.3836,24.0000
2004-10-30,-17.7083,-33.0000,-3.0000,8.4364,24.0000
2004-10-31,-12.2917,-20.0000,-4.0000,5.1455,24.0000
2004-11-01,-7.0417,-19.0000,-1.0000,4.7684,24.0000
2004-11-02,-2.6667,-7.0000,3.0000,2.8387,24.0000
2004-11-03,2.7083,-19.0000,14.0000,8.5184,24.0000
2004-11-04,-5.5833,-13.0000,1.0000,4.4518,24.0000
2004-11-05,-1.6250,-8.0000,5.0000,3.3856,24.0000
2004-11-06,5.6250,1.0000,10.0000,1.7647,24.0000
2004-11-07,9.0417,-117.0000,61.0000,42.2091,24.0000
2004-11-08,-209.9167,-374.0000,-118.0000,87.5477,24.0000
2004-11-09,-125.0833,-214.0000,-70.0000,33.9013,24.0000
2004-11-10,-176.3750,-263.0000,-109.0000,54.0377,24.0000
2004-11-11,-78.5833,-106.0000,-40.0000,20.7363,24.0000
2004-11-12,-72.0833,-92.0000,-51.0000,9.9211,24.0000
2004-11-13,-54.4167,-64.0000,-44.0000,6.3033,24.0000
2004-11-14,-49.7083,-58.0000,-40.0000,6.2518,24.0000
2004-11-15,-37.9167,-41.0000,-27.0000,3.9444,24.0000
2004-11-16,-30.9583,-41.0000,-20.0000,6.1819,24.0000
2004-11-17,-34.0833,-46.0000,-27.0000,5.6792,24.0000
2004-11-18,-24.5417,-31.0000,-17.0000,3.1205,24.0000
2004-11-19,-8.0833,-17.0000,10.0000,7.8237,24.0000
2004-11-20,-30.5000,-44.0000,-15.0000,8.5211,24.0000
2004-11-21,-30.0417,-44.0000,-17.0000,6.2379,24.0000
2004-11-22,-28.1667,-35.0000,-19.0000,4.0072,24.0000
2004-11-23,-16.7500,-29.0000,-6.0000,8.7688,24.0000
2004-11-24,-18.8750,-27.0000,-11.0000,4.0894,24.0000
2004-11-25,-37.2500,-53.0000,-17.0000,11.2723,24.0000
2004-11-26,-31.4583,-43.0000,-21.0000,5.9708,24.0000
2004-11-27,-34.1250,-47.0000,-22.0000,7.8425,24.0000
2004-11-28,-30.2500,-50.0000,-12.0000,12.6671,24.0000
2004-11-29,-18.2500,-34.0000,-1.0000,8.7390,24.0000
2004-11-30,-18.7917,-31.0000,-1.0000,6.2830,24.0000
2004-12-01,-16.7500,-26.0000,-5.0000,5.4792,24.0000
2004-12-02,-14.7500,-23.0000,-11.0000,3.2337,24.0000
2004-12-03,-7.5417,-13.0000,-3.0000,2.7343,24.0000
2004-12-04,-5.2917,-11.0000,-3.0000,2.3679,24.0000
2004-12-05,24.0833,-6.0000,67.0000,20.1212,24.0000
2004-12-06,-25.7500,-42.0000,10.0000,17.9958,24.0000
2004-12-07,-29.2917,-44.0000,-22.0000,6.4705,24.0000
2004-12-08,-22.5417,-26.0000,-17.0000,2.5191,24.0000
2004-12-09,-19.0833,-25.0000,-15.0000,3.3740,24.0000
2004-12-10,-21.3333,-27.0000,-11.0000,4.9927,24.0000
2004-12-11,-17.8750,-41.0000,6.0000,12.5501,24.0000
2004-12-12,-23.2083,-34.0000,5.0000,10.5128,24.0000
2004-12-13,-30.9583,-56.0000,-11.0000,15.7934,24.0000
2004-12-14,-21.1250,-31.0000,-10.0000,6.5761,24.0000
2004-12-15,-21.2083,-29.0000,-14.0000,3.7991,24.0000
2004-12-16,-7.1250,-13.0000,3.0000,4.2967,24.0000
2004-12-17,-14.9167,-21.0000,1.0000,4.9336,24.0000
2004-12-18,-12.5833,-19.0000,-5.0000,4.0423,24.0000
2004-12-19,-9.7083,-18.0000,-5.0000,3.6651,24.0000
2004-12-20,-1.8750,-6.0000,3.0000,2.9089,24.0000
2004-12-21,-2.9167,-19.0000,33.0000,11.9525,24.0000
2004-12-22,-14.1250,-26.0000,4.0000,6.9176,24.0000
2004-12-23,-17.9167,-22.0000,-12.0000,2.7962,24.0000
2004-12-24,-12.4167,-19.0000,2.0000,5.1323,24.0000
2004-12-25,-7.7917,-17.0000,4.0000,5.2913,24.0000
2004-12-26,-7.2083,-16.0000,-2.0000,3.9340,24.0000
2004-12-27,-2.5833,-17.0000,7.0000,7.0828,24.0000
2004-12-28,-22.7083,-42.0000,-9.0000,9.0047,24.0000
2004-12-29,-34.2917,-47.0000,-18.0000,9.6661,24.0000
2004-12-30,-15.2917,-29.0000,14.0000,12.5853,24.0000
2004-12-31,-15.2083,-23.0000,-9.0000,5.0215,24.0000
2026-03-27,-2.5075,-11.9378,28.1972,,
2026-03-28,-13.3146,-22.5586,-9.1442,,
2026-03-29,-18.7881,-27.7523,-6.0940,,
2026-03-30,-16.2351,-35.4434,0.3291,,
2026-03-31,-10.6053,-20.3563,0.6377,,
2026-04-01,-11.7122,-31.8323,14.4179,,
2026-04-02,-67.8040,-98.8371,-5.1373,,
2026-04-03,-38.4624,-48.9515,-27.8357,,
