date,sn,sn_err
1986-01-01,0.0000,2.0000
1986-01-02,0.0000,2.0000
1986-01-03,0.0000,2.0000
1986-01-04,0.0000,2.0000
1986-01-05,0.0000,2.0000
1986-01-06,0.0000,2.0000
1986-01-07,0.0000,2.0000
1986-01-08,0.0000,2.0000
1986-01-09,0.0000,2.0000
1986-01-10,0.0000,2.0000
1986-01-11,0.0000,2.0000
1986-01-12,0.0000,2.0000
1986-01-13,14.0000,3.5000
1986-01-14,17.0000,1.2000
1986-01-15,14.0000,0.9000
1986-01-16,11.0000,6.1000
1986-01-17,0.0000,2.0000
1986-01-18,0.0000,2.0000
1986-01-19,0.0000,2.0000
1986-01-20,0.0000,2.0000
1986-01-21,0.0000,2.0000
1986-01-22,0.0000,2.0000
1986-01-23,0.0000,2.0000
1986-01-24,0.0000,2.0000
1986-01-25,0.0000,2.0000
1986-01-26,8.0000,6.7000
1986-01-27,0.0000,2.0000
1986-01-28,0.0000,2.0000
1986-01-29,0.0000,2.0000
1986-01-30,11.0000,6.6000
1986-01-31,11.0000,2.0000
1986-02-01,22.0000,1.3000
1986-02-02,40.0000,5.1000
1986-02-03,63.0000,5.5000
1986-02-04,66.0000,3.8000
1986-02-05,64.0000,3.1000
1986-02-06,56.0000,2.4000
1986-02-07,63.0000,5.4000
1986-02-08,65.0000,5.7000
1986-02-09,56.0000,6.6000
1986-02-10,42.0000,3.1000
1986-02-11,44.0000,3.9000
1986-02-12,30.0000,2.4000
1986-02-13,26.0000,1.7000
1986-02-14,19.0000,1.5000
1986-02-15,13.0000,7.6000
1986-02-16,0.0000,2.0000
1986-02-17,0.0000,2.0000
1986-02-18,0.0000,2.0000
1986-02-19,0.0000,2.0000
1986-02-20,12.0000,4.9000
1986-02-21,12.0000,1.3000
1986-02-22,12.0000,2.5000
1986-02-23,12.0000,2.1000
1986-02-24,10.0000,2.0000
1986-02-25,13.0000,2.6000
1986-02-26,11.0000,4.5000
1986-02-27,18.0000,1.4000
1986-02-28,12.0000,4.8000
1986-03-01,15.0000,1.0000
1986-03-02,30.0000,2.3000
1986-03-03,31.0000,2.4000
1986-03-04,29.0000,2.3000
1986-03-05,30.0000,5.2000
1986-03-06,30.0000,4.0000
1986-03-07,35.0000,6.6000
1986-03-08,27.0000,3.7000
1986-03-09,20.0000,2.2000
1986-03-10,18.0000,2.5000
1986-03-11,17.0000,1.3000
1986-03-12,12.0000,2.5000
1986-03-13,7.0000,2.0000
1986-03-14,0.0000,2.0000
1986-03-15,9.0000,6.1000
1986-03-16,0.0000,2.0000
1986-03-17,0.0000,2.0000
1986-03-18,0.0000,2.0000
1986-03-19,0.0000,2.0000
1986-03-20,11.0000,2.7000
1986-03-21,12.0000,7.1000
1986-03-22,9.0000,3.7000
1986-03-23,14.0000,7.1000
1986-03-24,13.0000,3.8000
1986-03-25,9.0000,3.5000
1986-03-26,9.0000,6.3000
1986-03-27,10.0000,2.3000
1986-03-28,12.0000,0.8000
1986-03-29,10.0000,5.6000
1986-03-30,10.0000,4.1000
1986-03-31,0.0000,2.0000
1986-04-01,11.0000,10.2000
1986-04-02,12.0000,6.4000
1986-04-03,12.0000,7.3000
1986-04-04,0.0000,2.0000
1986-04-05,0.0000,2.0000
1986-04-06,0.0000,2.0000
1986-04-07,0.0000,2.0000
1986-04-08,11.0000,5.4000
1986-04-09,0.0000,2.0000
1986-04-10,11.0000,2.1000
1986-04-11,16.0000,3.1000
1986-04-12,17.0000,3.8000
1986-04-13,16.0000,1.9000
1986-04-14,31.0000,3.8000
1986-04-15,30.0000,3.3000
1986-04-16,25.0000,3.2000
1986-04-17,16.0000,1.7000
1986-04-18,18.0000,1.5000
1986-04-19,16.0000,1.9000
1986-04-20,19.0000,2.5000
1986-04-21,27.0000,5.0000
1986-04-22,24.0000,2.5000
1986-04-23,51.0000,4.4000
1986-04-24,70.0000,4.6000
1986-04-25,52.0000,4.3000
1986-04-26,52.0000,4.2000
1986-04-27,40.0000,4.2000
1986-04-28,28.0000,2.1000
1986-04-29,34.0000,1.8000
1986-04-30,33.0000,2.2000
1986-05-01,18.0000,1.4000
1986-05-02,31.0000,1.9000
1986-05-03,18.0000,3.3000
1986-05-04,14.0000,10.3000
1986-05-05,12.0000,9.9000
1986-05-06,0.0000,2.0000
1986-05-07,0.0000,2.0000
1986-05-08,0.0000,2.0000
1986-05-09,0.0000,2.0000
1986-05-10,0.0000,2.0000
1986-05-11,0.0000,2.0000
1986-05-12,0.0000,2.0000
1986-05-13,0.0000,2.0000
1986-05-14,0.0000,2.0000
1986-05-15,12.0000,1.2000
1986-05-16,14.0000,0.9000
1986-05-17,15.0000,2.5000
1986-05-18,26.0000,2.8000
1986-05-19,32.0000,2.7000
1986-05-20,32.0000,1.5000
1986-05-21,35.0000,3.7000
1986-05-22,32.0000,3.7000
1986-05-23,28.0000,5.6000
1986-05-24,28.0000,3.2000
1986-05-25,26.0000,3.0000
1986-05-26,33.0000,2.4000
1986-05-27,22.0000,2.0000
1986-05-28,21.0000,2.5000
1986-05-29,22.0000,2.4000
1986-05-30,15.0000,1.1000
1986-05-31,14.0000,1.7000
1986-06-01,4.0000,1.2000
1986-06-02,0.0000,2.0000
1986-06-03,0.0000,2.0000
1986-06-04,0.0000,2.0000
1986-06-05,0.0000,2.0000
1986-06-06,0.0000,2.0000
1986-06-07,0.0000,2.0000
1986-06-08,5.0000,3.3000
1986-06-09,0.0000,2.0000
1986-06-10,4.0000,2.0000
1986-06-11,0.0000,2.0000
1986-06-12,0.0000,2.0000
1986-06-13,0.0000,2.0000
1986-06-14,0.0000,2.0000
1986-06-15,0.0000,2.0000
1986-06-16,0.0000,2.0000
1986-06-17,0.0000,2.0000
1986-06-18,0.0000,2.0000
1986-06-19,0.0000,2.0000
1986-06-20,0.0000,2.0000
1986-06-21,0.0000,2.0000
1986-06-22,0.0000,2.0000
1986-06-23,0.0000,2.0000
1986-06-24,0.0000,2.0000
1986-06-25,4.0000,3.0000
1986-06-26,0.0000,2.0000
1986-06-27,0.0000,2.0000
1986-06-28,0.0000,2.0000
1986-06-29,0.0000,2.0000
1986-06-30,0.0000,2.0000
1986-07-01,0.0000,2.0000
1986-07-02,0.0000,2.0000
1986-07-03,11.0000,6.8000
1986-07-04,14.0000,2.6000
1986-07-05,18.0000,1.6000
1986-07-06,29.0000,2.0000
1986-07-07,29.0000,1.6000
1986-07-08,29.0000,2.1000
1986-07-09,17.0000,1.5000
1986-07-10,36.0000,2.1000
1986-07-11,39.0000,2.5000
1986-07-12,36.0000,1.9000
1986-07-13,25.0000,3.9000
1986-07-14,16.0000,2.4000
1986-07-15,28.0000,2.3000
1986-07-16,26.0000,1.5000
1986-07-17,28.0000,3.1000
1986-07-18,14.0000,1.7000
1986-07-19,13.0000,1.5000
1986-07-20,18.0000,4.3000
1986-07-21,21.0000,3.1000
1986-07-22,22.0000,10.0000
1986-07-23,14.0000,12.5000
1986-07-24,0.0000,2.0000
1986-07-25,0.0000,2.0000
1986-07-26,0.0000,2.0000
1986-07-27,12.0000,4.3000
1986-07-28,13.0000,0.9000
1986-07-29,17.0000,1.2000
1986-07-30,19.0000,1.2000
1986-07-31,17.0000,1.1000
1986-08-01,16.0000,1.0000
1986-08-02,15.0000,1.0000
1986-08-03,15.0000,0.7000
1986-08-04,15.0000,1.1000
1986-08-05,15.0000,1.0000
1986-08-06,13.0000,0.8000
1986-08-07,11.0000,1.2000
1986-08-08,12.0000,0.8000
1986-08-09,11.0000,6.8000
1986-08-10,0.0000,2.0000
1986-08-11,0.0000,2.0000
1986-08-12,0.0000,2.0000
1986-08-13,0.0000,2.0000
1986-08-14,0.0000,2.0000
1986-08-15,0.0000,2.0000
1986-08-16,12.0000,2.6000
1986-08-17,11.0000,2.3000
1986-08-18,0.0000,2.0000
1986-08-19,0.0000,2.0000
1986-08-20,15.0000,6.1000
1986-08-21,16.0000,1.8000
1986-08-22,16.0000,1.7000
1986-08-23,18.0000,2.9000
1986-08-24,12.0000,1.3000
1986-08-25,12.0000,0.8000
1986-08-26,12.0000,0.7000
1986-08-27,12.0000,0.7000
1986-08-28,12.0000,0.7000
1986-08-29,12.0000,0.9000
1986-08-30,12.0000,0.7000
1986-08-31,12.0000,0.7000
1986-09-01,12.0000,0.8000
1986-09-02,12.0000,0.9000
1986-09-03,11.0000,0.7000
1986-09-04,11.0000,0.7000
1986-09-05,0.0000,2.0000
1986-09-06,15.0000,11.4000
1986-09-07,17.0000,1.0000
1986-09-08,16.0000,1.8000
1986-09-09,13.0000,1.2000
1986-09-10,11.0000,0.6000
1986-09-11,11.0000,7.6000
1986-09-12,0.0000,2.0000
1986-09-13,0.0000,2.0000
1986-09-14,0.0000,2.0000
1986-09-15,0.0000,2.0000
1986-09-16,0.0000,2.0000
1986-09-17,0.0000,2.0000
1986-09-18,0.0000,2.0000
1986-09-19,0.0000,2.0000
1986-09-20,0.0000,2.0000
1986-09-21,0.0000,2.0000
1986-09-22,0.0000,2.0000
1986-09-23,0.0000,2.0000
1986-09-24,0.0000,2.0000
1986-09-25,0.0000,2.0000
1986-09-26,0.0000,2.0000
1986-09-27,0.0000,2.0000
1986-09-28,0.0000,2.0000
1986-09-29,11.0000,2.8000
1986-09-30,12.0000,1.0000
1986-10-01,14.0000,1.0000
1986-10-02,16.0000,1.9000
1986-10-03,26.0000,2.9000
1986-10-04,27.0000,1.7000
1986-10-05,27.0000,1.8000
1986-10-06,25.0000,3.1000
1986-10-07,31.0000,3.1000
1986-10-08,23.0000,3.4000
1986-10-09,36.0000,3.1000
1986-10-10,33.0000,2.1000
1986-10-11,26.0000,2.5000
1986-10-12,30.0000,4.5000
1986-10-13,25.0000,6.5000
1986-10-14,0.0000,2.0000
1986-10-15,0.0000,2.0000
1986-10-16,12.0000,11.6000
1986-10-17,18.0000,1.3000
1986-10-18,25.0000,2.9000
1986-10-19,35.0000,2.6000
1986-10-20,44.0000,3.5000
1986-10-21,53.0000,3.1000
1986-10-22,65.0000,7.3000
1986-10-23,81.0000,5.5000
1986-10-24,86.0000,6.3000
1986-10-25,77.0000,7.1000
1986-10-26,68.0000,4.2000
1986-10-27,74.0000,5.8000
1986-10-28,69.0000,3.8000
1986-10-29,71.0000,4.6000
1986-10-30,70.0000,4.8000
1986-10-31,57.0000,4.5000
1986-11-01,45.0000,4.8000
1986-11-02,36.0000,2.8000
1986-11-03,38.0000,2.8000
1986-11-04,38.0000,3.1000
1986-11-05,36.0000,3.2000
1986-11-06,31.0000,1.9000
1986-11-07,24.0000,3.1000
1986-11-08,15.0000,2.4000
1986-11-09,10.0000,6.0000
1986-11-10,9.0000,7.9000
1986-11-11,9.0000,9.1000
1986-11-12,0.0000,2.0000
1986-11-13,14.0000,11.2000
1986-11-14,12.0000,3.1000
1986-11-15,12.0000,0.9000
1986-11-16,12.0000,1.2000
1986-11-17,12.0000,1.0000
1986-11-18,12.0000,0.7000
1986-11-19,12.0000,0.7000
1986-11-20,12.0000,1.7000
1986-11-21,11.0000,3.4000
1986-11-22,10.0000,3.6000
1986-11-23,18.0000,5.4000
1986-11-24,12.0000,2.5000
1986-11-25,0.0000,2.0000
1986-11-26,0.0000,2.0000
1986-11-27,13.0000,8.9000
1986-11-28,0.0000,2.0000
1986-11-29,8.0000,2.1000
1986-11-30,0.0000,2.0000
1986-12-01,0.0000,2.0000
1986-12-02,0.0000,2.0000
1986-12-03,0.0000,2.0000
1986-12-04,0.0000,2.0000
1986-12-05,0.0000,2.0000
1986-12-06,0.0000,2.0000
1986-12-07,0.0000,2.0000
1986-12-08,0.0000,2.0000
1986-12-09,10.0000,2.3000
1986-12-10,17.0000,2.0000
1986-12-11,20.0000,1.6000
1986-12-12,19.0000,1.5000
1986-12-13,20.0000,3.6000
1986-12-14,11.0000,6.8000
1986-12-15,0.0000,2.0000
1986-12-16,9.0000,2.2000
1986-12-17,8.0000,4.1000
1986-12-18,0.0000,2.0000
1986-12-19,0.0000,2.0000
1986-12-20,0.0000,2.0000
1986-12-21,9.0000,3.2000
1986-12-22,14.0000,1.5000
1986-12-23,14.0000,2.1000
1986-12-24,11.0000,1.4000
1986-12-25,8.0000,7.2000
1986-12-26,0.0000,2.0000
1986-12-27,0.0000,2.0000
1986-12-28,0.0000,2.0000
1986-12-29,0.0000,2.0000
1986-12-30,0.0000,2.0000
1986-12-31,9.0000,6.8000
1987-01-01,18.0000,0.9000
1987-01-02,14.0000,1.8000
1987-01-03,12.0000,0.9000
1987-01-04,11.0000,0.8000
1987-01-05,10.0000,0.8000
1987-01-06,10.0000,1.0000
1987-01-07,10.0000,3.1000
1987-01-08,0.0000,2.0000
1987-01-09,0.0000,2.0000
1987-01-10,0.0000,2.0000
1987-01-11,0.0000,2.0000
1987-01-12,0.0000,2.0000
1987-01-13,0.0000,2.0000
1987-01-14,8.0000,5.3000
1987-01-15,9.0000,2.1000
1987-01-16,0.0000,2.0000
1987-01-17,12.0000,7.3000
1987-01-18,12.0000,3.9000
1987-01-19,9.0000,2.5000
1987-01-20,9.0000,2.5000
1987-01-21,13.0000,1.0000
1987-01-22,19.0000,1.4000
1987-01-23,22.0000,3.7000
1987-01-24,13.0000,0.9000
1987-01-25,12.0000,1.5000
1987-01-26,13.0000,2.4000
1987-01-27,12.0000,1.4000
1987-01-28,19.0000,3.0000
1987-01-29,14.0000,2.6000
1987-01-30,13.0000,2.6000
1987-01-31,10.0000,3.1000
1987-02-01,0.0000,2.0000
1987-02-02,0.0000,2.0000
1987-02-03,0.0000,2.0000
1987-02-04,0.0000,2.0000
1987-02-05,0.0000,2.0000
1987-02-06,0.0000,2.0000
1987-02-07,0.0000,2.0000
1987-02-08,0.0000,2.0000
1987-02-09,0.0000,2.0000
1987-02-10,10.0000,3.7000
1987-02-11,0.0000,2.0000
1987-02-12,0.0000,2.0000
1987-02-13,0.0000,2.0000
1987-02-14,11.0000,7.1000
1987-02-15,10.0000,1.3000
1987-02-16,0.0000,2.0000
1987-02-17,0.0000,2.0000
1987-02-18,0.0000,2.0000
1987-02-19,0.0000,2.0000
1987-02-20,0.0000,2.0000
1987-02-21,10.0000,2.0000
1987-02-22,10.0000,2.0000
1987-02-23,0.0000,2.0000
1987-02-24,0.0000,2.0000
1987-02-25,10.0000,4.2000
1987-02-26,12.0000,2.3000
1987-02-27,11.0000,1.7000
1987-02-28,11.0000,1.9000
1987-03-01,15.0000,2.0000
1987-03-02,27.0000,2.7000
1987-03-03,18.0000,2.7000
1987-03-04,19.0000,3.2000
1987-03-05,28.0000,2.8000
1987-03-06,27.0000,2.5000
1987-03-07,28.0000,3.1000
1987-03-08,26.0000,1.9000
1987-03-09,17.0000,1.6000
1987-03-10,13.0000,1.0000
1987-03-11,11.0000,2.4000
1987-03-12,0.0000,2.0000
1987-03-13,0.0000,2.0000
1987-03-14,12.0000,4.7000
1987-03-15,13.0000,2.3000
1987-03-16,13.0000,1.3000
1987-03-17,26.0000,2.5000
1987-03-18,25.0000,2.0000
1987-03-19,14.0000,4.4000
1987-03-20,14.0000,9.4000
1987-03-21,18.0000,3.2000
1987-03-22,20.0000,1.3000
1987-03-23,22.0000,2.0000
1987-03-24,22.0000,1.6000
1987-03-25,19.0000,2.4000
1987-03-26,14.0000,1.6000
1987-03-27,13.0000,1.6000
1987-03-28,14.0000,1.1000
1987-03-29,15.0000,2.1000
1987-03-30,18.0000,1.4000
1987-03-31,18.0000,1.7000
1987-04-01,16.0000,1.7000
1987-04-02,14.0000,0.8000
1987-04-03,12.0000,1.2000
1987-04-04,15.0000,2.2000
1987-04-05,32.0000,1.8000
1987-04-06,55.0000,5.3000
1987-04-07,65.0000,5.0000
1987-04-08,74.0000,3.6000
1987-04-09,80.0000,5.5000
1987-04-10,89.0000,5.8000
1987-04-11,93.0000,6.7000
1987-04-12,93.0000,5.5000
1987-04-13,92.0000,4.5000
1987-04-14,89.0000,5.9000
1987-04-15,91.0000,5.3000
1987-04-16,70.0000,6.3000
1987-04-17,48.0000,3.6000
1987-04-18,42.0000,3.2000
1987-04-19,34.0000,4.7000
1987-04-20,14.0000,8.7000
1987-04-21,22.0000,4.1000
1987-04-22,30.0000,4.7000
1987-04-23,29.0000,2.6000
1987-04-24,41.0000,5.0000
1987-04-25,29.0000,1.7000
1987-04-26,24.0000,3.4000
1987-04-27,13.0000,0.9000
1987-04-28,16.0000,3.2000
1987-04-29,23.0000,2.9000
1987-04-30,35.0000,3.4000
1987-05-01,46.0000,1.9000
1987-05-02,47.0000,2.5000
1987-05-03,32.0000,3.1000
1987-05-04,27.0000,3.0000
1987-05-05,28.0000,2.6000
1987-05-06,32.0000,2.6000
1987-05-07,40.0000,3.5000
1987-05-08,30.0000,3.6000
1987-05-09,27.0000,3.3000
1987-05-10,30.0000,3.8000
1987-05-11,31.0000,3.4000
1987-05-12,27.0000,3.9000
1987-05-13,26.0000,2.8000
1987-05-14,15.0000,2.1000
1987-05-15,46.0000,3.3000
1987-05-16,59.0000,4.8000
1987-05-17,81.0000,4.2000
1987-05-18,64.0000,4.3000
1987-05-19,77.0000,6.9000
1987-05-20,55.0000,3.4000
1987-05-21,49.0000,4.4000
1987-05-22,45.0000,4.0000
1987-05-23,47.0000,3.4000
1987-05-24,45.0000,3.8000
1987-05-25,44.0000,3.0000
1987-05-26,44.0000,3.6000
1987-05-27,42.0000,2.6000
1987-05-28,25.0000,2.8000
1987-05-29,20.0000,1.9000
1987-05-30,18.0000,1.0000
1987-05-31,14.0000,1.5000
1987-06-01,16.0000,1.5000
1987-06-02,12.0000,3.0000
1987-06-03,0.0000,2.0000
1987-06-04,0.0000,2.0000
1987-06-05,11.0000,2.0000
1987-06-06,0.0000,2.0000
1987-06-07,0.0000,2.0000
1987-06-08,0.0000,2.0000
1987-06-09,0.0000,2.0000
1987-06-10,0.0000,2.0000
1987-06-11,12.0000,10.0000
1987-06-12,23.0000,6.0000
1987-06-13,15.0000,3.4000
1987-06-14,11.0000,1.2000
1987-06-15,12.0000,2.3000
1987-06-16,13.0000,2.6000
1987-06-17,15.0000,2.8000
1987-06-18,26.0000,3.7000
1987-06-19,14.0000,2.4000
1987-06-20,24.0000,3.0000
1987-06-21,31.0000,2.2000
1987-06-22,41.0000,2.5000
1987-06-23,40.0000,1.7000
1987-06-24,41.0000,1.9000
1987-06-25,41.0000,2.9000
1987-06-26,44.0000,3.1000
1987-06-27,35.0000,2.5000
1987-06-28,44.0000,3.5000
1987-06-29,27.0000,2.8000
1987-06-30,15.0000,6.8000
1987-07-01,15.0000,2.0000
1987-07-02,0.0000,2.0000
1987-07-03,0.0000,2.0000
1987-07-04,0.0000,2.0000
1987-07-05,0.0000,2.0000
1987-07-06,0.0000,2.0000
1987-07-07,10.0000,6.5000
1987-07-08,14.0000,0.8000
1987-07-09,15.0000,0.8000
1987-07-10,13.0000,2.3000
1987-07-11,0.0000,2.0000
1987-07-12,0.0000,2.0000
1987-07-13,0.0000,2.0000
1987-07-14,0.0000,2.0000
1987-07-15,15.0000,11.5000
1987-07-16,20.0000,5.1000
1987-07-17,16.0000,1.0000
1987-07-18,20.0000,2.2000
1987-07-19,27.0000,2.8000
1987-07-20,44.0000,4.1000
1987-07-21,77.0000,3.7000
1987-07-22,101.0000,5.2000
1987-07-23,118.0000,5.9000
1987-07-24,106.0000,6.9000
1987-07-25,102.0000,4.5000
1987-07-26,98.0000,6.3000
1987-07-27,89.0000,5.7000
1987-07-28,69.0000,5.3000
1987-07-29,69.0000,4.5000
1987-07-30,72.0000,4.3000
1987-07-31,73.0000,5.6000
1987-08-01,56.0000,4.1000
1987-08-02,58.0000,4.8000
1987-08-03,48.0000,3.2000
1987-08-04,41.0000,2.0000
1987-08-05,38.0000,1.9000
1987-08-06,40.0000,2.5000
1987-08-07,47.0000,2.8000
1987-08-08,56.0000,3.7000
1987-08-09,48.0000,3.5000
1987-08-10,58.0000,3.5000
1987-08-11,69.0000,5.4000
1987-08-12,60.0000,6.3000
1987-08-13,58.0000,3.2000
1987-08-14,61.0000,3.0000
1987-08-15,61.0000,2.8000
1987-08-16,68.0000,5.0000
1987-08-17,57.0000,2.8000
1987-08-18,53.0000,2.8000
1987-08-19,56.0000,2.9000
1987-08-20,63.0000,3.8000
1987-08-21,60.0000,2.5000
1987-08-22,42.0000,2.8000
1987-08-23,48.0000,2.2000
1987-08-24,43.0000,3.7000
1987-08-25,43.0000,2.6000
1987-08-26,42.0000,2.1000
1987-08-27,30.0000,2.4000
1987-08-28,29.0000,3.2000
1987-08-29,16.0000,2.5000
1987-08-30,12.0000,0.9000
1987-08-31,25.0000,2.5000
1987-09-01,41.0000,2.9000
1987-09-02,47.0000,3.5000
1987-09-03,46.0000,2.3000
1987-09-04,47.0000,2.5000
1987-09-05,49.0000,4.1000
1987-09-06,55.0000,3.2000
1987-09-07,70.0000,3.7000
1987-09-08,83.0000,6.0000
1987-09-09,80.0000,5.7000
1987-09-10,73.0000,5.3000
1987-09-11,72.0000,5.7000
1987-09-12,55.0000,4.2000
1987-09-13,31.0000,2.6000
1987-09-14,25.0000,2.7000
1987-09-15,26.0000,3.0000
1987-09-16,30.0000,3.8000
1987-09-17,31.0000,2.0000
1987-09-18,37.0000,3.5000
1987-09-19,44.0000,3.8000
1987-09-20,47.0000,3.2000
1987-09-21,40.0000,2.7000
1987-09-22,29.0000,1.5000
1987-09-23,32.0000,2.4000
1987-09-24,31.0000,2.4000
1987-09-25,15.0000,1.4000
1987-09-26,15.0000,1.7000
1987-09-27,24.0000,3.1000
1987-09-28,27.0000,2.7000
1987-09-29,32.0000,3.0000
1987-09-30,32.0000,2.5000
1987-10-01,36.0000,2.7000
1987-10-02,26.0000,5.1000
1987-10-03,32.0000,3.6000
1987-10-04,61.0000,4.7000
1987-10-05,56.0000,4.7000
1987-10-06,50.0000,2.2000
1987-10-07,41.0000,2.0000
1987-10-08,57.0000,6.8000
1987-10-09,52.0000,6.2000
1987-10-10,53.0000,4.3000
1987-10-11,66.0000,4.6000
1987-10-12,55.0000,3.3000
1987-10-13,77.0000,3.3000
1987-10-14,96.0000,4.0000
1987-10-15,106.0000,4.6000
1987-10-16,106.0000,4.3000
1987-10-17,95.0000,5.6000
1987-10-18,90.0000,5.9000
1987-10-19,86.0000,4.2000
1987-10-20,83.0000,5.3000
1987-10-21,64.0000,3.7000
1987-10-22,52.0000,3.2000
1987-10-23,34.0000,4.8000
1987-10-24,23.0000,6.0000
1987-10-25,30.0000,2.8000
1987-10-26,42.0000,6.1000
1987-10-27,73.0000,7.3000
1987-10-28,83.0000,5.9000
1987-10-29,86.0000,5.4000
1987-10-30,89.0000,6.9000
1987-10-31,65.0000,5.4000
1987-11-01,69.0000,2.9000
1987-11-02,70.0000,5.7000
1987-11-03,70.0000,5.2000
1987-11-04,56.0000,4.8000
1987-11-05,58.0000,3.5000
1987-11-06,33.0000,4.4000
1987-11-07,38.0000,3.6000
1987-11-08,53.0000,6.4000
1987-11-09,51.0000,3.0000
1987-11-10,37.0000,3.6000
1987-11-11,34.0000,2.7000
1987-11-12,31.0000,2.6000
1987-11-13,22.0000,1.8000
1987-11-14,28.0000,2.4000
1987-11-15,27.0000,1.8000
1987-11-16,40.0000,4.6000
1987-11-17,56.0000,4.8000
1987-11-18,59.0000,6.1000
1987-11-19,62.0000,2.6000
1987-11-20,60.0000,4.4000
1987-11-21,62.0000,4.3000
1987-11-22,86.0000,6.5000
1987-11-23,102.0000,8.5000
1987-11-24,69.0000,9.5000
1987-11-25,51.0000,6.8000
1987-11-26,58.0000,4.5000
1987-11-27,26.0000,5.6000
1987-11-28,13.0000,8.1000
1987-11-29,24.0000,6.8000
1987-11-30,20.0000,5.2000
1987-12-01,18.0000,1.9000
1987-12-02,17.0000,2.0000
1987-12-03,17.0000,4.6000
1987-12-04,16.0000,6.2000
1987-12-05,20.0000,3.4000
1987-12-06,26.0000,2.8000
1987-12-07,37.0000,3.0000
1987-12-08,39.0000,3.0000
1987-12-09,44.0000,4.0000
1987-12-10,37.0000,2.9000
1987-12-11,24.0000,2.6000
1987-12-12,14.0000,6.9000
1987-12-13,22.0000,2.2000
1987-12-14,28.0000,2.5000
1987-12-15,45.0000,4.3000
1987-12-16,43.0000,2.6000
1987-12-17,42.0000,2.1000
1987-12-18,42.0000,3.7000
1987-12-19,30.0000,3.6000
1987-12-20,28.0000,3.9000
1987-12-21,15.0000,1.7000
1987-12-22,26.0000,4.4000
1987-12-23,18.0000,1.7000
1987-12-24,14.0000,1.5000
1987-12-25,27.0000,2.6000
1987-12-26,29.0000,3.5000
1987-12-27,31.0000,1.7000
1987-12-28,30.0000,2.5000
1987-12-29,32.0000,2.7000
1987-12-30,45.0000,1.7000
1987-12-31,46.0000,2.9000
1988-01-01,56.0000,3.8000
1988-01-02,37.0000,4.3000
1988-01-03,30.0000,3.0000
1988-01-04,27.0000,3.3000
1988-01-05,38.0000,3.1000
1988-01-06,48.0000,6.0000
1988-01-07,69.0000,5.9000
1988-01-08,68.0000,3.8000
1988-01-09,74.0000,5.3000
1988-01-10,81.0000,2.9000
1988-01-11,90.0000,10.1000
1988-01-12,80.0000,5.6000
1988-01-13,91.0000,5.8000
1988-01-14,109.0000,5.6000
1988-01-15,108.0000,8.5000
1988-01-16,99.0000,5.6000
1988-01-17,86.0000,8.9000
1988-01-18,81.0000,5.8000
1988-01-19,87.0000,4.7000
1988-01-20,102.0000,6.5000
1988-01-21,93.0000,5.6000
1988-01-22,79.0000,4.1000
1988-01-23,56.0000,4.9000
1988-01-24,53.0000,4.2000
1988-01-25,39.0000,4.1000
1988-01-26,53.0000,4.2000
1988-01-27,65.0000,6.0000
1988-01-28,80.0000,7.3000
1988-01-29,71.0000,4.6000
1988-01-30,67.0000,4.7000
1988-01-31,68.0000,3.9000
1988-02-01,72.0000,3.6000
1988-02-02,77.0000,4.2000
1988-02-03,77.0000,4.9000
1988-02-04,84.0000,6.7000
1988-02-05,66.0000,3.0000
1988-02-06,49.0000,2.7000
1988-02-07,50.0000,2.8000
1988-02-08,52.0000,3.4000
1988-02-09,57.0000,5.0000
1988-02-10,43.0000,4.5000
1988-02-11,30.0000,3.2000
1988-02-12,16.0000,2.5000
1988-02-13,26.0000,1.9000
1988-02-14,32.0000,4.4000
1988-02-15,37.0000,4.0000
1988-02-16,48.0000,4.4000
1988-02-17,40.0000,5.0000
1988-02-18,62.0000,8.0000
1988-02-19,75.0000,5.2000
1988-02-20,58.0000,6.7000
1988-02-21,31.0000,4.9000
1988-02-22,17.0000,2.7000
1988-02-23,15.0000,1.6000
1988-02-24,26.0000,2.9000
1988-02-25,22.0000,2.9000
1988-02-26,17.0000,9.4000
1988-02-27,35.0000,4.4000
1988-02-28,45.0000,5.1000
1988-02-29,59.0000,4.6000
1988-03-01,81.0000,4.5000
1988-03-02,79.0000,4.4000
1988-03-03,86.0000,6.1000
1988-03-04,92.0000,4.3000
1988-03-05,77.0000,4.1000
1988-03-06,73.0000,4.3000
1988-03-07,78.0000,4.7000
1988-03-08,80.0000,3.3000
1988-03-09,59.0000,4.3000
1988-03-10,43.0000,4.4000
1988-03-11,24.0000,2.8000
1988-03-12,47.0000,2.4000
1988-03-13,63.0000,5.5000
1988-03-14,74.0000,5.2000
1988-03-15,75.0000,4.8000
1988-03-16,89.0000,7.7000
1988-03-17,118.0000,8.7000
1988-03-18,114.0000,5.3000
1988-03-19,126.0000,6.5000
1988-03-20,102.0000,5.8000
1988-03-21,97.0000,5.8000
1988-03-22,91.0000,5.2000
1988-03-23,89.0000,4.2000
1988-03-24,99.0000,6.7000
1988-03-25,110.0000,4.7000
1988-03-26,111.0000,5.1000
1988-03-27,123.0000,5.8000
1988-03-28,130.0000,7.7000
1988-03-29,124.0000,8.7000
1988-03-30,129.0000,7.3000
1988-03-31,144.0000,9.5000
1988-04-01,136.0000,8.0000
1988-04-02,119.0000,5.1000
1988-04-03,116.0000,8.3000
1988-04-04,91.0000,5.1000
1988-04-05,82.0000,6.1000
1988-04-06,77.0000,6.1000
1988-04-07,104.0000,4.1000
1988-04-08,114.0000,5.9000
1988-04-09,142.0000,9.6000
1988-04-10,132.0000,6.1000
1988-04-11,142.0000,6.6000
1988-04-12,146.0000,8.7000
1988-04-13,148.0000,9.2000
1988-04-14,171.0000,9.1000
1988-04-15,179.0000,8.1000
1988-04-16,194.0000,11.0000
1988-04-17,178.0000,6.4000
1988-04-18,169.0000,8.9000
1988-04-19,133.0000,9.5000
1988-04-20,109.0000,4.6000
1988-04-21,98.0000,6.1000
1988-04-22,89.0000,6.0000
1988-04-23,53.0000,4.0000
1988-04-24,37.0000,3.4000
1988-04-25,49.0000,4.8000
1988-04-26,54.0000,4.2000
1988-04-27,44.0000,3.2000
1988-04-28,51.0000,3.0000
1988-04-29,48.0000,3.1000
1988-04-30,58.0000,4.1000
1988-05-01,85.0000,6.1000
1988-05-02,104.0000,6.1000
1988-05-03,94.0000,6.2000
1988-05-04,125.0000,5.6000
1988-05-05,127.0000,4.9000
1988-05-06,95.0000,2.7000
1988-05-07,62.0000,4.9000
1988-05-08,78.0000,8.9000
1988-05-09,91.0000,5.0000
1988-05-10,107.0000,5.5000
1988-05-11,80.0000,8.2000
1988-05-12,69.0000,5.5000
1988-05-13,54.0000,4.0000
1988-05-14,46.0000,5.6000
1988-05-15,54.0000,6.1000
1988-05-16,65.0000,4.3000
1988-05-17,70.0000,3.1000
1988-05-18,54.0000,7.3000
1988-05-19,25.0000,2.4000
1988-05-20,25.0000,4.4000
1988-05-21,31.0000,4.6000
1988-05-22,37.0000,3.1000
1988-05-23,49.0000,5.7000
1988-05-24,59.0000,6.3000
1988-05-25,67.0000,6.6000
1988-05-26,78.0000,8.5000
1988-05-27,82.0000,9.7000
1988-05-28,86.0000,9.1000
1988-05-29,91.0000,8.2000
1988-05-30,103.0000,5.9000
1988-05-31,106.0000,5.6000
1988-06-01,116.0000,7.2000
1988-06-02,117.0000,7.3000
1988-06-03,122.0000,8.8000
1988-06-04,128.0000,8.2000
1988-06-05,153.0000,11.0000
1988-06-06,177.0000,11.0000
1988-06-07,172.0000,8.5000
1988-06-08,184.0000,10.7000
1988-06-09,211.0000,13.9000
1988-06-10,176.0000,10.8000
1988-06-11,132.0000,12.1000
1988-06-12,94.0000,5.4000
1988-06-13,57.0000,5.0000
1988-06-14,65.0000,6.8000
1988-06-15,79.0000,5.6000
1988-06-16,99.0000,7.1000
1988-06-17,93.0000,6.5000
1988-06-18,82.0000,5.1000
1988-06-19,85.0000,3.9000
1988-06-20,94.0000,6.4000
1988-06-21,116.0000,6.4000
1988-06-22,112.0000,4.7000
1988-06-23,111.0000,4.9000
1988-06-24,114.0000,6.7000
1988-06-25,135.0000,11.8000
1988-06-26,131.0000,5.9000
1988-06-27,135.0000,10.3000
1988-06-28,142.0000,9.6000
1988-06-29,148.0000,9.5000
1988-06-30,148.0000,10.3000
1988-07-01,160.0000,11.8000
1988-07-02,167.0000,9.0000
1988-07-03,164.0000,11.2000
1988-07-04,149.0000,9.0000
1988-07-05,137.0000,8.2000
1988-07-06,125.0000,7.0000
1988-07-07,119.0000,6.3000
1988-07-08,122.0000,8.1000
1988-07-09,95.0000,9.2000
1988-07-10,90.0000,6.3000
1988-07-11,118.0000,8.9000
1988-07-12,126.0000,8.2000
1988-07-13,119.0000,10.2000
1988-07-14,140.0000,10.4000
1988-07-15,140.0000,6.8000
1988-07-16,128.0000,12.4000
1988-07-17,143.0000,17.0000
1988-07-18,157.0000,12.9000
1988-07-19,121.0000,9.5000
1988-07-20,122.0000,10.2000
1988-07-21,119.0000,10.4000
1988-07-22,122.0000,7.2000
1988-07-23,134.0000,10.6000
1988-07-24,93.0000,5.0000
1988-07-25,88.0000,6.4000
1988-07-26,88.0000,8.3000
1988-07-27,117.0000,8.5000
1988-07-28,135.0000,10.7000
1988-07-29,181.0000,9.7000
1988-07-30,186.0000,12.2000
1988-07-31,168.0000,10.7000
1988-08-01,177.0000,9.1000
1988-08-02,179.0000,11.4000
1988-08-03,182.0000,7.9000
1988-08-04,169.0000,6.7000
1988-08-05,150.0000,7.0000
1988-08-06,154.0000,8.4000
1988-08-07,180.0000,12.2000
1988-08-08,200.0000,10.7000
1988-08-09,214.0000,8.5000
1988-08-10,190.0000,11.0000
1988-08-11,169.0000,10.4000
1988-08-12,166.0000,7.8000
1988-08-13,152.0000,5.1000
1988-08-14,160.0000,10.0000
1988-08-15,151.0000,10.6000
1988-08-16,114.0000,8.4000
1988-08-17,84.0000,4.7000
1988-08-18,59.0000,4.4000
1988-08-19,71.0000,6.3000
1988-08-20,71.0000,6.2000
1988-08-21,50.0000,7.9000
1988-08-22,26.0000,4.2000
1988-08-23,32.0000,5.5000
1988-08-24,54.0000,7.4000
1988-08-25,95.0000,6.7000
1988-08-26,116.0000,7.1000
1988-08-27,177.0000,9.8000
1988-08-28,182.0000,10.0000
1988-08-29,205.0000,11.7000
1988-08-30,204.0000,12.6000
1988-08-31,189.0000,15.5000
1988-09-01,163.0000,12.0000
1988-09-02,171.0000,10.7000
1988-09-03,153.0000,9.0000
1988-09-04,176.0000,11.6000
1988-09-05,152.0000,9.2000
1988-09-06,110.0000,8.0000
1988-09-07,115.0000,4.7000
1988-09-08,105.0000,6.9000
1988-09-09,88.0000,7.1000
1988-09-10,90.0000,6.1000
1988-09-11,96.0000,7.3000
1988-09-12,105.0000,7.9000
1988-09-13,108.0000,7.0000
1988-09-14,112.0000,4.1000
1988-09-15,106.0000,6.6000
1988-09-16,106.0000,9.5000
1988-09-17,94.0000,3.5000
1988-09-18,115.0000,9.6000
1988-09-19,134.0000,8.7000
1988-09-20,182.0000,12.0000
1988-09-21,200.0000,11.8000
1988-09-22,200.0000,11.9000
1988-09-23,226.0000,16.2000
1988-09-24,204.0000,13.8000
1988-09-25,177.0000,7.2000
1988-09-26,179.0000,8.0000
1988-09-27,187.0000,10.8000
1988-09-28,170.0000,10.8000
1988-09-29,132.0000,12.0000
1988-09-30,126.0000,9.0000
1988-10-01,136.0000,6.6000
1988-10-02,146.0000,10.0000
1988-10-03,161.0000,8.8000
1988-10-04,160.0000,12.0000
1988-10-05,163.0000,9.8000
1988-10-06,154.0000,5.1000
1988-10-07,160.0000,6.8000
1988-10-08,164.0000,10.5000
1988-10-09,156.0000,10.0000
1988-10-10,183.0000,8.6000
1988-10-11,185.0000,12.4000
1988-10-12,211.0000,10.9000
1988-10-13,188.0000,7.5000
1988-10-14,164.0000,12.0000
1988-10-15,136.0000,9.9000
1988-10-16,135.0000,8.4000
1988-10-17,156.0000,10.0000
1988-10-18,168.0000,5.7000
1988-10-19,166.0000,9.9000
1988-10-20,149.0000,11.9000
1988-10-21,146.0000,10.7000
1988-10-22,136.0000,8.4000
1988-10-23,130.0000,9.2000
1988-10-24,151.0000,10.8000
1988-10-25,155.0000,10.6000
1988-10-26,149.0000,8.7000
1988-10-27,150.0000,11.3000
1988-10-28,149.0000,10.3000
1988-10-29,160.0000,10.9000
1988-10-30,144.0000,9.6000
1988-10-31,139.0000,6.1000
1988-11-01,158.0000,4.4000
1988-11-02,143.0000,6.4000
1988-11-03,152.0000,7.2000
1988-11-04,130.0000,6.9000
1988-11-05,162.0000,6.7000
1988-11-06,155.0000,7.3000
1988-11-07,143.0000,9.9000
1988-11-08,119.0000,5.3000
1988-11-09,138.0000,8.6000
1988-11-10,164.0000,9.0000
1988-11-11,194.0000,7.3000
1988-11-12,199.0000,11.1000
1988-11-13,184.0000,8.8000
1988-11-14,174.0000,6.6000
1988-11-15,195.0000,13.7000
1988-11-16,227.0000,11.1000
1988-11-17,246.0000,13.0000
1988-11-18,219.0000,13.6000
1988-11-19,184.0000,13.2000
1988-11-20,140.0000,9.2000
1988-11-21,182.0000,10.4000
1988-11-22,164.0000,9.0000
1988-11-23,147.0000,9.8000
1988-11-24,145.0000,9.6000
1988-11-25,112.0000,6.4000
1988-11-26,91.0000,6.0000
1988-11-27,86.0000,5.5000
1988-11-28,108.0000,4.5000
1988-11-29,108.0000,10.1000
1988-11-30,134.0000,7.3000
1988-12-01,165.0000,9.3000
1988-12-02,147.0000,6.4000
1988-12-03,179.0000,10.4000
1988-12-04,157.0000,9.4000
1988-12-05,192.0000,10.5000
1988-12-06,192.0000,10.9000
1988-12-07,186.0000,12.9000
1988-12-08,143.0000,10.8000
1988-12-09,157.0000,10.6000
1988-12-10,172.0000,9.2000
1988-12-11,196.0000,7.7000
1988-12-12,226.0000,13.4000
1988-12-13,241.0000,12.7000
1988-12-14,275.0000,13.3000
1988-12-15,290.0000,18.2000
1988-12-16,292.0000,13.9000
1988-12-17,299.0000,11.2000
1988-12-18,287.0000,10.3000
1988-12-19,288.0000,16.3000
1988-12-20,281.0000,16.9000
1988-12-21,271.0000,21.4000
1988-12-22,329.0000,23.4000
1988-12-23,303.0000,15.4000
1988-12-24,257.0000,12.3000
1988-12-25,236.0000,14.0000
1988-12-26,225.0000,12.8000
1988-12-27,226.0000,17.2000
1988-12-28,253.0000,15.2000
1988-12-29,250.0000,12.4000
1988-12-30,230.0000,16.3000
1988-12-31,222.0000,12.2000
1989-01-01,193.0000,15.3000
1989-01-02,225.0000,20.6000
1989-01-03,190.0000,9.8000
1989-01-04,156.0000,12.1000
1989-01-05,202.0000,12.7000
1989-01-06,185.0000,11.7000
1989-01-07,215.0000,11.5000
1989-01-08,202.0000,20.5000
1989-01-09,215.0000,7.0000
1989-01-10,248.0000,19.2000
1989-01-11,275.0000,11.5000
1989-01-12,298.0000,16.1000
1989-01-13,268.0000,17.3000
1989-01-14,246.0000,15.2000
1989-01-15,231.0000,13.3000
1989-01-16,214.0000,14.2000
1989-01-17,202.0000,17.4000
1989-01-18,208.0000,12.9000
1989-01-19,182.0000,11.7000
1989-01-20,164.0000,8.6000
1989-01-21,149.0000,11.4000
1989-01-22,215.0000,11.9000
1989-01-23,223.0000,17.6000
1989-01-24,185.0000,19.0000
1989-01-25,188.0000,16.2000
1989-01-26,198.0000,16.3000
1989-01-27,205.0000,16.2000
1989-01-28,224.0000,18.5000
1989-01-29,220.0000,14.6000
1989-01-30,205.0000,16.2000
1989-01-31,182.0000,13.2000
1989-02-01,178.0000,12.1000
1989-02-02,182.0000,11.3000
1989-02-03,207.0000,14.6000
1989-02-04,168.0000,9.8000
1989-02-05,161.0000,9.1000
1989-02-06,161.0000,8.6000
1989-02-07,167.0000,11.9000
1989-02-08,204.0000,11.4000
1989-02-09,217.0000,9.5000
1989-02-10,243.0000,15.5000
1989-02-11,240.0000,13.3000
1989-02-12,273.0000,14.2000
1989-02-13,277.0000,19.1000
1989-02-14,263.0000,12.1000
1989-02-15,241.0000,10.5000
1989-02-16,247.0000,11.4000
1989-02-17,264.0000,11.5000
1989-02-18,206.0000,8.6000
1989-02-19,207.0000,12.9000
1989-02-20,214.0000,12.1000
1989-02-21,188.0000,13.3000
1989-02-22,180.0000,11.7000
1989-02-23,169.0000,13.0000
1989-02-24,193.0000,14.7000
1989-02-25,239.0000,17.8000
1989-02-26,206.0000,13.5000
1989-02-27,186.0000,12.9000
1989-02-28,162.0000,10.8000
1989-03-01,165.0000,11.4000
1989-03-02,139.0000,7.9000
1989-03-03,134.0000,8.8000
1989-03-04,127.0000,8.3000
1989-03-05,117.0000,8.0000
1989-03-06,134.0000,9.6000
1989-03-07,127.0000,8.3000
1989-03-08,141.0000,6.9000
1989-03-09,172.0000,9.9000
1989-03-10,211.0000,11.2000
1989-03-11,201.0000,12.9000
1989-03-12,182.0000,15.2000
1989-03-13,210.0000,12.3000
1989-03-14,235.0000,10.2000
1989-03-15,214.0000,16.0000
1989-03-16,242.0000,11.1000
1989-03-17,218.0000,11.5000
1989-03-18,213.0000,10.3000
1989-03-19,192.0000,9.2000
1989-03-20,205.0000,11.1000
1989-03-21,201.0000,13.0000
1989-03-22,201.0000,13.3000
1989-03-23,188.0000,8.9000
1989-03-24,201.0000,7.9000
1989-03-25,170.0000,7.5000
1989-03-26,152.0000,11.2000
1989-03-27,132.0000,4.2000
1989-03-28,115.0000,9.0000
1989-03-29,123.0000,7.2000
1989-03-30,101.0000,4.6000
1989-03-31,118.0000,7.6000
1989-04-01,132.0000,6.2000
1989-04-02,155.0000,9.7000
1989-04-03,178.0000,14.5000
1989-04-04,146.0000,7.9000
1989-04-05,135.0000,6.4000
1989-04-06,177.0000,11.0000
1989-04-07,216.0000,9.3000
1989-04-08,236.0000,9.7000
1989-04-09,195.0000,9.0000
1989-04-10,155.0000,7.7000
1989-04-11,135.0000,11.5000
1989-04-12,122.0000,5.3000
1989-04-13,117.0000,5.4000
1989-04-14,131.0000,8.5000
1989-04-15,153.0000,8.6000
1989-04-16,166.0000,13.5000
1989-04-17,183.0000,9.6000
1989-04-18,174.0000,9.2000
1989-04-19,204.0000,8.2000
1989-04-20,210.0000,16.0000
1989-04-21,223.0000,7.7000
1989-04-22,213.0000,9.0000
1989-04-23,163.0000,9.7000
1989-04-24,172.0000,8.8000
1989-04-25,168.0000,9.9000
1989-04-26,159.0000,10.0000
1989-04-27,150.0000,11.2000
1989-04-28,139.0000,9.3000
1989-04-29,136.0000,10.3000
1989-04-30,145.0000,9.2000
1989-05-01,131.0000,8.3000
1989-05-02,133.0000,10.1000
1989-05-03,120.0000,8.8000
1989-05-04,137.0000,8.1000
1989-05-05,120.0000,7.4000
1989-05-06,148.0000,6.6000
1989-05-07,189.0000,11.2000
1989-05-08,210.0000,9.3000
1989-05-09,193.0000,8.9000
1989-05-10,174.0000,10.3000
1989-05-11,169.0000,12.9000
1989-05-12,162.0000,11.0000
1989-05-13,182.0000,11.6000
1989-05-14,174.0000,8.7000
1989-05-15,209.0000,10.8000
1989-05-16,217.0000,10.7000
1989-05-17,227.0000,14.4000
1989-05-18,250.0000,12.3000
1989-05-19,270.0000,12.4000
1989-05-20,275.0000,13.1000
1989-05-21,237.0000,12.5000
1989-05-22,220.0000,14.6000
1989-05-23,254.0000,12.2000
1989-05-24,277.0000,10.4000
1989-05-25,244.0000,16.0000
1989-05-26,222.0000,7.1000
1989-05-27,230.0000,7.2000
1989-05-28,184.0000,9.5000
1989-05-29,171.0000,9.9000
1989-05-30,172.0000,9.6000
1989-05-31,157.0000,7.7000
1989-06-01,197.0000,13.7000
1989-06-02,215.0000,13.7000
1989-06-03,229.0000,9.4000
1989-06-04,228.0000,7.0000
1989-06-05,248.0000,12.7000
1989-06-06,210.0000,10.1000
1989-06-07,189.0000,11.8000
1989-06-08,207.0000,15.4000
1989-06-09,244.0000,11.3000
1989-06-10,279.0000,13.1000
1989-06-11,295.0000,19.5000
1989-06-12,316.0000,18.2000
1989-06-13,367.0000,20.4000
1989-06-14,364.0000,23.1000
1989-06-15,383.0000,24.5000
1989-06-16,384.0000,20.6000
1989-06-17,338.0000,17.1000
1989-06-18,313.0000,10.2000
1989-06-19,341.0000,11.7000
1989-06-20,337.0000,18.1000
1989-06-21,271.0000,11.3000
1989-06-22,252.0000,13.5000
1989-06-23,284.0000,13.0000
1989-06-24,312.0000,15.5000
1989-06-25,329.0000,13.5000
1989-06-26,344.0000,13.7000
1989-06-27,299.0000,18.7000
1989-06-28,271.0000,13.1000
1989-06-29,264.0000,16.8000
1989-06-30,226.0000,11.3000
1989-07-01,182.0000,6.6000
1989-07-02,212.0000,14.9000
1989-07-03,183.0000,7.5000
1989-07-04,171.0000,10.5000
1989-07-05,144.0000,10.0000
1989-07-06,171.0000,10.7000
1989-07-07,212.0000,10.8000
1989-07-08,200.0000,9.0000
1989-07-09,165.0000,7.9000
1989-07-10,148.0000,10.5000
1989-07-11,193.0000,12.1000
1989-07-12,158.0000,11.8000
1989-07-13,165.0000,11.8000
1989-07-14,165.0000,10.9000
1989-07-15,131.0000,11.0000
1989-07-16,129.0000,6.8000
1989-07-17,141.0000,7.6000
1989-07-18,161.0000,8.1000
1989-07-19,196.0000,10.9000
1989-07-20,212.0000,9.1000
1989-07-21,242.0000,10.2000
1989-07-22,280.0000,10.4000
1989-07-23,277.0000,14.0000
1989-07-24,239.0000,12.7000
1989-07-25,188.0000,11.3000
1989-07-26,158.0000,9.0000
1989-07-27,141.0000,10.0000
1989-07-28,107.0000,6.9000
1989-07-29,159.0000,9.7000
1989-07-30,178.0000,7.5000
1989-07-31,188.0000,8.5000
1989-08-01,235.0000,8.9000
1989-08-02,269.0000,14.4000
1989-08-03,265.0000,15.1000
1989-08-04,293.0000,12.3000
1989-08-05,312.0000,17.1000
1989-08-06,302.0000,13.8000
1989-08-07,295.0000,11.4000
1989-08-08,299.0000,13.9000
1989-08-09,299.0000,14.4000
1989-08-10,275.0000,13.2000
1989-08-11,277.0000,14.4000
1989-08-12,258.0000,13.5000
1989-08-13,284.0000,13.8000
1989-08-14,271.0000,13.7000
1989-08-15,279.0000,18.5000
1989-08-16,243.0000,9.7000
1989-08-17,264.0000,13.8000
1989-08-18,260.0000,14.0000
1989-08-19,277.0000,19.4000
1989-08-20,287.0000,19.4000
1989-08-21,279.0000,13.0000
1989-08-22,220.0000,16.1000
1989-08-23,183.0000,8.5000
1989-08-24,177.0000,7.7000
1989-08-25,144.0000,7.8000
1989-08-26,113.0000,15.6000
1989-08-27,78.0000,10.4000
1989-08-28,69.0000,5.5000
1989-08-29,96.0000,6.5000
1989-08-30,129.0000,9.9000
1989-08-31,159.0000,12.0000
1989-09-01,187.0000,10.6000
1989-09-02,218.0000,11.6000
1989-09-03,229.0000,11.8000
1989-09-04,260.0000,12.4000
1989-09-05,270.0000,17.8000
1989-09-06,293.0000,17.6000
1989-09-07,340.0000,23.0000
1989-09-08,332.0000,20.3000
1989-09-09,377.0000,25.5000
1989-09-10,344.0000,22.1000
1989-09-11,357.0000,15.3000
1989-09-12,336.0000,17.9000
1989-09-13,316.0000,17.9000
1989-09-14,274.0000,28.8000
1989-09-15,264.0000,12.4000
1989-09-16,229.0000,13.0000
1989-09-17,202.0000,13.7000
1989-09-18,197.0000,11.1000
1989-09-19,194.0000,15.5000
1989-09-20,174.0000,11.3000
1989-09-21,141.0000,8.7000
1989-09-22,139.0000,9.5000
1989-09-23,131.0000,9.6000
1989-09-24,96.0000,5.6000
1989-09-25,102.0000,7.8000
1989-09-26,118.0000,7.8000
1989-09-27,129.0000,11.7000
1989-09-28,141.0000,9.4000
1989-09-29,171.0000,11.8000
1989-09-30,191.0000,10.0000
1989-10-01,172.0000,7.2000
1989-10-02,200.0000,11.0000
1989-10-03,222.0000,11.1000
1989-10-04,248.0000,13.0000
1989-10-05,278.0000,15.6000
1989-10-06,252.0000,11.2000
1989-10-07,224.0000,13.4000
1989-10-08,221.0000,12.9000
1989-10-09,249.0000,9.2000
1989-10-10,237.0000,6.7000
1989-10-11,254.0000,12.6000
1989-10-12,205.0000,12.1000
1989-10-13,197.0000,13.4000
1989-10-14,212.0000,9.2000
1989-10-15,252.0000,10.6000
1989-10-16,278.0000,14.4000
1989-10-17,274.0000,15.8000
1989-10-18,245.0000,11.0000
1989-10-19,212.0000,7.4000
1989-10-20,186.0000,13.8000
1989-10-21,202.0000,12.6000
1989-10-22,210.0000,10.1000
1989-10-23,193.0000,10.2000
1989-10-24,174.0000,6.5000
1989-10-25,161.0000,9.6000
1989-10-26,145.0000,10.8000
1989-10-27,129.0000,8.8000
1989-10-28,154.0000,7.8000
1989-10-29,174.0000,10.7000
1989-10-30,208.0000,9.3000
1989-10-31,209.0000,10.4000
1989-11-01,211.0000,8.6000
1989-11-02,220.0000,11.1000
1989-11-03,263.0000,18.3000
1989-11-04,297.0000,13.9000
1989-11-05,314.0000,17.2000
1989-11-06,337.0000,27.2000
1989-11-07,321.0000,16.2000
1989-11-08,296.0000,17.7000
1989-11-09,294.0000,18.7000
1989-11-10,279.0000,18.6000
1989-11-11,246.0000,19.0000
1989-11-12,238.0000,14.3000
1989-11-13,211.0000,19.0000
1989-11-14,193.0000,19.6000
1989-11-15,182.0000,14.2000
1989-11-16,171.0000,12.6000
1989-11-17,171.0000,9.9000
1989-11-18,184.0000,7.6000
1989-11-19,171.0000,11.0000
1989-11-20,194.0000,13.0000
1989-11-21,219.0000,11.6000
1989-11-22,223.0000,8.3000
1989-11-23,216.0000,9.7000
1989-11-24,220.0000,8.2000
1989-11-25,241.0000,15.4000
1989-11-26,253.0000,15.8000
1989-11-27,252.0000,21.0000
1989-11-28,252.0000,10.7000
1989-11-29,226.0000,16.9000
1989-11-30,250.0000,18.4000
1989-12-01,253.0000,13.8000
1989-12-02,233.0000,16.3000
1989-12-03,259.0000,15.8000
1989-12-04,233.0000,9.3000
1989-12-05,245.0000,13.5000
1989-12-06,235.0000,12.5000
1989-12-07,277.0000,20.9000
1989-12-08,213.0000,10.4000
1989-12-09,206.0000,11.8000
1989-12-10,189.0000,13.1000
1989-12-11,133.0000,6.5000
1989-12-12,127.0000,7.8000
1989-12-13,137.0000,8.9000
1989-12-14,128.0000,11.3000
1989-12-15,107.0000,4.9000
1989-12-16,129.0000,7.0000
1989-12-17,153.0000,13.3000
1989-12-18,157.0000,10.1000
1989-12-19,167.0000,13.3000
1989-12-20,162.0000,9.8000
1989-12-21,142.0000,6.9000
1989-12-22,192.0000,14.1000
1989-12-23,257.0000,14.0000
1989-12-24,244.0000,15.4000
1989-12-25,267.0000,13.8000
1989-12-26,282.0000,14.2000
1989-12-27,307.0000,18.3000
1989-12-28,318.0000,23.5000
1989-12-29,272.0000,22.7000
1989-12-30,273.0000,20.3000
1989-12-31,257.0000,10.8000
1990-01-01,239.0000,8.6000
1990-01-02,226.0000,12.8000
1990-01-03,213.0000,13.0000
1990-01-04,223.0000,10.5000
1990-01-05,210.0000,9.0000
1990-01-06,185.0000,13.5000
1990-01-07,165.0000,7.0000
1990-01-08,177.0000,7.7000
1990-01-09,160.0000,12.7000
1990-01-10,172.0000,13.6000
1990-01-11,210.0000,16.8000
1990-01-12,221.0000,13.4000
1990-01-13,230.0000,13.0000
1990-01-14,189.0000,10.9000
1990-01-15,201.0000,10.8000
1990-01-16,195.0000,12.1000
1990-01-17,210.0000,15.6000
1990-01-18,227.0000,17.4000
1990-01-19,255.0000,18.7000
1990-01-20,303.0000,12.8000
1990-01-21,278.0000,15.9000
1990-01-22,267.0000,15.8000
1990-01-23,257.0000,19.5000
1990-01-24,245.0000,15.5000
1990-01-25,264.0000,17.1000
1990-01-26,260.0000,14.6000
1990-01-27,271.0000,12.7000
1990-01-28,248.0000,13.1000
1990-01-29,237.0000,15.8000
1990-01-30,254.0000,11.3000
1990-01-31,258.0000,9.1000
1990-02-01,225.0000,5.9000
1990-02-02,212.0000,9.6000
1990-02-03,163.0000,10.4000
1990-02-04,149.0000,10.8000
1990-02-05,128.0000,7.9000
1990-02-06,105.0000,5.4000
1990-02-07,108.0000,5.1000
1990-02-08,125.0000,6.4000
1990-02-09,136.0000,8.0000
1990-02-10,104.0000,4.6000
1990-02-11,99.0000,3.7000
1990-02-12,105.0000,4.8000
1990-02-13,112.0000,9.0000
1990-02-14,99.0000,8.1000
1990-02-15,103.0000,7.4000
1990-02-16,84.0000,8.3000
1990-02-17,71.0000,5.8000
1990-02-18,101.0000,13.5000
1990-02-19,141.0000,11.5000
1990-02-20,176.0000,10.4000
1990-02-21,209.0000,11.8000
1990-02-22,251.0000,17.1000
1990-02-23,315.0000,17.1000
1990-02-24,328.0000,19.7000
1990-02-25,322.0000,18.6000
1990-02-26,308.0000,15.2000
1990-02-27,286.0000,15.3000
1990-02-28,246.0000,11.1000
1990-03-01,236.0000,19.0000
1990-03-02,234.0000,16.1000
1990-03-03,223.0000,14.9000
1990-03-04,172.0000,7.9000
1990-03-05,134.0000,9.4000
1990-03-06,142.0000,7.2000
1990-03-07,144.0000,6.5000
1990-03-08,120.0000,8.1000
1990-03-09,97.0000,4.6000
1990-03-10,109.0000,6.2000
1990-03-11,100.0000,4.9000
1990-03-12,116.0000,6.8000
1990-03-13,113.0000,8.0000
1990-03-14,123.0000,4.7000
1990-03-15,150.0000,9.8000
1990-03-16,176.0000,9.3000
1990-03-17,168.0000,8.9000
1990-03-18,228.0000,12.3000
1990-03-19,276.0000,12.1000
1990-03-20,297.0000,15.9000
1990-03-21,288.0000,10.7000
1990-03-22,267.0000,17.1000
1990-03-23,282.0000,14.6000
1990-03-24,286.0000,13.1000
1990-03-25,279.0000,13.2000
1990-03-26,257.0000,13.2000
1990-03-27,230.0000,11.6000
1990-03-28,176.0000,8.0000
1990-03-29,180.0000,11.5000
1990-03-30,182.0000,7.3000
1990-03-31,157.0000,9.0000
1990-04-01,139.0000,9.7000
1990-04-02,154.0000,6.0000
1990-04-03,153.0000,10.9000
1990-04-04,172.0000,4.2000
1990-04-05,179.0000,10.0000
1990-04-06,187.0000,8.2000
1990-04-07,173.0000,10.7000
1990-04-08,173.0000,11.5000
1990-04-09,119.0000,5.3000
1990-04-10,111.0000,6.1000
1990-04-11,119.0000,5.5000
1990-04-12,104.0000,12.6000
1990-04-13,166.0000,10.4000
1990-04-14,192.0000,9.6000
1990-04-15,231.0000,9.0000
1990-04-16,230.0000,8.4000
1990-04-17,269.0000,21.2000
1990-04-18,275.0000,10.5000
1990-04-19,288.0000,12.5000
1990-04-20,279.0000,16.6000
1990-04-21,287.0000,13.0000
1990-04-22,280.0000,13.0000
1990-04-23,235.0000,8.6000
1990-04-24,212.0000,9.8000
1990-04-25,216.0000,6.7000
1990-04-26,160.0000,10.9000
1990-04-27,168.0000,9.2000
1990-04-28,139.0000,7.3000
1990-04-29,127.0000,5.8000
1990-04-30,154.0000,8.0000
1990-05-01,93.0000,5.1000
1990-05-02,78.0000,5.0000
1990-05-03,81.0000,4.8000
1990-05-04,114.0000,5.1000
1990-05-05,106.0000,4.4000
1990-05-06,141.0000,7.8000
1990-05-07,175.0000,5.7000
1990-05-08,183.0000,9.2000
1990-05-09,176.0000,11.3000
1990-05-10,154.0000,11.4000
1990-05-11,167.0000,6.9000
1990-05-12,194.0000,9.6000
1990-05-13,191.0000,13.9000
1990-05-14,187.0000,12.2000
1990-05-15,191.0000,12.0000
1990-05-16,208.0000,10.6000
1990-05-17,221.0000,15.7000
1990-05-18,225.0000,12.3000
1990-05-19,248.0000,13.5000
1990-05-20,248.0000,11.2000
1990-05-21,256.0000,12.3000
1990-05-22,248.0000,13.0000
1990-05-23,212.0000,9.1000
1990-05-24,209.0000,6.5000
1990-05-25,194.0000,10.9000
1990-05-26,178.0000,8.6000
1990-05-27,184.0000,11.5000
1990-05-28,160.0000,9.2000
1990-05-29,156.0000,10.6000
1990-05-30,119.0000,8.8000
1990-05-31,134.0000,9.5000
1990-06-01,140.0000,9.3000
1990-06-02,116.0000,5.8000
1990-06-03,106.0000,5.9000
1990-06-04,112.0000,4.8000
1990-06-05,115.0000,6.2000
1990-06-06,147.0000,8.3000
1990-06-07,156.0000,9.2000
1990-06-08,144.0000,13.7000
1990-06-09,126.0000,7.8000
1990-06-10,156.0000,9.0000
1990-06-11,183.0000,13.8000
1990-06-12,167.0000,11.7000
1990-06-13,177.0000,7.6000
1990-06-14,172.0000,10.3000
1990-06-15,148.0000,12.4000
1990-06-16,160.0000,11.4000
1990-06-17,145.0000,6.6000
1990-06-18,121.0000,5.3000
1990-06-19,115.0000,8.9000
1990-06-20,99.0000,6.8000
1990-06-21,83.0000,4.7000
1990-06-22,103.0000,6.1000
1990-06-23,93.0000,5.7000
1990-06-24,128.0000,7.9000
1990-06-25,137.0000,7.5000
1990-06-26,150.0000,11.0000
1990-06-27,204.0000,9.0000
1990-06-28,268.0000,10.9000
1990-06-29,295.0000,12.6000
1990-06-30,334.0000,13.4000
1990-07-01,348.0000,19.8000
1990-07-02,324.0000,16.1000
1990-07-03,338.0000,18.9000
1990-07-04,308.0000,16.3000
1990-07-05,272.0000,12.7000
1990-07-06,238.0000,10.1000
1990-07-07,221.0000,12.8000
1990-07-08,173.0000,6.9000
1990-07-09,130.0000,8.8000
1990-07-10,113.0000,8.3000
1990-07-11,136.0000,6.3000
1990-07-12,141.0000,6.3000
1990-07-13,146.0000,7.4000
1990-07-14,151.0000,10.1000
1990-07-15,125.0000,6.2000
1990-07-16,122.0000,5.5000
1990-07-17,111.0000,6.0000
1990-07-18,73.0000,4.0000
1990-07-19,78.0000,4.4000
1990-07-20,104.0000,6.3000
1990-07-21,157.0000,7.4000
1990-07-22,183.0000,7.3000
1990-07-23,211.0000,9.2000
1990-07-24,257.0000,11.4000
1990-07-25,261.0000,8.4000
1990-07-26,251.0000,8.0000
1990-07-27,226.0000,10.7000
1990-07-28,211.0000,9.3000
1990-07-29,184.0000,7.0000
1990-07-30,150.0000,6.9000
1990-07-31,182.0000,11.0000
1990-08-01,184.0000,7.1000
1990-08-02,220.0000,11.0000
1990-08-03,190.0000,8.8000
1990-08-04,172.0000,9.7000
1990-08-05,161.0000,9.5000
1990-08-06,156.0000,7.7000
1990-08-07,151.0000,7.9000
1990-08-08,171.0000,9.2000
1990-08-09,183.0000,12.2000
1990-08-10,201.0000,10.1000
1990-08-11,203.0000,9.8000
1990-08-12,210.0000,8.5000
1990-08-13,242.0000,12.0000
1990-08-14,271.0000,11.6000
1990-08-15,288.0000,13.2000
1990-08-16,292.0000,15.7000
1990-08-17,339.0000,17.2000
1990-08-18,340.0000,11.7000
1990-08-19,365.0000,7.1000
1990-08-20,371.0000,13.7000
1990-08-21,350.0000,13.8000
1990-08-22,330.0000,17.1000
1990-08-23,354.0000,20.9000
1990-08-24,347.0000,19.8000
1990-08-25,331.0000,18.3000
1990-08-26,277.0000,17.2000
1990-08-27,237.0000,14.6000
1990-08-28,222.0000,9.0000
1990-08-29,234.0000,13.6000
1990-08-30,228.0000,12.4000
1990-08-31,195.0000,8.0000
1990-09-01,162.0000,6.0000
1990-09-02,157.0000,4.5000
1990-09-03,170.0000,7.5000
1990-09-04,181.0000,9.2000
1990-09-05,159.0000,8.3000
1990-09-06,159.0000,8.1000
1990-09-07,151.0000,6.8000
1990-09-08,151.0000,7.2000
1990-09-09,153.0000,8.3000
1990-09-10,163.0000,11.0000
1990-09-11,157.0000,10.5000
1990-09-12,167.0000,9.4000
1990-09-13,192.0000,5.9000
1990-09-14,240.0000,11.0000
1990-09-15,219.0000,10.5000
1990-09-16,211.0000,12.6000
1990-09-17,185.0000,14.8000
1990-09-18,184.0000,11.7000
1990-09-19,204.0000,10.1000
1990-09-20,196.0000,8.6000
1990-09-21,202.0000,10.1000
1990-09-22,190.0000,6.7000
1990-09-23,158.0000,9.9000
1990-09-24,136.0000,6.6000
1990-09-25,127.0000,8.4000
1990-09-26,126.0000,6.9000
1990-09-27,104.0000,7.5000
1990-09-28,153.0000,7.5000
1990-09-29,161.0000,12.5000
1990-09-30,155.0000,11.8000
1990-10-01,151.0000,7.8000
1990-10-02,153.0000,8.9000
1990-10-03,192.0000,16.8000
1990-10-04,184.0000,12.6000
1990-10-05,168.0000,10.9000
1990-10-06,170.0000,12.5000
1990-10-07,185.0000,9.6000
1990-10-08,193.0000,15.9000
1990-10-09,203.0000,10.2000
1990-10-10,210.0000,9.4000
1990-10-11,267.0000,12.0000
1990-10-12,263.0000,12.0000
1990-10-13,293.0000,15.2000
1990-10-14,277.0000,18.8000
1990-10-15,299.0000,19.3000
1990-10-16,263.0000,18.4000
1990-10-17,257.0000,18.5000
1990-10-18,248.0000,16.6000
1990-10-19,248.0000,13.6000
1990-10-20,231.0000,13.0000
1990-10-21,186.0000,8.8000
1990-10-22,192.0000,9.7000
1990-10-23,184.0000,11.1000
1990-10-24,179.0000,9.3000
1990-10-25,171.0000,9.7000
1990-10-26,140.0000,11.6000
1990-10-27,152.0000,8.7000
1990-10-28,163.0000,11.5000
1990-10-29,134.0000,8.0000
1990-10-30,119.0000,6.7000
1990-10-31,105.0000,6.3000
1990-11-01,105.0000,5.3000
1990-11-02,110.0000,6.7000
1990-11-03,147.0000,6.9000
1990-11-04,199.0000,10.7000
1990-11-05,210.0000,12.4000
1990-11-06,268.0000,12.6000
1990-11-07,285.0000,12.7000
1990-11-08,283.0000,17.1000
1990-11-09,256.0000,19.0000
1990-11-10,222.0000,13.9000
1990-11-11,227.0000,21.6000
1990-11-12,206.0000,21.3000
1990-11-13,161.0000,12.0000
1990-11-14,162.0000,11.8000
1990-11-15,154.0000,10.9000
1990-11-16,139.0000,9.2000
1990-11-17,150.0000,10.4000
1990-11-18,132.0000,10.5000
1990-11-19,148.0000,12.0000
1990-11-20,133.0000,10.8000
1990-11-21,139.0000,13.6000
1990-11-22,170.0000,10.0000
1990-11-23,155.0000,10.4000
1990-11-24,161.0000,9.9000
1990-11-25,150.0000,9.3000
1990-11-26,159.0000,8.1000
1990-11-27,148.0000,5.4000
1990-11-28,182.0000,9.1000
1990-11-29,196.0000,13.5000
1990-11-30,208.0000,12.8000
1990-12-01,193.0000,9.3000
1990-12-02,243.0000,11.1000
1990-12-03,273.0000,9.8000
1990-12-04,283.0000,13.2000
1990-12-05,254.0000,12.6000
1990-12-06,257.0000,22.7000
1990-12-07,277.0000,20.9000
1990-12-08,269.0000,18.5000
1990-12-09,267.0000,14.2000
1990-12-10,266.0000,18.7000
1990-12-11,239.0000,15.8000
1990-12-12,210.0000,7.8000
1990-12-13,178.0000,8.4000
1990-12-14,144.0000,11.8000
1990-12-15,134.0000,9.1000
1990-12-16,158.0000,8.3000
1990-12-17,170.0000,10.2000
1990-12-18,184.0000,7.1000
1990-12-19,204.0000,7.6000
1990-12-20,173.0000,12.4000
1990-12-21,178.0000,8.8000
1990-12-22,150.0000,9.9000
1990-12-23,138.0000,8.6000
1990-12-24,144.0000,6.6000
1990-12-25,153.0000,8.4000
1990-12-26,158.0000,13.5000
1990-12-27,158.0000,8.9000
1990-12-28,169.0000,14.8000
1990-12-29,166.0000,9.1000
1990-12-30,156.0000,7.1000
1990-12-31,164.0000,14.0000
1991-01-01,198.0000,8.6000
1991-01-02,127.0000,12.8000
1991-01-03,133.0000,10.0000
1991-01-04,135.0000,10.1000
1991-01-05,148.0000,12.7000
1991-01-06,170.0000,9.7000
1991-01-07,150.0000,9.3000
1991-01-08,141.0000,11.3000
1991-01-09,134.0000,9.1000
1991-01-10,138.0000,8.4000
1991-01-11,165.0000,10.4000
1991-01-12,174.0000,14.8000
1991-01-13,207.0000,9.0000
1991-01-14,170.0000,10.0000
1991-01-15,163.0000,12.5000
1991-01-16,190.0000,15.4000
1991-01-17,220.0000,14.2000
1991-01-18,181.0000,13.0000
1991-01-19,170.0000,10.2000
1991-01-20,130.0000,9.0000
1991-01-21,153.0000,8.8000
1991-01-22,151.0000,13.1000
1991-01-23,181.0000,20.9000
1991-01-24,193.0000,22.1000
1991-01-25,212.0000,14.2000
1991-01-26,255.0000,21.3000
1991-01-27,314.0000,26.9000
1991-01-28,338.0000,24.0000
1991-01-29,354.0000,26.4000
1991-01-30,341.0000,13.8000
1991-01-31,319.0000,12.0000
1991-02-01,294.0000,14.4000
1991-02-02,300.0000,20.1000
1991-02-03,253.0000,16.1000
1991-02-04,207.0000,10.8000
1991-02-05,182.0000,8.1000
1991-02-06,168.0000,9.2000
1991-02-07,171.0000,8.6000
1991-02-08,169.0000,8.4000
1991-02-09,192.0000,9.1000
1991-02-10,195.0000,11.8000
1991-02-11,201.0000,9.5000
1991-02-12,220.0000,8.1000
1991-02-13,238.0000,14.6000
1991-02-14,234.0000,10.8000
1991-02-15,248.0000,11.3000
1991-02-16,228.0000,14.6000
1991-02-17,195.0000,11.9000
1991-02-18,274.0000,10.8000
1991-02-19,296.0000,14.4000
1991-02-20,284.0000,16.8000
1991-02-21,320.0000,17.9000
1991-02-22,307.0000,18.1000
1991-02-23,287.0000,18.3000
1991-02-24,275.0000,18.1000
1991-02-25,278.0000,17.6000
1991-02-26,268.0000,14.2000
1991-02-27,251.0000,12.9000
1991-02-28,192.0000,16.9000
1991-03-01,132.0000,14.8000
1991-03-02,129.0000,16.0000
1991-03-03,99.0000,8.3000
1991-03-04,76.0000,7.8000
1991-03-05,103.0000,7.7000
1991-03-06,122.0000,6.2000
1991-03-07,182.0000,10.6000
1991-03-08,203.0000,14.2000
1991-03-09,217.0000,15.9000
1991-03-10,221.0000,11.1000
1991-03-11,232.0000,12.2000
1991-03-12,226.0000,12.6000
1991-03-13,211.0000,9.8000
1991-03-14,224.0000,14.0000
1991-03-15,253.0000,7.5000
1991-03-16,280.0000,9.5000
1991-03-17,232.0000,11.0000
1991-03-18,233.0000,14.5000
1991-03-19,215.0000,12.0000
1991-03-20,240.0000,14.8000
1991-03-21,232.0000,13.1000
1991-03-22,248.0000,8.7000
1991-03-23,248.0000,16.0000
1991-03-24,214.0000,14.4000
1991-03-25,203.0000,15.3000
1991-03-26,212.0000,11.8000
1991-03-27,190.0000,9.7000
1991-03-28,179.0000,7.5000
1991-03-29,194.0000,10.2000
1991-03-30,196.0000,12.3000
1991-03-31,160.0000,7.7000
1991-04-01,126.0000,7.8000
1991-04-02,130.0000,5.9000
1991-04-03,166.0000,8.2000
1991-04-04,196.0000,11.1000
1991-04-05,226.0000,9.6000
1991-04-06,224.0000,17.1000
1991-04-07,231.0000,12.4000
1991-04-08,206.0000,15.1000
1991-04-09,243.0000,10.9000
1991-04-10,236.0000,10.4000
1991-04-11,275.0000,15.6000
1991-04-12,320.0000,13.5000
1991-04-13,278.0000,9.1000
1991-04-14,298.0000,9.8000
1991-04-15,320.0000,14.4000
1991-04-16,265.0000,13.9000
1991-04-17,243.0000,14.6000
1991-04-18,241.0000,14.0000
1991-04-19,244.0000,20.6000
1991-04-20,227.0000,11.7000
1991-04-21,162.0000,11.1000
1991-04-22,111.0000,11.6000
1991-04-23,102.0000,10.9000
1991-04-24,47.0000,6.6000
1991-04-25,55.0000,9.6000
1991-04-26,103.0000,6.3000
1991-04-27,116.0000,10.1000
1991-04-28,168.0000,9.8000
1991-04-29,186.0000,10.7000
1991-04-30,182.0000,9.4000
1991-05-01,128.0000,7.2000
1991-05-02,118.0000,7.2000
1991-05-03,146.0000,11.1000
1991-05-04,131.0000,7.3000
1991-05-05,122.0000,6.4000
1991-05-06,132.0000,3.5000
1991-05-07,136.0000,8.1000
1991-05-08,172.0000,12.3000
1991-05-09,193.0000,11.7000
1991-05-10,184.0000,8.4000
1991-05-11,200.0000,11.7000
1991-05-12,183.0000,9.4000
1991-05-13,160.0000,9.2000
1991-05-14,184.0000,10.1000
1991-05-15,164.0000,9.1000
1991-05-16,156.0000,12.0000
1991-05-17,156.0000,8.8000
1991-05-18,172.0000,10.7000
1991-05-19,160.0000,11.5000
1991-05-20,167.0000,11.8000
1991-05-21,133.0000,12.3000
1991-05-22,161.0000,6.3000
1991-05-23,165.0000,10.6000
1991-05-24,161.0000,7.1000
1991-05-25,167.0000,8.5000
1991-05-26,191.0000,12.2000
1991-05-27,215.0000,12.3000
1991-05-28,217.0000,9.9000
1991-05-29,206.0000,11.2000
1991-05-30,194.0000,8.7000
1991-05-31,200.0000,11.1000
1991-06-01,234.0000,14.2000
1991-06-02,232.0000,11.2000
1991-06-03,227.0000,12.1000
1991-06-04,237.0000,9.5000
1991-06-05,238.0000,14.6000
1991-06-06,221.0000,9.9000
1991-06-07,227.0000,17.0000
1991-06-08,278.0000,17.0000
1991-06-09,318.0000,22.8000
1991-06-10,319.0000,21.9000
1991-06-11,331.0000,15.3000
1991-06-12,290.0000,14.3000
1991-06-13,232.0000,12.7000
1991-06-14,234.0000,12.4000
1991-06-15,204.0000,9.3000
1991-06-16,219.0000,8.1000
1991-06-17,197.0000,8.8000
1991-06-18,188.0000,11.5000
1991-06-19,189.0000,12.4000
1991-06-20,150.0000,10.1000
1991-06-21,195.0000,11.6000
1991-06-22,179.0000,9.6000
1991-06-23,164.0000,5.1000
1991-06-24,179.0000,6.0000
1991-06-25,181.0000,9.1000
1991-06-26,199.0000,8.6000
1991-06-27,189.0000,10.2000
1991-06-28,215.0000,17.1000
1991-06-29,234.0000,11.8000
1991-06-30,242.0000,10.8000
1991-07-01,260.0000,8.3000
1991-07-02,295.0000,19.6000
1991-07-03,329.0000,19.8000
1991-07-04,346.0000,15.4000
1991-07-05,300.0000,13.0000
1991-07-06,282.0000,13.2000
1991-07-07,289.0000,11.6000
1991-07-08,281.0000,18.1000
1991-07-09,248.0000,11.5000
1991-07-10,250.0000,19.4000
1991-07-11,235.0000,17.3000
1991-07-12,191.0000,12.9000
1991-07-13,192.0000,11.8000
1991-07-14,183.0000,9.5000
1991-07-15,162.0000,10.5000
1991-07-16,141.0000,9.1000
1991-07-17,126.0000,7.9000
1991-07-18,123.0000,6.6000
1991-07-19,158.0000,9.7000
1991-07-20,183.0000,11.0000
1991-07-21,236.0000,11.4000
1991-07-22,254.0000,10.8000
1991-07-23,293.0000,16.1000
1991-07-24,283.0000,11.9000
1991-07-25,261.0000,16.5000
1991-07-26,275.0000,15.4000
1991-07-27,253.0000,15.8000
1991-07-28,253.0000,12.0000
1991-07-29,252.0000,10.5000
1991-07-30,272.0000,14.7000
1991-07-31,239.0000,9.2000
1991-08-01,180.0000,8.4000
1991-08-02,188.0000,9.9000
1991-08-03,195.0000,9.5000
1991-08-04,186.0000,6.6000
1991-08-05,202.0000,15.2000
1991-08-06,162.0000,8.6000
1991-08-07,164.0000,7.3000
1991-08-08,145.0000,5.0000
1991-08-09,122.0000,4.6000
1991-08-10,102.0000,4.0000
1991-08-11,117.0000,8.6000
1991-08-12,134.0000,8.4000
1991-08-13,172.0000,11.2000
1991-08-14,167.0000,9.2000
1991-08-15,224.0000,12.1000
1991-08-16,289.0000,15.0000
1991-08-17,351.0000,17.5000
1991-08-18,381.0000,15.7000
1991-08-19,382.0000,15.3000
1991-08-20,397.0000,22.4000
1991-08-21,410.0000,22.0000
1991-08-22,401.0000,37.7000
1991-08-23,376.0000,18.7000
1991-08-24,354.0000,16.8000
1991-08-25,294.0000,14.4000
1991-08-26,242.0000,9.3000
1991-08-27,201.0000,8.2000
1991-08-28,214.0000,10.9000
1991-08-29,234.0000,14.4000
1991-08-30,227.0000,9.8000
1991-08-31,251.0000,14.9000
1991-09-01,229.0000,14.0000
1991-09-02,217.0000,12.6000
1991-09-03,198.0000,15.3000
1991-09-04,198.0000,12.9000
1991-09-05,178.0000,9.9000
1991-09-06,185.0000,7.7000
1991-09-07,150.0000,9.1000
1991-09-08,182.0000,8.8000
1991-09-09,165.0000,6.5000
1991-09-10,171.0000,12.0000
1991-09-11,166.0000,8.1000
1991-09-12,175.0000,7.8000
1991-09-13,193.0000,10.3000
1991-09-14,198.0000,11.9000
1991-09-15,166.0000,11.7000
1991-09-16,136.0000,9.7000
1991-09-17,139.0000,7.7000
1991-09-18,136.0000,17.5000
1991-09-19,113.0000,9.0000
1991-09-20,108.0000,10.7000
1991-09-21,155.0000,8.9000
1991-09-22,167.0000,7.2000
1991-09-23,174.0000,8.7000
1991-09-24,151.0000,10.8000
1991-09-25,150.0000,12.5000
1991-09-26,158.0000,14.7000
1991-09-27,162.0000,15.4000
1991-09-28,167.0000,17.8000
1991-09-29,194.0000,10.6000
1991-09-30,186.0000,12.5000
1991-10-01,212.0000,12.7000
1991-10-02,201.0000,12.5000
1991-10-03,218.0000,8.9000
1991-10-04,216.0000,8.9000
1991-10-05,226.0000,11.6000
1991-10-06,176.0000,9.5000
1991-10-07,157.0000,7.4000
1991-10-08,159.0000,8.9000
1991-10-09,187.0000,14.3000
1991-10-10,204.0000,16.6000
1991-10-11,193.0000,16.8000
1991-10-12,176.0000,10.3000
1991-10-13,171.0000,10.5000
1991-10-14,189.0000,10.7000
1991-10-15,198.0000,15.3000
1991-10-16,172.0000,8.2000
1991-10-17,152.0000,10.5000
1991-10-18,152.0000,9.9000
1991-10-19,120.0000,4.2000
1991-10-20,114.0000,10.0000
1991-10-21,105.0000,10.1000
1991-10-22,111.0000,9.3000
1991-10-23,146.0000,9.8000
1991-10-24,189.0000,15.4000
1991-10-25,220.0000,13.9000
1991-10-26,234.0000,19.1000
1991-10-27,297.0000,17.7000
1991-10-28,302.0000,16.2000
1991-10-29,339.0000,30.4000
1991-10-30,305.0000,10.5000
1991-10-31,270.0000,18.8000
1991-11-01,292.0000,13.5000
1991-11-02,255.0000,10.4000
1991-11-03,205.0000,10.4000
1991-11-04,161.0000,11.0000
1991-11-05,167.0000,9.2000
1991-11-06,184.0000,12.5000
1991-11-07,198.0000,11.0000
1991-11-08,208.0000,11.9000
1991-11-09,195.0000,10.4000
1991-11-10,178.0000,8.7000
1991-11-11,190.0000,11.2000
1991-11-12,168.0000,11.5000
1991-11-13,153.0000,12.1000
1991-11-14,139.0000,14.5000
1991-11-15,130.0000,8.9000
1991-11-16,108.0000,8.2000
1991-11-17,111.0000,5.9000
1991-11-18,111.0000,4.1000
1991-11-19,142.0000,7.0000
1991-11-20,139.0000,12.3000
1991-11-21,128.0000,7.5000
1991-11-22,115.0000,10.9000
1991-11-23,122.0000,4.8000
1991-11-24,140.0000,12.7000
1991-11-25,145.0000,7.4000
1991-11-26,122.0000,7.7000
1991-11-27,153.0000,13.0000
1991-11-28,156.0000,6.9000
1991-11-29,153.0000,10.0000
1991-11-30,118.0000,6.8000
1991-12-01,150.0000,13.4000
1991-12-02,141.0000,12.6000
1991-12-03,183.0000,9.6000
1991-12-04,171.0000,8.7000
1991-12-05,193.0000,10.1000
1991-12-06,196.0000,10.9000
1991-12-07,227.0000,15.6000
1991-12-08,256.0000,15.7000
1991-12-09,308.0000,16.8000
1991-12-10,312.0000,16.6000
1991-12-11,311.0000,17.2000
1991-12-12,275.0000,16.0000
1991-12-13,261.0000,14.1000
1991-12-14,258.0000,15.7000
1991-12-15,228.0000,13.3000
1991-12-16,199.0000,16.8000
1991-12-17,183.0000,14.2000
1991-12-18,196.0000,15.9000
1991-12-19,197.0000,5.2000
1991-12-20,172.0000,7.2000
1991-12-21,160.0000,9.7000
1991-12-22,159.0000,14.7000
1991-12-23,162.0000,13.8000
1991-12-24,191.0000,10.7000
1991-12-25,210.0000,19.2000
1991-12-26,221.0000,19.2000
1991-12-27,194.0000,16.2000
1991-12-28,203.0000,16.3000
1991-12-29,230.0000,9.4000
1991-12-30,222.0000,14.9000
1991-12-31,222.0000,14.7000
1992-01-01,186.0000,14.3000
1992-01-02,190.0000,8.2000
1992-01-03,234.0000,18.3000
1992-01-04,243.0000,14.8000
1992-01-05,242.0000,13.8000
1992-01-06,245.0000,18.7000
1992-01-07,251.0000,20.9000
1992-01-08,270.0000,19.2000
1992-01-09,255.0000,18.2000
1992-01-10,242.0000,12.4000
1992-01-11,205.0000,9.5000
1992-01-12,189.0000,11.0000
1992-01-13,188.0000,8.9000
1992-01-14,143.0000,7.6000
1992-01-15,141.0000,7.3000
1992-01-16,115.0000,4.8000
1992-01-17,100.0000,7.0000
1992-01-18,94.0000,10.8000
1992-01-19,116.0000,7.9000
1992-01-20,152.0000,8.7000
1992-01-21,188.0000,6.8000
1992-01-22,168.0000,10.1000
1992-01-23,155.0000,9.9000
1992-01-24,148.0000,9.1000
1992-01-25,168.0000,9.7000
1992-01-26,196.0000,11.4000
1992-01-27,229.0000,17.8000
1992-01-28,247.0000,4.7000
1992-01-29,259.0000,17.3000
1992-01-30,290.0000,20.6000
1992-01-31,297.0000,21.2000
1992-02-01,341.0000,20.5000
1992-02-02,316.0000,20.3000
1992-02-03,278.0000,20.2000
1992-02-04,255.0000,12.1000
1992-02-05,235.0000,19.7000
1992-02-06,228.0000,16.3000
1992-02-07,225.0000,26.5000
1992-02-08,256.0000,13.4000
1992-02-09,268.0000,11.2000
1992-02-10,248.0000,11.2000
1992-02-11,261.0000,16.4000
1992-02-12,202.0000,10.4000
1992-02-13,212.0000,11.8000
1992-02-14,196.0000,12.7000
1992-02-15,159.0000,10.5000
1992-02-16,157.0000,7.6000
1992-02-17,156.0000,8.9000
1992-02-18,142.0000,10.3000
1992-02-19,145.0000,8.0000
1992-02-20,168.0000,14.2000
1992-02-21,196.0000,12.2000
1992-02-22,206.0000,9.2000
1992-02-23,215.0000,9.6000
1992-02-24,269.0000,15.0000
1992-02-25,275.0000,16.9000
1992-02-26,281.0000,16.3000
1992-02-27,275.0000,15.1000
1992-02-28,273.0000,15.4000
1992-02-29,252.0000,13.3000
1992-03-01,235.0000,13.2000
1992-03-02,175.0000,8.0000
1992-03-03,150.0000,9.5000
1992-03-04,130.0000,8.6000
1992-03-05,92.0000,4.6000
1992-03-06,98.0000,7.5000
1992-03-07,146.0000,12.3000
1992-03-08,150.0000,6.1000
1992-03-09,167.0000,5.1000
1992-03-10,177.0000,8.0000
1992-03-11,173.0000,7.5000
1992-03-12,177.0000,3.5000
1992-03-13,195.0000,13.9000
1992-03-14,184.0000,11.7000
1992-03-15,156.0000,8.6000
1992-03-16,151.0000,5.3000
1992-03-17,120.0000,7.0000
1992-03-18,106.0000,5.8000
1992-03-19,110.0000,6.9000
1992-03-20,124.0000,3.6000
1992-03-21,129.0000,9.5000
1992-03-22,127.0000,9.2000
1992-03-23,130.0000,15.6000
1992-03-24,154.0000,6.5000
1992-03-25,168.0000,11.0000
1992-03-26,164.0000,11.0000
1992-03-27,157.0000,11.2000
1992-03-28,156.0000,9.7000
1992-03-29,171.0000,12.5000
1992-03-30,151.0000,8.1000
1992-03-31,157.0000,9.2000
1992-04-01,147.0000,9.1000
1992-04-02,135.0000,7.1000
1992-04-03,125.0000,6.7000
1992-04-04,91.0000,4.5000
1992-04-05,71.0000,7.7000
1992-04-06,86.0000,5.5000
1992-04-07,91.0000,4.5000
1992-04-08,81.0000,6.9000
1992-04-09,83.0000,5.8000
1992-04-10,77.0000,5.9000
1992-04-11,88.0000,6.3000
1992-04-12,94.0000,5.9000
1992-04-13,97.0000,5.3000
1992-04-14,107.0000,6.2000
1992-04-15,117.0000,7.1000
1992-04-16,138.0000,6.7000
1992-04-17,167.0000,8.4000
1992-04-18,184.0000,10.6000
1992-04-19,198.0000,11.9000
1992-04-20,232.0000,13.7000
1992-04-21,251.0000,14.2000
1992-04-22,244.0000,19.2000
1992-04-23,237.0000,13.4000
1992-04-24,208.0000,13.3000
1992-04-25,227.0000,11.9000
1992-04-26,175.0000,10.2000
1992-04-27,137.0000,6.7000
1992-04-28,138.0000,7.5000
1992-04-29,127.0000,9.7000
1992-04-30,114.0000,10.1000
1992-05-01,113.0000,6.8000
1992-05-02,110.0000,7.3000
1992-05-03,115.0000,5.3000
1992-05-04,125.0000,8.7000
1992-05-05,123.0000,12.1000
1992-05-06,119.0000,8.3000
1992-05-07,92.0000,11.3000
1992-05-08,105.0000,8.9000
1992-05-09,101.0000,4.7000
1992-05-10,93.0000,7.9000
1992-05-11,87.0000,5.3000
1992-05-12,102.0000,8.2000
1992-05-13,111.0000,8.4000
1992-05-14,100.0000,8.9000
1992-05-15,83.0000,10.2000
1992-05-16,58.0000,4.1000
1992-05-17,52.0000,5.8000
1992-05-18,75.0000,8.2000
1992-05-19,69.0000,7.1000
1992-05-20,75.0000,8.6000
1992-05-21,141.0000,7.2000
1992-05-22,136.0000,7.4000
1992-05-23,145.0000,7.7000
1992-05-24,127.0000,6.2000
1992-05-25,84.0000,8.7000
1992-05-26,73.0000,6.8000
1992-05-27,102.0000,7.4000
1992-05-28,75.0000,9.2000
1992-05-29,52.0000,6.9000
1992-05-30,38.0000,5.4000
1992-05-31,42.0000,3.8000
1992-06-01,47.0000,4.0000
1992-06-02,57.0000,3.9000
1992-06-03,109.0000,7.2000
1992-06-04,112.0000,8.7000
1992-06-05,123.0000,7.3000
1992-06-06,106.0000,4.2000
1992-06-07,97.0000,4.4000
1992-06-08,91.0000,9.6000
1992-06-09,106.0000,7.9000
1992-06-10,112.0000,7.5000
1992-06-11,124.0000,8.8000
1992-06-12,154.0000,9.2000
1992-06-13,130.0000,7.9000
1992-06-14,116.0000,6.2000
1992-06-15,91.0000,5.8000
1992-06-16,97.0000,4.9000
1992-06-17,97.0000,5.1000
1992-06-18,89.0000,7.1000
1992-06-19,95.0000,6.6000
1992-06-20,85.0000,5.1000
1992-06-21,83.0000,4.8000
1992-06-22,104.0000,4.2000
1992-06-23,110.0000,5.9000
1992-06-24,106.0000,5.7000
1992-06-25,97.0000,4.8000
1992-06-26,89.0000,6.0000
1992-06-27,57.0000,6.3000
1992-06-28,65.0000,8.4000
1992-06-29,106.0000,7.9000
1992-06-30,101.0000,5.4000
1992-07-01,104.0000,5.6000
1992-07-02,88.0000,6.3000
1992-07-03,84.0000,4.9000
1992-07-04,95.0000,6.5000
1992-07-05,104.0000,7.8000
1992-07-06,103.0000,8.0000
1992-07-07,105.0000,7.3000
1992-07-08,111.0000,6.9000
1992-07-09,136.0000,8.1000
1992-07-10,172.0000,11.1000
1992-07-11,177.0000,10.7000
1992-07-12,176.0000,10.8000
1992-07-13,168.0000,12.3000
1992-07-14,201.0000,10.3000
1992-07-15,214.0000,13.7000
1992-07-16,212.0000,11.8000
1992-07-17,186.0000,11.6000
1992-07-18,136.0000,8.0000
1992-07-19,117.0000,8.4000
1992-07-20,88.0000,6.1000
1992-07-21,87.0000,4.2000
1992-07-22,89.0000,4.3000
1992-07-23,72.0000,3.9000
1992-07-24,57.0000,5.1000
1992-07-25,49.0000,5.4000
1992-07-26,72.0000,5.4000
1992-07-27,81.0000,4.8000
1992-07-28,71.0000,5.0000
1992-07-29,52.0000,3.9000
1992-07-30,63.0000,4.4000
1992-07-31,71.0000,9.1000
1992-08-01,93.0000,7.9000
1992-08-02,128.0000,7.1000
1992-08-03,147.0000,7.6000
1992-08-04,147.0000,4.7000
1992-08-05,134.0000,8.9000
1992-08-06,127.0000,8.1000
1992-08-07,123.0000,9.1000
1992-08-08,132.0000,6.8000
1992-08-09,132.0000,9.5000
1992-08-10,105.0000,6.8000
1992-08-11,85.0000,6.6000
1992-08-12,76.0000,4.7000
1992-08-13,87.0000,4.4000
1992-08-14,117.0000,6.5000
1992-08-15,108.0000,9.3000
1992-08-16,137.0000,5.6000
1992-08-17,128.0000,9.4000
1992-08-18,101.0000,6.0000
1992-08-19,98.0000,7.6000
1992-08-20,84.0000,10.1000
1992-08-21,68.0000,6.7000
1992-08-22,63.0000,4.5000
1992-08-23,51.0000,3.9000
1992-08-24,54.0000,4.0000
1992-08-25,28.0000,3.8000
1992-08-26,43.0000,4.9000
1992-08-27,48.0000,3.6000
1992-08-28,47.0000,3.8000
1992-08-29,57.0000,4.6000
1992-08-30,50.0000,3.5000
1992-08-31,51.0000,4.6000
1992-09-01,69.0000,3.5000
1992-09-02,72.0000,6.1000
1992-09-03,65.0000,4.7000
1992-09-04,68.0000,5.9000
1992-09-05,69.0000,4.1000
1992-09-06,77.0000,4.2000
1992-09-07,65.0000,3.5000
1992-09-08,56.0000,4.1000
1992-09-09,84.0000,4.1000
1992-09-10,79.0000,4.7000
1992-09-11,87.0000,4.4000
1992-09-12,93.0000,5.1000
1992-09-13,113.0000,5.9000
1992-09-14,113.0000,6.8000
1992-09-15,110.0000,9.2000
1992-09-16,112.0000,6.2000
1992-09-17,91.0000,6.8000
1992-09-18,79.0000,3.8000
1992-09-19,93.0000,5.1000
1992-09-20,91.0000,4.7000
1992-09-21,96.0000,3.8000
1992-09-22,97.0000,6.8000
1992-09-23,131.0000,6.5000
1992-09-24,132.0000,6.1000
1992-09-25,110.0000,6.0000
1992-09-26,124.0000,7.4000
1992-09-27,127.0000,7.4000
1992-09-28,91.0000,4.0000
1992-09-29,106.0000,5.1000
1992-09-30,119.0000,5.0000
1992-10-01,128.0000,10.4000
1992-10-02,147.0000,7.0000
1992-10-03,143.0000,7.3000
1992-10-04,158.0000,8.4000
1992-10-05,183.0000,6.7000
1992-10-06,170.0000,12.8000
1992-10-07,155.0000,10.6000
1992-10-08,132.0000,6.7000
1992-10-09,137.0000,9.2000
1992-10-10,110.0000,4.7000
1992-10-11,86.0000,5.1000
1992-10-12,62.0000,5.7000
1992-10-13,54.0000,9.7000
1992-10-14,65.0000,3.3000
1992-10-15,60.0000,3.2000
1992-10-16,81.0000,5.0000
1992-10-17,83.0000,6.0000
1992-10-18,110.0000,5.8000
1992-10-19,138.0000,9.1000
1992-10-20,113.0000,5.1000
1992-10-21,147.0000,6.7000
1992-10-22,156.0000,8.8000
1992-10-23,143.0000,12.0000
1992-10-24,171.0000,11.1000
1992-10-25,170.0000,10.5000
1992-10-26,188.0000,6.6000
1992-10-27,207.0000,11.6000
1992-10-28,197.0000,9.4000
1992-10-29,167.0000,11.3000
1992-10-30,150.0000,8.1000
1992-10-31,123.0000,6.0000
1992-11-01,147.0000,9.2000
1992-11-02,124.0000,8.5000
1992-11-03,96.0000,5.6000
1992-11-04,121.0000,7.2000
1992-11-05,134.0000,7.2000
1992-11-06,134.0000,7.1000
1992-11-07,136.0000,6.1000
1992-11-08,104.0000,7.8000
1992-11-09,107.0000,7.8000
1992-11-10,104.0000,6.7000
1992-11-11,119.0000,6.3000
1992-11-12,117.0000,8.5000
1992-11-13,88.0000,6.2000
1992-11-14,97.0000,4.3000
1992-11-15,99.0000,7.5000
1992-11-16,119.0000,8.2000
1992-11-17,141.0000,6.6000
1992-11-18,144.0000,9.0000
1992-11-19,152.0000,7.7000
1992-11-20,138.0000,12.0000
1992-11-21,120.0000,13.3000
1992-11-22,134.0000,11.8000
1992-11-23,162.0000,11.3000
1992-11-24,172.0000,6.1000
1992-11-25,176.0000,9.7000
1992-11-26,164.0000,9.0000
1992-11-27,164.0000,8.2000
1992-11-28,140.0000,9.6000
1992-11-29,130.0000,7.7000
1992-11-30,104.0000,5.7000
1992-12-01,96.0000,4.1000
1992-12-02,83.0000,9.0000
1992-12-03,87.0000,3.4000
1992-12-04,87.0000,8.4000
1992-12-05,75.0000,6.2000
1992-12-06,71.0000,9.6000
1992-12-07,50.0000,6.8000
1992-12-08,93.0000,7.7000
1992-12-09,134.0000,7.3000
1992-12-10,146.0000,8.9000
1992-12-11,171.0000,7.9000
1992-12-12,161.0000,8.9000
1992-12-13,167.0000,9.9000
1992-12-14,170.0000,8.4000
1992-12-15,165.0000,11.6000
1992-12-16,161.0000,11.7000
1992-12-17,155.0000,12.9000
1992-12-18,145.0000,13.2000
1992-12-19,143.0000,7.3000
1992-12-20,143.0000,7.8000
1992-12-21,124.0000,6.4000
1992-12-22,134.0000,7.4000
1992-12-23,117.0000,7.1000
1992-12-24,115.0000,5.0000
1992-12-25,120.0000,7.1000
1992-12-26,133.0000,10.1000
1992-12-27,108.0000,7.8000
1992-12-28,127.0000,9.2000
1992-12-29,115.0000,5.2000
1992-12-30,102.0000,6.6000
1992-12-31,83.0000,7.9000
1993-01-01,63.0000,4.1000
1993-01-02,56.0000,4.3000
1993-01-03,52.0000,2.8000
1993-01-04,71.0000,7.0000
1993-01-05,98.0000,4.0000
1993-01-06,115.0000,9.1000
1993-01-07,111.0000,10.5000
1993-01-08,122.0000,8.1000
1993-01-09,129.0000,6.9000
1993-01-10,137.0000,14.6000
1993-01-11,125.0000,7.8000
1993-01-12,129.0000,6.7000
1993-01-13,132.0000,8.1000
1993-01-14,95.0000,5.0000
1993-01-15,80.0000,7.4000
1993-01-16,81.0000,5.9000
1993-01-17,85.0000,4.5000
1993-01-18,91.0000,5.1000
1993-01-19,93.0000,5.3000
1993-01-20,71.0000,4.6000
1993-01-21,65.0000,4.9000
1993-01-22,47.0000,3.5000
1993-01-23,41.0000,3.1000
1993-01-24,62.0000,7.0000
1993-01-25,70.0000,3.9000
1993-01-26,51.0000,5.2000
1993-01-27,59.0000,6.1000
1993-01-28,51.0000,3.6000
1993-01-29,48.0000,3.0000
1993-01-30,49.0000,3.1000
1993-01-31,44.0000,3.4000
1993-02-01,31.0000,3.1000
1993-02-02,48.0000,4.1000
1993-02-03,103.0000,5.9000
1993-02-04,119.0000,9.3000
1993-02-05,167.0000,11.9000
1993-02-06,170.0000,11.3000
1993-02-07,180.0000,9.2000
1993-02-08,188.0000,13.8000
1993-02-09,177.0000,11.9000
1993-02-10,160.0000,8.6000
1993-02-11,133.0000,10.6000
1993-02-12,136.0000,7.9000
1993-02-13,129.0000,8.1000
1993-02-14,115.0000,7.5000
1993-02-15,103.0000,6.5000
1993-02-16,124.0000,8.8000
1993-02-17,96.0000,5.4000
1993-02-18,112.0000,11.4000
1993-02-19,124.0000,5.8000
1993-02-20,136.0000,9.9000
1993-02-21,129.0000,7.1000
1993-02-22,140.0000,6.1000
1993-02-23,142.0000,7.9000
1993-02-24,126.0000,5.4000
1993-02-25,124.0000,5.6000
1993-02-26,121.0000,5.6000
1993-02-27,121.0000,7.3000
1993-02-28,124.0000,7.6000
1993-03-01,112.0000,9.4000
1993-03-02,117.0000,4.7000
1993-03-03,123.0000,5.4000
1993-03-04,136.0000,8.6000
1993-03-05,154.0000,9.8000
1993-03-06,141.0000,8.2000
1993-03-07,136.0000,5.0000
1993-03-08,120.0000,8.6000
1993-03-09,125.0000,6.8000
1993-03-10,119.0000,5.5000
1993-03-11,126.0000,8.6000
1993-03-12,113.0000,9.1000
1993-03-13,98.0000,6.0000
1993-03-14,82.0000,7.4000
1993-03-15,88.0000,7.4000
1993-03-16,82.0000,6.6000
1993-03-17,88.0000,4.7000
1993-03-18,101.0000,6.2000
1993-03-19,106.0000,5.1000
1993-03-20,103.0000,6.6000
1993-03-21,114.0000,5.8000
1993-03-22,107.0000,6.8000
1993-03-23,92.0000,4.6000
1993-03-24,62.0000,3.5000
1993-03-25,59.0000,6.5000
1993-03-26,67.0000,5.3000
1993-03-27,75.0000,5.0000
1993-03-28,75.0000,3.3000
1993-03-29,79.0000,5.5000
1993-03-30,85.0000,5.6000
1993-03-31,90.0000,5.5000
1993-04-01,102.0000,5.5000
1993-04-02,102.0000,5.4000
1993-04-03,114.0000,5.0000
1993-04-04,102.0000,4.9000
1993-04-05,114.0000,5.8000
1993-04-06,135.0000,6.6000
1993-04-07,120.0000,10.7000
1993-04-08,123.0000,10.2000
1993-04-09,132.0000,7.0000
1993-04-10,120.0000,6.9000
1993-04-11,85.0000,8.2000
1993-04-12,56.0000,5.4000
1993-04-13,33.0000,7.8000
1993-04-14,23.0000,3.2000
1993-04-15,20.0000,3.3000
1993-04-16,20.0000,3.0000
1993-04-17,52.0000,4.5000
1993-04-18,74.0000,8.8000
1993-04-19,77.0000,9.2000
1993-04-20,135.0000,7.0000
1993-04-21,149.0000,6.9000
1993-04-22,141.0000,5.9000
1993-04-23,146.0000,8.0000
1993-04-24,149.0000,7.9000
1993-04-25,133.0000,9.0000
1993-04-26,80.0000,5.9000
1993-04-27,94.0000,7.5000
1993-04-28,82.0000,5.0000
1993-04-29,62.0000,3.6000
1993-04-30,58.0000,5.1000
1993-05-01,42.0000,3.9000
1993-05-02,41.0000,2.3000
1993-05-03,54.0000,3.2000
1993-05-04,89.0000,5.6000
1993-05-05,99.0000,5.0000
1993-05-06,96.0000,6.8000
1993-05-07,95.0000,4.7000
1993-05-08,104.0000,6.3000
1993-05-09,112.0000,7.2000
1993-05-10,154.0000,8.3000
1993-05-11,161.0000,5.7000
1993-05-12,149.0000,7.0000
1993-05-13,109.0000,9.3000
1993-05-14,76.0000,5.3000
1993-05-15,66.0000,4.7000
1993-05-16,48.0000,4.9000
1993-05-17,41.0000,4.3000
1993-05-18,31.0000,5.8000
1993-05-19,18.0000,3.5000
1993-05-20,42.0000,3.8000
1993-05-21,32.0000,3.3000
1993-05-22,24.0000,3.7000
1993-05-23,28.0000,5.1000
1993-05-24,42.0000,2.7000
1993-05-25,68.0000,4.9000
1993-05-26,85.0000,7.8000
1993-05-27,76.0000,5.1000
1993-05-28,95.0000,6.2000
1993-05-29,117.0000,7.8000
1993-05-30,125.0000,7.0000
1993-05-31,123.0000,6.7000
1993-06-01,147.0000,4.0000
1993-06-02,142.0000,6.9000
1993-06-03,141.0000,9.6000
1993-06-04,115.0000,8.6000
1993-06-05,105.0000,5.6000
1993-06-06,116.0000,7.7000
1993-06-07,101.0000,10.0000
1993-06-08,77.0000,4.9000
1993-06-09,64.0000,4.8000
1993-06-10,66.0000,3.7000
1993-06-11,52.0000,4.7000
1993-06-12,25.0000,2.1000
1993-06-13,14.0000,1.4000
1993-06-14,14.0000,1.2000
1993-06-15,14.0000,1.1000
1993-06-16,18.0000,2.5000
1993-06-17,24.0000,3.2000
1993-06-18,22.0000,4.5000
1993-06-19,21.0000,7.4000
1993-06-20,34.0000,4.1000
1993-06-21,36.0000,2.8000
1993-06-22,38.0000,5.3000
1993-06-23,71.0000,3.4000
1993-06-24,70.0000,3.8000
1993-06-25,82.0000,4.6000
1993-06-26,82.0000,7.3000
1993-06-27,94.0000,4.7000
1993-06-28,96.0000,5.7000
1993-06-29,110.0000,6.7000
1993-06-30,98.0000,4.9000
1993-07-01,81.0000,5.9000
1993-07-02,85.0000,5.9000
1993-07-03,92.0000,7.8000
1993-07-04,111.0000,9.3000
1993-07-05,101.0000,5.3000
1993-07-06,81.0000,4.2000
1993-07-07,62.0000,5.5000
1993-07-08,56.0000,6.2000
1993-07-09,53.0000,4.5000
1993-07-10,43.0000,3.3000
1993-07-11,49.0000,3.4000
1993-07-12,49.0000,4.3000
1993-07-13,71.0000,4.9000
1993-07-14,87.0000,5.4000
1993-07-15,92.0000,4.8000
1993-07-16,87.0000,6.1000
1993-07-17,93.0000,4.9000
1993-07-18,111.0000,4.7000
1993-07-19,114.0000,6.0000
1993-07-20,99.0000,4.8000
1993-07-21,92.0000,4.8000
1993-07-22,81.0000,4.2000
1993-07-23,94.0000,3.6000
1993-07-24,92.0000,4.7000
1993-07-25,85.0000,6.2000
1993-07-26,76.0000,4.7000
1993-07-27,83.0000,6.8000
1993-07-28,82.0000,5.7000
1993-07-29,65.0000,4.5000
1993-07-30,62.0000,4.2000
1993-07-31,64.0000,3.7000
1993-08-01,56.0000,4.4000
1993-08-02,59.0000,5.5000
1993-08-03,53.0000,4.8000
1993-08-04,52.0000,4.3000
1993-08-05,40.0000,3.5000
1993-08-06,73.0000,5.4000
1993-08-07,64.0000,7.3000
1993-08-08,70.0000,9.6000
1993-08-09,87.0000,7.3000
1993-08-10,96.0000,6.7000
1993-08-11,108.0000,6.8000
1993-08-12,86.0000,5.6000
1993-08-13,89.0000,5.7000
1993-08-14,58.0000,5.3000
1993-08-15,43.0000,3.3000
1993-08-16,33.0000,3.5000
1993-08-17,43.0000,3.4000
1993-08-18,41.0000,3.3000
1993-08-19,41.0000,3.9000
1993-08-20,34.0000,2.6000
1993-08-21,46.0000,4.3000
1993-08-22,62.0000,3.5000
1993-08-23,62.0000,4.7000
1993-08-24,83.0000,6.2000
1993-08-25,79.0000,4.4000
1993-08-26,65.0000,4.8000
1993-08-27,73.0000,4.2000
1993-08-28,71.0000,3.3000
1993-08-29,73.0000,4.3000
1993-08-30,55.0000,4.8000
1993-08-31,44.0000,3.4000
1993-09-01,36.0000,2.5000
1993-09-02,33.0000,3.6000
1993-09-03,31.0000,2.8000
1993-09-04,32.0000,2.1000
1993-09-05,31.0000,2.9000
1993-09-06,19.0000,2.7000
1993-09-07,17.0000,6.2000
1993-09-08,17.0000,5.0000
1993-09-09,22.0000,4.5000
1993-09-10,13.0000,8.4000
1993-09-11,17.0000,3.0000
1993-09-12,13.0000,2.6000
1993-09-13,14.0000,4.9000
1993-09-14,14.0000,8.3000
1993-09-15,14.0000,2.6000
1993-09-16,32.0000,4.1000
1993-09-17,29.0000,2.2000
1993-09-18,26.0000,2.9000
1993-09-19,21.0000,2.0000
1993-09-20,21.0000,3.7000
1993-09-21,19.0000,4.8000
1993-09-22,19.0000,12.9000
1993-09-23,22.0000,3.7000
1993-09-24,32.0000,2.3000
1993-09-25,60.0000,4.2000
1993-09-26,60.0000,4.8000
1993-09-27,68.0000,3.3000
1993-09-28,72.0000,2.9000
1993-09-29,67.0000,4.5000
1993-09-30,64.0000,3.8000
1993-10-01,81.0000,4.2000
1993-10-02,120.0000,7.5000
1993-10-03,110.0000,7.8000
1993-10-04,126.0000,7.6000
1993-10-05,113.0000,6.3000
1993-10-06,89.0000,4.9000
1993-10-07,82.0000,4.5000
1993-10-08,88.0000,4.7000
1993-10-09,96.0000,6.5000
1993-10-10,73.0000,6.2000
1993-10-11,82.0000,4.5000
1993-10-12,71.0000,4.0000
1993-10-13,47.0000,4.7000
1993-10-14,39.0000,2.4000
1993-10-15,66.0000,6.1000
1993-10-16,71.0000,4.9000
1993-10-17,52.0000,3.5000
1993-10-18,47.0000,2.5000
1993-10-19,55.0000,6.3000
1993-10-20,79.0000,5.7000
1993-10-21,92.0000,4.1000
1993-10-22,77.0000,6.6000
1993-10-23,73.0000,4.8000
1993-10-24,69.0000,3.5000
1993-10-25,54.0000,3.3000
1993-10-26,63.0000,5.6000
1993-10-27,49.0000,8.8000
1993-10-28,37.0000,8.2000
1993-10-29,29.0000,5.6000
1993-10-30,38.0000,3.2000
1993-10-31,35.0000,3.8000
1993-11-01,18.0000,2.5000
1993-11-02,26.0000,3.7000
1993-11-03,24.0000,2.1000
1993-11-04,27.0000,2.7000
1993-11-05,41.0000,4.9000
1993-11-06,45.0000,4.3000
1993-11-07,46.0000,4.7000
1993-11-08,45.0000,5.1000
1993-11-09,35.0000,3.9000
1993-11-10,34.0000,5.5000
1993-11-11,19.0000,7.4000
1993-11-12,20.0000,5.5000
1993-11-13,28.0000,1.5000
1993-11-14,30.0000,2.7000
1993-11-15,37.0000,2.9000
1993-11-16,43.0000,4.0000
1993-11-17,50.0000,4.1000
1993-11-18,50.0000,4.0000
1993-11-19,57.0000,3.9000
1993-11-20,58.0000,4.3000
1993-11-21,76.0000,5.9000
1993-11-22,76.0000,3.7000
1993-11-23,72.0000,3.9000
1993-11-24,73.0000,3.5000
1993-11-25,54.0000,3.8000
1993-11-26,62.0000,4.2000
1993-11-27,60.0000,2.9000
1993-11-28,72.0000,6.8000
1993-11-29,74.0000,4.6000
1993-11-30,93.0000,7.7000
1993-12-01,94.0000,8.0000
1993-12-02,78.0000,4.3000
1993-12-03,84.0000,6.2000
1993-12-04,92.0000,5.6000
1993-12-05,88.0000,5.4000
1993-12-06,77.0000,6.7000
1993-12-07,91.0000,6.9000
1993-12-08,80.0000,4.0000
1993-12-09,74.0000,6.8000
1993-12-10,64.0000,5.5000
1993-12-11,43.0000,3.6000
1993-12-12,29.0000,3.5000
1993-12-13,24.0000,3.8000
1993-12-14,32.0000,8.2000
1993-12-15,11.0000,2.2000
1993-12-16,28.0000,2.1000
1993-12-17,31.0000,4.0000
1993-12-18,39.0000,2.5000
1993-12-19,25.0000,3.1000
1993-12-20,38.0000,2.5000
1993-12-21,52.0000,4.0000
1993-12-22,62.0000,2.9000
1993-12-23,76.0000,4.3000
1993-12-24,88.0000,8.3000
1993-12-25,105.0000,8.1000
1993-12-26,87.0000,8.0000
1993-12-27,97.0000,10.3000
1993-12-28,85.0000,9.8000
1993-12-29,102.0000,5.0000
1993-12-30,105.0000,7.0000
1993-12-31,139.0000,9.2000
1994-01-01,126.0000,9.6000
1994-01-02,113.0000,9.5000
1994-01-03,136.0000,8.8000
1994-01-04,151.0000,8.7000
1994-01-05,153.0000,9.4000
1994-01-06,148.0000,12.2000
1994-01-07,138.0000,8.9000
1994-01-08,119.0000,8.4000
1994-01-09,97.0000,7.2000
1994-01-10,69.0000,4.8000
1994-01-11,62.0000,3.5000
1994-01-12,60.0000,4.1000
1994-01-13,66.0000,3.9000
1994-01-14,53.0000,2.3000
1994-01-15,51.0000,6.3000
1994-01-16,43.0000,3.6000
1994-01-17,37.0000,2.4000
1994-01-18,44.0000,3.7000
1994-01-19,41.0000,3.5000
1994-01-20,51.0000,5.3000
1994-01-21,78.0000,8.6000
1994-01-22,95.0000,6.0000
1994-01-23,88.0000,6.9000
1994-01-24,103.0000,5.5000
1994-01-25,97.0000,6.4000
1994-01-26,98.0000,6.8000
1994-01-27,85.0000,4.9000
1994-01-28,72.0000,4.5000
1994-01-29,63.0000,4.1000
1994-01-30,56.0000,4.9000
1994-01-31,38.0000,4.0000
1994-02-01,45.0000,4.2000
1994-02-02,48.0000,4.0000
1994-02-03,59.0000,4.5000
1994-02-04,68.0000,5.1000
1994-02-05,59.0000,3.9000
1994-02-06,62.0000,5.3000
1994-02-07,71.0000,4.8000
1994-02-08,63.0000,2.9000
1994-02-09,62.0000,3.9000
1994-02-10,49.0000,3.4000
1994-02-11,45.0000,3.5000
1994-02-12,56.0000,3.6000
1994-02-13,71.0000,7.3000
1994-02-14,60.0000,3.4000
1994-02-15,52.0000,8.2000
1994-02-16,57.0000,7.2000
1994-02-17,66.0000,4.3000
1994-02-18,65.0000,8.3000
1994-02-19,43.0000,4.8000
1994-02-20,25.0000,4.0000
1994-02-21,29.0000,5.4000
1994-02-22,54.0000,3.7000
1994-02-23,51.0000,2.9000
1994-02-24,52.0000,4.0000
1994-02-25,45.0000,2.4000
1994-02-26,49.0000,3.8000
1994-02-27,59.0000,4.4000
1994-02-28,71.0000,4.8000
1994-03-01,73.0000,5.0000
1994-03-02,84.0000,4.2000
1994-03-03,93.0000,5.8000
1994-03-04,81.0000,7.3000
1994-03-05,75.0000,4.3000
1994-03-06,90.0000,7.7000
1994-03-07,78.0000,5.2000
1994-03-08,69.0000,5.1000
1994-03-09,61.0000,6.5000
1994-03-10,43.0000,2.5000
1994-03-11,48.0000,4.8000
1994-03-12,60.0000,5.0000
1994-03-13,54.0000,3.7000
1994-03-14,27.0000,2.9000
1994-03-15,39.0000,3.3000
1994-03-16,33.0000,2.4000
1994-03-17,33.0000,2.1000
1994-03-18,27.0000,2.7000
1994-03-19,19.0000,2.7000
1994-03-20,12.0000,1.0000
1994-03-21,25.0000,2.7000
1994-03-22,36.0000,2.1000
1994-03-23,33.0000,1.6000
1994-03-24,48.0000,5.5000
1994-03-25,55.0000,4.4000
1994-03-26,36.0000,4.1000
1994-03-27,22.0000,2.7000
1994-03-28,21.0000,2.2000
1994-03-29,21.0000,1.6000
1994-03-30,39.0000,4.3000
1994-03-31,36.0000,2.6000
1994-04-01,29.0000,2.0000
1994-04-02,0.0000,2.0000
1994-04-03,0.0000,2.0000
1994-04-04,0.0000,2.0000
1994-04-05,12.0000,6.3000
1994-04-06,0.0000,2.0000
1994-04-07,0.0000,2.0000
1994-04-08,14.0000,5.5000
1994-04-09,14.0000,1.5000
1994-04-10,15.0000,1.6000
1994-04-11,19.0000,2.4000
1994-04-12,17.0000,2.7000
1994-04-13,22.0000,3.3000
1994-04-14,20.0000,4.2000
1994-04-15,32.0000,5.0000
1994-04-16,20.0000,3.6000
1994-04-17,29.0000,3.6000
1994-04-18,29.0000,3.7000
1994-04-19,36.0000,4.7000
1994-04-20,48.0000,3.7000
1994-04-21,53.0000,5.4000
1994-04-22,65.0000,4.2000
1994-04-23,63.0000,4.3000
1994-04-24,68.0000,5.2000
1994-04-25,51.0000,5.8000
1994-04-26,51.0000,4.1000
1994-04-27,53.0000,4.3000
1994-04-28,26.0000,3.9000
1994-04-29,15.0000,2.1000
1994-04-30,20.0000,3.9000
1994-05-01,30.0000,5.5000
1994-05-02,59.0000,6.3000
1994-05-03,44.0000,4.4000
1994-05-04,20.0000,2.5000
1994-05-05,15.0000,1.9000
1994-05-06,17.0000,4.2000
1994-05-07,23.0000,2.1000
1994-05-08,32.0000,4.3000
1994-05-09,20.0000,2.1000
1994-05-10,28.0000,3.0000
1994-05-11,32.0000,3.6000
1994-05-12,45.0000,3.2000
1994-05-13,54.0000,5.4000
1994-05-14,52.0000,3.5000
1994-05-15,50.0000,4.2000
1994-05-16,55.0000,2.3000
1994-05-17,65.0000,5.7000
1994-05-18,55.0000,3.3000
1994-05-19,47.0000,2.2000
1994-05-20,42.0000,2.4000
1994-05-21,42.0000,2.3000
1994-05-22,35.0000,2.2000
1994-05-23,32.0000,3.4000
1994-05-24,15.0000,3.6000
1994-05-25,15.0000,13.3000
1994-05-26,0.0000,2.0000
1994-05-27,0.0000,2.0000
1994-05-28,0.0000,2.0000
1994-05-29,0.0000,2.0000
1994-05-30,0.0000,2.0000
1994-05-31,0.0000,2.0000
1994-06-01,0.0000,2.0000
1994-06-02,0.0000,2.0000
1994-06-03,0.0000,2.0000
1994-06-04,0.0000,2.0000
1994-06-05,0.0000,2.0000
1994-06-06,17.0000,12.6000
1994-06-07,23.0000,3.3000
1994-06-08,61.0000,3.9000
1994-06-09,61.0000,4.8000
1994-06-10,71.0000,2.8000
1994-06-11,89.0000,4.2000
1994-06-12,75.0000,3.9000
1994-06-13,84.0000,6.3000
1994-06-14,82.0000,3.5000
1994-06-15,77.0000,3.2000
1994-06-16,74.0000,3.5000
1994-06-17,60.0000,3.5000
1994-06-18,52.0000,5.4000
1994-06-19,43.0000,6.2000
1994-06-20,27.0000,5.5000
1994-06-21,17.0000,8.9000
1994-06-22,21.0000,1.8000
1994-06-23,34.0000,3.5000
1994-06-24,52.0000,2.8000
1994-06-25,40.0000,5.8000
1994-06-26,21.0000,11.8000
1994-06-27,14.0000,1.9000
1994-06-28,21.0000,2.2000
1994-06-29,37.0000,3.7000
1994-06-30,38.0000,3.4000
1994-07-01,46.0000,2.8000
1994-07-02,62.0000,5.9000
1994-07-03,56.0000,3.7000
1994-07-04,59.0000,4.0000
1994-07-05,39.0000,3.6000
1994-07-06,39.0000,2.9000
1994-07-07,68.0000,5.8000
1994-07-08,87.0000,3.7000
1994-07-09,71.0000,3.6000
1994-07-10,87.0000,4.8000
1994-07-11,104.0000,4.0000
1994-07-12,98.0000,4.0000
1994-07-13,85.0000,6.5000
1994-07-14,65.0000,5.3000
1994-07-15,62.0000,4.9000
1994-07-16,78.0000,5.2000
1994-07-17,77.0000,4.6000
1994-07-18,69.0000,8.9000
1994-07-19,39.0000,3.9000
1994-07-20,42.0000,2.6000
1994-07-21,39.0000,3.1000
1994-07-22,27.0000,3.5000
1994-07-23,23.0000,2.5000
1994-07-24,20.0000,1.3000
1994-07-25,17.0000,2.6000
1994-07-26,25.0000,3.0000
1994-07-27,20.0000,3.6000
1994-07-28,23.0000,3.7000
1994-07-29,10.0000,5.9000
1994-07-30,17.0000,4.0000
1994-07-31,14.0000,2.7000
1994-08-01,17.0000,5.8000
1994-08-02,15.0000,3.3000
1994-08-03,20.0000,1.4000
1994-08-04,21.0000,1.8000
1994-08-05,27.0000,2.7000
1994-08-06,26.0000,1.8000
1994-08-07,20.0000,1.6000
1994-08-08,18.0000,1.0000
1994-08-09,18.0000,1.2000
1994-08-10,23.0000,2.4000
1994-08-11,31.0000,2.9000
1994-08-12,55.0000,3.9000
1994-08-13,60.0000,3.0000
1994-08-14,67.0000,4.4000
1994-08-15,64.0000,2.2000
1994-08-16,66.0000,4.1000
1994-08-17,63.0000,3.9000
1994-08-18,60.0000,5.4000
1994-08-19,66.0000,4.0000
1994-08-20,46.0000,4.2000
1994-08-21,29.0000,2.5000
1994-08-22,15.0000,1.7000
1994-08-23,35.0000,3.0000
1994-08-24,18.0000,2.4000
1994-08-25,18.0000,1.8000
1994-08-26,18.0000,2.4000
1994-08-27,17.0000,2.7000
1994-08-28,20.0000,4.1000
1994-08-29,24.0000,3.5000
1994-08-30,34.0000,3.1000
1994-08-31,53.0000,4.1000
1994-09-01,60.0000,3.6000
1994-09-02,77.0000,4.6000
1994-09-03,93.0000,4.5000
1994-09-04,83.0000,4.1000
1994-09-05,102.0000,5.3000
1994-09-06,90.0000,4.8000
1994-09-07,90.0000,3.8000
1994-09-08,74.0000,3.6000
1994-09-09,65.0000,3.4000
1994-09-10,49.0000,3.3000
1994-09-11,30.0000,4.2000
1994-09-12,16.0000,1.9000
1994-09-13,14.0000,1.2000
1994-09-14,14.0000,4.9000
1994-09-15,13.0000,5.1000
1994-09-16,13.0000,6.7000
1994-09-17,19.0000,2.0000
1994-09-18,35.0000,5.0000
1994-09-19,22.0000,10.7000
1994-09-20,0.0000,2.0000
1994-09-21,0.0000,2.0000
1994-09-22,17.0000,3.5000
1994-09-23,19.0000,1.8000
1994-09-24,22.0000,1.1000
1994-09-25,25.0000,2.5000
1994-09-26,41.0000,2.8000
1994-09-27,44.0000,2.6000
1994-09-28,33.0000,3.1000
1994-09-29,27.0000,3.6000
1994-09-30,27.0000,2.2000
1994-10-01,24.0000,1.7000
1994-10-02,27.0000,2.3000
1994-10-03,24.0000,1.4000
1994-10-04,41.0000,2.2000
1994-10-05,73.0000,6.1000
1994-10-06,81.0000,4.7000
1994-10-07,70.0000,4.1000
1994-10-08,67.0000,4.2000
1994-10-09,76.0000,3.7000
1994-10-10,75.0000,4.2000
1994-10-11,73.0000,3.8000
1994-10-12,69.0000,3.4000
1994-10-13,73.0000,4.1000
1994-10-14,92.0000,3.0000
1994-10-15,87.0000,4.5000
1994-10-16,78.0000,2.9000
1994-10-17,60.0000,3.9000
1994-10-18,84.0000,5.3000
1994-10-19,86.0000,3.1000
1994-10-20,75.0000,2.7000
1994-10-21,63.0000,2.4000
1994-10-22,44.0000,3.5000
1994-10-23,43.0000,3.0000
1994-10-24,43.0000,5.9000
1994-10-25,41.0000,3.5000
1994-10-26,86.0000,8.0000
1994-10-27,87.0000,3.7000
1994-10-28,87.0000,6.3000
1994-10-29,84.0000,4.9000
1994-10-30,90.0000,4.1000
1994-10-31,78.0000,4.8000
1994-11-01,74.0000,4.9000
1994-11-02,79.0000,6.4000
1994-11-03,56.0000,3.4000
1994-11-04,46.0000,2.1000
1994-11-05,51.0000,4.0000
1994-11-06,39.0000,2.9000
1994-11-07,28.0000,1.3000
1994-11-08,26.0000,1.6000
1994-11-09,38.0000,2.6000
1994-11-10,39.0000,2.9000
1994-11-11,26.0000,4.1000
1994-11-12,28.0000,8.0000
1994-11-13,13.0000,10.1000
1994-11-14,15.0000,5.4000
1994-11-15,13.0000,9.9000
1994-11-16,13.0000,2.8000
1994-11-17,16.0000,3.0000
1994-11-18,31.0000,5.1000
1994-11-19,25.0000,3.4000
1994-11-20,15.0000,10.4000
1994-11-21,11.0000,1.2000
1994-11-22,13.0000,1.3000
1994-11-23,13.0000,0.9000
1994-11-24,13.0000,2.4000
1994-11-25,30.0000,4.4000
1994-11-26,28.0000,2.4000
1994-11-27,33.0000,2.1000
1994-11-28,38.0000,3.5000
1994-11-29,18.0000,1.7000
1994-11-30,16.0000,2.0000
1994-12-01,13.0000,1.0000
1994-12-02,11.0000,3.5000
1994-12-03,0.0000,2.0000
1994-12-04,12.0000,1.5000
1994-12-05,18.0000,3.1000
1994-12-06,15.0000,1.2000
1994-12-07,25.0000,2.4000
1994-12-08,31.0000,3.0000
1994-12-09,52.0000,2.0000
1994-12-10,54.0000,3.0000
1994-12-11,70.0000,4.5000
1994-12-12,63.0000,5.0000
1994-12-13,49.0000,4.7000
1994-12-14,43.0000,3.1000
1994-12-15,39.0000,3.8000
1994-12-16,32.0000,2.1000
1994-12-17,43.0000,3.9000
1994-12-18,42.0000,3.2000
1994-12-19,40.0000,3.4000
1994-12-20,26.0000,2.5000
1994-12-21,22.0000,1.6000
1994-12-22,37.0000,6.2000
1994-12-23,26.0000,3.2000
1994-12-24,37.0000,4.3000
1994-12-25,44.0000,4.3000
1994-12-26,53.0000,4.5000
1994-12-27,36.0000,5.1000
1994-12-28,21.0000,3.0000
1994-12-29,21.0000,3.5000
1994-12-30,12.0000,6.1000
1994-12-31,11.0000,2.4000
1995-01-01,13.0000,13.0000
1995-01-02,11.0000,7.8000
1995-01-03,15.0000,4.2000
1995-01-04,19.0000,4.4000
1995-01-05,15.0000,1.8000
1995-01-06,20.0000,5.0000
1995-01-07,9.0000,6.6000
1995-01-08,12.0000,7.0000
1995-01-09,12.0000,9.6000
1995-01-10,11.0000,5.1000
1995-01-11,12.0000,3.5000
1995-01-12,13.0000,8.4000
1995-01-13,11.0000,1.6000
1995-01-14,15.0000,0.8000
1995-01-15,16.0000,0.8000
1995-01-16,23.0000,1.6000
1995-01-17,31.0000,3.6000
1995-01-18,47.0000,3.2000
1995-01-19,57.0000,4.5000
1995-01-20,69.0000,6.1000
1995-01-21,74.0000,5.4000
1995-01-22,72.0000,5.3000
1995-01-23,73.0000,6.0000
1995-01-24,81.0000,6.4000
1995-01-25,66.0000,5.3000
1995-01-26,40.0000,4.1000
1995-01-27,31.0000,2.6000
1995-01-28,34.0000,4.2000
1995-01-29,24.0000,1.9000
1995-01-30,42.0000,2.8000
1995-01-31,43.0000,3.1000
1995-02-01,54.0000,3.7000
1995-02-02,63.0000,5.8000
1995-02-03,58.0000,5.3000
1995-02-04,54.0000,5.9000
1995-02-05,54.0000,4.8000
1995-02-06,52.0000,3.7000
1995-02-07,24.0000,2.6000
1995-02-08,18.0000,1.3000
1995-02-09,29.0000,2.4000
1995-02-10,35.0000,4.7000
1995-02-11,20.0000,2.9000
1995-02-12,21.0000,2.6000
1995-02-13,17.0000,1.7000
1995-02-14,26.0000,1.6000
1995-02-15,34.0000,4.2000
1995-02-16,40.0000,3.6000
1995-02-17,51.0000,3.5000
1995-02-18,47.0000,3.7000
1995-02-19,70.0000,3.7000
1995-02-20,70.0000,4.6000
1995-02-21,69.0000,4.9000
1995-02-22,72.0000,4.4000
1995-02-23,64.0000,4.3000
1995-02-24,46.0000,2.7000
1995-02-25,43.0000,3.2000
1995-02-26,40.0000,3.1000
1995-02-27,49.0000,4.3000
1995-02-28,63.0000,3.5000
1995-03-01,76.0000,4.8000
1995-03-02,83.0000,5.0000
1995-03-03,82.0000,2.7000
1995-03-04,97.0000,5.6000
1995-03-05,91.0000,4.7000
1995-03-06,57.0000,4.9000
1995-03-07,54.0000,3.1000
1995-03-08,30.0000,3.1000
1995-03-09,15.0000,1.9000
1995-03-10,0.0000,2.0000
1995-03-11,12.0000,3.1000
1995-03-12,18.0000,4.6000
1995-03-13,15.0000,8.5000
1995-03-14,15.0000,3.8000
1995-03-15,25.0000,2.6000
1995-03-16,19.0000,1.3000
1995-03-17,24.0000,2.4000
1995-03-18,52.0000,4.6000
1995-03-19,57.0000,2.8000
1995-03-20,61.0000,3.1000
1995-03-21,62.0000,2.8000
1995-03-22,67.0000,3.8000
1995-03-23,65.0000,3.8000
1995-03-24,65.0000,2.5000
1995-03-25,62.0000,4.2000
1995-03-26,61.0000,4.7000
1995-03-27,42.0000,3.0000
1995-03-28,28.0000,2.3000
1995-03-29,34.0000,3.0000
1995-03-30,34.0000,2.4000
1995-03-31,33.0000,1.8000
1995-04-01,20.0000,2.7000
1995-04-02,26.0000,3.1000
1995-04-03,29.0000,2.0000
1995-04-04,15.0000,5.0000
1995-04-05,0.0000,2.0000
1995-04-06,0.0000,2.0000
1995-04-07,0.0000,2.0000
1995-04-08,0.0000,2.0000
1995-04-09,0.0000,2.0000
1995-04-10,0.0000,2.0000
1995-04-11,15.0000,1.6000
1995-04-12,28.0000,2.2000
1995-04-13,48.0000,3.3000
1995-04-14,53.0000,2.7000
1995-04-15,65.0000,4.3000
1995-04-16,71.0000,3.9000
1995-04-17,74.0000,5.1000
1995-04-18,63.0000,4.6000
1995-04-19,53.0000,3.2000
1995-04-20,39.0000,4.7000
1995-04-21,20.0000,1.2000
1995-04-22,17.0000,7.1000
1995-04-23,0.0000,2.0000
1995-04-24,0.0000,2.0000
1995-04-25,0.0000,2.0000
1995-04-26,0.0000,2.0000
1995-04-27,12.0000,9.7000
1995-04-28,0.0000,2.0000
1995-04-29,0.0000,2.0000
1995-04-30,0.0000,2.0000
1995-05-01,12.0000,7.4000
1995-05-02,0.0000,2.0000
1995-05-03,0.0000,2.0000
1995-05-04,11.0000,5.1000
1995-05-05,13.0000,3.2000
1995-05-06,12.0000,5.0000
1995-05-07,11.0000,0.8000
1995-05-08,12.0000,0.7000
1995-05-09,13.0000,0.9000
1995-05-10,15.0000,1.6000
1995-05-11,16.0000,1.7000
1995-05-12,35.0000,2.6000
1995-05-13,35.0000,3.5000
1995-05-14,36.0000,3.1000
1995-05-15,48.0000,3.4000
1995-05-16,54.0000,3.7000
1995-05-17,58.0000,3.2000
1995-05-18,54.0000,3.3000
1995-05-19,47.0000,3.3000
1995-05-20,36.0000,2.6000
1995-05-21,17.0000,0.9000
1995-05-22,13.0000,1.4000
1995-05-23,0.0000,2.0000
1995-05-24,0.0000,2.0000
1995-05-25,0.0000,2.0000
1995-05-26,0.0000,2.0000
1995-05-27,0.0000,2.0000
1995-05-28,12.0000,2.4000
1995-05-29,16.0000,1.3000
1995-05-30,13.0000,1.2000
1995-05-31,12.0000,1.1000
1995-06-01,12.0000,7.2000
1995-06-02,13.0000,10.0000
1995-06-03,17.0000,2.5000
1995-06-04,20.0000,1.2000
1995-06-05,43.0000,3.8000
1995-06-06,35.0000,2.3000
1995-06-07,40.0000,2.2000
1995-06-08,40.0000,3.7000
1995-06-09,35.0000,2.7000
1995-06-10,43.0000,4.5000
1995-06-11,35.0000,3.6000
1995-06-12,29.0000,2.0000
1995-06-13,24.0000,2.0000
1995-06-14,17.0000,5.0000
1995-06-15,0.0000,2.0000
1995-06-16,0.0000,2.0000
1995-06-17,10.0000,6.4000
1995-06-18,13.0000,2.1000
1995-06-19,26.0000,2.7000
1995-06-20,19.0000,1.2000
1995-06-21,22.0000,1.6000
1995-06-22,24.0000,1.5000
1995-06-23,23.0000,2.4000
1995-06-24,19.0000,1.6000
1995-06-25,19.0000,1.6000
1995-06-26,17.0000,1.5000
1995-06-27,14.0000,1.2000
1995-06-28,13.0000,3.4000
1995-06-29,20.0000,7.2000
1995-06-30,33.0000,3.3000
1995-07-01,42.0000,4.9000
1995-07-02,35.0000,3.6000
1995-07-03,20.0000,2.1000
1995-07-04,20.0000,1.6000
1995-07-05,31.0000,3.0000
1995-07-06,38.0000,4.3000
1995-07-07,41.0000,3.7000
1995-07-08,35.0000,2.7000
1995-07-09,39.0000,2.1000
1995-07-10,30.0000,3.3000
1995-07-11,25.0000,3.0000
1995-07-12,18.0000,2.7000
1995-07-13,15.0000,4.4000
1995-07-14,18.0000,0.9000
1995-07-15,27.0000,1.7000
1995-07-16,24.0000,1.1000
1995-07-17,22.0000,1.8000
1995-07-18,20.0000,2.0000
1995-07-19,30.0000,2.9000
1995-07-20,32.0000,3.4000
1995-07-21,20.0000,6.3000
1995-07-22,15.0000,3.9000
1995-07-23,0.0000,2.0000
1995-07-24,0.0000,2.0000
1995-07-25,0.0000,2.0000
1995-07-26,10.0000,4.9000
1995-07-27,11.0000,3.4000
1995-07-28,0.0000,2.0000
1995-07-29,0.0000,2.0000
1995-07-30,0.0000,2.0000
1995-07-31,14.0000,2.4000
1995-08-01,18.0000,2.5000
1995-08-02,19.0000,1.8000
1995-08-03,22.0000,2.3000
1995-08-04,20.0000,2.8000
1995-08-05,20.0000,3.3000
1995-08-06,28.0000,3.0000
1995-08-07,23.0000,2.5000
1995-08-08,17.0000,2.2000
1995-08-09,11.0000,2.4000
1995-08-10,13.0000,8.9000
1995-08-11,14.0000,5.0000
1995-08-12,0.0000,2.0000
1995-08-13,11.0000,4.1000
1995-08-14,0.0000,2.0000
1995-08-15,15.0000,9.0000
1995-08-16,27.0000,3.0000
1995-08-17,17.0000,4.0000
1995-08-18,0.0000,2.0000
1995-08-19,0.0000,2.0000
1995-08-20,10.0000,5.4000
1995-08-21,0.0000,2.0000
1995-08-22,10.0000,4.9000
1995-08-23,19.0000,1.8000
1995-08-24,40.0000,2.0000
1995-08-25,38.0000,2.6000
1995-08-26,52.0000,3.4000
1995-08-27,41.0000,2.8000
1995-08-28,31.0000,1.6000
1995-08-29,18.0000,0.9000
1995-08-30,17.0000,1.3000
1995-08-31,14.0000,0.9000
1995-09-01,12.0000,1.9000
1995-09-02,11.0000,1.0000
1995-09-03,11.0000,0.7000
1995-09-04,21.0000,2.3000
1995-09-05,21.0000,3.0000
1995-09-06,11.0000,1.1000
1995-09-07,11.0000,7.7000
1995-09-08,0.0000,2.0000
1995-09-09,0.0000,2.0000
1995-09-10,0.0000,2.0000
1995-09-11,0.0000,2.0000
1995-09-12,12.0000,3.2000
1995-09-13,11.0000,4.5000
1995-09-14,0.0000,2.0000
1995-09-15,13.0000,2.9000
1995-09-16,11.0000,3.7000
1995-09-17,0.0000,2.0000
1995-09-18,0.0000,2.0000
1995-09-19,15.0000,2.0000
1995-09-20,28.0000,1.8000
1995-09-21,29.0000,1.8000
1995-09-22,40.0000,2.1000
1995-09-23,38.0000,2.3000
1995-09-24,40.0000,2.2000
1995-09-25,34.0000,2.8000
1995-09-26,33.0000,2.5000
1995-09-27,34.0000,2.7000
1995-09-28,12.0000,3.4000
1995-09-29,12.0000,3.3000
1995-09-30,11.0000,6.6000
1995-10-01,0.0000,2.0000
1995-10-02,0.0000,2.0000
1995-10-03,0.0000,2.0000
1995-10-04,0.0000,2.0000
1995-10-05,0.0000,2.0000
1995-10-06,0.0000,2.0000
1995-10-07,15.0000,3.2000
1995-10-08,13.0000,1.2000
1995-10-09,32.0000,2.2000
1995-10-10,42.0000,2.7000
1995-10-11,70.0000,3.1000
1995-10-12,83.0000,3.6000
1995-10-13,84.0000,4.5000
1995-10-14,78.0000,3.9000
1995-10-15,45.0000,3.5000
1995-10-16,62.0000,5.6000
1995-10-17,54.0000,3.3000
1995-10-18,41.0000,4.3000
1995-10-19,30.0000,2.5000
1995-10-20,26.0000,2.9000
1995-10-21,38.0000,2.7000
1995-10-22,38.0000,2.7000
1995-10-23,38.0000,1.8000
1995-10-24,36.0000,2.0000
1995-10-25,32.0000,2.5000
1995-10-26,32.0000,3.8000
1995-10-27,17.0000,1.9000
1995-10-28,15.0000,1.4000
1995-10-29,13.0000,6.1000
1995-10-30,0.0000,2.0000
1995-10-31,15.0000,12.3000
1995-11-01,0.0000,2.0000
1995-11-02,12.0000,9.2000
1995-11-03,12.0000,10.8000
1995-11-04,0.0000,2.0000
1995-11-05,0.0000,2.0000
1995-11-06,12.0000,0.8000
1995-11-07,12.0000,2.2000
1995-11-08,12.0000,1.8000
1995-11-09,14.0000,2.3000
1995-11-10,19.0000,2.0000
1995-11-11,14.0000,2.1000
1995-11-12,12.0000,1.5000
1995-11-13,12.0000,2.0000
1995-11-14,12.0000,0.5000
1995-11-15,31.0000,2.1000
1995-11-16,34.0000,3.0000
1995-11-17,51.0000,3.7000
1995-11-18,36.0000,3.6000
1995-11-19,16.0000,1.1000
1995-11-20,16.0000,1.6000
1995-11-21,14.0000,1.1000
1995-11-22,14.0000,1.7000
1995-11-23,14.0000,9.0000
1995-11-24,0.0000,2.0000
1995-11-25,0.0000,2.0000
1995-11-26,0.0000,2.0000
1995-11-27,0.0000,2.0000
1995-11-28,14.0000,3.5000
1995-11-29,17.0000,0.7000
1995-11-30,19.0000,1.6000
1995-12-01,24.0000,2.6000
1995-12-02,18.0000,2.4000
1995-12-03,24.0000,3.2000
1995-12-04,24.0000,2.2000
1995-12-05,21.0000,2.7000
1995-12-06,15.0000,1.4000
1995-12-07,15.0000,1.7000
1995-12-08,12.0000,0.8000
1995-12-09,28.0000,2.7000
1995-12-10,25.0000,1.2000
1995-12-11,27.0000,2.0000
1995-12-12,16.0000,1.8000
1995-12-13,15.0000,1.7000
1995-12-14,13.0000,1.9000
1995-12-15,12.0000,1.8000
1995-12-16,0.0000,2.0000
1995-12-17,0.0000,2.0000
1995-12-18,0.0000,2.0000
1995-12-19,0.0000,2.0000
1995-12-20,12.0000,2.6000
1995-12-21,13.0000,1.6000
1995-12-22,13.0000,2.4000
1995-12-23,12.0000,7.3000
1995-12-24,0.0000,2.0000
1995-12-25,18.0000,11.8000
1995-12-26,25.0000,8.8000
1995-12-27,27.0000,3.5000
1995-12-28,25.0000,3.0000
1995-12-29,13.0000,2.3000
1995-12-30,15.0000,3.1000
1995-12-31,0.0000,2.0000
1996-01-01,0.0000,2.0000
1996-01-02,14.0000,6.0000
1996-01-03,22.0000,1.6000
1996-01-04,35.0000,2.8000
1996-01-05,56.0000,4.6000
1996-01-06,55.0000,3.9000
1996-01-07,48.0000,3.4000
1996-01-08,41.0000,3.8000
1996-01-09,22.0000,2.4000
1996-01-10,13.0000,3.9000
1996-01-11,0.0000,2.0000
1996-01-12,0.0000,2.0000
1996-01-13,0.0000,2.0000
1996-01-14,0.0000,2.0000
1996-01-15,0.0000,2.0000
1996-01-16,0.0000,2.0000
1996-01-17,0.0000,2.0000
1996-01-18,0.0000,2.0000
1996-01-19,0.0000,2.0000
1996-01-20,0.0000,2.0000
1996-01-21,10.0000,9.5000
1996-01-22,0.0000,2.0000
1996-01-23,0.0000,2.0000
1996-01-24,13.0000,5.1000
1996-01-25,10.0000,1.3000
1996-01-26,10.0000,1.3000
1996-01-27,10.0000,1.4000
1996-01-28,12.0000,1.5000
1996-01-29,10.0000,1.2000
1996-01-30,19.0000,3.5000
1996-01-31,13.0000,1.2000
1996-02-01,16.0000,1.5000
1996-02-02,16.0000,2.2000
1996-02-03,12.0000,8.6000
1996-02-04,0.0000,2.0000
1996-02-05,0.0000,2.0000
1996-02-06,0.0000,2.0000
1996-02-07,0.0000,2.0000
1996-02-08,0.0000,2.0000
1996-02-09,0.0000,2.0000
1996-02-10,0.0000,2.0000
1996-02-11,0.0000,2.0000
1996-02-12,0.0000,2.0000
1996-02-13,0.0000,2.0000
1996-02-14,0.0000,2.0000
1996-02-15,12.0000,3.0000
1996-02-16,0.0000,2.0000
1996-02-17,0.0000,2.0000
1996-02-18,0.0000,2.0000
1996-02-19,0.0000,2.0000
1996-02-20,14.0000,2.9000
1996-02-21,17.0000,3.7000
1996-02-22,14.0000,4.5000
1996-02-23,14.0000,4.9000
1996-02-24,29.0000,2.1000
1996-02-25,23.0000,2.2000
1996-02-26,14.0000,1.1000
1996-02-27,12.0000,3.3000
1996-02-28,14.0000,9.3000
1996-02-29,16.0000,3.3000
1996-03-01,0.0000,2.0000
1996-03-02,0.0000,2.0000
1996-03-03,0.0000,2.0000
1996-03-04,12.0000,7.9000
1996-03-05,0.0000,2.0000
1996-03-06,19.0000,6.4000
1996-03-07,12.0000,8.1000
1996-03-08,0.0000,2.0000
1996-03-09,0.0000,2.0000
1996-03-10,0.0000,2.0000
1996-03-11,22.0000,2.5000
1996-03-12,22.0000,1.3000
1996-03-13,22.0000,2.2000
1996-03-14,18.0000,1.8000
1996-03-15,17.0000,1.6000
1996-03-16,14.0000,1.6000
1996-03-17,12.0000,0.8000
1996-03-18,12.0000,2.8000
1996-03-19,11.0000,2.7000
1996-03-20,0.0000,2.0000
1996-03-21,17.0000,5.7000
1996-03-22,22.0000,2.1000
1996-03-23,22.0000,1.5000
1996-03-24,19.0000,1.3000
1996-03-25,18.0000,2.3000
1996-03-26,32.0000,1.6000
1996-03-27,29.0000,1.6000
1996-03-28,25.0000,1.9000
1996-03-29,14.0000,2.1000
1996-03-30,0.0000,2.0000
1996-03-31,0.0000,2.0000
1996-04-01,0.0000,2.0000
1996-04-02,14.0000,2.1000
1996-04-03,16.0000,2.5000
1996-04-04,11.0000,2.8000
1996-04-05,0.0000,2.0000
1996-04-06,0.0000,2.0000
1996-04-07,0.0000,2.0000
1996-04-08,0.0000,2.0000
1996-04-09,0.0000,2.0000
1996-04-10,0.0000,2.0000
1996-04-11,0.0000,2.0000
1996-04-12,13.0000,3.9000
1996-04-13,11.0000,4.6000
1996-04-14,0.0000,2.0000
1996-04-15,0.0000,2.0000
1996-04-16,0.0000,2.0000
1996-04-17,14.0000,2.5000
1996-04-18,27.0000,3.5000
1996-04-19,16.0000,1.4000
1996-04-20,25.0000,3.3000
1996-04-21,17.0000,1.5000
1996-04-22,17.0000,1.3000
1996-04-23,11.0000,3.0000
1996-04-24,11.0000,4.8000
1996-04-25,0.0000,2.0000
1996-04-26,0.0000,2.0000
1996-04-27,0.0000,2.0000
1996-04-28,0.0000,2.0000
1996-04-29,0.0000,2.0000
1996-04-30,0.0000,2.0000
1996-05-01,0.0000,2.0000
1996-05-02,0.0000,2.0000
1996-05-03,0.0000,2.0000
1996-05-04,0.0000,2.0000
1996-05-05,0.0000,2.0000
1996-05-06,15.0000,5.8000
1996-05-07,17.0000,2.9000
1996-05-08,18.0000,1.3000
1996-05-09,17.0000,2.1000
1996-05-10,20.0000,2.9000
1996-05-11,25.0000,2.6000
1996-05-12,22.0000,1.7000
1996-05-13,21.0000,2.4000
1996-05-14,20.0000,1.2000
1996-05-15,15.0000,1.4000
1996-05-16,13.0000,0.6000
1996-05-17,11.0000,1.2000
1996-05-18,11.0000,8.5000
1996-05-19,0.0000,2.0000
1996-05-20,11.0000,9.2000
1996-05-21,0.0000,2.0000
1996-05-22,0.0000,2.0000
1996-05-23,0.0000,2.0000
1996-05-24,0.0000,2.0000
1996-05-25,0.0000,2.0000
1996-05-26,0.0000,2.0000
1996-05-27,0.0000,2.0000
1996-05-28,0.0000,2.0000
1996-05-29,0.0000,2.0000
1996-05-30,0.0000,2.0000
1996-05-31,0.0000,2.0000
1996-06-01,11.0000,3.7000
1996-06-02,11.0000,6.4000
1996-06-03,11.0000,6.1000
1996-06-04,13.0000,1.9000
1996-06-05,16.0000,2.8000
1996-06-06,32.0000,2.6000
1996-06-07,28.0000,2.3000
1996-06-08,28.0000,1.9000
1996-06-09,35.0000,2.8000
1996-06-10,17.0000,1.2000
1996-06-11,13.0000,0.8000
1996-06-12,13.0000,2.7000
1996-06-13,0.0000,2.0000
1996-06-14,0.0000,2.0000
1996-06-15,0.0000,2.0000
1996-06-16,0.0000,2.0000
1996-06-17,0.0000,2.0000
1996-06-18,14.0000,5.9000
1996-06-19,24.0000,3.6000
1996-06-20,11.0000,1.3000
1996-06-21,11.0000,1.3000
1996-06-22,11.0000,1.4000
1996-06-23,24.0000,3.0000
1996-06-24,25.0000,2.8000
1996-06-25,24.0000,1.3000
1996-06-26,25.0000,1.4000
1996-06-27,25.0000,1.4000
1996-06-28,25.0000,1.4000
1996-06-29,24.0000,1.6000
1996-06-30,24.0000,1.9000
1996-07-01,12.0000,2.6000
1996-07-02,14.0000,2.7000
1996-07-03,13.0000,3.9000
1996-07-04,0.0000,2.0000
1996-07-05,12.0000,5.8000
1996-07-06,0.0000,2.0000
1996-07-07,20.0000,1.7000
1996-07-08,37.0000,3.9000
1996-07-09,39.0000,5.1000
1996-07-10,37.0000,2.5000
1996-07-11,29.0000,2.3000
1996-07-12,19.0000,1.1000
1996-07-13,13.0000,3.1000
1996-07-14,0.0000,2.0000
1996-07-15,0.0000,2.0000
1996-07-16,0.0000,2.0000
1996-07-17,0.0000,2.0000
1996-07-18,0.0000,2.0000
1996-07-19,0.0000,2.0000
1996-07-20,0.0000,2.0000
1996-07-21,0.0000,2.0000
1996-07-22,0.0000,2.0000
1996-07-23,0.0000,2.0000
1996-07-24,0.0000,2.0000
1996-07-25,0.0000,2.0000
1996-07-26,12.0000,5.3000
1996-07-27,13.0000,1.0000
1996-07-28,17.0000,1.5000
1996-07-29,22.0000,1.3000
1996-07-30,27.0000,2.0000
1996-07-31,30.0000,2.1000
1996-08-01,26.0000,2.8000
1996-08-02,31.0000,2.6000
1996-08-03,31.0000,2.8000
1996-08-04,29.0000,2.1000
1996-08-05,22.0000,2.7000
1996-08-06,14.0000,1.7000
1996-08-07,23.0000,2.7000
1996-08-08,15.0000,3.0000
1996-08-09,19.0000,3.1000
1996-08-10,20.0000,1.5000
1996-08-11,29.0000,1.9000
1996-08-12,23.0000,1.5000
1996-08-13,16.0000,1.7000
1996-08-14,29.0000,3.7000
1996-08-15,26.0000,2.8000
1996-08-16,14.0000,0.8000
1996-08-17,15.0000,2.0000
1996-08-18,12.0000,6.8000
1996-08-19,15.0000,9.0000
1996-08-20,14.0000,2.9000
1996-08-21,14.0000,4.4000
1996-08-22,12.0000,7.5000
1996-08-23,14.0000,2.3000
1996-08-24,22.0000,3.5000
1996-08-25,14.0000,0.7000
1996-08-26,18.0000,1.8000
1996-08-27,18.0000,2.4000
1996-08-28,15.0000,2.0000
1996-08-29,15.0000,2.1000
1996-08-30,19.0000,2.6000
1996-08-31,26.0000,3.1000
1996-09-01,24.0000,3.8000
1996-09-02,17.0000,2.0000
1996-09-03,13.0000,1.0000
1996-09-04,0.0000,2.0000
1996-09-05,0.0000,2.0000
1996-09-06,0.0000,2.0000
1996-09-07,22.0000,4.0000
1996-09-08,0.0000,2.0000
1996-09-09,0.0000,2.0000
1996-09-10,0.0000,2.0000
1996-09-11,0.0000,2.0000
1996-09-12,15.0000,7.0000
1996-09-13,0.0000,2.0000
1996-09-14,0.0000,2.0000
1996-09-15,0.0000,2.0000
1996-09-16,0.0000,2.0000
1996-09-17,0.0000,2.0000
1996-09-18,0.0000,2.0000
1996-09-19,0.0000,2.0000
1996-09-20,0.0000,2.0000
1996-09-21,0.0000,2.0000
1996-09-22,0.0000,2.0000
1996-09-23,0.0000,2.0000
1996-09-24,0.0000,2.0000
1996-09-25,0.0000,2.0000
1996-09-26,0.0000,2.0000
1996-09-27,0.0000,2.0000
1996-09-28,0.0000,2.0000
1996-09-29,0.0000,2.0000
1996-09-30,0.0000,2.0000
1996-10-01,0.0000,2.0000
1996-10-02,0.0000,2.0000
1996-10-03,0.0000,2.0000
1996-10-04,0.0000,2.0000
1996-10-05,0.0000,2.0000
1996-10-06,0.0000,2.0000
1996-10-07,0.0000,2.0000
1996-10-08,0.0000,2.0000
1996-10-09,0.0000,2.0000
1996-10-10,0.0000,2.0000
1996-10-11,0.0000,2.0000
1996-10-12,0.0000,2.0000
1996-10-13,0.0000,2.0000
1996-10-14,0.0000,2.0000
1996-10-15,0.0000,2.0000
1996-10-16,0.0000,2.0000
1996-10-17,0.0000,2.0000
1996-10-18,0.0000,2.0000
1996-10-19,0.0000,2.0000
1996-10-20,0.0000,2.0000
1996-10-21,0.0000,2.0000
1996-10-22,0.0000,2.0000
1996-10-23,0.0000,2.0000
1996-10-24,0.0000,2.0000
1996-10-25,7.0000,3.3000
1996-10-26,7.0000,3.6000
1996-10-27,7.0000,2.2000
1996-10-28,0.0000,2.0000
1996-10-29,0.0000,2.0000
1996-10-30,0.0000,2.0000
1996-10-31,0.0000,2.0000
1996-11-01,0.0000,2.0000
1996-11-02,0.0000,2.0000
1996-11-03,0.0000,2.0000
1996-11-04,0.0000,2.0000
1996-11-05,0.0000,2.0000
1996-11-06,0.0000,2.0000
1996-11-07,0.0000,2.0000
1996-11-08,0.0000,2.0000
1996-11-09,11.0000,7.4000
1996-11-10,17.0000,9.3000
1996-11-11,20.0000,7.5000
1996-11-12,15.0000,3.3000
1996-11-13,15.0000,2.5000
1996-11-14,0.0000,2.0000
1996-11-15,28.0000,3.3000
1996-11-16,56.0000,9.1000
1996-11-17,25.0000,4.5000
1996-11-18,13.0000,2.1000
1996-11-19,14.0000,1.7000
1996-11-20,13.0000,2.8000
1996-11-21,25.0000,3.2000
1996-11-22,33.0000,2.7000
1996-11-23,61.0000,3.7000
1996-11-24,63.0000,6.9000
1996-11-25,79.0000,6.1000
1996-11-26,72.0000,6.9000
1996-11-27,63.0000,5.6000
1996-11-28,47.0000,3.7000
1996-11-29,43.0000,4.2000
1996-11-30,35.0000,3.6000
1996-12-01,24.0000,3.5000
1996-12-02,13.0000,1.0000
1996-12-03,0.0000,2.0000
1996-12-04,0.0000,2.0000
1996-12-05,0.0000,2.0000
1996-12-06,0.0000,2.0000
1996-12-07,0.0000,2.0000
1996-12-08,14.0000,1.8000
1996-12-09,18.0000,2.6000
1996-12-10,17.0000,1.4000
1996-12-11,29.0000,3.4000
1996-12-12,30.0000,1.7000
1996-12-13,34.0000,2.1000
1996-12-14,28.0000,1.2000
1996-12-15,30.0000,2.2000
1996-12-16,25.0000,4.3000
1996-12-17,29.0000,4.6000
1996-12-18,34.0000,3.4000
1996-12-19,24.0000,2.4000
1996-12-20,16.0000,1.3000
1996-12-21,22.0000,2.8000
1996-12-22,22.0000,1.8000
1996-12-23,12.0000,2.0000
1996-12-24,13.0000,8.6000
1996-12-25,0.0000,2.0000
1996-12-26,0.0000,2.0000
1996-12-27,0.0000,2.0000
1996-12-28,0.0000,2.0000
1996-12-29,0.0000,2.0000
1996-12-30,0.0000,2.0000
1996-12-31,0.0000,2.0000
1997-01-01,0.0000,2.0000
1997-01-02,0.0000,2.0000
1997-01-03,0.0000,2.0000
1997-01-04,14.0000,9.4000
1997-01-05,13.0000,3.2000
1997-01-06,16.0000,2.3000
1997-01-07,10.0000,2.0000
1997-01-08,0.0000,2.0000
1997-01-09,12.0000,7.6000
1997-01-10,12.0000,3.1000
1997-01-11,9.0000,4.1000
1997-01-12,0.0000,2.0000
1997-01-13,0.0000,2.0000
1997-01-14,0.0000,2.0000
1997-01-15,14.0000,1.7000
1997-01-16,22.0000,2.9000
1997-01-17,10.0000,1.6000
1997-01-18,14.0000,4.6000
1997-01-19,0.0000,2.0000
1997-01-20,0.0000,2.0000
1997-01-21,0.0000,2.0000
1997-01-22,0.0000,2.0000
1997-01-23,0.0000,2.0000
1997-01-24,12.0000,3.8000
1997-01-25,10.0000,3.3000
1997-01-26,10.0000,3.8000
1997-01-27,12.0000,3.7000
1997-01-28,0.0000,2.0000
1997-01-29,13.0000,5.4000
1997-01-30,14.0000,0.7000
1997-01-31,13.0000,1.6000
1997-02-01,13.0000,3.0000
1997-02-02,33.0000,3.0000
1997-02-03,43.0000,1.7000
1997-02-04,45.0000,2.5000
1997-02-05,33.0000,1.7000
1997-02-06,26.0000,2.7000
1997-02-07,22.0000,3.1000
1997-02-08,12.0000,1.3000
1997-02-09,12.0000,1.6000
1997-02-10,0.0000,2.0000
1997-02-11,0.0000,2.0000
1997-02-12,0.0000,2.0000
1997-02-13,0.0000,2.0000
1997-02-14,0.0000,2.0000
1997-02-15,0.0000,2.0000
1997-02-16,13.0000,6.4000
1997-02-17,0.0000,2.0000
1997-02-18,12.0000,2.5000
1997-02-19,12.0000,2.3000
1997-02-20,10.0000,7.4000
1997-02-21,0.0000,2.0000
1997-02-22,0.0000,2.0000
1997-02-23,0.0000,2.0000
1997-02-24,10.0000,1.7000
1997-02-25,12.0000,4.2000
1997-02-26,0.0000,2.0000
1997-02-27,0.0000,2.0000
1997-02-28,0.0000,2.0000
1997-03-01,0.0000,2.0000
1997-03-02,0.0000,2.0000
1997-03-03,0.0000,2.0000
1997-03-04,0.0000,2.0000
1997-03-05,0.0000,2.0000
1997-03-06,11.0000,3.5000
1997-03-07,14.0000,0.8000
1997-03-08,26.0000,2.7000
1997-03-09,25.0000,2.7000
1997-03-10,17.0000,1.3000
1997-03-11,18.0000,1.3000
1997-03-12,21.0000,1.5000
1997-03-13,19.0000,1.5000
1997-03-14,18.0000,2.2000
1997-03-15,35.0000,5.6000
1997-03-16,15.0000,2.4000
1997-03-17,17.0000,1.4000
1997-03-18,17.0000,3.8000
1997-03-19,0.0000,2.0000
1997-03-20,12.0000,4.7000
1997-03-21,0.0000,2.0000
1997-03-22,0.0000,2.0000
1997-03-23,0.0000,2.0000
1997-03-24,0.0000,2.0000
1997-03-25,0.0000,2.0000
1997-03-26,0.0000,2.0000
1997-03-27,14.0000,5.1000
1997-03-28,19.0000,1.3000
1997-03-29,25.0000,1.6000
1997-03-30,28.0000,1.5000
1997-03-31,24.0000,1.5000
1997-04-01,25.0000,1.4000
1997-04-02,46.0000,5.9000
1997-04-03,55.0000,4.0000
1997-04-04,40.0000,3.3000
1997-04-05,37.0000,2.2000
1997-04-06,30.0000,1.8000
1997-04-07,16.0000,1.1000
1997-04-08,15.0000,1.8000
1997-04-09,31.0000,4.0000
1997-04-10,36.0000,3.3000
1997-04-11,34.0000,3.8000
1997-04-12,18.0000,2.2000
1997-04-13,33.0000,2.9000
1997-04-14,36.0000,3.8000
1997-04-15,42.0000,2.3000
1997-04-16,39.0000,2.6000
1997-04-17,19.0000,2.5000
1997-04-18,13.0000,0.7000
1997-04-19,16.0000,7.9000
1997-04-20,0.0000,2.0000
1997-04-21,0.0000,2.0000
1997-04-22,0.0000,2.0000
1997-04-23,13.0000,3.2000
1997-04-24,13.0000,2.8000
1997-04-25,12.0000,5.5000
1997-04-26,25.0000,4.8000
1997-04-27,16.0000,1.3000
1997-04-28,18.0000,1.3000
1997-04-29,12.0000,1.6000
1997-04-30,0.0000,2.0000
1997-05-01,0.0000,2.0000
1997-05-02,0.0000,2.0000
1997-05-03,0.0000,2.0000
1997-05-04,11.0000,6.7000
1997-05-05,12.0000,2.0000
1997-05-06,11.0000,0.8000
1997-05-07,11.0000,1.1000
1997-05-08,14.0000,1.7000
1997-05-09,12.0000,1.4000
1997-05-10,23.0000,2.3000
1997-05-11,22.0000,1.8000
1997-05-12,14.0000,0.9000
1997-05-13,17.0000,0.9000
1997-05-14,18.0000,0.8000
1997-05-15,15.0000,1.6000
1997-05-16,23.0000,3.3000
1997-05-17,23.0000,3.5000
1997-05-18,29.0000,2.3000
1997-05-19,37.0000,3.8000
1997-05-20,54.0000,3.2000
1997-05-21,72.0000,5.1000
1997-05-22,66.0000,3.4000
1997-05-23,55.0000,3.1000
1997-05-24,41.0000,1.7000
1997-05-25,40.0000,2.7000
1997-05-26,48.0000,4.2000
1997-05-27,34.0000,4.7000
1997-05-28,23.0000,2.4000
1997-05-29,19.0000,1.8000
1997-05-30,17.0000,1.7000
1997-05-31,26.0000,3.2000
1997-06-01,33.0000,1.3000
1997-06-02,36.0000,2.1000
1997-06-03,24.0000,2.2000
1997-06-04,18.0000,1.7000
1997-06-05,18.0000,1.6000
1997-06-06,20.0000,1.6000
1997-06-07,20.0000,2.5000
1997-06-08,31.0000,2.8000
1997-06-09,26.0000,2.5000
1997-06-10,13.0000,1.4000
1997-06-11,13.0000,0.9000
1997-06-12,26.0000,3.2000
1997-06-13,29.0000,1.8000
1997-06-14,31.0000,3.8000
1997-06-15,31.0000,2.9000
1997-06-16,33.0000,2.9000
1997-06-17,21.0000,2.0000
1997-06-18,29.0000,2.1000
1997-06-19,16.0000,1.7000
1997-06-20,13.0000,1.1000
1997-06-21,11.0000,3.3000
1997-06-22,0.0000,2.0000
1997-06-23,15.0000,4.1000
1997-06-24,15.0000,1.9000
1997-06-25,31.0000,3.0000
1997-06-26,24.0000,1.6000
1997-06-27,20.0000,2.6000
1997-06-28,13.0000,1.6000
1997-06-29,13.0000,4.1000
1997-06-30,0.0000,2.0000
1997-07-01,0.0000,2.0000
1997-07-02,0.0000,2.0000
1997-07-03,10.0000,6.7000
1997-07-04,11.0000,2.6000
1997-07-05,10.0000,3.5000
1997-07-06,12.0000,7.9000
1997-07-07,32.0000,5.2000
1997-07-08,20.0000,5.5000
1997-07-09,21.0000,2.3000
1997-07-10,16.0000,6.1000
1997-07-11,0.0000,2.0000
1997-07-12,0.0000,2.0000
1997-07-13,0.0000,2.0000
1997-07-14,11.0000,3.7000
1997-07-15,0.0000,2.0000
1997-07-16,0.0000,2.0000
1997-07-17,9.0000,4.6000
1997-07-18,9.0000,3.5000
1997-07-19,0.0000,2.0000
1997-07-20,14.0000,5.5000
1997-07-21,0.0000,2.0000
1997-07-22,14.0000,5.8000
1997-07-23,25.0000,2.3000
1997-07-24,36.0000,2.6000
1997-07-25,48.0000,4.3000
1997-07-26,42.0000,4.4000
1997-07-27,31.0000,4.6000
1997-07-28,14.0000,5.2000
1997-07-29,14.0000,8.7000
1997-07-30,0.0000,2.0000
1997-07-31,0.0000,2.0000
1997-08-01,0.0000,2.0000
1997-08-02,12.0000,4.9000
1997-08-03,19.0000,2.3000
1997-08-04,13.0000,1.3000
1997-08-05,25.0000,3.9000
1997-08-06,53.0000,3.2000
1997-08-07,60.0000,2.5000
1997-08-08,66.0000,4.5000
1997-08-09,56.0000,3.9000
1997-08-10,31.0000,3.2000
1997-08-11,53.0000,6.4000
1997-08-12,70.0000,4.1000
1997-08-13,67.0000,3.3000
1997-08-14,57.0000,2.8000
1997-08-15,54.0000,5.9000
1997-08-16,31.0000,3.0000
1997-08-17,26.0000,1.6000
1997-08-18,23.0000,3.6000
1997-08-19,13.0000,1.6000
1997-08-20,12.0000,0.9000
1997-08-21,13.0000,1.4000
1997-08-22,12.0000,0.9000
1997-08-23,13.0000,3.8000
1997-08-24,0.0000,2.0000
1997-08-25,22.0000,3.6000
1997-08-26,31.0000,2.6000
1997-08-27,35.0000,2.1000
1997-08-28,48.0000,4.7000
1997-08-29,51.0000,4.6000
1997-08-30,63.0000,6.8000
1997-08-31,78.0000,7.1000
1997-09-01,76.0000,7.4000
1997-09-02,69.0000,7.0000
1997-09-03,56.0000,4.7000
1997-09-04,49.0000,4.4000
1997-09-05,58.0000,5.4000
1997-09-06,65.0000,4.3000
1997-09-07,79.0000,3.2000
1997-09-08,101.0000,4.1000
1997-09-09,106.0000,5.8000
1997-09-10,108.0000,8.6000
1997-09-11,100.0000,5.5000
1997-09-12,103.0000,8.3000
1997-09-13,99.0000,6.2000
1997-09-14,82.0000,5.5000
1997-09-15,76.0000,4.2000
1997-09-16,71.0000,3.5000
1997-09-17,57.0000,4.0000
1997-09-18,38.0000,2.5000
1997-09-19,19.0000,0.9000
1997-09-20,16.0000,1.4000
1997-09-21,30.0000,3.7000
1997-09-22,52.0000,4.2000
1997-09-23,49.0000,2.5000
1997-09-24,49.0000,4.4000
1997-09-25,57.0000,2.5000
1997-09-26,30.0000,4.1000
1997-09-27,35.0000,4.3000
1997-09-28,21.0000,2.2000
1997-09-29,19.0000,2.8000
1997-09-30,22.0000,2.6000
1997-10-01,36.0000,2.8000
1997-10-02,30.0000,2.0000
1997-10-03,30.0000,2.6000
1997-10-04,30.0000,2.3000
1997-10-05,30.0000,1.5000
1997-10-06,26.0000,1.4000
1997-10-07,24.0000,3.6000
1997-10-08,23.0000,3.8000
1997-10-09,29.0000,4.9000
1997-10-10,32.0000,4.2000
1997-10-11,35.0000,2.7000
1997-10-12,36.0000,3.5000
1997-10-13,42.0000,4.7000
1997-10-14,35.0000,4.0000
1997-10-15,40.0000,4.0000
1997-10-16,49.0000,4.3000
1997-10-17,58.0000,3.0000
1997-10-18,50.0000,3.9000
1997-10-19,36.0000,2.9000
1997-10-20,30.0000,2.2000
1997-10-21,29.0000,1.9000
1997-10-22,13.0000,1.6000
1997-10-23,0.0000,2.0000
1997-10-24,14.0000,5.7000
1997-10-25,16.0000,4.1000
1997-10-26,16.0000,3.7000
1997-10-27,33.0000,5.7000
1997-10-28,47.0000,4.7000
1997-10-29,43.0000,2.7000
1997-10-30,55.0000,3.9000
1997-10-31,50.0000,4.6000
1997-11-01,56.0000,3.6000
1997-11-02,68.0000,3.2000
1997-11-03,70.0000,7.9000
1997-11-04,76.0000,6.9000
1997-11-05,66.0000,6.5000
1997-11-06,65.0000,7.4000
1997-11-07,56.0000,5.1000
1997-11-08,48.0000,4.8000
1997-11-09,32.0000,3.3000
1997-11-10,25.0000,2.6000
1997-11-11,37.0000,3.2000
1997-11-12,26.0000,3.7000
1997-11-13,34.0000,4.2000
1997-11-14,49.0000,2.7000
1997-11-15,39.0000,2.8000
1997-11-16,37.0000,2.6000
1997-11-17,57.0000,4.7000
1997-11-18,56.0000,4.6000
1997-11-19,56.0000,3.3000
1997-11-20,52.0000,3.5000
1997-11-21,53.0000,4.6000
1997-11-22,61.0000,4.6000
1997-11-23,71.0000,3.7000
1997-11-24,63.0000,8.3000
1997-11-25,39.0000,4.1000
1997-11-26,34.0000,4.2000
1997-11-27,40.0000,2.8000
1997-11-28,43.0000,4.8000
1997-11-29,50.0000,2.9000
1997-11-30,54.0000,6.2000
1997-12-01,62.0000,5.9000
1997-12-02,55.0000,6.6000
1997-12-03,45.0000,3.7000
1997-12-04,49.0000,3.8000
1997-12-05,43.0000,4.7000
1997-12-06,51.0000,4.4000
1997-12-07,54.0000,5.7000
1997-12-08,78.0000,4.0000
1997-12-09,90.0000,7.9000
1997-12-10,77.0000,4.3000
1997-12-11,82.0000,5.1000
1997-12-12,92.0000,5.3000
1997-12-13,71.0000,5.2000
1997-12-14,57.0000,4.4000
1997-12-15,55.0000,3.1000
1997-12-16,47.0000,4.0000
1997-12-17,46.0000,4.5000
1997-12-18,27.0000,3.4000
1997-12-19,20.0000,1.6000
1997-12-20,26.0000,2.6000
1997-12-21,30.0000,4.0000
1997-12-22,43.0000,2.0000
1997-12-23,61.0000,6.5000
1997-12-24,70.0000,8.9000
1997-12-25,57.0000,4.0000
1997-12-26,50.0000,3.6000
1997-12-27,55.0000,3.2000
1997-12-28,51.0000,3.7000
1997-12-29,55.0000,3.8000
1997-12-30,61.0000,2.9000
1997-12-31,61.0000,3.8000
1998-01-01,54.0000,2.8000
1998-01-02,43.0000,2.9000
1998-01-03,32.0000,2.5000
1998-01-04,28.0000,3.7000
1998-01-05,14.0000,2.5000
1998-01-06,1.0000,0.6000
1998-01-07,0.0000,2.0000
1998-01-08,0.0000,2.0000
1998-01-09,0.0000,2.0000
1998-01-10,14.0000,4.2000
1998-01-11,38.0000,7.5000
1998-01-12,53.0000,3.3000
1998-01-13,50.0000,3.6000
1998-01-14,42.0000,2.2000
1998-01-15,45.0000,2.5000
1998-01-16,73.0000,5.6000
1998-01-17,73.0000,6.3000
1998-01-18,64.0000,4.5000
1998-01-19,54.0000,7.9000
1998-01-20,24.0000,5.0000
1998-01-21,20.0000,2.8000
1998-01-22,22.0000,4.5000
1998-01-23,56.0000,6.6000
1998-01-24,92.0000,8.2000
1998-01-25,105.0000,5.8000
1998-01-26,94.0000,6.3000
1998-01-27,85.0000,5.4000
1998-01-28,74.0000,4.9000
1998-01-29,66.0000,5.2000
1998-01-30,39.0000,4.4000
1998-01-31,25.0000,4.7000
1998-02-01,21.0000,2.6000
1998-02-02,19.0000,2.8000
1998-02-03,35.0000,4.2000
1998-02-04,35.0000,2.6000
1998-02-05,27.0000,2.0000
1998-02-06,37.0000,3.4000
1998-02-07,34.0000,2.5000
1998-02-08,35.0000,4.2000
1998-02-09,41.0000,3.5000
1998-02-10,52.0000,6.3000
1998-02-11,50.0000,4.8000
1998-02-12,59.0000,6.2000
1998-02-13,59.0000,3.3000
1998-02-14,95.0000,7.8000
1998-02-15,81.0000,8.0000
1998-02-16,77.0000,5.4000
1998-02-17,72.0000,5.0000
1998-02-18,65.0000,3.5000
1998-02-19,44.0000,3.2000
1998-02-20,35.0000,3.4000
1998-02-21,26.0000,3.3000
1998-02-22,35.0000,4.5000
1998-02-23,49.0000,3.9000
1998-02-24,74.0000,7.9000
1998-02-25,72.0000,5.8000
1998-02-26,56.0000,4.0000
1998-02-27,54.0000,4.5000
1998-02-28,67.0000,3.9000
1998-03-01,88.0000,5.9000
1998-03-02,100.0000,10.5000
1998-03-03,52.0000,3.8000
1998-03-04,54.0000,3.4000
1998-03-05,48.0000,3.8000
1998-03-06,43.0000,4.1000
1998-03-07,54.0000,4.7000
1998-03-08,49.0000,5.2000
1998-03-09,52.0000,2.9000
1998-03-10,75.0000,4.7000
1998-03-11,84.0000,4.1000
1998-03-12,108.0000,5.8000
1998-03-13,111.0000,6.0000
1998-03-14,118.0000,6.1000
1998-03-15,94.0000,4.1000
1998-03-16,90.0000,3.9000
1998-03-17,88.0000,4.3000
1998-03-18,96.0000,9.5000
1998-03-19,100.0000,5.4000
1998-03-20,93.0000,6.7000
1998-03-21,103.0000,6.6000
1998-03-22,108.0000,6.5000
1998-03-23,82.0000,5.5000
1998-03-24,88.0000,7.2000
1998-03-25,88.0000,6.0000
1998-03-26,78.0000,6.6000
1998-03-27,76.0000,7.5000
1998-03-28,84.0000,9.2000
1998-03-29,87.0000,5.6000
1998-03-30,69.0000,4.4000
1998-03-31,82.0000,5.1000
1998-04-01,74.0000,5.6000
1998-04-02,78.0000,3.6000
1998-04-03,75.0000,5.8000
1998-04-04,67.0000,6.3000
1998-04-05,78.0000,4.3000
1998-04-06,83.0000,4.1000
1998-04-07,123.0000,6.9000
1998-04-08,140.0000,7.5000
1998-04-09,161.0000,11.9000
1998-04-10,143.0000,12.4000
1998-04-11,127.0000,11.2000
1998-04-12,106.0000,12.7000
1998-04-13,85.0000,7.6000
1998-04-14,93.0000,10.3000
1998-04-15,86.0000,5.9000
1998-04-16,81.0000,11.5000
1998-04-17,61.0000,8.4000
1998-04-18,30.0000,5.0000
1998-04-19,41.0000,3.9000
1998-04-20,40.0000,3.2000
1998-04-21,45.0000,6.4000
1998-04-22,42.0000,5.1000
1998-04-23,34.0000,4.8000
1998-04-24,19.0000,3.7000
1998-04-25,26.0000,5.5000
1998-04-26,17.0000,1.9000
1998-04-27,16.0000,1.6000
1998-04-28,37.0000,4.8000
1998-04-29,48.0000,6.7000
1998-04-30,61.0000,6.4000
1998-05-01,75.0000,5.4000
1998-05-02,96.0000,5.2000
1998-05-03,97.0000,4.6000
1998-05-04,96.0000,4.7000
1998-05-05,104.0000,4.0000
1998-05-06,100.0000,7.0000
1998-05-07,93.0000,4.1000
1998-05-08,83.0000,5.9000
1998-05-09,71.0000,5.7000
1998-05-10,57.0000,5.4000
1998-05-11,76.0000,4.5000
1998-05-12,96.0000,5.0000
1998-05-13,105.0000,4.2000
1998-05-14,108.0000,7.1000
1998-05-15,105.0000,4.8000
1998-05-16,104.0000,6.0000
1998-05-17,93.0000,4.9000
1998-05-18,88.0000,6.4000
1998-05-19,74.0000,5.9000
1998-05-20,57.0000,5.4000
1998-05-21,34.0000,3.0000
1998-05-22,28.0000,3.1000
1998-05-23,37.0000,4.2000
1998-05-24,42.0000,2.8000
1998-05-25,54.0000,4.9000
1998-05-26,57.0000,2.8000
1998-05-27,67.0000,4.5000
1998-05-28,43.0000,3.1000
1998-05-29,37.0000,2.4000
1998-05-30,53.0000,5.0000
1998-05-31,64.0000,3.4000
1998-06-01,63.0000,2.9000
1998-06-02,73.0000,4.6000
1998-06-03,70.0000,4.1000
1998-06-04,95.0000,3.7000
1998-06-05,101.0000,4.0000
1998-06-06,92.0000,6.0000
1998-06-07,85.0000,6.2000
1998-06-08,85.0000,4.9000
1998-06-09,104.0000,5.5000
1998-06-10,99.0000,6.4000
1998-06-11,97.0000,7.2000
1998-06-12,106.0000,8.1000
1998-06-13,117.0000,10.5000
1998-06-14,88.0000,5.0000
1998-06-15,68.0000,5.1000
1998-06-16,63.0000,3.0000
1998-06-17,86.0000,5.2000
1998-06-18,70.0000,4.6000
1998-06-19,67.0000,3.6000
1998-06-20,77.0000,4.7000
1998-06-21,82.0000,6.0000
1998-06-22,65.0000,5.0000
1998-06-23,68.0000,3.2000
1998-06-24,58.0000,4.9000
1998-06-25,96.0000,4.2000
1998-06-26,106.0000,5.9000
1998-06-27,128.0000,10.4000
1998-06-28,138.0000,11.4000
1998-06-29,140.0000,6.8000
1998-06-30,129.0000,6.7000
1998-07-01,137.0000,7.5000
1998-07-02,138.0000,7.9000
1998-07-03,138.0000,8.2000
1998-07-04,145.0000,7.7000
1998-07-05,137.0000,6.1000
1998-07-06,107.0000,7.3000
1998-07-07,74.0000,7.1000
1998-07-08,55.0000,4.2000
1998-07-09,46.0000,4.5000
1998-07-10,71.0000,6.2000
1998-07-11,83.0000,5.8000
1998-07-12,80.0000,3.9000
1998-07-13,64.0000,3.6000
1998-07-14,60.0000,4.8000
1998-07-15,80.0000,6.5000
1998-07-16,97.0000,8.5000
1998-07-17,86.0000,9.4000
1998-07-18,61.0000,5.5000
1998-07-19,51.0000,3.9000
1998-07-20,100.0000,4.8000
1998-07-21,113.0000,8.4000
1998-07-22,132.0000,6.2000
1998-07-23,131.0000,9.4000
1998-07-24,115.0000,5.5000
1998-07-25,99.0000,5.5000
1998-07-26,91.0000,5.1000
1998-07-27,94.0000,5.2000
1998-07-28,123.0000,6.4000
1998-07-29,107.0000,5.3000
1998-07-30,83.0000,3.5000
1998-07-31,99.0000,5.1000
1998-08-01,84.0000,4.9000
1998-08-02,100.0000,6.6000
1998-08-03,89.0000,4.3000
1998-08-04,87.0000,5.9000
1998-08-05,92.0000,5.9000
1998-08-06,129.0000,7.8000
1998-08-07,137.0000,7.5000
1998-08-08,127.0000,10.5000
1998-08-09,164.0000,9.7000
1998-08-10,156.0000,8.3000
1998-08-11,155.0000,8.6000
1998-08-12,159.0000,8.0000
1998-08-13,121.0000,9.1000
1998-08-14,123.0000,10.6000
1998-08-15,96.0000,7.2000
1998-08-16,123.0000,7.1000
1998-08-17,114.0000,4.4000
1998-08-18,109.0000,5.8000
1998-08-19,133.0000,6.7000
1998-08-20,120.0000,4.9000
1998-08-21,117.0000,6.6000
1998-08-22,106.0000,6.0000
1998-08-23,110.0000,7.4000
1998-08-24,104.0000,6.1000
1998-08-25,96.0000,5.4000
1998-08-26,114.0000,5.3000
1998-08-27,131.0000,8.6000
1998-08-28,126.0000,10.3000
1998-08-29,134.0000,6.5000
1998-08-30,154.0000,7.1000
1998-08-31,143.0000,9.6000
1998-09-01,142.0000,6.1000
1998-09-02,121.0000,8.7000
1998-09-03,112.0000,9.9000
1998-09-04,97.0000,6.9000
1998-09-05,114.0000,7.5000
1998-09-06,159.0000,9.7000
1998-09-07,165.0000,6.8000
1998-09-08,178.0000,10.8000
1998-09-09,169.0000,11.8000
1998-09-10,159.0000,11.0000
1998-09-11,136.0000,10.3000
1998-09-12,131.0000,8.9000
1998-09-13,135.0000,5.4000
1998-09-14,111.0000,5.8000
1998-09-15,85.0000,7.8000
1998-09-16,80.0000,6.3000
1998-09-17,105.0000,7.6000
1998-09-18,99.0000,5.5000
1998-09-19,132.0000,6.1000
1998-09-20,162.0000,8.5000
1998-09-21,178.0000,13.2000
1998-09-22,196.0000,10.1000
1998-09-23,192.0000,12.0000
1998-09-24,166.0000,8.7000
1998-09-25,149.0000,7.9000
1998-09-26,116.0000,8.2000
1998-09-27,108.0000,5.5000
1998-09-28,121.0000,6.7000
1998-09-29,85.0000,4.7000
1998-09-30,58.0000,4.9000
1998-10-01,42.0000,9.4000
1998-10-02,45.0000,6.8000
1998-10-03,35.0000,4.6000
1998-10-04,27.0000,3.5000
1998-10-05,42.0000,4.6000
1998-10-06,76.0000,10.4000
1998-10-07,93.0000,4.5000
1998-10-08,130.0000,7.4000
1998-10-09,119.0000,12.6000
1998-10-10,85.0000,7.1000
1998-10-11,72.0000,6.8000
1998-10-12,59.0000,5.1000
1998-10-13,68.0000,4.8000
1998-10-14,93.0000,1.5000
1998-10-15,119.0000,7.8000
1998-10-16,132.0000,7.7000
1998-10-17,139.0000,7.9000
1998-10-18,149.0000,7.6000
1998-10-19,136.0000,7.6000
1998-10-20,115.0000,6.6000
1998-10-21,89.0000,7.5000
1998-10-22,69.0000,3.9000
1998-10-23,71.0000,4.5000
1998-10-24,55.0000,4.6000
1998-10-25,44.0000,4.7000
1998-10-26,45.0000,6.4000
1998-10-27,25.0000,2.0000
1998-10-28,33.0000,3.7000
1998-10-29,76.0000,6.2000
1998-10-30,76.0000,6.3000
1998-10-31,74.0000,4.2000
1998-11-01,49.0000,3.4000
1998-11-02,54.0000,6.2000
1998-11-03,74.0000,7.0000
1998-11-04,116.0000,7.6000
1998-11-05,125.0000,6.8000
1998-11-06,129.0000,9.8000
1998-11-07,135.0000,7.3000
1998-11-08,121.0000,6.5000
1998-11-09,93.0000,7.5000
1998-11-10,89.0000,6.1000
1998-11-11,87.0000,4.8000
1998-11-12,96.0000,4.6000
1998-11-13,116.0000,4.2000
1998-11-14,123.0000,5.2000
1998-11-15,125.0000,7.2000
1998-11-16,100.0000,9.2000
1998-11-17,70.0000,5.4000
1998-11-18,67.0000,5.2000
1998-11-19,46.0000,4.3000
1998-11-20,60.0000,3.9000
1998-11-21,43.0000,2.9000
1998-11-22,54.0000,3.1000
1998-11-23,62.0000,4.3000
1998-11-24,78.0000,5.2000
1998-11-25,112.0000,5.3000
1998-11-26,139.0000,8.6000
1998-11-27,150.0000,10.2000
1998-11-28,139.0000,9.5000
1998-11-29,138.0000,15.6000
1998-11-30,130.0000,9.3000
1998-12-01,157.0000,11.4000
1998-12-02,144.0000,12.2000
1998-12-03,147.0000,10.0000
1998-12-04,125.0000,6.8000
1998-12-05,99.0000,9.7000
1998-12-06,130.0000,9.1000
1998-12-07,138.0000,8.4000
1998-12-08,173.0000,8.9000
1998-12-09,159.0000,11.5000
1998-12-10,157.0000,10.4000
1998-12-11,153.0000,12.8000
1998-12-12,148.0000,5.7000
1998-12-13,122.0000,9.2000
1998-12-14,121.0000,8.7000
1998-12-15,105.0000,10.2000
1998-12-16,87.0000,7.4000
1998-12-17,71.0000,6.6000
1998-12-18,87.0000,4.5000
1998-12-19,73.0000,5.3000
1998-12-20,73.0000,5.0000
1998-12-21,63.0000,6.1000
1998-12-22,57.0000,8.0000
1998-12-23,68.0000,4.2000
1998-12-24,84.0000,4.5000
1998-12-25,96.0000,4.7000
1998-12-26,118.0000,7.9000
1998-12-27,146.0000,9.1000
1998-12-28,176.0000,15.8000
1998-12-29,140.0000,12.1000
1998-12-30,144.0000,13.0000
1998-12-31,134.0000,14.9000
1999-01-01,89.0000,12.9000
1999-01-02,94.0000,7.8000
1999-01-03,80.0000,4.5000
1999-01-04,90.0000,7.1000
1999-01-05,89.0000,5.6000
1999-01-06,67.0000,3.2000
1999-01-07,89.0000,8.8000
1999-01-08,71.0000,7.2000
1999-01-09,65.0000,3.4000
1999-01-10,64.0000,3.6000
1999-01-11,44.0000,4.0000
1999-01-12,49.0000,7.7000
1999-01-13,57.0000,3.6000
1999-01-14,90.0000,3.9000
1999-01-15,115.0000,9.0000
1999-01-16,115.0000,11.6000
1999-01-17,129.0000,9.3000
1999-01-18,141.0000,10.9000
1999-01-19,168.0000,12.0000
1999-01-20,166.0000,9.8000
1999-01-21,158.0000,10.2000
1999-01-22,150.0000,9.6000
1999-01-23,121.0000,7.4000
1999-01-24,94.0000,8.4000
1999-01-25,43.0000,7.3000
1999-01-26,42.0000,7.2000
1999-01-27,39.0000,3.7000
1999-01-28,39.0000,8.6000
1999-01-29,33.0000,5.5000
1999-01-30,33.0000,3.5000
1999-01-31,42.0000,4.7000
1999-02-01,43.0000,3.2000
1999-02-02,37.0000,4.0000
1999-02-03,28.0000,2.3000
1999-02-04,22.0000,2.9000
1999-02-05,18.0000,2.1000
1999-02-06,28.0000,3.2000
1999-02-07,41.0000,3.5000
1999-02-08,53.0000,5.4000
1999-02-09,61.0000,5.5000
1999-02-10,89.0000,5.6000
1999-02-11,115.0000,7.3000
1999-02-12,170.0000,10.7000
1999-02-13,198.0000,8.5000
1999-02-14,204.0000,9.8000
1999-02-15,213.0000,14.9000
1999-02-16,197.0000,14.7000
1999-02-17,181.0000,8.3000
1999-02-18,155.0000,12.0000
1999-02-19,126.0000,10.0000
1999-02-20,127.0000,6.0000
1999-02-21,109.0000,6.3000
1999-02-22,70.0000,8.1000
1999-02-23,62.0000,5.6000
1999-02-24,56.0000,4.1000
1999-02-25,65.0000,3.7000
1999-02-26,75.0000,6.3000
1999-02-27,87.0000,8.2000
1999-02-28,114.0000,5.2000
1999-03-01,116.0000,6.0000
1999-03-02,132.0000,6.7000
1999-03-03,153.0000,8.4000
1999-03-04,144.0000,6.4000
1999-03-05,149.0000,5.9000
1999-03-06,119.0000,13.3000
1999-03-07,65.0000,7.6000
1999-03-08,62.0000,7.7000
1999-03-09,95.0000,6.2000
1999-03-10,92.0000,5.2000
1999-03-11,114.0000,6.1000
1999-03-12,131.0000,7.6000
1999-03-13,114.0000,4.9000
1999-03-14,141.0000,7.8000
1999-03-15,137.0000,8.9000
1999-03-16,146.0000,6.8000
1999-03-17,149.0000,6.8000
1999-03-18,144.0000,6.7000
1999-03-19,152.0000,10.6000
1999-03-20,117.0000,10.4000
1999-03-21,107.0000,3.9000
1999-03-22,92.0000,8.9000
1999-03-23,45.0000,4.1000
1999-03-24,62.0000,3.3000
1999-03-25,56.0000,2.9000
1999-03-26,47.0000,3.6000
1999-03-27,36.0000,3.7000
1999-03-28,56.0000,4.2000
1999-03-29,77.0000,6.4000
1999-03-30,83.0000,5.4000
1999-03-31,77.0000,3.2000
1999-04-01,65.0000,3.2000
1999-04-02,57.0000,3.6000
1999-04-03,71.0000,5.5000
1999-04-04,104.0000,6.2000
1999-04-05,119.0000,5.5000
1999-04-06,135.0000,6.4000
1999-04-07,120.0000,6.1000
1999-04-08,131.0000,13.3000
1999-04-09,153.0000,7.9000
1999-04-10,132.0000,7.9000
1999-04-11,110.0000,12.3000
1999-04-12,112.0000,14.0000
1999-04-13,119.0000,12.8000
1999-04-14,109.0000,4.7000
1999-04-15,93.0000,3.8000
1999-04-16,98.0000,12.2000
1999-04-17,110.0000,7.6000
1999-04-18,81.0000,11.2000
1999-04-19,73.0000,7.1000
1999-04-20,73.0000,3.5000
1999-04-21,62.0000,5.1000
1999-04-22,59.0000,3.5000
1999-04-23,62.0000,7.9000
1999-04-24,75.0000,10.2000
1999-04-25,66.0000,5.5000
1999-04-26,69.0000,2.8000
1999-04-27,81.0000,3.7000
1999-04-28,81.0000,4.0000
1999-04-29,90.0000,3.4000
1999-04-30,97.0000,7.2000
1999-05-01,107.0000,6.9000
1999-05-02,129.0000,8.0000
1999-05-03,112.0000,6.0000
1999-05-04,118.0000,10.9000
1999-05-05,124.0000,8.7000
1999-05-06,146.0000,11.2000
1999-05-07,200.0000,11.3000
1999-05-08,214.0000,8.7000
1999-05-09,210.0000,7.5000
1999-05-10,191.0000,8.7000
1999-05-11,188.0000,12.2000
1999-05-12,172.0000,11.2000
1999-05-13,142.0000,10.4000
1999-05-14,132.0000,8.9000
1999-05-15,148.0000,7.3000
1999-05-16,148.0000,5.9000
1999-05-17,139.0000,8.0000
1999-05-18,131.0000,5.9000
1999-05-19,132.0000,7.7000
1999-05-20,135.0000,5.6000
1999-05-21,153.0000,6.5000
1999-05-22,138.0000,6.0000
1999-05-23,121.0000,4.7000
1999-05-24,120.0000,5.4000
1999-05-25,129.0000,9.4000
1999-05-26,160.0000,8.8000
1999-05-27,167.0000,7.2000
1999-05-28,167.0000,9.7000
1999-05-29,162.0000,9.7000
1999-05-30,150.0000,11.9000
1999-05-31,153.0000,7.4000
1999-06-01,206.0000,8.7000
1999-06-02,203.0000,10.2000
1999-06-03,197.0000,10.7000
1999-06-04,211.0000,8.8000
1999-06-05,217.0000,8.3000
1999-06-06,220.0000,12.3000
1999-06-07,185.0000,8.6000
1999-06-08,197.0000,9.1000
1999-06-09,241.0000,12.1000
1999-06-10,220.0000,10.7000
1999-06-11,239.0000,14.5000
1999-06-12,230.0000,6.1000
1999-06-13,229.0000,12.3000
1999-06-14,221.0000,8.6000
1999-06-15,209.0000,8.8000
1999-06-16,181.0000,9.7000
1999-06-17,146.0000,7.8000
1999-06-18,120.0000,4.9000
1999-06-19,119.0000,9.5000
1999-06-20,93.0000,5.2000
1999-06-21,119.0000,5.6000
1999-06-22,160.0000,7.6000
1999-06-23,217.0000,9.2000
1999-06-24,293.0000,11.8000
1999-06-25,292.0000,17.5000
1999-06-26,274.0000,14.4000
1999-06-27,259.0000,15.5000
1999-06-28,254.0000,15.4000
1999-06-29,241.0000,13.2000
1999-06-30,223.0000,11.5000
1999-07-01,215.0000,8.9000
1999-07-02,223.0000,11.7000
1999-07-03,217.0000,12.9000
1999-07-04,205.0000,8.8000
1999-07-05,199.0000,12.3000
1999-07-06,186.0000,10.7000
1999-07-07,179.0000,10.4000
1999-07-08,173.0000,10.1000
1999-07-09,176.0000,12.2000
1999-07-10,171.0000,7.7000
1999-07-11,176.0000,9.6000
1999-07-12,199.0000,8.0000
1999-07-13,157.0000,7.3000
1999-07-14,128.0000,5.1000
1999-07-15,122.0000,5.3000
1999-07-16,118.0000,6.8000
1999-07-17,121.0000,7.0000
1999-07-18,137.0000,9.8000
1999-07-19,121.0000,9.5000
1999-07-20,118.0000,6.5000
1999-07-21,121.0000,5.3000
1999-07-22,144.0000,6.8000
1999-07-23,148.0000,7.4000
1999-07-24,173.0000,7.2000
1999-07-25,182.0000,8.9000
1999-07-26,153.0000,10.4000
1999-07-27,176.0000,8.3000
1999-07-28,220.0000,6.5000
1999-07-29,246.0000,10.0000
1999-07-30,252.0000,12.5000
1999-07-31,223.0000,12.7000
1999-08-01,252.0000,12.0000
1999-08-02,250.0000,11.8000
1999-08-03,229.0000,11.2000
1999-08-04,193.0000,11.2000
1999-08-05,193.0000,9.3000
1999-08-06,167.0000,14.1000
1999-08-07,152.0000,11.8000
1999-08-08,149.0000,11.2000
1999-08-09,115.0000,15.8000
1999-08-10,82.0000,14.8000
1999-08-11,79.0000,5.1000
1999-08-12,91.0000,13.4000
1999-08-13,102.0000,17.1000
1999-08-14,87.0000,15.3000
1999-08-15,74.0000,13.0000
1999-08-16,67.0000,10.0000
1999-08-17,55.0000,11.3000
1999-08-18,58.0000,6.8000
1999-08-19,64.0000,8.2000
1999-08-20,73.0000,4.7000
1999-08-21,88.0000,9.2000
1999-08-22,103.0000,11.9000
1999-08-23,115.0000,10.0000
1999-08-24,131.0000,23.3000
1999-08-25,196.0000,21.4000
1999-08-26,206.0000,14.6000
1999-08-27,194.0000,16.5000
1999-08-28,223.0000,13.3000
1999-08-29,231.0000,10.6000
1999-08-30,228.0000,17.2000
1999-08-31,165.0000,7.9000
1999-09-01,140.0000,7.9000
1999-09-02,122.0000,7.1000
1999-09-03,115.0000,6.1000
1999-09-04,103.0000,6.5000
1999-09-05,106.0000,4.7000
1999-09-06,86.0000,5.3000
1999-09-07,103.0000,7.0000
1999-09-08,113.0000,6.9000
1999-09-09,109.0000,6.4000
1999-09-10,110.0000,6.8000
1999-09-11,113.0000,8.7000
1999-09-12,126.0000,7.2000
1999-09-13,152.0000,7.3000
1999-09-14,167.0000,7.5000
1999-09-15,168.0000,8.3000
1999-09-16,165.0000,9.4000
1999-09-17,147.0000,8.1000
1999-09-18,147.0000,9.9000
1999-09-19,128.0000,5.9000
1999-09-20,97.0000,4.7000
1999-09-21,65.0000,5.5000
1999-09-22,89.0000,4.8000
1999-09-23,85.0000,3.8000
1999-09-24,61.0000,4.9000
1999-09-25,43.0000,3.5000
1999-09-26,46.0000,4.3000
1999-09-27,52.0000,3.7000
1999-09-28,68.0000,5.4000
1999-09-29,77.0000,5.1000
1999-09-30,86.0000,5.1000
1999-10-01,72.0000,5.2000
1999-10-02,93.0000,4.3000
1999-10-03,98.0000,8.2000
1999-10-04,111.0000,9.3000
1999-10-05,179.0000,7.0000
1999-10-06,197.0000,9.1000
1999-10-07,200.0000,10.2000
1999-10-08,163.0000,6.3000
1999-10-09,189.0000,8.0000
1999-10-10,188.0000,10.5000
1999-10-11,182.0000,8.4000
1999-10-12,210.0000,10.1000
1999-10-13,227.0000,13.6000
1999-10-14,218.0000,17.0000
1999-10-15,166.0000,9.5000
1999-10-16,176.0000,18.6000
1999-10-17,181.0000,13.5000
1999-10-18,165.0000,11.4000
1999-10-19,158.0000,6.4000
1999-10-20,163.0000,10.6000
1999-10-21,140.0000,9.8000
1999-10-22,124.0000,4.3000
1999-10-23,114.0000,6.0000
1999-10-24,130.0000,6.0000
1999-10-25,174.0000,7.1000
1999-10-26,207.0000,12.2000
1999-10-27,202.0000,12.8000
1999-10-28,195.0000,10.7000
1999-10-29,198.0000,10.2000
1999-10-30,224.0000,15.2000
1999-10-31,187.0000,7.2000
1999-11-01,163.0000,8.3000
1999-11-02,140.0000,6.8000
1999-11-03,114.0000,7.1000
1999-11-04,134.0000,7.3000
1999-11-05,144.0000,8.4000
1999-11-06,146.0000,9.6000
1999-11-07,174.0000,8.2000
1999-11-08,206.0000,12.1000
1999-11-09,239.0000,19.2000
1999-11-10,291.0000,18.3000
1999-11-11,290.0000,17.6000
1999-11-12,266.0000,14.8000
1999-11-13,232.0000,18.7000
1999-11-14,206.0000,11.9000
1999-11-15,216.0000,11.3000
1999-11-16,242.0000,7.6000
1999-11-17,235.0000,19.4000
1999-11-18,225.0000,15.4000
1999-11-19,232.0000,12.8000
1999-11-20,215.0000,19.7000
1999-11-21,201.0000,12.8000
1999-11-22,194.0000,15.4000
1999-11-23,155.0000,10.0000
1999-11-24,146.0000,10.7000
1999-11-25,144.0000,9.3000
1999-11-26,134.0000,6.0000
1999-11-27,175.0000,10.4000
1999-11-28,148.0000,10.6000
1999-11-29,110.0000,7.2000
1999-11-30,131.0000,9.7000
1999-12-01,142.0000,8.8000
1999-12-02,137.0000,13.3000
1999-12-03,97.0000,7.9000
1999-12-04,79.0000,5.5000
1999-12-05,70.0000,6.2000
1999-12-06,87.0000,4.3000
1999-12-07,81.0000,6.0000
1999-12-08,108.0000,7.5000
1999-12-09,120.0000,8.3000
1999-12-10,152.0000,9.0000
1999-12-11,139.0000,5.9000
1999-12-12,123.0000,9.4000
1999-12-13,141.0000,8.1000
1999-12-14,143.0000,9.5000
1999-12-15,127.0000,12.6000
1999-12-16,130.0000,18.5000
1999-12-17,141.0000,11.9000
1999-12-18,137.0000,7.7000
1999-12-19,138.0000,8.2000
1999-12-20,141.0000,8.0000
1999-12-21,128.0000,12.2000
1999-12-22,130.0000,11.2000
1999-12-23,123.0000,10.6000
1999-12-24,134.0000,7.7000
1999-12-25,128.0000,12.8000
1999-12-26,116.0000,10.2000
1999-12-27,95.0000,6.9000
1999-12-28,85.0000,7.0000
1999-12-29,103.0000,5.6000
1999-12-30,66.0000,6.0000
1999-12-31,79.0000,5.8000
2000-01-01,71.0000,3.8000
2000-01-02,75.0000,4.1000
2000-01-03,80.0000,3.9000
2000-01-04,95.0000,7.5000
2000-01-05,108.0000,5.1000
2000-01-06,126.0000,8.8000
2000-01-07,126.0000,8.6000
2000-01-08,111.0000,7.6000
2000-01-09,112.0000,12.0000
2000-01-10,96.0000,11.1000
2000-01-11,133.0000,10.4000
2000-01-12,198.0000,5.8000
2000-01-13,226.0000,11.2000
2000-01-14,242.0000,22.6000
2000-01-15,232.0000,17.4000
2000-01-16,241.0000,22.7000
2000-01-17,193.0000,12.1000
2000-01-18,177.0000,15.2000
2000-01-19,168.0000,13.3000
2000-01-20,140.0000,7.6000
2000-01-21,130.0000,8.5000
2000-01-22,124.0000,6.7000
2000-01-23,121.0000,8.5000
2000-01-24,118.0000,9.6000
2000-01-25,126.0000,7.1000
2000-01-26,114.0000,7.0000
2000-01-27,103.0000,8.6000
2000-01-28,89.0000,4.4000
2000-01-29,90.0000,5.0000
2000-01-30,75.0000,5.4000
2000-01-31,86.0000,5.5000
2000-02-01,104.0000,7.6000
2000-02-02,94.0000,9.8000
2000-02-03,119.0000,9.4000
2000-02-04,145.0000,8.5000
2000-02-05,153.0000,11.0000
2000-02-06,200.0000,13.0000
2000-02-07,191.0000,13.6000
2000-02-08,188.0000,9.8000
2000-02-09,160.0000,11.8000
2000-02-10,179.0000,17.2000
2000-02-11,167.0000,12.3000
2000-02-12,166.0000,8.2000
2000-02-13,158.0000,8.5000
2000-02-14,175.0000,9.3000
2000-02-15,173.0000,9.1000
2000-02-16,192.0000,9.5000
2000-02-17,160.0000,9.3000
2000-02-18,153.0000,7.7000
2000-02-19,131.0000,6.7000
2000-02-20,112.0000,9.6000
2000-02-21,135.0000,7.5000
2000-02-22,147.0000,8.2000
2000-02-23,139.0000,8.5000
2000-02-24,180.0000,13.9000
2000-02-25,192.0000,9.9000
2000-02-26,211.0000,9.6000
2000-02-27,220.0000,11.0000
2000-02-28,222.0000,10.1000
2000-02-29,238.0000,16.1000
2000-03-01,217.0000,13.3000
2000-03-02,204.0000,14.3000
2000-03-03,179.0000,11.2000
2000-03-04,178.0000,10.5000
2000-03-05,178.0000,11.0000
2000-03-06,203.0000,5.9000
2000-03-07,244.0000,14.7000
2000-03-08,228.0000,13.8000
2000-03-09,229.0000,14.4000
2000-03-10,215.0000,14.6000
2000-03-11,200.0000,12.6000
2000-03-12,192.0000,14.0000
2000-03-13,190.0000,11.5000
2000-03-14,181.0000,17.7000
2000-03-15,162.0000,7.8000
2000-03-16,157.0000,9.0000
2000-03-17,149.0000,8.5000
2000-03-18,159.0000,9.2000
2000-03-19,198.0000,10.4000
2000-03-20,236.0000,11.1000
2000-03-21,233.0000,10.9000
2000-03-22,245.0000,8.7000
2000-03-23,286.0000,11.8000
2000-03-24,295.0000,11.2000
2000-03-25,291.0000,6.8000
2000-03-26,267.0000,13.8000
2000-03-27,244.0000,14.2000
2000-03-28,266.0000,12.1000
2000-03-29,233.0000,18.9000
2000-03-30,233.0000,12.9000
2000-03-31,258.0000,11.2000
2000-04-01,285.0000,8.7000
2000-04-02,294.0000,17.0000
2000-04-03,270.0000,10.3000
2000-04-04,250.0000,15.6000
2000-04-05,197.0000,16.5000
2000-04-06,165.0000,7.6000
2000-04-07,143.0000,7.5000
2000-04-08,153.0000,8.8000
2000-04-09,165.0000,11.3000
2000-04-10,156.0000,6.9000
2000-04-11,146.0000,7.7000
2000-04-12,172.0000,5.3000
2000-04-13,180.0000,6.6000
2000-04-14,174.0000,7.0000
2000-04-15,160.0000,10.1000
2000-04-16,150.0000,6.6000
2000-04-17,168.0000,6.8000
2000-04-18,143.0000,5.3000
2000-04-19,157.0000,8.0000
2000-04-20,185.0000,10.4000
2000-04-21,195.0000,7.7000
2000-04-22,221.0000,7.4000
2000-04-23,259.0000,9.5000
2000-04-24,244.0000,14.6000
2000-04-25,230.0000,18.5000
2000-04-26,208.0000,10.7000
2000-04-27,180.0000,10.5000
2000-04-28,189.0000,13.4000
2000-04-29,153.0000,8.9000
2000-04-30,153.0000,8.5000
2000-05-01,124.0000,3.9000
2000-05-02,109.0000,6.4000
2000-05-03,104.0000,4.4000
2000-05-04,97.0000,5.4000
2000-05-05,97.0000,9.1000
2000-05-06,57.0000,8.2000
2000-05-07,71.0000,9.4000
2000-05-08,87.0000,8.9000
2000-05-09,135.0000,12.3000
2000-05-10,164.0000,6.2000
2000-05-11,181.0000,11.5000
2000-05-12,181.0000,11.9000
2000-05-13,220.0000,10.6000
2000-05-14,263.0000,12.8000
2000-05-15,280.0000,8.1000
2000-05-16,258.0000,11.8000
2000-05-17,232.0000,13.8000
2000-05-18,220.0000,13.1000
2000-05-19,228.0000,11.8000
2000-05-20,246.0000,14.0000
2000-05-21,222.0000,11.0000
2000-05-22,195.0000,15.3000
2000-05-23,180.0000,11.3000
2000-05-24,183.0000,9.9000
2000-05-25,157.0000,9.9000
2000-05-26,160.0000,8.7000
2000-05-27,145.0000,9.0000
2000-05-28,169.0000,10.3000
2000-05-29,160.0000,8.6000
2000-05-30,127.0000,8.0000
2000-05-31,91.0000,7.9000
2000-06-01,128.0000,6.3000
2000-06-02,119.0000,5.4000
2000-06-03,113.0000,7.2000
2000-06-04,152.0000,13.2000
2000-06-05,143.0000,6.5000
2000-06-06,149.0000,6.4000
2000-06-07,158.0000,10.1000
2000-06-08,181.0000,5.9000
2000-06-09,184.0000,8.9000
2000-06-10,179.0000,9.4000
2000-06-11,227.0000,11.0000
2000-06-12,221.0000,7.5000
2000-06-13,235.0000,8.3000
2000-06-14,257.0000,9.7000
2000-06-15,238.0000,10.1000
2000-06-16,214.0000,8.6000
2000-06-17,209.0000,11.0000
2000-06-18,221.0000,9.8000
2000-06-19,218.0000,11.8000
2000-06-20,239.0000,9.0000
2000-06-21,221.0000,9.4000
2000-06-22,191.0000,10.3000
2000-06-23,187.0000,8.2000
2000-06-24,179.0000,10.4000
2000-06-25,167.0000,5.5000
2000-06-26,194.0000,7.5000
2000-06-27,208.0000,8.2000
2000-06-28,173.0000,6.8000
2000-06-29,164.0000,7.7000
2000-06-30,172.0000,8.4000
2000-07-01,208.0000,9.2000
2000-07-02,202.0000,8.1000
2000-07-03,178.0000,10.1000
2000-07-04,164.0000,5.6000
2000-07-05,182.0000,11.1000
2000-07-06,221.0000,11.1000
2000-07-07,254.0000,21.7000
2000-07-08,254.0000,13.2000
2000-07-09,257.0000,11.5000
2000-07-10,309.0000,13.6000
2000-07-11,290.0000,14.6000
2000-07-12,267.0000,9.0000
2000-07-13,279.0000,11.7000
2000-07-14,236.0000,16.4000
2000-07-15,213.0000,8.0000
2000-07-16,283.0000,16.2000
2000-07-17,322.0000,10.2000
2000-07-18,327.0000,10.2000
2000-07-19,353.0000,10.2000
2000-07-20,346.0000,21.4000
2000-07-21,332.0000,13.5000
2000-07-22,310.0000,15.0000
2000-07-23,286.0000,15.9000
2000-07-24,246.0000,8.5000
2000-07-25,254.0000,9.4000
2000-07-26,191.0000,8.6000
2000-07-27,181.0000,7.1000
2000-07-28,172.0000,10.0000
2000-07-29,162.0000,5.9000
2000-07-30,161.0000,4.9000
2000-07-31,134.0000,8.7000
2000-08-01,147.0000,7.9000
2000-08-02,152.0000,10.1000
2000-08-03,148.0000,9.3000
2000-08-04,152.0000,8.6000
2000-08-05,199.0000,10.8000
2000-08-06,198.0000,7.1000
2000-08-07,227.0000,8.6000
2000-08-08,194.0000,10.9000
2000-08-09,177.0000,7.2000
2000-08-10,213.0000,10.0000
2000-08-11,228.0000,13.1000
2000-08-12,235.0000,12.2000
2000-08-13,243.0000,10.7000
2000-08-14,282.0000,12.9000
2000-08-15,253.0000,11.3000
2000-08-16,246.0000,13.7000
2000-08-17,210.0000,14.4000
2000-08-18,194.0000,9.6000
2000-08-19,184.0000,10.2000
2000-08-20,147.0000,7.7000
2000-08-21,106.0000,7.1000
2000-08-22,93.0000,5.2000
2000-08-23,93.0000,4.6000
2000-08-24,106.0000,7.3000
2000-08-25,112.0000,5.8000
2000-08-26,109.0000,4.9000
2000-08-27,156.0000,5.6000
2000-08-28,183.0000,6.9000
2000-08-29,191.0000,6.7000
2000-08-30,199.0000,7.6000
2000-08-31,217.0000,9.1000
2000-09-01,202.0000,8.1000
2000-09-02,168.0000,8.7000
2000-09-03,182.0000,9.6000
2000-09-04,191.0000,10.3000
2000-09-05,162.0000,10.7000
2000-09-06,162.0000,5.5000
2000-09-07,156.0000,7.6000
2000-09-08,121.0000,6.7000
2000-09-09,90.0000,6.6000
2000-09-10,60.0000,7.6000
2000-09-11,37.0000,8.9000
2000-09-12,50.0000,7.2000
2000-09-13,78.0000,10.6000
2000-09-14,85.0000,7.0000
2000-09-15,109.0000,6.2000
2000-09-16,121.0000,8.2000
2000-09-17,154.0000,8.1000
2000-09-18,159.0000,11.5000
2000-09-19,172.0000,11.3000
2000-09-20,176.0000,10.8000
2000-09-21,195.0000,15.0000
2000-09-22,202.0000,18.4000
2000-09-23,227.0000,22.0000
2000-09-24,232.0000,24.8000
2000-09-25,218.0000,9.8000
2000-09-26,229.0000,11.6000
2000-09-27,230.0000,11.5000
2000-09-28,202.0000,7.4000
2000-09-29,169.0000,6.4000
2000-09-30,142.0000,6.7000
2000-10-01,164.0000,6.6000
2000-10-02,218.0000,10.5000
2000-10-03,227.0000,11.9000
2000-10-04,214.0000,11.0000
2000-10-05,183.0000,10.0000
2000-10-06,138.0000,7.0000
2000-10-07,94.0000,5.3000
2000-10-08,103.0000,8.6000
2000-10-09,101.0000,5.1000
2000-10-10,81.0000,4.7000
2000-10-11,117.0000,7.3000
2000-10-12,174.0000,7.3000
2000-10-13,173.0000,10.7000
2000-10-14,148.0000,9.2000
2000-10-15,118.0000,8.0000
2000-10-16,131.0000,5.3000
2000-10-17,138.0000,4.5000
2000-10-18,135.0000,4.9000
2000-10-19,128.0000,8.0000
2000-10-20,134.0000,7.6000
2000-10-21,138.0000,12.7000
2000-10-22,127.0000,9.5000
2000-10-23,121.0000,5.4000
2000-10-24,117.0000,5.0000
2000-10-25,125.0000,6.6000
2000-10-26,104.0000,6.4000
2000-10-27,114.0000,8.5000
2000-10-28,151.0000,6.3000
2000-10-29,161.0000,6.1000
2000-10-30,154.0000,8.8000
2000-10-31,158.0000,5.5000
2000-11-01,207.0000,13.3000
2000-11-02,218.0000,11.8000
2000-11-03,209.0000,9.7000
2000-11-04,192.0000,10.4000
2000-11-05,197.0000,9.1000
2000-11-06,160.0000,8.3000
2000-11-07,181.0000,6.7000
2000-11-08,188.0000,5.7000
2000-11-09,141.0000,6.3000
2000-11-10,149.0000,7.4000
2000-11-11,133.0000,6.9000
2000-11-12,107.0000,4.2000
2000-11-13,104.0000,4.4000
2000-11-14,124.0000,7.5000
2000-11-15,145.0000,7.9000
2000-11-16,141.0000,3.9000
2000-11-17,139.0000,11.6000
2000-11-18,172.0000,7.7000
2000-11-19,185.0000,9.1000
2000-11-20,163.0000,10.2000
2000-11-21,178.0000,10.5000
2000-11-22,167.0000,7.9000
2000-11-23,135.0000,8.6000
2000-11-24,145.0000,8.0000
2000-11-25,109.0000,6.9000
2000-11-26,87.0000,7.6000
2000-11-27,124.0000,8.9000
2000-11-28,157.0000,13.3000
2000-11-29,182.0000,9.9000
2000-11-30,204.0000,11.6000
2000-12-01,159.0000,6.4000
2000-12-02,150.0000,8.9000
2000-12-03,162.0000,9.2000
2000-12-04,99.0000,7.6000
2000-12-05,89.0000,3.3000
2000-12-06,78.0000,6.4000
2000-12-07,93.0000,6.5000
2000-12-08,78.0000,4.6000
2000-12-09,80.0000,4.1000
2000-12-10,85.0000,5.7000
2000-12-11,99.0000,7.7000
2000-12-12,122.0000,5.1000
2000-12-13,157.0000,10.0000
2000-12-14,185.0000,14.7000
2000-12-15,210.0000,10.6000
2000-12-16,199.0000,9.3000
2000-12-17,207.0000,11.8000
2000-12-18,190.0000,7.1000
2000-12-19,162.0000,8.4000
2000-12-20,174.0000,10.1000
2000-12-21,159.0000,9.1000
2000-12-22,147.0000,10.8000
2000-12-23,140.0000,9.2000
2000-12-24,158.0000,10.2000
2000-12-25,148.0000,6.1000
2000-12-26,166.0000,3.6000
2000-12-27,162.0000,5.2000
2000-12-28,162.0000,7.0000
2000-12-29,151.0000,11.7000
2000-12-30,152.0000,10.6000
2000-12-31,119.0000,10.1000
2001-01-01,133.0000,7.8000
2001-01-02,140.0000,6.5000
2001-01-03,131.0000,6.0000
2001-01-04,146.0000,8.5000
2001-01-05,164.0000,11.6000
2001-01-06,194.0000,7.5000
2001-01-07,195.0000,8.4000
2001-01-08,157.0000,7.0000
2001-01-09,172.0000,18.8000
2001-01-10,151.0000,9.2000
2001-01-11,172.0000,6.6000
2001-01-12,175.0000,7.8000
2001-01-13,166.0000,13.3000
2001-01-14,149.0000,9.5000
2001-01-15,137.0000,11.4000
2001-01-16,112.0000,8.8000
2001-01-17,88.0000,5.7000
2001-01-18,90.0000,4.6000
2001-01-19,109.0000,7.0000
2001-01-20,91.0000,5.9000
2001-01-21,121.0000,6.5000
2001-01-22,139.0000,6.2000
2001-01-23,167.0000,11.2000
2001-01-24,176.0000,11.9000
2001-01-25,158.0000,7.0000
2001-01-26,125.0000,8.4000
2001-01-27,145.0000,9.0000
2001-01-28,152.0000,11.9000
2001-01-29,134.0000,14.1000
2001-01-30,104.0000,12.1000
2001-01-31,128.0000,4.5000
2001-02-01,118.0000,7.9000
2001-02-02,118.0000,7.3000
2001-02-03,139.0000,10.6000
2001-02-04,137.0000,8.1000
2001-02-05,158.0000,9.5000
2001-02-06,166.0000,7.1000
2001-02-07,167.0000,11.5000
2001-02-08,167.0000,10.2000
2001-02-09,172.0000,9.3000
2001-02-10,158.0000,8.7000
2001-02-11,151.0000,10.4000
2001-02-12,107.0000,9.2000
2001-02-13,107.0000,6.6000
2001-02-14,103.0000,5.5000
2001-02-15,113.0000,6.0000
2001-02-16,110.0000,6.7000
2001-02-17,107.0000,9.5000
2001-02-18,115.0000,6.7000
2001-02-19,113.0000,8.2000
2001-02-20,115.0000,6.8000
2001-02-21,142.0000,10.2000
2001-02-22,122.0000,10.2000
2001-02-23,89.0000,8.2000
2001-02-24,84.0000,7.3000
2001-02-25,84.0000,5.7000
2001-02-26,87.0000,7.0000
2001-02-27,75.0000,4.1000
2001-02-28,77.0000,5.0000
2001-03-01,76.0000,5.6000
2001-03-02,77.0000,6.2000
2001-03-03,110.0000,7.2000
2001-03-04,134.0000,9.3000
2001-03-05,152.0000,9.4000
2001-03-06,133.0000,7.2000
2001-03-07,124.0000,6.5000
2001-03-08,92.0000,10.8000
2001-03-09,115.0000,8.0000
2001-03-10,142.0000,5.8000
2001-03-11,132.0000,8.5000
2001-03-12,139.0000,11.7000
2001-03-13,108.0000,6.1000
2001-03-14,117.0000,10.4000
2001-03-15,110.0000,7.9000
2001-03-16,102.0000,7.2000
2001-03-17,75.0000,6.8000
2001-03-18,89.0000,8.9000
2001-03-19,96.0000,7.7000
2001-03-20,117.0000,9.2000
2001-03-21,129.0000,10.1000
2001-03-22,124.0000,7.4000
2001-03-23,165.0000,7.9000
2001-03-24,218.0000,12.1000
2001-03-25,272.0000,10.4000
2001-03-26,319.0000,16.2000
2001-03-27,352.0000,18.9000
2001-03-28,343.0000,28.6000
2001-03-29,340.0000,26.0000
2001-03-30,338.0000,19.8000
2001-03-31,300.0000,13.4000
2001-04-01,279.0000,14.9000
2001-04-02,249.0000,9.9000
2001-04-03,254.0000,10.6000
2001-04-04,201.0000,9.9000
2001-04-05,200.0000,8.7000
2001-04-06,165.0000,11.0000
2001-04-07,150.0000,8.6000
2001-04-08,173.0000,7.8000
2001-04-09,165.0000,12.5000
2001-04-10,171.0000,12.1000
2001-04-11,173.0000,11.1000
2001-04-12,155.0000,8.2000
2001-04-13,147.0000,5.8000
2001-04-14,138.0000,9.4000
2001-04-15,113.0000,6.0000
2001-04-16,87.0000,7.2000
2001-04-17,42.0000,4.9000
2001-04-18,57.0000,6.4000
2001-04-19,93.0000,6.2000
2001-04-20,129.0000,8.3000
2001-04-21,174.0000,7.7000
2001-04-22,164.0000,9.8000
2001-04-23,159.0000,11.4000
2001-04-24,164.0000,10.5000
2001-04-25,179.0000,12.3000
2001-04-26,179.0000,8.5000
2001-04-27,192.0000,13.5000
2001-04-28,161.0000,9.8000
2001-04-29,170.0000,6.4000
2001-04-30,168.0000,7.8000
2001-05-01,157.0000,6.3000
2001-05-02,174.0000,8.4000
2001-05-03,169.0000,8.8000
2001-05-04,194.0000,10.5000
2001-05-05,174.0000,11.2000
2001-05-06,135.0000,7.0000
2001-05-07,116.0000,9.3000
2001-05-08,81.0000,5.1000
2001-05-09,93.0000,3.8000
2001-05-10,88.0000,5.0000
2001-05-11,118.0000,6.1000
2001-05-12,124.0000,5.7000
2001-05-13,125.0000,5.4000
2001-05-14,150.0000,6.9000
2001-05-15,141.0000,8.6000
2001-05-16,146.0000,7.9000
2001-05-17,140.0000,7.5000
2001-05-18,137.0000,8.8000
2001-05-19,125.0000,7.5000
2001-05-20,121.0000,7.4000
2001-05-21,140.0000,8.2000
2001-05-22,178.0000,7.5000
2001-05-23,197.0000,11.6000
2001-05-24,174.0000,9.1000
2001-05-25,165.0000,10.8000
2001-05-26,174.0000,10.3000
2001-05-27,182.0000,14.4000
2001-05-28,151.0000,8.5000
2001-05-29,125.0000,7.3000
2001-05-30,110.0000,9.9000
2001-05-31,101.0000,6.6000
2001-06-01,88.0000,6.8000
2001-06-02,150.0000,11.4000
2001-06-03,150.0000,9.3000
2001-06-04,145.0000,11.4000
2001-06-05,161.0000,8.2000
2001-06-06,180.0000,6.8000
2001-06-07,195.0000,12.5000
2001-06-08,215.0000,11.4000
2001-06-09,254.0000,11.1000
2001-06-10,241.0000,9.1000
2001-06-11,262.0000,7.6000
2001-06-12,259.0000,12.8000
2001-06-13,242.0000,10.6000
2001-06-14,273.0000,11.2000
2001-06-15,282.0000,14.7000
2001-06-16,289.0000,10.5000
2001-06-17,270.0000,15.3000
2001-06-18,232.0000,13.0000
2001-06-19,214.0000,10.1000
2001-06-20,206.0000,11.8000
2001-06-21,218.0000,14.9000
2001-06-22,229.0000,12.4000
2001-06-23,235.0000,11.8000
2001-06-24,220.0000,9.8000
2001-06-25,198.0000,10.6000
2001-06-26,173.0000,9.2000
2001-06-27,162.0000,12.9000
2001-06-28,135.0000,7.8000
2001-06-29,112.0000,6.7000
2001-06-30,98.0000,5.4000
2001-07-01,111.0000,8.1000
2001-07-02,125.0000,10.9000
2001-07-03,120.0000,9.2000
2001-07-04,107.0000,7.3000
2001-07-05,93.0000,6.2000
2001-07-06,68.0000,5.4000
2001-07-07,71.0000,7.4000
2001-07-08,81.0000,5.6000
2001-07-09,107.0000,9.9000
2001-07-10,105.0000,8.2000
2001-07-11,104.0000,7.4000
2001-07-12,135.0000,9.5000
2001-07-13,167.0000,10.5000
2001-07-14,149.0000,12.5000
2001-07-15,153.0000,9.2000
2001-07-16,170.0000,9.6000
2001-07-17,185.0000,8.8000
2001-07-18,191.0000,10.3000
2001-07-19,183.0000,9.9000
2001-07-20,177.0000,9.2000
2001-07-21,144.0000,8.9000
2001-07-22,150.0000,7.2000
2001-07-23,152.0000,8.5000
2001-07-24,135.0000,9.9000
2001-07-25,119.0000,7.1000
2001-07-26,92.0000,5.9000
2001-07-27,90.0000,7.3000
2001-07-28,95.0000,8.5000
2001-07-29,69.0000,6.8000
2001-07-30,86.0000,6.2000
2001-07-31,78.0000,5.2000
2001-08-01,94.0000,7.0000
2001-08-02,123.0000,8.0000
2001-08-03,141.0000,8.9000
2001-08-04,175.0000,10.2000
2001-08-05,198.0000,8.6000
2001-08-06,182.0000,10.0000
2001-08-07,179.0000,8.8000
2001-08-08,178.0000,7.8000
2001-08-09,158.0000,7.4000
2001-08-10,150.0000,6.8000
2001-08-11,170.0000,7.9000
2001-08-12,170.0000,7.0000
2001-08-13,138.0000,11.2000
2001-08-14,141.0000,6.2000
2001-08-15,161.0000,8.5000
2001-08-16,193.0000,9.9000
2001-08-17,178.0000,10.9000
2001-08-18,161.0000,10.3000
2001-08-19,152.0000,7.7000
2001-08-20,153.0000,12.0000
2001-08-21,167.0000,7.9000
2001-08-22,170.0000,8.5000
2001-08-23,181.0000,12.0000
2001-08-24,176.0000,10.7000
2001-08-25,140.0000,7.1000
2001-08-26,153.0000,7.1000
2001-08-27,170.0000,9.1000
2001-08-28,184.0000,11.4000
2001-08-29,146.0000,8.7000
2001-08-30,150.0000,6.2000
2001-08-31,175.0000,17.1000
2001-09-01,163.0000,13.0000
2001-09-02,168.0000,10.3000
2001-09-03,190.0000,10.2000
2001-09-04,171.0000,10.7000
2001-09-05,190.0000,8.3000
2001-09-06,223.0000,9.7000
2001-09-07,262.0000,16.1000
2001-09-08,288.0000,18.0000
2001-09-09,262.0000,11.1000
2001-09-10,237.0000,9.5000
2001-09-11,199.0000,9.7000
2001-09-12,235.0000,11.9000
2001-09-13,237.0000,13.4000
2001-09-14,234.0000,11.7000
2001-09-15,205.0000,6.1000
2001-09-16,191.0000,10.7000
2001-09-17,177.0000,8.0000
2001-09-18,215.0000,14.5000
2001-09-19,226.0000,8.5000
2001-09-20,289.0000,10.7000
2001-09-21,273.0000,10.9000
2001-09-22,259.0000,11.4000
2001-09-23,294.0000,15.0000
2001-09-24,316.0000,10.1000
2001-09-25,305.0000,10.3000
2001-09-26,277.0000,11.0000
2001-09-27,278.0000,12.0000
2001-09-28,269.0000,16.5000
2001-09-29,251.0000,15.8000
2001-09-30,261.0000,19.1000
2001-10-01,260.0000,11.6000
2001-10-02,223.0000,11.8000
2001-10-03,209.0000,9.1000
2001-10-04,204.0000,14.9000
2001-10-05,176.0000,7.2000
2001-10-06,161.0000,10.7000
2001-10-07,159.0000,13.3000
2001-10-08,119.0000,11.4000
2001-10-09,122.0000,10.8000
2001-10-10,151.0000,12.2000
2001-10-11,175.0000,10.3000
2001-10-12,196.0000,10.8000
2001-10-13,167.0000,9.7000
2001-10-14,178.0000,12.4000
2001-10-15,190.0000,9.5000
2001-10-16,187.0000,10.1000
2001-10-17,195.0000,12.4000
2001-10-18,203.0000,13.4000
2001-10-19,221.0000,12.7000
2001-10-20,247.0000,11.4000
2001-10-21,238.0000,11.1000
2001-10-22,209.0000,10.1000
2001-10-23,221.0000,8.7000
2001-10-24,209.0000,11.4000
2001-10-25,233.0000,13.4000
2001-10-26,238.0000,11.0000
2001-10-27,221.0000,9.2000
2001-10-28,215.0000,12.4000
2001-10-29,186.0000,11.6000
2001-10-30,159.0000,14.0000
2001-10-31,144.0000,9.4000
2001-11-01,159.0000,12.5000
2001-11-02,166.0000,11.4000
2001-11-03,166.0000,9.6000
2001-11-04,184.0000,13.9000
2001-11-05,216.0000,12.9000
2001-11-06,232.0000,13.5000
2001-11-07,204.0000,18.4000
2001-11-08,252.0000,17.0000
2001-11-09,247.0000,21.5000
2001-11-10,247.0000,17.1000
2001-11-11,240.0000,14.2000
2001-11-12,201.0000,5.4000
2001-11-13,196.0000,9.9000
2001-11-14,196.0000,10.8000
2001-11-15,194.0000,10.0000
2001-11-16,149.0000,12.6000
2001-11-17,141.0000,7.9000
2001-11-18,153.0000,9.6000
2001-11-19,134.0000,8.7000
2001-11-20,144.0000,14.4000
2001-11-21,133.0000,12.5000
2001-11-22,144.0000,10.7000
2001-11-23,133.0000,12.9000
2001-11-24,111.0000,15.5000
2001-11-25,121.0000,12.5000
2001-11-26,139.0000,13.9000
2001-11-27,126.0000,12.7000
2001-11-28,177.0000,12.6000
2001-11-29,191.0000,15.4000
2001-11-30,201.0000,12.6000
2001-12-01,215.0000,9.2000
2001-12-02,241.0000,14.6000
2001-12-03,242.0000,11.1000
2001-12-04,234.0000,16.3000
2001-12-05,255.0000,11.7000
2001-12-06,229.0000,12.9000
2001-12-07,223.0000,12.2000
2001-12-08,226.0000,10.7000
2001-12-09,228.0000,12.8000
2001-12-10,186.0000,15.4000
2001-12-11,171.0000,9.6000
2001-12-12,189.0000,9.3000
2001-12-13,192.0000,14.5000
2001-12-14,163.0000,7.8000
2001-12-15,174.0000,16.0000
2001-12-16,194.0000,11.2000
2001-12-17,192.0000,11.3000
2001-12-18,186.0000,12.2000
2001-12-19,160.0000,12.4000
2001-12-20,163.0000,10.8000
2001-12-21,194.0000,18.3000
2001-12-22,218.0000,10.7000
2001-12-23,215.0000,7.5000
2001-12-24,253.0000,18.1000
2001-12-25,231.0000,14.9000
2001-12-26,270.0000,13.4000
2001-12-27,265.0000,11.3000
2001-12-28,252.0000,14.5000
2001-12-29,221.0000,12.8000
2001-12-30,216.0000,11.2000
2001-12-31,218.0000,9.7000
2002-01-01,220.0000,13.4000
2002-01-02,218.0000,11.2000
2002-01-03,220.0000,13.7000
2002-01-04,230.0000,14.4000
2002-01-05,191.0000,9.3000
2002-01-06,159.0000,11.1000
2002-01-07,146.0000,11.7000
2002-01-08,162.0000,9.3000
2002-01-09,196.0000,8.4000
2002-01-10,186.0000,7.1000
2002-01-11,209.0000,7.2000
2002-01-12,209.0000,8.7000
2002-01-13,201.0000,9.5000
2002-01-14,197.0000,8.0000
2002-01-15,168.0000,10.7000
2002-01-16,141.0000,4.6000
2002-01-17,120.0000,5.2000
2002-01-18,139.0000,9.7000
2002-01-19,160.0000,8.4000
2002-01-20,176.0000,8.5000
2002-01-21,191.0000,11.7000
2002-01-22,194.0000,11.6000
2002-01-23,227.0000,22.0000
2002-01-24,186.0000,11.1000
2002-01-25,157.0000,16.1000
2002-01-26,172.0000,12.3000
2002-01-27,191.0000,16.6000
2002-01-28,196.0000,12.3000
2002-01-29,188.0000,12.4000
2002-01-30,193.0000,13.0000
2002-01-31,181.0000,11.9000
2002-02-01,179.0000,15.1000
2002-02-02,214.0000,10.8000
2002-02-03,252.0000,12.5000
2002-02-04,243.0000,14.1000
2002-02-05,239.0000,7.4000
2002-02-06,198.0000,11.7000
2002-02-07,165.0000,9.6000
2002-02-08,165.0000,10.4000
2002-02-09,174.0000,9.6000
2002-02-10,166.0000,9.2000
2002-02-11,173.0000,7.5000
2002-02-12,174.0000,9.2000
2002-02-13,165.0000,6.5000
2002-02-14,146.0000,12.6000
2002-02-15,163.0000,12.6000
2002-02-16,125.0000,9.4000
2002-02-17,144.0000,10.4000
2002-02-18,127.0000,10.8000
2002-02-19,124.0000,8.6000
2002-02-20,151.0000,16.4000
2002-02-21,128.0000,17.1000
2002-02-22,133.0000,11.7000
2002-02-23,149.0000,7.5000
2002-02-24,157.0000,10.6000
2002-02-25,192.0000,10.8000
2002-02-26,195.0000,10.0000
2002-02-27,170.0000,12.1000
2002-02-28,154.0000,11.2000
2002-03-01,163.0000,12.9000
2002-03-02,117.0000,12.4000
2002-03-03,167.0000,12.7000
2002-03-04,170.0000,10.7000
2002-03-05,158.0000,14.0000
2002-03-06,167.0000,13.5000
2002-03-07,139.0000,6.3000
2002-03-08,118.0000,9.8000
2002-03-09,111.0000,7.6000
2002-03-10,117.0000,8.7000
2002-03-11,154.0000,9.8000
2002-03-12,135.0000,8.4000
2002-03-13,138.0000,9.0000
2002-03-14,130.0000,9.2000
2002-03-15,150.0000,8.8000
2002-03-16,141.0000,5.6000
2002-03-17,132.0000,8.8000
2002-03-18,138.0000,8.4000
2002-03-19,114.0000,4.5000
2002-03-20,127.0000,7.8000
2002-03-21,142.0000,8.5000
2002-03-22,139.0000,10.0000
2002-03-23,158.0000,8.1000
2002-03-24,166.0000,7.3000
2002-03-25,163.0000,9.2000
2002-03-26,151.0000,8.3000
2002-03-27,172.0000,6.5000
2002-03-28,160.0000,7.6000
2002-03-29,170.0000,5.5000
2002-03-30,166.0000,5.8000
2002-03-31,187.0000,8.3000
2002-04-01,180.0000,11.0000
2002-04-02,201.0000,13.3000
2002-04-03,195.0000,13.7000
2002-04-04,197.0000,10.0000
2002-04-05,197.0000,9.1000
2002-04-06,211.0000,13.0000
2002-04-07,214.0000,10.1000
2002-04-08,208.0000,10.1000
2002-04-09,229.0000,10.3000
2002-04-10,220.0000,8.0000
2002-04-11,235.0000,11.0000
2002-04-12,251.0000,7.3000
2002-04-13,223.0000,8.1000
2002-04-14,232.0000,10.8000
2002-04-15,214.0000,7.9000
2002-04-16,175.0000,7.3000
2002-04-17,146.0000,8.4000
2002-04-18,164.0000,7.5000
2002-04-19,161.0000,9.4000
2002-04-20,158.0000,6.2000
2002-04-21,147.0000,7.5000
2002-04-22,144.0000,7.1000
2002-04-23,177.0000,7.0000
2002-04-24,232.0000,12.9000
2002-04-25,228.0000,11.4000
2002-04-26,156.0000,10.9000
2002-04-27,136.0000,8.3000
2002-04-28,110.0000,6.5000
2002-04-29,135.0000,10.1000
2002-04-30,132.0000,9.1000
2002-05-01,158.0000,8.7000
2002-05-02,177.0000,8.3000
2002-05-03,231.0000,12.7000
2002-05-04,258.0000,8.9000
2002-05-05,267.0000,15.7000
2002-05-06,231.0000,14.6000
2002-05-07,244.0000,8.7000
2002-05-08,220.0000,14.6000
2002-05-09,196.0000,10.1000
2002-05-10,207.0000,10.6000
2002-05-11,214.0000,14.3000
2002-05-12,202.0000,9.6000
2002-05-13,161.0000,9.3000
2002-05-14,118.0000,8.6000
2002-05-15,115.0000,5.6000
2002-05-16,130.0000,7.1000
2002-05-17,134.0000,7.5000
2002-05-18,144.0000,6.1000
2002-05-19,144.0000,9.4000
2002-05-20,166.0000,8.7000
2002-05-21,188.0000,9.0000
2002-05-22,213.0000,12.4000
2002-05-23,211.0000,8.9000
2002-05-24,199.0000,11.5000
2002-05-25,197.0000,10.6000
2002-05-26,188.0000,7.4000
2002-05-27,191.0000,10.3000
2002-05-28,185.0000,7.8000
2002-05-29,177.0000,8.2000
2002-05-30,160.0000,6.6000
2002-05-31,186.0000,7.4000
2002-06-01,181.0000,6.6000
2002-06-02,188.0000,9.8000
2002-06-03,194.0000,10.6000
2002-06-04,219.0000,9.1000
2002-06-05,184.0000,8.9000
2002-06-06,197.0000,12.7000
2002-06-07,197.0000,8.5000
2002-06-08,185.0000,9.1000
2002-06-09,165.0000,9.2000
2002-06-10,128.0000,7.3000
2002-06-11,99.0000,5.1000
2002-06-12,109.0000,6.3000
2002-06-13,80.0000,9.3000
2002-06-14,107.0000,8.0000
2002-06-15,102.0000,7.6000
2002-06-16,117.0000,9.0000
2002-06-17,88.0000,6.7000
2002-06-18,127.0000,8.7000
2002-06-19,115.0000,5.3000
2002-06-20,108.0000,8.6000
2002-06-21,83.0000,8.6000
2002-06-22,83.0000,3.8000
2002-06-23,95.0000,6.3000
2002-06-24,108.0000,5.4000
2002-06-25,111.0000,4.5000
2002-06-26,108.0000,4.8000
2002-06-27,96.0000,5.3000
2002-06-28,88.0000,5.9000
2002-06-29,96.0000,4.8000
2002-06-30,105.0000,7.5000
2002-07-01,94.0000,5.4000
2002-07-02,99.0000,6.1000
2002-07-03,129.0000,8.6000
2002-07-04,133.0000,7.2000
2002-07-05,142.0000,5.2000
2002-07-06,121.0000,8.6000
2002-07-07,107.0000,5.8000
2002-07-08,102.0000,6.6000
2002-07-09,103.0000,5.9000
2002-07-10,94.0000,6.4000
2002-07-11,99.0000,5.4000
2002-07-12,84.0000,6.4000
2002-07-13,116.0000,8.3000
2002-07-14,126.0000,7.9000
2002-07-15,155.0000,10.8000
2002-07-16,160.0000,9.9000
2002-07-17,147.0000,7.7000
2002-07-18,149.0000,9.8000
2002-07-19,134.0000,8.2000
2002-07-20,124.0000,7.9000
2002-07-21,124.0000,7.7000
2002-07-22,147.0000,8.7000
2002-07-23,196.0000,12.8000
2002-07-24,209.0000,11.2000
2002-07-25,215.0000,11.1000
2002-07-26,265.0000,20.0000
2002-07-27,294.0000,21.5000
2002-07-28,310.0000,22.3000
2002-07-29,293.0000,18.1000
2002-07-30,281.0000,18.7000
2002-07-31,239.0000,10.5000
2002-08-01,207.0000,7.8000
2002-08-02,199.0000,6.8000
2002-08-03,183.0000,8.2000
2002-08-04,143.0000,5.8000
2002-08-05,127.0000,5.9000
2002-08-06,131.0000,6.9000
2002-08-07,133.0000,7.1000
2002-08-08,115.0000,12.3000
2002-08-09,110.0000,9.2000
2002-08-10,110.0000,5.5000
2002-08-11,149.0000,8.9000
2002-08-12,177.0000,5.9000
2002-08-13,202.0000,12.2000
2002-08-14,267.0000,13.8000
2002-08-15,279.0000,13.1000
2002-08-16,263.0000,12.5000
2002-08-17,281.0000,13.5000
2002-08-18,270.0000,13.0000
2002-08-19,248.0000,13.5000
2002-08-20,211.0000,9.4000
2002-08-21,192.0000,11.9000
2002-08-22,172.0000,10.1000
2002-08-23,186.0000,11.0000
2002-08-24,149.0000,9.2000
2002-08-25,148.0000,10.3000
2002-08-26,119.0000,6.0000
2002-08-27,121.0000,8.6000
2002-08-28,122.0000,8.6000
2002-08-29,124.0000,7.2000
2002-08-30,146.0000,7.9000
2002-08-31,160.0000,9.9000
2002-09-01,206.0000,10.4000
2002-09-02,233.0000,6.9000
2002-09-03,252.0000,11.9000
2002-09-04,247.0000,13.9000
2002-09-05,226.0000,8.0000
2002-09-06,202.0000,10.9000
2002-09-07,206.0000,14.3000
2002-09-08,213.0000,8.4000
2002-09-09,199.0000,10.2000
2002-09-10,202.0000,12.5000
2002-09-11,187.0000,11.2000
2002-09-12,187.0000,14.5000
2002-09-13,187.0000,9.6000
2002-09-14,149.0000,9.5000
2002-09-15,166.0000,10.3000
2002-09-16,170.0000,8.1000
2002-09-17,199.0000,9.6000
2002-09-18,207.0000,9.8000
2002-09-19,192.0000,7.9000
2002-09-20,195.0000,9.0000
2002-09-21,182.0000,9.4000
2002-09-22,185.0000,11.6000
2002-09-23,192.0000,9.6000
2002-09-24,177.0000,10.6000
2002-09-25,190.0000,5.5000
2002-09-26,154.0000,4.9000
2002-09-27,154.0000,9.8000
2002-09-28,137.0000,9.6000
2002-09-29,130.0000,7.1000
2002-09-30,110.0000,7.7000
2002-10-01,90.0000,5.1000
2002-10-02,109.0000,7.9000
2002-10-03,104.0000,5.3000
2002-10-04,93.0000,6.7000
2002-10-05,118.0000,8.0000
2002-10-06,126.0000,6.3000
2002-10-07,123.0000,8.0000
2002-10-08,157.0000,8.7000
2002-10-09,164.0000,9.9000
2002-10-10,200.0000,8.8000
2002-10-11,188.0000,11.2000
2002-10-12,189.0000,7.0000
2002-10-13,185.0000,7.9000
2002-10-14,177.0000,7.3000
2002-10-15,180.0000,7.5000
2002-10-16,199.0000,5.6000
2002-10-17,171.0000,8.4000
2002-10-18,183.0000,10.2000
2002-10-19,186.0000,12.0000
2002-10-20,189.0000,8.4000
2002-10-21,144.0000,9.5000
2002-10-22,136.0000,8.0000
2002-10-23,119.0000,8.3000
2002-10-24,113.0000,7.0000
2002-10-25,119.0000,5.5000
2002-10-26,126.0000,6.4000
2002-10-27,130.0000,6.7000
2002-10-28,135.0000,7.1000
2002-10-29,177.0000,9.3000
2002-10-30,186.0000,9.4000
2002-10-31,171.0000,7.2000
2002-11-01,191.0000,5.2000
2002-11-02,177.0000,8.0000
2002-11-03,190.0000,12.3000
2002-11-04,165.0000,11.4000
2002-11-05,188.0000,7.6000
2002-11-06,211.0000,9.1000
2002-11-07,223.0000,9.7000
2002-11-08,188.0000,13.1000
2002-11-09,199.0000,10.4000
2002-11-10,194.0000,8.9000
2002-11-11,176.0000,8.4000
2002-11-12,154.0000,8.5000
2002-11-13,145.0000,7.0000
2002-11-14,160.0000,5.1000
2002-11-15,157.0000,11.1000
2002-11-16,137.0000,8.7000
2002-11-17,140.0000,9.2000
2002-11-18,128.0000,9.8000
2002-11-19,114.0000,9.6000
2002-11-20,145.0000,7.1000
2002-11-21,126.0000,5.8000
2002-11-22,122.0000,5.1000
2002-11-23,119.0000,4.4000
2002-11-24,103.0000,5.2000
2002-11-25,86.0000,6.6000
2002-11-26,76.0000,6.7000
2002-11-27,105.0000,6.7000
2002-11-28,108.0000,6.3000
2002-11-29,94.0000,4.2000
2002-11-30,94.0000,5.5000
2002-12-01,121.0000,7.0000
2002-12-02,110.0000,10.1000
2002-12-03,107.0000,9.8000
2002-12-04,134.0000,8.6000
2002-12-05,137.0000,8.8000
2002-12-06,137.0000,3.9000
2002-12-07,132.0000,4.2000
2002-12-08,164.0000,10.4000
2002-12-09,179.0000,9.4000
2002-12-10,157.0000,9.9000
2002-12-11,124.0000,12.1000
2002-12-12,109.0000,16.1000
2002-12-13,126.0000,7.9000
2002-12-14,208.0000,9.5000
2002-12-15,199.0000,11.8000
2002-12-16,216.0000,8.7000
2002-12-17,234.0000,13.5000
2002-12-18,224.0000,12.9000
2002-12-19,224.0000,16.0000
2002-12-20,208.0000,14.8000
2002-12-21,187.0000,8.3000
2002-12-22,174.0000,8.2000
2002-12-23,126.0000,14.2000
2002-12-24,95.0000,6.6000
2002-12-25,59.0000,4.6000
2002-12-26,54.0000,4.1000
2002-12-27,49.0000,3.0000
2002-12-28,45.0000,4.0000
2002-12-29,52.0000,4.5000
2002-12-30,49.0000,6.2000
2002-12-31,55.0000,5.7000
2003-01-01,52.0000,4.1000
2003-01-02,45.0000,4.6000
2003-01-03,110.0000,6.6000
2003-01-04,109.0000,6.4000
2003-01-05,114.0000,6.7000
2003-01-06,144.0000,5.6000
2003-01-07,151.0000,6.6000
2003-01-08,181.0000,6.4000
2003-01-09,182.0000,10.4000
2003-01-10,196.0000,10.7000
2003-01-11,196.0000,6.7000
2003-01-12,174.0000,9.9000
2003-01-13,157.0000,9.7000
2003-01-14,157.0000,11.3000
2003-01-15,141.0000,5.7000
2003-01-16,141.0000,5.4000
2003-01-17,136.0000,6.0000
2003-01-18,129.0000,7.0000
2003-01-19,146.0000,12.6000
2003-01-20,156.0000,6.0000
2003-01-21,114.0000,10.6000
2003-01-22,144.0000,4.7000
2003-01-23,117.0000,3.8000
2003-01-24,127.0000,4.5000
2003-01-25,99.0000,5.6000
2003-01-26,121.0000,5.8000
2003-01-27,142.0000,8.4000
2003-01-28,142.0000,6.2000
2003-01-29,141.0000,5.8000
2003-01-30,104.0000,8.2000
2003-01-31,69.0000,6.5000
2003-02-01,66.0000,5.5000
2003-02-02,71.0000,7.3000
2003-02-03,59.0000,7.0000
2003-02-04,58.0000,8.1000
2003-02-05,82.0000,5.9000
2003-02-06,112.0000,7.5000
2003-02-07,135.0000,6.4000
2003-02-08,143.0000,7.1000
2003-02-09,153.0000,9.4000
2003-02-10,120.0000,4.5000
2003-02-11,120.0000,4.4000
2003-02-12,117.0000,4.5000
2003-02-13,97.0000,4.8000
2003-02-14,74.0000,5.1000
2003-02-15,51.0000,10.2000
2003-02-16,33.0000,5.7000
2003-02-17,16.0000,2.3000
2003-02-18,33.0000,4.8000
2003-02-19,54.0000,3.8000
2003-02-20,72.0000,4.6000
2003-02-21,76.0000,4.4000
2003-02-22,56.0000,5.3000
2003-02-23,46.0000,4.2000
2003-02-24,46.0000,2.7000
2003-02-25,53.0000,2.5000
2003-02-26,49.0000,6.8000
2003-02-27,71.0000,5.6000
2003-02-28,56.0000,3.9000
2003-03-01,79.0000,3.8000
2003-03-02,97.0000,7.7000
2003-03-03,94.0000,5.1000
2003-03-04,132.0000,11.2000
2003-03-05,107.0000,10.9000
2003-03-06,104.0000,7.9000
2003-03-07,130.0000,14.3000
2003-03-08,109.0000,8.5000
2003-03-09,147.0000,14.4000
2003-03-10,117.0000,9.4000
2003-03-11,114.0000,5.3000
2003-03-12,92.0000,5.3000
2003-03-13,74.0000,4.3000
2003-03-14,96.0000,7.2000
2003-03-15,104.0000,4.9000
2003-03-16,102.0000,5.1000
2003-03-17,68.0000,5.5000
2003-03-18,71.0000,3.9000
2003-03-19,64.0000,3.4000
2003-03-20,48.0000,3.4000
2003-03-21,38.0000,7.0000
2003-03-22,13.0000,2.5000
2003-03-23,45.0000,4.7000
2003-03-24,54.0000,5.5000
2003-03-25,86.0000,5.6000
2003-03-26,115.0000,8.7000
2003-03-27,134.0000,7.7000
2003-03-28,150.0000,7.6000
2003-03-29,185.0000,9.9000
2003-03-30,185.0000,7.7000
2003-03-31,168.0000,8.7000
2003-04-01,152.0000,4.7000
2003-04-02,168.0000,8.5000
2003-04-03,147.0000,7.8000
2003-04-04,117.0000,7.0000
2003-04-05,98.0000,4.8000
2003-04-06,85.0000,5.6000
2003-04-07,78.0000,4.8000
2003-04-08,55.0000,3.0000
2003-04-09,69.0000,5.1000
2003-04-10,62.0000,7.2000
2003-04-11,41.0000,2.8000
2003-04-12,60.0000,6.9000
2003-04-13,62.0000,2.4000
2003-04-14,57.0000,2.2000
2003-04-15,47.0000,3.6000
2003-04-16,26.0000,4.5000
2003-04-17,31.0000,4.8000
2003-04-18,44.0000,6.6000
2003-04-19,55.0000,5.4000
2003-04-20,73.0000,4.5000
2003-04-21,95.0000,8.2000
2003-04-22,122.0000,6.5000
2003-04-23,119.0000,10.9000
2003-04-24,119.0000,6.4000
2003-04-25,145.0000,6.6000
2003-04-26,140.0000,9.6000
2003-04-27,168.0000,10.6000
2003-04-28,163.0000,8.7000
2003-04-29,178.0000,8.3000
2003-04-30,160.0000,7.9000
2003-05-01,157.0000,15.4000
2003-05-02,137.0000,6.8000
2003-05-03,151.0000,7.5000
2003-05-04,153.0000,8.2000
2003-05-05,148.0000,5.7000
2003-05-06,124.0000,5.2000
2003-05-07,103.0000,8.8000
2003-05-08,52.0000,5.2000
2003-05-09,32.0000,3.0000
2003-05-10,27.0000,2.5000
2003-05-11,57.0000,6.7000
2003-05-12,60.0000,5.6000
2003-05-13,65.0000,4.7000
2003-05-14,68.0000,3.9000
2003-05-15,79.0000,3.8000
2003-05-16,81.0000,6.0000
2003-05-17,62.0000,6.4000
2003-05-18,70.0000,6.0000
2003-05-19,76.0000,4.4000
2003-05-20,97.0000,6.0000
2003-05-21,79.0000,5.7000
2003-05-22,103.0000,7.5000
2003-05-23,91.0000,9.3000
2003-05-24,59.0000,6.0000
2003-05-25,62.0000,5.6000
2003-05-26,83.0000,5.5000
2003-05-27,91.0000,7.4000
2003-05-28,99.0000,5.9000
2003-05-29,89.0000,5.7000
2003-05-30,70.0000,4.8000
2003-05-31,67.0000,3.9000
2003-06-01,64.0000,5.6000
2003-06-02,58.0000,3.8000
2003-06-03,61.0000,3.7000
2003-06-04,72.0000,5.3000
2003-06-05,91.0000,9.1000
2003-06-06,132.0000,9.2000
2003-06-07,150.0000,7.9000
2003-06-08,155.0000,8.0000
2003-06-09,170.0000,12.7000
2003-06-10,170.0000,15.0000
2003-06-11,178.0000,10.6000
2003-06-12,176.0000,10.3000
2003-06-13,147.0000,8.6000
2003-06-14,124.0000,7.0000
2003-06-15,97.0000,8.5000
2003-06-16,87.0000,4.4000
2003-06-17,86.0000,5.8000
2003-06-18,104.0000,6.6000
2003-06-19,117.0000,4.7000
2003-06-20,114.0000,6.0000
2003-06-21,95.0000,7.5000
2003-06-22,94.0000,9.9000
2003-06-23,101.0000,3.7000
2003-06-24,104.0000,7.0000
2003-06-25,117.0000,6.0000
2003-06-26,126.0000,5.6000
2003-06-27,143.0000,4.5000
2003-06-28,143.0000,8.4000
2003-06-29,144.0000,8.6000
2003-06-30,141.0000,7.9000
2003-07-01,154.0000,8.2000
2003-07-02,149.0000,7.2000
2003-07-03,123.0000,11.7000
2003-07-04,103.0000,9.7000
2003-07-05,86.0000,6.6000
2003-07-06,97.0000,10.1000
2003-07-07,131.0000,8.7000
2003-07-08,137.0000,7.2000
2003-07-09,139.0000,7.6000
2003-07-10,114.0000,6.9000
2003-07-11,94.0000,7.2000
2003-07-12,105.0000,7.8000
2003-07-13,148.0000,6.9000
2003-07-14,148.0000,7.0000
2003-07-15,162.0000,8.5000
2003-07-16,162.0000,8.8000
2003-07-17,173.0000,8.1000
2003-07-18,186.0000,10.2000
2003-07-19,197.0000,13.5000
2003-07-20,248.0000,13.3000
2003-07-21,225.0000,8.4000
2003-07-22,190.0000,7.8000
2003-07-23,154.0000,6.5000
2003-07-24,120.0000,5.6000
2003-07-25,72.0000,7.6000
2003-07-26,43.0000,2.9000
2003-07-27,51.0000,5.9000
2003-07-28,77.0000,4.0000
2003-07-29,66.0000,3.2000
2003-07-30,59.0000,3.9000
2003-07-31,65.0000,4.0000
2003-08-01,78.0000,7.9000
2003-08-02,89.0000,5.3000
2003-08-03,121.0000,4.6000
2003-08-04,116.0000,5.5000
2003-08-05,138.0000,6.9000
2003-08-06,132.0000,6.1000
2003-08-07,124.0000,5.6000
2003-08-08,109.0000,4.1000
2003-08-09,111.0000,4.9000
2003-08-10,114.0000,6.8000
2003-08-11,114.0000,6.1000
2003-08-12,113.0000,6.3000
2003-08-13,111.0000,6.8000
2003-08-14,100.0000,8.4000
2003-08-15,106.0000,6.3000
2003-08-16,116.0000,7.9000
2003-08-17,117.0000,9.5000
2003-08-18,106.0000,6.7000
2003-08-19,92.0000,6.0000
2003-08-20,98.0000,10.4000
2003-08-21,92.0000,6.0000
2003-08-22,109.0000,8.5000
2003-08-23,121.0000,8.4000
2003-08-24,130.0000,6.5000
2003-08-25,130.0000,8.9000
2003-08-26,141.0000,11.7000
2003-08-27,143.0000,9.8000
2003-08-28,151.0000,9.5000
2003-08-29,135.0000,5.8000
2003-08-30,117.0000,6.6000
2003-08-31,103.0000,7.1000
2003-09-01,74.0000,10.6000
2003-09-02,74.0000,4.5000
2003-09-03,76.0000,6.2000
2003-09-04,81.0000,4.7000
2003-09-05,63.0000,4.0000
2003-09-06,60.0000,6.3000
2003-09-07,48.0000,6.2000
2003-09-08,40.0000,9.6000
2003-09-09,27.0000,4.1000
2003-09-10,40.0000,5.0000
2003-09-11,55.0000,3.4000
2003-09-12,47.0000,2.6000
2003-09-13,48.0000,3.4000
2003-09-14,53.0000,4.6000
2003-09-15,68.0000,7.2000
2003-09-16,74.0000,5.7000
2003-09-17,94.0000,4.1000
2003-09-18,94.0000,4.6000
2003-09-19,84.0000,3.8000
2003-09-20,74.0000,3.7000
2003-09-21,81.0000,7.6000
2003-09-22,92.0000,6.0000
2003-09-23,105.0000,6.4000
2003-09-24,103.0000,5.7000
2003-09-25,108.0000,6.1000
2003-09-26,124.0000,6.9000
2003-09-27,127.0000,7.3000
2003-09-28,115.0000,6.3000
2003-09-29,119.0000,6.7000
2003-09-30,106.0000,5.2000
2003-10-01,114.0000,8.4000
2003-10-02,102.0000,3.8000
2003-10-03,93.0000,4.8000
2003-10-04,73.0000,5.8000
2003-10-05,75.0000,6.5000
2003-10-06,61.0000,6.1000
2003-10-07,61.0000,6.5000
2003-10-08,64.0000,6.5000
2003-10-09,70.0000,5.7000
2003-10-10,67.0000,5.5000
2003-10-11,66.0000,4.7000
2003-10-12,37.0000,3.8000
2003-10-13,19.0000,3.3000
2003-10-14,19.0000,10.2000
2003-10-15,19.0000,3.5000
2003-10-16,28.0000,2.1000
2003-10-17,45.0000,7.4000
2003-10-18,61.0000,4.0000
2003-10-19,61.0000,3.4000
2003-10-20,70.0000,5.4000
2003-10-21,88.0000,6.9000
2003-10-22,87.0000,10.8000
2003-10-23,91.0000,6.6000
2003-10-24,112.0000,10.9000
2003-10-25,132.0000,12.2000
2003-10-26,133.0000,9.4000
2003-10-27,199.0000,16.2000
2003-10-28,247.0000,19.5000
2003-10-29,250.0000,13.0000
2003-10-30,250.0000,17.0000
2003-10-31,239.0000,16.7000
2003-11-01,153.0000,14.1000
2003-11-02,138.0000,9.7000
2003-11-03,89.0000,7.7000
2003-11-04,64.0000,4.7000
2003-11-05,15.0000,2.4000
2003-11-06,11.0000,2.5000
2003-11-07,15.0000,6.0000
2003-11-08,26.0000,6.5000
2003-11-09,48.0000,2.3000
2003-11-10,48.0000,2.2000
2003-11-11,37.0000,5.8000
2003-11-12,14.0000,1.7000
2003-11-13,26.0000,3.2000
2003-11-14,28.0000,2.3000
2003-11-15,41.0000,5.3000
2003-11-16,52.0000,3.2000
2003-11-17,42.0000,2.3000
2003-11-18,64.0000,4.6000
2003-11-19,86.0000,3.8000
2003-11-20,111.0000,6.8000
2003-11-21,119.0000,7.4000
2003-11-22,102.0000,7.7000
2003-11-23,134.0000,8.9000
2003-11-24,132.0000,9.2000
2003-11-25,151.0000,9.9000
2003-11-26,147.0000,9.7000
2003-11-27,163.0000,8.5000
2003-11-28,149.0000,8.1000
2003-11-29,139.0000,7.7000
2003-11-30,143.0000,5.5000
2003-12-01,143.0000,10.6000
2003-12-02,112.0000,4.6000
2003-12-03,112.0000,3.3000
2003-12-04,103.0000,5.2000
2003-12-05,92.0000,5.8000
2003-12-06,70.0000,3.3000
2003-12-07,50.0000,2.7000
2003-12-08,40.0000,2.5000
2003-12-09,25.0000,3.4000
2003-12-10,39.0000,4.9000
2003-12-11,39.0000,3.8000
2003-12-12,39.0000,4.6000
2003-12-13,44.0000,4.5000
2003-12-14,48.0000,3.2000
2003-12-15,47.0000,2.1000
2003-12-16,61.0000,8.3000
2003-12-17,106.0000,4.8000
2003-12-18,110.0000,5.9000
2003-12-19,110.0000,5.6000
2003-12-20,115.0000,5.1000
2003-12-21,93.0000,6.9000
2003-12-22,115.0000,7.3000
2003-12-23,118.0000,7.9000
2003-12-24,92.0000,9.0000
2003-12-25,68.0000,8.9000
2003-12-26,62.0000,5.5000
2003-12-27,48.0000,3.0000
2003-12-28,53.0000,5.3000
2003-12-29,40.0000,3.4000
2003-12-30,26.0000,3.6000
2003-12-31,19.0000,1.9000
2004-01-01,52.0000,8.3000
2004-01-02,65.0000,3.0000
2004-01-03,73.0000,3.7000
2004-01-04,75.0000,3.0000
2004-01-05,71.0000,6.1000
2004-01-06,63.0000,7.6000
2004-01-07,81.0000,5.5000
2004-01-08,86.0000,7.4000
2004-01-09,62.0000,6.0000
2004-01-10,58.0000,3.8000
2004-01-11,52.0000,4.4000
2004-01-12,47.0000,2.8000
2004-01-13,57.0000,3.6000
2004-01-14,55.0000,4.9000
2004-01-15,70.0000,6.3000
2004-01-16,81.0000,5.5000
2004-01-17,80.0000,5.1000
2004-01-18,70.0000,4.3000
2004-01-19,88.0000,7.5000
2004-01-20,99.0000,7.6000
2004-01-21,99.0000,5.1000
2004-01-22,80.0000,3.5000
2004-01-23,68.0000,3.6000
2004-01-24,55.0000,3.8000
2004-01-25,26.0000,4.2000
2004-01-26,21.0000,7.0000
2004-01-27,0.0000,2.0000
2004-01-28,13.0000,5.0000
2004-01-29,26.0000,4.5000
2004-01-30,44.0000,3.5000
2004-01-31,62.0000,5.4000
2004-02-01,70.0000,8.4000
2004-02-02,104.0000,14.8000
2004-02-03,103.0000,6.0000
2004-02-04,98.0000,6.6000
2004-02-05,101.0000,5.0000
2004-02-06,83.0000,10.4000
2004-02-07,65.0000,5.2000
2004-02-08,73.0000,5.6000
2004-02-09,78.0000,5.6000
2004-02-10,78.0000,6.3000
2004-02-11,72.0000,4.0000
2004-02-12,78.0000,5.2000
2004-02-13,78.0000,3.4000
2004-02-14,62.0000,5.4000
2004-02-15,82.0000,6.0000
2004-02-16,67.0000,7.0000
2004-02-17,29.0000,3.5000
2004-02-18,36.0000,3.6000
2004-02-19,29.0000,3.3000
2004-02-20,42.0000,3.7000
2004-02-21,49.0000,6.7000
2004-02-22,49.0000,2.8000
2004-02-23,90.0000,5.7000
2004-02-24,77.0000,3.6000
2004-02-25,86.0000,4.7000
2004-02-26,86.0000,5.3000
2004-02-27,109.0000,7.3000
2004-02-28,108.0000,5.9000
2004-02-29,82.0000,4.1000
2004-03-01,67.0000,2.6000
2004-03-02,47.0000,2.6000
2004-03-03,40.0000,2.7000
2004-03-04,35.0000,3.3000
2004-03-05,53.0000,3.5000
2004-03-06,59.0000,3.4000
2004-03-07,61.0000,3.8000
2004-03-08,53.0000,3.6000
2004-03-09,58.0000,4.9000
2004-03-10,58.0000,3.3000
2004-03-11,58.0000,5.6000
2004-03-12,73.0000,6.1000
2004-03-13,61.0000,3.6000
2004-03-14,58.0000,2.1000
2004-03-15,49.0000,2.3000
2004-03-16,56.0000,3.5000
2004-03-17,73.0000,6.4000
2004-03-18,82.0000,6.5000
2004-03-19,88.0000,5.2000
2004-03-20,76.0000,2.4000
2004-03-21,73.0000,3.7000
2004-03-22,87.0000,5.7000
2004-03-23,93.0000,6.3000
2004-03-24,87.0000,5.5000
2004-03-25,127.0000,5.2000
2004-03-26,128.0000,8.8000
2004-03-27,134.0000,8.0000
2004-03-28,116.0000,7.7000
2004-03-29,101.0000,8.1000
2004-03-30,82.0000,6.4000
2004-03-31,85.0000,5.2000
2004-04-01,83.0000,7.1000
2004-04-02,77.0000,4.5000
2004-04-03,71.0000,2.5000
2004-04-04,83.0000,5.4000
2004-04-05,86.0000,4.9000
2004-04-06,60.0000,6.7000
2004-04-07,59.0000,5.9000
2004-04-08,41.0000,4.9000
2004-04-09,23.0000,2.3000
2004-04-10,20.0000,2.0000
2004-04-11,20.0000,2.0000
2004-04-12,38.0000,4.3000
2004-04-13,53.0000,4.9000
2004-04-14,63.0000,5.5000
2004-04-15,51.0000,3.7000
2004-04-16,47.0000,4.7000
2004-04-17,75.0000,4.6000
2004-04-18,87.0000,3.6000
2004-04-19,95.0000,5.8000
2004-04-20,89.0000,6.2000
2004-04-21,89.0000,7.2000
2004-04-22,86.0000,8.5000
2004-04-23,65.0000,6.6000
2004-04-24,57.0000,6.1000
2004-04-25,47.0000,5.0000
2004-04-26,51.0000,3.6000
2004-04-27,39.0000,2.3000
2004-04-28,35.0000,2.4000
2004-04-29,36.0000,5.5000
2004-04-30,51.0000,4.7000
2004-05-01,77.0000,9.6000
2004-05-02,49.0000,4.8000
2004-05-03,56.0000,6.6000
2004-05-04,58.0000,3.5000
2004-05-05,51.0000,3.7000
2004-05-06,35.0000,2.5000
2004-05-07,28.0000,6.2000
2004-05-08,30.0000,2.6000
2004-05-09,42.0000,4.4000
2004-05-10,51.0000,4.4000
2004-05-11,44.0000,3.4000
2004-05-12,70.0000,5.1000
2004-05-13,65.0000,6.5000
2004-05-14,95.0000,5.3000
2004-05-15,102.0000,7.4000
2004-05-16,128.0000,8.6000
2004-05-17,121.0000,6.0000
2004-05-18,105.0000,4.5000
2004-05-19,102.0000,5.5000
2004-05-20,104.0000,6.0000
2004-05-21,91.0000,3.4000
2004-05-22,83.0000,5.2000
2004-05-23,104.0000,7.3000
2004-05-24,109.0000,6.7000
2004-05-25,97.0000,8.1000
2004-05-26,76.0000,6.9000
2004-05-27,56.0000,4.5000
2004-05-28,53.0000,5.4000
2004-05-29,54.0000,3.8000
2004-05-30,61.0000,4.4000
2004-05-31,60.0000,2.7000
2004-06-01,54.0000,4.8000
2004-06-02,55.0000,3.8000
2004-06-03,57.0000,4.7000
2004-06-04,55.0000,7.2000
2004-06-05,55.0000,4.7000
2004-06-06,45.0000,6.8000
2004-06-07,57.0000,6.2000
2004-06-08,51.0000,6.2000
2004-06-09,52.0000,4.9000
2004-06-10,48.0000,4.0000
2004-06-11,37.0000,3.2000
2004-06-12,28.0000,1.4000
2004-06-13,43.0000,4.7000
2004-06-14,54.0000,4.5000
2004-06-15,68.0000,4.1000
2004-06-16,98.0000,5.0000
2004-06-17,95.0000,7.0000
2004-06-18,103.0000,8.7000
2004-06-19,106.0000,9.1000
2004-06-20,132.0000,9.8000
2004-06-21,134.0000,12.4000
2004-06-22,117.0000,12.9000
2004-06-23,94.0000,9.8000
2004-06-24,80.0000,9.6000
2004-06-25,57.0000,6.3000
2004-06-26,52.0000,8.6000
2004-06-27,48.0000,6.6000
2004-06-28,46.0000,3.4000
2004-06-29,40.0000,4.0000
2004-06-30,34.0000,2.7000
2004-07-01,28.0000,1.8000
2004-07-02,33.0000,1.7000
2004-07-03,33.0000,2.5000
2004-07-04,31.0000,3.5000
2004-07-05,26.0000,3.5000
2004-07-06,28.0000,3.8000
2004-07-07,15.0000,3.0000
2004-07-08,18.0000,3.7000
2004-07-09,44.0000,3.6000
2004-07-10,62.0000,4.6000
2004-07-11,77.0000,6.5000
2004-07-12,89.0000,10.4000
2004-07-13,144.0000,10.2000
2004-07-14,148.0000,9.1000
2004-07-15,135.0000,12.4000
2004-07-16,107.0000,9.5000
2004-07-17,130.0000,9.6000
2004-07-18,153.0000,13.8000
2004-07-19,164.0000,14.5000
2004-07-20,149.0000,15.1000
2004-07-21,144.0000,13.6000
2004-07-22,138.0000,12.5000
2004-07-23,121.0000,12.2000
2004-07-24,113.0000,12.4000
2004-07-25,94.0000,8.4000
2004-07-26,105.0000,10.2000
2004-07-27,90.0000,7.5000
2004-07-28,64.0000,6.4000
2004-07-29,39.0000,3.3000
2004-07-30,39.0000,3.1000
2004-07-31,38.0000,2.6000
2004-08-01,39.0000,2.7000
2004-08-02,48.0000,3.1000
2004-08-03,51.0000,3.8000
2004-08-04,56.0000,5.7000
2004-08-05,36.0000,4.8000
2004-08-06,56.0000,4.6000
2004-08-07,75.0000,5.0000
2004-08-08,67.0000,3.8000
2004-08-09,85.0000,4.5000
2004-08-10,99.0000,5.5000
2004-08-11,107.0000,8.2000
2004-08-12,116.0000,9.0000
2004-08-13,130.0000,7.3000
2004-08-14,116.0000,7.8000
2004-08-15,104.0000,8.5000
2004-08-16,92.0000,6.0000
2004-08-17,75.0000,6.4000
2004-08-18,70.0000,7.5000
2004-08-19,61.0000,4.1000
2004-08-20,85.0000,6.5000
2004-08-21,97.0000,5.6000
2004-08-22,113.0000,5.9000
2004-08-23,96.0000,6.5000
2004-08-24,65.0000,4.3000
2004-08-25,53.0000,3.6000
2004-08-26,41.0000,4.0000
2004-08-27,36.0000,2.7000
2004-08-28,34.0000,3.3000
2004-08-29,27.0000,3.2000
2004-08-30,17.0000,3.2000
2004-08-31,15.0000,2.9000
2004-09-01,14.0000,4.4000
2004-09-02,14.0000,2.4000
2004-09-03,32.0000,3.3000
2004-09-04,35.0000,3.9000
2004-09-05,65.0000,4.0000
2004-09-06,56.0000,6.0000
2004-09-07,67.0000,7.5000
2004-09-08,83.0000,7.3000
2004-09-09,90.0000,7.7000
2004-09-10,77.0000,6.4000
2004-09-11,74.0000,6.7000
2004-09-12,76.0000,7.1000
2004-09-13,69.0000,5.1000
2004-09-14,56.0000,5.0000
2004-09-15,69.0000,6.9000
2004-09-16,67.0000,5.8000
2004-09-17,63.0000,5.3000
2004-09-18,58.0000,4.4000
2004-09-19,60.0000,4.2000
2004-09-20,47.0000,3.8000
2004-09-21,42.0000,3.0000
2004-09-22,30.0000,4.4000
2004-09-23,18.0000,2.9000
2004-09-24,18.0000,3.2000
2004-09-25,18.0000,2.9000
2004-09-26,26.0000,3.1000
2004-09-27,26.0000,4.3000
2004-09-28,14.0000,2.8000
2004-09-29,44.0000,7.6000
2004-09-30,55.0000,5.9000
2004-10-01,28.0000,2.8000
2004-10-02,25.0000,1.7000
2004-10-03,43.0000,2.0000
2004-10-04,42.0000,3.5000
2004-10-05,32.0000,2.4000
2004-10-06,26.0000,2.5000
2004-10-07,34.0000,2.8000
2004-10-08,36.0000,6.1000
2004-10-09,15.0000,5.0000
2004-10-10,0.0000,2.0000
2004-10-11,0.0000,2.0000
2004-10-12,19.0000,6.1000
2004-10-13,31.0000,2.7000
2004-10-14,31.0000,3.5000
2004-10-15,25.0000,3.4000
2004-10-16,28.0000,2.3000
2004-10-17,68.0000,4.8000
2004-10-18,83.0000,3.7000
2004-10-19,93.0000,5.0000
2004-10-20,102.0000,6.2000
2004-10-21,117.0000,7.4000
2004-10-22,124.0000,6.9000
2004-10-23,144.0000,6.5000
2004-10-24,153.0000,10.4000
2004-10-25,139.0000,8.0000
2004-10-26,141.0000,5.9000
2004-10-27,145.0000,6.4000
2004-10-28,148.0000,8.9000
2004-10-29,138.0000,7.7000
2004-10-30,148.0000,9.4000
2004-10-31,141.0000,6.9000
2004-11-01,122.0000,8.7000
2004-11-02,119.0000,5.4000
2004-11-03,108.0000,7.0000
2004-11-04,93.0000,5.6000
2004-11-05,89.0000,6.0000
2004-11-06,100.0000,6.0000
2004-11-07,101.0000,6.3000
2004-11-08,92.0000,7.3000
2004-11-09,84.0000,8.5000
2004-11-10,52.0000,9.2000
2004-11-11,61.0000,6.7000
2004-11-12,61.0000,4.3000
2004-11-13,68.0000,5.0000
2004-11-14,77.0000,5.9000
2004-11-15,71.0000,5.9000
2004-11-16,66.0000,4.0000
2004-11-17,66.0000,2.2000
2004-11-18,61.0000,4.2000
2004-11-19,56.0000,4.8000
2004-11-20,53.0000,4.0000
2004-11-21,42.0000,3.4000
2004-11-22,47.0000,4.9000
2004-11-23,45.0000,4.2000
2004-11-24,55.0000,2.8000
2004-11-25,55.0000,3.6000
2004-11-26,55.0000,3.0000
2004-11-27,60.0000,3.9000
2004-11-28,47.0000,3.1000
2004-11-29,45.0000,1.5000
2004-11-30,52.0000,2.2000
2004-12-01,52.0000,3.1000
2004-12-02,47.0000,2.6000
2004-12-03,48.0000,3.3000
2004-12-04,42.0000,2.1000
2004-12-05,47.0000,3.6000
2004-12-06,39.0000,4.5000
2004-12-07,15.0000,1.5000
2004-12-08,24.0000,3.5000
2004-12-09,21.0000,4.7000
2004-12-10,24.0000,5.4000
2004-12-11,21.0000,3.6000
2004-12-12,36.0000,5.3000
2004-12-13,26.0000,2.7000
2004-12-14,23.0000,2.9000
2004-12-15,13.0000,3.3000
2004-12-16,16.0000,2.1000
2004-12-17,39.0000,3.5000
2004-12-18,34.0000,4.4000
2004-12-19,19.0000,3.2000
2004-12-20,18.0000,1.2000
2004-12-21,24.0000,2.7000
2004-12-22,42.0000,4.1000
2004-12-23,29.0000,4.8000
2004-12-24,36.0000,3.5000
2004-12-25,19.0000,1.8000
2004-12-26,16.0000,2.5000
2004-12-27,16.0000,2.5000
2004-12-28,27.0000,4.2000
2004-12-29,19.0000,2.2000
2004-12-30,29.0000,3.6000
2004-12-31,36.0000,2.9000
2005-01-01,49.0000,3.2000
2005-01-02,49.0000,6.2000
2005-01-03,37.0000,3.0000
2005-01-04,22.0000,2.4000
2005-01-05,17.0000,2.9000
2005-01-06,18.0000,2.0000
2005-01-07,17.0000,4.9000
2005-01-08,15.0000,2.0000
2005-01-09,22.0000,2.5000
2005-01-10,29.0000,2.9000
2005-01-11,42.0000,2.9000
2005-01-12,61.0000,4.2000
2005-01-13,63.0000,5.2000
2005-01-14,83.0000,7.5000
2005-01-15,91.0000,8.4000
2005-01-16,100.0000,6.5000
2005-01-17,98.0000,10.2000
2005-01-18,94.0000,7.8000
2005-01-19,69.0000,6.8000
2005-01-20,65.0000,3.9000
2005-01-21,69.0000,3.8000
2005-01-22,48.0000,3.5000
2005-01-23,40.0000,3.1000
2005-01-24,43.0000,2.7000
2005-01-25,49.0000,3.0000
2005-01-26,35.0000,2.3000
2005-01-27,31.0000,2.0000
2005-01-28,31.0000,1.7000
2005-01-29,29.0000,1.1000
2005-01-30,34.0000,1.3000
2005-01-31,40.0000,3.6000
2005-02-01,28.0000,1.9000
2005-02-02,25.0000,1.8000
2005-02-03,16.0000,1.8000
2005-02-04,22.0000,2.3000
2005-02-05,24.0000,2.4000
2005-02-06,57.0000,4.7000
2005-02-07,57.0000,4.9000
2005-02-08,52.0000,3.8000
2005-02-09,58.0000,4.1000
2005-02-10,72.0000,6.0000
2005-02-11,78.0000,6.4000
2005-02-12,84.0000,6.5000
2005-02-13,72.0000,3.4000
2005-02-14,72.0000,4.9000
2005-02-15,78.0000,4.0000
2005-02-16,67.0000,4.7000
2005-02-17,64.0000,5.1000
2005-02-18,55.0000,3.9000
2005-02-19,46.0000,2.8000
2005-02-20,40.0000,4.7000
2005-02-21,30.0000,1.7000
2005-02-22,30.0000,2.0000
2005-02-23,24.0000,3.3000
2005-02-24,16.0000,1.0000
2005-02-25,12.0000,2.2000
2005-02-26,18.0000,4.8000
2005-02-27,12.0000,6.3000
2005-02-28,10.0000,7.3000
2005-03-01,0.0000,2.0000
2005-03-02,13.0000,2.5000
2005-03-03,15.0000,4.1000
2005-03-04,13.0000,2.2000
2005-03-05,15.0000,2.8000
2005-03-06,16.0000,1.8000
2005-03-07,29.0000,4.2000
2005-03-08,53.0000,5.4000
2005-03-09,61.0000,3.2000
2005-03-10,66.0000,4.2000
2005-03-11,70.0000,4.0000
2005-03-12,68.0000,3.9000
2005-03-13,68.0000,4.5000
2005-03-14,65.0000,3.4000
2005-03-15,60.0000,4.9000
2005-03-16,45.0000,3.0000
2005-03-17,40.0000,3.2000
2005-03-18,40.0000,3.0000
2005-03-19,42.0000,4.9000
2005-03-20,40.0000,3.1000
2005-03-21,48.0000,3.2000
2005-03-22,45.0000,2.7000
2005-03-23,52.0000,3.2000
2005-03-24,66.0000,4.9000
2005-03-25,55.0000,3.5000
2005-03-26,42.0000,2.2000
2005-03-27,36.0000,5.9000
2005-03-28,16.0000,2.5000
2005-03-29,15.0000,2.1000
2005-03-30,11.0000,8.1000
2005-03-31,24.0000,4.3000
2005-04-01,26.0000,5.0000
2005-04-02,32.0000,4.3000
2005-04-03,45.0000,3.2000
2005-04-04,53.0000,2.5000
2005-04-05,56.0000,2.7000
2005-04-06,46.0000,2.8000
2005-04-07,45.0000,2.2000
2005-04-08,43.0000,2.7000
2005-04-09,43.0000,2.7000
2005-04-10,43.0000,3.9000
2005-04-11,21.0000,3.3000
2005-04-12,34.0000,3.0000
2005-04-13,46.0000,2.5000
2005-04-14,56.0000,3.8000
2005-04-15,57.0000,3.4000
2005-04-16,45.0000,3.1000
2005-04-17,42.0000,5.6000
2005-04-18,42.0000,3.5000
2005-04-19,42.0000,3.8000
2005-04-20,38.0000,3.9000
2005-04-21,26.0000,1.9000
2005-04-22,26.0000,3.4000
2005-04-23,22.0000,3.4000
2005-04-24,14.0000,9.2000
2005-04-25,16.0000,2.3000
2005-04-26,18.0000,1.8000
2005-04-27,27.0000,3.1000
2005-04-28,48.0000,3.0000
2005-04-29,56.0000,4.9000
2005-04-30,54.0000,4.2000
2005-05-01,61.0000,4.3000
2005-05-02,61.0000,4.5000
2005-05-03,68.0000,6.3000
2005-05-04,62.0000,6.4000
2005-05-05,58.0000,4.4000
2005-05-06,65.0000,8.4000
2005-05-07,54.0000,7.7000
2005-05-08,67.0000,7.4000
2005-05-09,91.0000,7.8000
2005-05-10,111.0000,5.7000
2005-05-11,119.0000,10.3000
2005-05-12,116.0000,7.6000
2005-05-13,90.0000,5.3000
2005-05-14,74.0000,5.3000
2005-05-15,56.0000,2.7000
2005-05-16,62.0000,5.1000
2005-05-17,48.0000,3.3000
2005-05-18,38.0000,4.6000
2005-05-19,33.0000,5.6000
2005-05-20,22.0000,3.3000
2005-05-21,19.0000,4.8000
2005-05-22,35.0000,3.8000
2005-05-23,36.0000,3.7000
2005-05-24,36.0000,3.7000
2005-05-25,43.0000,2.8000
2005-05-26,64.0000,6.1000
2005-05-27,64.0000,5.9000
2005-05-28,54.0000,6.5000
2005-05-29,62.0000,4.4000
2005-05-30,67.0000,6.4000
2005-05-31,84.0000,6.6000
2005-06-01,76.0000,6.0000
2005-06-02,58.0000,4.1000
2005-06-03,48.0000,5.0000
2005-06-04,71.0000,4.0000
2005-06-05,89.0000,5.1000
2005-06-06,92.0000,5.8000
2005-06-07,105.0000,3.7000
2005-06-08,98.0000,5.9000
2005-06-09,97.0000,7.1000
2005-06-10,101.0000,7.5000
2005-06-11,79.0000,7.4000
2005-06-12,75.0000,4.3000
2005-06-13,45.0000,3.8000
2005-06-14,48.0000,4.9000
2005-06-15,58.0000,3.7000
2005-06-16,62.0000,4.7000
2005-06-17,69.0000,5.8000
2005-06-18,46.0000,2.3000
2005-06-19,42.0000,2.2000
2005-06-20,45.0000,2.4000
2005-06-21,49.0000,2.4000
2005-06-22,39.0000,3.2000
2005-06-23,16.0000,3.8000
2005-06-24,16.0000,8.3000
2005-06-25,17.0000,8.9000
2005-06-26,0.0000,2.0000
2005-06-27,12.0000,6.4000
2005-06-28,13.0000,1.9000
2005-06-29,40.0000,7.3000
2005-06-30,97.0000,6.9000
2005-07-01,122.0000,8.0000
2005-07-02,148.0000,8.8000
2005-07-03,157.0000,9.3000
2005-07-04,167.0000,10.2000
2005-07-05,160.0000,9.5000
2005-07-06,131.0000,8.4000
2005-07-07,117.0000,9.6000
2005-07-08,100.0000,5.5000
2005-07-09,89.0000,4.9000
2005-07-10,65.0000,3.5000
2005-07-11,64.0000,5.9000
2005-07-12,59.0000,4.4000
2005-07-13,64.0000,4.9000
2005-07-14,47.0000,4.5000
2005-07-15,33.0000,2.8000
2005-07-16,17.0000,2.0000
2005-07-17,12.0000,9.2000
2005-07-18,0.0000,2.0000
2005-07-19,14.0000,10.1000
2005-07-20,0.0000,2.0000
2005-07-21,0.0000,2.0000
2005-07-22,12.0000,6.0000
2005-07-23,25.0000,3.7000
2005-07-24,17.0000,2.4000
2005-07-25,19.0000,2.0000
2005-07-26,23.0000,1.7000
2005-07-27,17.0000,1.6000
2005-07-28,28.0000,4.2000
2005-07-29,53.0000,4.9000
2005-07-30,67.0000,5.1000
2005-07-31,107.0000,8.6000
2005-08-01,105.0000,6.4000
2005-08-02,115.0000,8.4000
2005-08-03,80.0000,7.3000
2005-08-04,66.0000,5.1000
2005-08-05,66.0000,6.2000
2005-08-06,55.0000,3.4000
2005-08-07,65.0000,4.9000
2005-08-08,61.0000,3.2000
2005-08-09,57.0000,2.7000
2005-08-10,27.0000,3.1000
2005-08-11,37.0000,2.9000
2005-08-12,45.0000,4.8000
2005-08-13,37.0000,5.4000
2005-08-14,43.0000,4.8000
2005-08-15,45.0000,3.8000
2005-08-16,40.0000,3.4000
2005-08-17,33.0000,2.7000
2005-08-18,32.0000,4.2000
2005-08-19,73.0000,10.1000
2005-08-20,80.0000,7.6000
2005-08-21,65.0000,4.2000
2005-08-22,63.0000,6.1000
2005-08-23,60.0000,3.3000
2005-08-24,70.0000,4.9000
2005-08-25,68.0000,7.6000
2005-08-26,61.0000,3.3000
2005-08-27,70.0000,5.8000
2005-08-28,76.0000,5.3000
2005-08-29,71.0000,4.6000
2005-08-30,61.0000,5.7000
2005-08-31,48.0000,4.4000
2005-09-01,29.0000,4.6000
2005-09-02,24.0000,4.5000
2005-09-03,15.0000,1.9000
2005-09-04,15.0000,1.1000
2005-09-05,14.0000,1.0000
2005-09-06,14.0000,1.1000
2005-09-07,24.0000,3.9000
2005-09-08,34.0000,2.5000
2005-09-09,48.0000,3.3000
2005-09-10,59.0000,6.5000
2005-09-11,58.0000,3.3000
2005-09-12,63.0000,7.5000
2005-09-13,85.0000,9.4000
2005-09-14,70.0000,7.6000
2005-09-15,66.0000,7.9000
2005-09-16,56.0000,6.4000
2005-09-17,59.0000,4.5000
2005-09-18,56.0000,4.9000
2005-09-19,44.0000,4.9000
2005-09-20,24.0000,2.7000
2005-09-21,22.0000,2.1000
2005-09-22,24.0000,2.2000
2005-09-23,32.0000,4.3000
2005-09-24,29.0000,3.2000
2005-09-25,27.0000,2.5000
2005-09-26,37.0000,3.9000
2005-09-27,27.0000,2.0000
2005-09-28,25.0000,1.8000
2005-09-29,24.0000,2.0000
2005-09-30,12.0000,1.9000
2005-10-01,14.0000,3.1000
2005-10-02,12.0000,3.3000
2005-10-03,15.0000,4.2000
2005-10-04,21.0000,2.1000
2005-10-05,26.0000,3.6000
2005-10-06,23.0000,1.5000
2005-10-07,21.0000,1.4000
2005-10-08,18.0000,0.9000
2005-10-09,15.0000,3.2000
2005-10-10,24.0000,5.5000
2005-10-11,21.0000,4.9000
2005-10-12,21.0000,4.8000
2005-10-13,0.0000,2.0000
2005-10-14,12.0000,1.9000
2005-10-15,12.0000,0.8000
2005-10-16,12.0000,1.1000
2005-10-17,12.0000,1.7000
2005-10-18,12.0000,1.2000
2005-10-19,24.0000,3.3000
2005-10-20,14.0000,2.2000
2005-10-21,12.0000,1.6000
2005-10-22,11.0000,3.0000
2005-10-23,12.0000,10.9000
2005-10-24,0.0000,2.0000
2005-10-25,0.0000,2.0000
2005-10-26,0.0000,2.0000
2005-10-27,0.0000,2.0000
2005-10-28,0.0000,2.0000
2005-10-29,12.0000,4.3000
2005-10-30,14.0000,0.7000
2005-10-31,18.0000,2.3000
2005-11-01,28.0000,4.1000
2005-11-02,29.0000,4.6000
2005-11-03,17.0000,2.8000
2005-11-04,18.0000,7.0000
2005-11-05,18.0000,3.1000
2005-11-06,21.0000,2.7000
2005-11-07,38.0000,5.3000
2005-11-08,12.0000,2.4000
2005-11-09,12.0000,3.5000
2005-11-10,0.0000,2.0000
2005-11-11,0.0000,2.0000
2005-11-12,15.0000,11.4000
2005-11-13,18.0000,2.2000
2005-11-14,29.0000,2.7000
2005-11-15,31.0000,2.8000
2005-11-16,35.0000,2.8000
2005-11-17,37.0000,4.7000
2005-11-18,40.0000,2.6000
2005-11-19,40.0000,3.6000
2005-11-20,51.0000,5.4000
2005-11-21,41.0000,3.2000
2005-11-22,41.0000,2.3000
2005-11-23,37.0000,3.4000
2005-11-24,41.0000,3.2000
2005-11-25,31.0000,3.5000
2005-11-26,23.0000,2.5000
2005-11-27,25.0000,2.6000
2005-11-28,26.0000,2.9000
2005-11-29,25.0000,3.4000
2005-11-30,46.0000,4.5000
2005-12-01,71.0000,5.2000
2005-12-02,78.0000,7.0000
2005-12-03,87.0000,5.7000
2005-12-04,79.0000,2.8000
2005-12-05,79.0000,3.5000
2005-12-06,65.0000,3.9000
2005-12-07,33.0000,3.5000
2005-12-08,36.0000,3.4000
2005-12-09,33.0000,3.3000
2005-12-10,56.0000,3.8000
2005-12-11,55.0000,3.3000
2005-12-12,48.0000,3.3000
2005-12-13,55.0000,3.0000
2005-12-14,55.0000,2.9000
2005-12-15,52.0000,3.0000
2005-12-16,45.0000,2.2000
2005-12-17,40.0000,3.7000
2005-12-18,40.0000,3.7000
2005-12-19,62.0000,4.7000
2005-12-20,56.0000,3.7000
2005-12-21,61.0000,3.7000
2005-12-22,59.0000,5.3000
2005-12-23,52.0000,2.1000
2005-12-24,76.0000,5.7000
2005-12-25,62.0000,4.8000
2005-12-26,75.0000,4.0000
2005-12-27,74.0000,2.5000
2005-12-28,63.0000,2.6000
2005-12-29,65.0000,2.4000
2005-12-30,66.0000,2.2000
2005-12-31,59.0000,3.0000
2006-01-01,34.0000,1.9000
2006-01-02,33.0000,2.4000
2006-01-03,26.0000,2.0000
2006-01-04,23.0000,1.2000
2006-01-05,20.0000,2.3000
2006-01-06,20.0000,3.9000
2006-01-07,11.0000,1.2000
2006-01-08,10.0000,0.6000
2006-01-09,11.0000,0.7000
2006-01-10,11.0000,0.6000
2006-01-11,11.0000,1.5000
2006-01-12,11.0000,3.0000
2006-01-13,0.0000,2.0000
2006-01-14,11.0000,4.4000
2006-01-15,27.0000,6.5000
2006-01-16,33.0000,5.4000
2006-01-17,30.0000,3.6000
2006-01-18,35.0000,3.3000
2006-01-19,33.0000,3.4000
2006-01-20,22.0000,1.5000
2006-01-21,26.0000,3.3000
2006-01-22,42.0000,3.6000
2006-01-23,50.0000,5.5000
2006-01-24,41.0000,4.1000
2006-01-25,26.0000,2.3000
2006-01-26,19.0000,2.0000
2006-01-27,12.0000,2.3000
2006-01-28,10.0000,6.1000
2006-01-29,10.0000,4.1000
2006-01-30,0.0000,2.0000
2006-01-31,0.0000,2.0000
2006-02-01,0.0000,2.0000
2006-02-02,0.0000,2.0000
2006-02-03,0.0000,2.0000
2006-02-04,0.0000,2.0000
2006-02-05,0.0000,2.0000
2006-02-06,0.0000,2.0000
2006-02-07,8.0000,2.9000
2006-02-08,8.0000,3.1000
2006-02-09,17.0000,2.8000
2006-02-10,12.0000,5.7000
2006-02-11,9.0000,9.4000
2006-02-12,0.0000,2.0000
2006-02-13,11.0000,2.7000
2006-02-14,13.0000,3.7000
2006-02-15,18.0000,3.2000
2006-02-16,18.0000,1.9000
2006-02-17,8.0000,2.1000
2006-02-18,8.0000,3.8000
2006-02-19,14.0000,9.7000
2006-02-20,0.0000,2.0000
2006-02-21,0.0000,2.0000
2006-02-22,0.0000,2.0000
2006-02-23,0.0000,2.0000
2006-02-24,0.0000,2.0000
2006-02-25,0.0000,2.0000
2006-02-26,0.0000,2.0000
2006-02-27,8.0000,2.5000
2006-02-28,8.0000,1.8000
2006-03-01,0.0000,2.0000
2006-03-02,0.0000,2.0000
2006-03-03,0.0000,2.0000
2006-03-04,15.0000,5.2000
2006-03-05,26.0000,8.7000
2006-03-06,23.0000,11.6000
2006-03-07,0.0000,2.0000
2006-03-08,0.0000,2.0000
2006-03-09,0.0000,2.0000
2006-03-10,0.0000,2.0000
2006-03-11,0.0000,2.0000
2006-03-12,15.0000,2.2000
2006-03-13,16.0000,2.7000
2006-03-14,23.0000,4.7000
2006-03-15,23.0000,3.7000
2006-03-16,21.0000,5.7000
2006-03-17,31.0000,4.8000
2006-03-18,26.0000,2.7000
2006-03-19,26.0000,2.0000
2006-03-20,31.0000,2.6000
2006-03-21,31.0000,2.6000
2006-03-22,31.0000,4.8000
2006-03-23,29.0000,3.0000
2006-03-24,34.0000,4.4000
2006-03-25,18.0000,7.9000
2006-03-26,0.0000,2.0000
2006-03-27,0.0000,2.0000
2006-03-28,15.0000,2.0000
2006-03-29,31.0000,2.8000
2006-03-30,32.0000,2.5000
2006-03-31,39.0000,1.4000
2006-04-01,58.0000,3.8000
2006-04-02,65.0000,3.9000
2006-04-03,73.0000,3.7000
2006-04-04,82.0000,4.8000
2006-04-05,83.0000,4.6000
2006-04-06,90.0000,5.2000
2006-04-07,77.0000,4.9000
2006-04-08,68.0000,3.6000
2006-04-09,55.0000,5.1000
2006-04-10,60.0000,5.6000
2006-04-11,63.0000,3.4000
2006-04-12,68.0000,3.6000
2006-04-13,67.0000,3.7000
2006-04-14,60.0000,5.5000
2006-04-15,38.0000,3.3000
2006-04-16,25.0000,4.2000
2006-04-17,13.0000,2.0000
2006-04-18,12.0000,4.1000
2006-04-19,23.0000,14.0000
2006-04-20,17.0000,2.5000
2006-04-21,15.0000,1.5000
2006-04-22,18.0000,8.6000
2006-04-23,13.0000,2.0000
2006-04-24,18.0000,1.2000
2006-04-25,47.0000,4.1000
2006-04-26,58.0000,4.7000
2006-04-27,65.0000,5.0000
2006-04-28,62.0000,5.2000
2006-04-29,53.0000,3.6000
2006-04-30,62.0000,5.8000
2006-05-01,55.0000,4.0000
2006-05-02,58.0000,4.7000
2006-05-03,57.0000,4.7000
2006-05-04,60.0000,3.0000
2006-05-05,53.0000,3.7000
2006-05-06,45.0000,4.1000
2006-05-07,53.0000,3.9000
2006-05-08,52.0000,4.2000
2006-05-09,47.0000,4.2000
2006-05-10,32.0000,2.6000
2006-05-11,27.0000,2.3000
2006-05-12,12.0000,1.7000
2006-05-13,12.0000,2.5000
2006-05-14,0.0000,2.0000
2006-05-15,0.0000,2.0000
2006-05-16,0.0000,2.0000
2006-05-17,0.0000,2.0000
2006-05-18,13.0000,6.6000
2006-05-19,13.0000,2.3000
2006-05-20,32.0000,2.6000
2006-05-21,33.0000,5.6000
2006-05-22,47.0000,4.3000
2006-05-23,50.0000,4.6000
2006-05-24,43.0000,3.1000
2006-05-25,42.0000,3.0000
2006-05-26,47.0000,5.2000
2006-05-27,53.0000,5.5000
2006-05-28,62.0000,5.4000
2006-05-29,58.0000,2.4000
2006-05-30,53.0000,4.4000
2006-05-31,45.0000,6.3000
2006-06-01,14.0000,4.0000
2006-06-02,0.0000,2.0000
2006-06-03,0.0000,2.0000
2006-06-04,19.0000,2.3000
2006-06-05,26.0000,2.4000
2006-06-06,32.0000,3.8000
2006-06-07,58.0000,3.8000
2006-06-08,58.0000,5.4000
2006-06-09,47.0000,3.6000
2006-06-10,49.0000,3.4000
2006-06-11,37.0000,2.5000
2006-06-12,30.0000,2.9000
2006-06-13,28.0000,1.8000
2006-06-14,14.0000,2.5000
2006-06-15,14.0000,2.6000
2006-06-16,21.0000,6.0000
2006-06-17,23.0000,6.5000
2006-06-18,18.0000,2.0000
2006-06-19,21.0000,2.3000
2006-06-20,21.0000,2.3000
2006-06-21,18.0000,3.2000
2006-06-22,0.0000,2.0000
2006-06-23,0.0000,2.0000
2006-06-24,0.0000,2.0000
2006-06-25,14.0000,3.1000
2006-06-26,18.0000,1.3000
2006-06-27,23.0000,2.9000
2006-06-28,42.0000,4.1000
2006-06-29,46.0000,3.2000
2006-06-30,44.0000,3.2000
2006-07-01,38.0000,2.5000
2006-07-02,31.0000,2.7000
2006-07-03,35.0000,4.2000
2006-07-04,36.0000,4.7000
2006-07-05,35.0000,2.8000
2006-07-06,36.0000,1.9000
2006-07-07,36.0000,1.9000
2006-07-08,35.0000,1.8000
2006-07-09,31.0000,1.7000
2006-07-10,15.0000,1.9000
2006-07-11,15.0000,1.7000
2006-07-12,13.0000,2.7000
2006-07-13,0.0000,2.0000
2006-07-14,15.0000,2.5000
2006-07-15,16.0000,2.4000
2006-07-16,20.0000,2.2000
2006-07-17,22.0000,2.5000
2006-07-18,22.0000,1.2000
2006-07-19,24.0000,1.9000
2006-07-20,15.0000,2.9000
2006-07-21,0.0000,2.0000
2006-07-22,15.0000,3.1000
2006-07-23,18.0000,2.9000
2006-07-24,20.0000,1.4000
2006-07-25,18.0000,1.7000
2006-07-26,18.0000,1.1000
2006-07-27,18.0000,1.0000
2006-07-28,16.0000,1.7000
2006-07-29,16.0000,1.3000
2006-07-30,31.0000,2.6000
2006-07-31,27.0000,2.7000
2006-08-01,11.0000,2.1000
2006-08-02,11.0000,2.8000
2006-08-03,15.0000,4.3000
2006-08-04,0.0000,2.0000
2006-08-05,0.0000,2.0000
2006-08-06,0.0000,2.0000
2006-08-07,0.0000,2.0000
2006-08-08,11.0000,1.8000
2006-08-09,26.0000,4.6000
2006-08-10,27.0000,2.9000
2006-08-11,26.0000,2.4000
2006-08-12,24.0000,1.8000
2006-08-13,26.0000,2.4000
2006-08-14,31.0000,2.3000
2006-08-15,31.0000,2.2000
2006-08-16,31.0000,2.2000
2006-08-17,27.0000,2.2000
2006-08-18,31.0000,2.7000
2006-08-19,24.0000,2.2000
2006-08-20,16.0000,1.3000
2006-08-21,26.0000,2.1000
2006-08-22,15.0000,1.2000
2006-08-23,19.0000,1.1000
2006-08-24,19.0000,1.0000
2006-08-25,24.0000,1.7000
2006-08-26,23.0000,2.2000
2006-08-27,34.0000,4.2000
2006-08-28,35.0000,3.2000
2006-08-29,27.0000,2.2000
2006-08-30,19.0000,1.4000
2006-08-31,35.0000,3.3000
2006-09-01,35.0000,3.0000
2006-09-02,16.0000,2.9000
2006-09-03,0.0000,2.0000
2006-09-04,0.0000,2.0000
2006-09-05,26.0000,3.8000
2006-09-06,39.0000,3.1000
2006-09-07,48.0000,3.4000
2006-09-08,48.0000,4.0000
2006-09-09,49.0000,4.2000
2006-09-10,49.0000,4.1000
2006-09-11,44.0000,3.7000
2006-09-12,31.0000,2.1000
2006-09-13,30.0000,2.0000
2006-09-14,15.0000,1.0000
2006-09-15,15.0000,0.8000
2006-09-16,13.0000,0.8000
2006-09-17,25.0000,1.6000
2006-09-18,12.0000,0.7000
2006-09-19,13.0000,0.8000
2006-09-20,13.0000,0.8000
2006-09-21,13.0000,0.7000
2006-09-22,18.0000,1.1000
2006-09-23,13.0000,0.7000
2006-09-24,15.0000,1.6000
2006-09-25,13.0000,2.6000
2006-09-26,16.0000,9.4000
2006-09-27,12.0000,4.1000
2006-09-28,13.0000,2.4000
2006-09-29,36.0000,3.1000
2006-09-30,41.0000,2.1000
2006-10-01,35.0000,2.9000
2006-10-02,33.0000,3.2000
2006-10-03,23.0000,1.3000
2006-10-04,23.0000,1.2000
2006-10-05,24.0000,0.9000
2006-10-06,23.0000,1.5000
2006-10-07,23.0000,1.2000
2006-10-08,21.0000,1.9000
2006-10-09,21.0000,3.4000
2006-10-10,14.0000,3.0000
2006-10-11,0.0000,2.0000
2006-10-12,0.0000,2.0000
2006-10-13,0.0000,2.0000
2006-10-14,0.0000,2.0000
2006-10-15,0.0000,2.0000
2006-10-16,0.0000,2.0000
2006-10-17,0.0000,2.0000
2006-10-18,0.0000,2.0000
2006-10-19,14.0000,2.9000
2006-10-20,14.0000,1.4000
2006-10-21,16.0000,1.3000
2006-10-22,23.0000,1.5000
2006-10-23,38.0000,3.9000
2006-10-24,30.0000,3.8000
2006-10-25,14.0000,3.4000
2006-10-26,0.0000,2.0000
2006-10-27,13.0000,4.5000
2006-10-28,13.0000,2.9000
2006-10-29,0.0000,2.0000
2006-10-30,13.0000,0.8000
2006-10-31,33.0000,2.0000
2006-11-01,53.0000,4.0000
2006-11-02,70.0000,6.1000
2006-11-03,73.0000,6.1000
2006-11-04,65.0000,5.4000
2006-11-05,53.0000,3.7000
2006-11-06,40.0000,2.8000
2006-11-07,32.0000,2.4000
2006-11-08,43.0000,3.3000
2006-11-09,30.0000,3.2000
2006-11-10,15.0000,1.1000
2006-11-11,18.0000,1.6000
2006-11-12,22.0000,2.1000
2006-11-13,35.0000,2.9000
2006-11-14,47.0000,2.6000
2006-11-15,45.0000,2.6000
2006-11-16,52.0000,2.3000
2006-11-17,47.0000,2.1000
2006-11-18,47.0000,2.4000
2006-11-19,45.0000,3.2000
2006-11-20,30.0000,2.9000
2006-11-21,0.0000,2.0000
2006-11-22,0.0000,2.0000
2006-11-23,12.0000,6.5000
2006-11-24,0.0000,2.0000
2006-11-25,13.0000,1.7000
2006-11-26,15.0000,0.6000
2006-11-27,33.0000,3.8000
2006-11-28,38.0000,5.9000
2006-11-29,40.0000,3.2000
2006-11-30,58.0000,5.1000
2006-12-01,56.0000,3.5000
2006-12-02,53.0000,4.0000
2006-12-03,46.0000,3.2000
2006-12-04,39.0000,3.9000
2006-12-05,46.0000,2.4000
2006-12-06,54.0000,5.6000
2006-12-07,51.0000,3.8000
2006-12-08,28.0000,4.4000
2006-12-09,21.0000,2.8000
2006-12-10,23.0000,2.7000
2006-12-11,28.0000,2.8000
2006-12-12,28.0000,2.7000
2006-12-13,26.0000,1.7000
2006-12-14,23.0000,1.4000
2006-12-15,21.0000,1.3000
2006-12-16,20.0000,1.2000
2006-12-17,15.0000,1.0000
2006-12-18,0.0000,2.0000
2006-12-19,0.0000,2.0000
2006-12-20,0.0000,2.0000
2006-12-21,0.0000,2.0000
2006-12-22,0.0000,2.0000
2006-12-23,0.0000,2.0000
2006-12-24,13.0000,7.0000
2006-12-25,16.0000,6.9000
2006-12-26,21.0000,5.5000
2006-12-27,20.0000,7.0000
2006-12-28,0.0000,2.0000
2006-12-29,0.0000,2.0000
2006-12-30,16.0000,5.1000
2006-12-31,28.0000,1.5000
2007-01-01,38.0000,3.0000
2007-01-02,42.0000,2.9000
2007-01-03,44.0000,2.5000
2007-01-04,44.0000,3.0000
2007-01-05,49.0000,3.8000
2007-01-06,47.0000,3.1000
2007-01-07,42.0000,4.3000
2007-01-08,52.0000,4.6000
2007-01-09,47.0000,2.5000
2007-01-10,42.0000,2.3000
2007-01-11,40.0000,2.5000
2007-01-12,28.0000,2.7000
2007-01-13,30.0000,1.9000
2007-01-14,19.0000,1.7000
2007-01-15,19.0000,2.4000
2007-01-16,19.0000,2.6000
2007-01-17,16.0000,3.5000
2007-01-18,17.0000,2.8000
2007-01-19,24.0000,4.2000
2007-01-20,19.0000,3.5000
2007-01-21,19.0000,2.1000
2007-01-22,21.0000,2.0000
2007-01-23,17.0000,2.0000
2007-01-24,19.0000,2.2000
2007-01-25,14.0000,2.9000
2007-01-26,12.0000,3.0000
2007-01-27,12.0000,0.7000
2007-01-28,14.0000,1.6000
2007-01-29,31.0000,2.8000
2007-01-30,35.0000,2.2000
2007-01-31,35.0000,2.5000
2007-02-01,38.0000,1.9000
2007-02-02,41.0000,3.4000
2007-02-03,36.0000,2.0000
2007-02-04,29.0000,2.0000
2007-02-05,27.0000,1.6000
2007-02-06,26.0000,1.7000
2007-02-07,26.0000,1.6000
2007-02-08,14.0000,1.6000
2007-02-09,12.0000,0.8000
2007-02-10,12.0000,2.2000
2007-02-11,0.0000,2.0000
2007-02-12,0.0000,2.0000
2007-02-13,0.0000,2.0000
2007-02-14,0.0000,2.0000
2007-02-15,0.0000,2.0000
2007-02-16,0.0000,2.0000
2007-02-17,14.0000,3.2000
2007-02-18,14.0000,2.7000
2007-02-19,34.0000,5.1000
2007-02-20,29.0000,5.1000
2007-02-21,17.0000,3.0000
2007-02-22,27.0000,5.2000
2007-02-23,26.0000,2.7000
2007-02-24,14.0000,0.9000
2007-02-25,14.0000,2.1000
2007-02-26,26.0000,2.7000
2007-02-27,26.0000,3.3000
2007-02-28,14.0000,1.0000
2007-03-01,11.0000,2.8000
2007-03-02,11.0000,2.3000
2007-03-03,11.0000,3.3000
2007-03-04,13.0000,1.8000
2007-03-05,27.0000,3.6000
2007-03-06,22.0000,5.5000
2007-03-07,0.0000,2.0000
2007-03-08,0.0000,2.0000
2007-03-09,0.0000,2.0000
2007-03-10,0.0000,2.0000
2007-03-11,14.0000,2.7000
2007-03-12,13.0000,2.2000
2007-03-13,0.0000,2.0000
2007-03-14,0.0000,2.0000
2007-03-15,0.0000,2.0000
2007-03-16,0.0000,2.0000
2007-03-17,0.0000,2.0000
2007-03-18,0.0000,2.0000
2007-03-19,0.0000,2.0000
2007-03-20,0.0000,2.0000
2007-03-21,0.0000,2.0000
2007-03-22,0.0000,2.0000
2007-03-23,13.0000,5.1000
2007-03-24,13.0000,3.8000
2007-03-25,0.0000,2.0000
2007-03-26,14.0000,1.6000
2007-03-27,13.0000,3.6000
2007-03-28,13.0000,3.8000
2007-03-29,13.0000,1.7000
2007-03-30,11.0000,2.1000
2007-03-31,11.0000,6.1000
2007-04-01,16.0000,6.0000
2007-04-02,0.0000,2.0000
2007-04-03,0.0000,2.0000
2007-04-04,0.0000,2.0000
2007-04-05,0.0000,2.0000
2007-04-06,0.0000,2.0000
2007-04-07,0.0000,2.0000
2007-04-08,0.0000,2.0000
2007-04-09,0.0000,2.0000
2007-04-10,0.0000,2.0000
2007-04-11,0.0000,2.0000
2007-04-12,0.0000,2.0000
2007-04-13,0.0000,2.0000
2007-04-14,0.0000,2.0000
2007-04-15,0.0000,2.0000
2007-04-16,0.0000,2.0000
2007-04-17,11.0000,5.6000
2007-04-18,0.0000,2.0000
2007-04-19,0.0000,2.0000
2007-04-20,0.0000,2.0000
2007-04-21,0.0000,2.0000
2007-04-22,0.0000,2.0000
2007-04-23,0.0000,2.0000
2007-04-24,0.0000,2.0000
2007-04-25,13.0000,1.9000
2007-04-26,16.0000,1.0000
2007-04-27,18.0000,1.0000
2007-04-28,23.0000,2.4000
2007-04-29,32.0000,3.1000
2007-04-30,34.0000,2.7000
2007-05-01,33.0000,3.2000
2007-05-02,33.0000,2.1000
2007-05-03,20.0000,2.1000
2007-05-04,18.0000,1.2000
2007-05-05,17.0000,1.1000
2007-05-06,15.0000,1.0000
2007-05-07,13.0000,0.8000
2007-05-08,15.0000,3.8000
2007-05-09,18.0000,2.3000
2007-05-10,20.0000,1.3000
2007-05-11,23.0000,1.5000
2007-05-12,22.0000,2.9000
2007-05-13,18.0000,0.8000
2007-05-14,30.0000,2.4000
2007-05-15,30.0000,2.2000
2007-05-16,32.0000,4.2000
2007-05-17,40.0000,2.9000
2007-05-18,42.0000,4.0000
2007-05-19,37.0000,3.8000
2007-05-20,23.0000,2.8000
2007-05-21,18.0000,1.6000
2007-05-22,15.0000,1.5000
2007-05-23,23.0000,2.9000
2007-05-24,15.0000,10.7000
2007-05-25,0.0000,2.0000
2007-05-26,0.0000,2.0000
2007-05-27,0.0000,2.0000
2007-05-28,0.0000,2.0000
2007-05-29,12.0000,2.2000
2007-05-30,12.0000,1.2000
2007-05-31,12.0000,5.6000
2007-06-01,34.0000,4.7000
2007-06-02,44.0000,2.8000
2007-06-03,55.0000,3.8000
2007-06-04,60.0000,6.9000
2007-06-05,62.0000,5.7000
2007-06-06,58.0000,3.4000
2007-06-07,66.0000,5.8000
2007-06-08,60.0000,6.6000
2007-06-09,21.0000,5.6000
2007-06-10,16.0000,1.8000
2007-06-11,16.0000,2.3000
2007-06-12,14.0000,1.6000
2007-06-13,14.0000,1.8000
2007-06-14,0.0000,2.0000
2007-06-15,0.0000,2.0000
2007-06-16,0.0000,2.0000
2007-06-17,0.0000,2.0000
2007-06-18,0.0000,2.0000
2007-06-19,0.0000,2.0000
2007-06-20,0.0000,2.0000
2007-06-21,0.0000,2.0000
2007-06-22,0.0000,2.0000
2007-06-23,0.0000,2.0000
2007-06-24,0.0000,2.0000
2007-06-25,12.0000,3.4000
2007-06-26,14.0000,1.3000
2007-06-27,14.0000,2.5000
2007-06-28,16.0000,2.5000
2007-06-29,32.0000,3.7000
2007-06-30,32.0000,2.2000
2007-07-01,30.0000,1.9000
2007-07-02,17.0000,1.3000
2007-07-03,14.0000,1.1000
2007-07-04,14.0000,1.0000
2007-07-05,14.0000,1.6000
2007-07-06,14.0000,1.0000
2007-07-07,12.0000,2.3000
2007-07-08,16.0000,0.9000
2007-07-09,22.0000,1.3000
2007-07-10,27.0000,2.6000
2007-07-11,27.0000,2.0000
2007-07-12,23.0000,2.3000
2007-07-13,41.0000,1.6000
2007-07-14,42.0000,1.8000
2007-07-15,39.0000,2.7000
2007-07-16,31.0000,3.0000
2007-07-17,17.0000,1.6000
2007-07-18,14.0000,1.2000
2007-07-19,12.0000,1.3000
2007-07-20,0.0000,2.0000
2007-07-21,0.0000,2.0000
2007-07-22,0.0000,2.0000
2007-07-23,0.0000,2.0000
2007-07-24,0.0000,2.0000
2007-07-25,0.0000,2.0000
2007-07-26,0.0000,2.0000
2007-07-27,0.0000,2.0000
2007-07-28,14.0000,2.0000
2007-07-29,14.0000,2.4000
2007-07-30,14.0000,2.8000
2007-07-31,0.0000,2.0000
2007-08-01,0.0000,2.0000
2007-08-02,0.0000,2.0000
2007-08-03,11.0000,5.8000
2007-08-04,11.0000,2.3000
2007-08-05,11.0000,1.1000
2007-08-06,13.0000,0.8000
2007-08-07,13.0000,0.8000
2007-08-08,15.0000,1.8000
2007-08-09,15.0000,1.0000
2007-08-10,15.0000,1.8000
2007-08-11,13.0000,1.9000
2007-08-12,13.0000,2.4000
2007-08-13,13.0000,4.1000
2007-08-14,0.0000,2.0000
2007-08-15,0.0000,2.0000
2007-08-16,0.0000,2.0000
2007-08-17,0.0000,2.0000
2007-08-18,0.0000,2.0000
2007-08-19,0.0000,2.0000
2007-08-20,0.0000,2.0000
2007-08-21,15.0000,4.9000
2007-08-22,13.0000,1.4000
2007-08-23,13.0000,0.8000
2007-08-24,13.0000,1.1000
2007-08-25,13.0000,0.7000
2007-08-26,13.0000,0.8000
2007-08-27,13.0000,0.6000
2007-08-28,13.0000,0.7000
2007-08-29,13.0000,0.7000
2007-08-30,13.0000,1.5000
2007-08-31,28.0000,2.8000
2007-09-01,24.0000,2.5000
2007-09-02,13.0000,2.0000
2007-09-03,13.0000,1.3000
2007-09-04,13.0000,3.6000
2007-09-05,13.0000,3.1000
2007-09-06,0.0000,2.0000
2007-09-07,0.0000,2.0000
2007-09-08,0.0000,2.0000
2007-09-09,0.0000,2.0000
2007-09-10,0.0000,2.0000
2007-09-11,0.0000,2.0000
2007-09-12,0.0000,2.0000
2007-09-13,0.0000,2.0000
2007-09-14,0.0000,2.0000
2007-09-15,0.0000,2.0000
2007-09-16,0.0000,2.0000
2007-09-17,0.0000,2.0000
2007-09-18,0.0000,2.0000
2007-09-19,0.0000,2.0000
2007-09-20,0.0000,2.0000
2007-09-21,0.0000,2.0000
2007-09-22,0.0000,2.0000
2007-09-23,0.0000,2.0000
2007-09-24,0.0000,2.0000
2007-09-25,0.0000,2.0000
2007-09-26,0.0000,2.0000
2007-09-27,0.0000,2.0000
2007-09-28,15.0000,2.1000
2007-09-29,15.0000,1.8000
2007-09-30,15.0000,1.8000
2007-10-01,0.0000,2.0000
2007-10-02,0.0000,2.0000
2007-10-03,0.0000,2.0000
2007-10-04,0.0000,2.0000
2007-10-05,0.0000,2.0000
2007-10-06,19.0000,1.7000
2007-10-07,16.0000,1.6000
2007-10-08,12.0000,8.2000
2007-10-09,0.0000,2.0000
2007-10-10,0.0000,2.0000
2007-10-11,0.0000,2.0000
2007-10-12,0.0000,2.0000
2007-10-13,0.0000,2.0000
2007-10-14,0.0000,2.0000
2007-10-15,0.0000,2.0000
2007-10-16,0.0000,2.0000
2007-10-17,0.0000,2.0000
2007-10-18,0.0000,2.0000
2007-10-19,0.0000,2.0000
2007-10-20,0.0000,2.0000
2007-10-21,0.0000,2.0000
2007-10-22,0.0000,2.0000
2007-10-23,0.0000,2.0000
2007-10-24,0.0000,2.0000
2007-10-25,0.0000,2.0000
2007-10-26,0.0000,2.0000
2007-10-27,0.0000,2.0000
2007-10-28,0.0000,2.0000
2007-10-29,0.0000,2.0000
2007-10-30,0.0000,2.0000
2007-10-31,0.0000,2.0000
2007-11-01,0.0000,2.0000
2007-11-02,0.0000,2.0000
2007-11-03,0.0000,2.0000
2007-11-04,0.0000,2.0000
2007-11-05,0.0000,2.0000
2007-11-06,13.0000,3.4000
2007-11-07,0.0000,2.0000
2007-11-08,0.0000,2.0000
2007-11-09,0.0000,2.0000
2007-11-10,0.0000,2.0000
2007-11-11,0.0000,2.0000
2007-11-12,0.0000,2.0000
2007-11-13,0.0000,2.0000
2007-11-14,0.0000,2.0000
2007-11-15,0.0000,2.0000
2007-11-16,16.0000,2.7000
2007-11-17,15.0000,3.8000
2007-11-18,0.0000,2.0000
2007-11-19,0.0000,2.0000
2007-11-20,0.0000,2.0000
2007-11-21,0.0000,2.0000
2007-11-22,0.0000,2.0000
2007-11-23,0.0000,2.0000
2007-11-24,16.0000,2.7000
2007-11-25,13.0000,5.0000
2007-11-26,12.0000,3.4000
2007-11-27,0.0000,2.0000
2007-11-28,0.0000,2.0000
2007-11-29,0.0000,2.0000
2007-11-30,0.0000,2.0000
2007-12-01,17.0000,3.1000
2007-12-02,15.0000,5.5000
2007-12-03,12.0000,1.5000
2007-12-04,15.0000,1.9000
2007-12-05,14.0000,2.2000
2007-12-06,27.0000,1.9000
2007-12-07,26.0000,1.8000
2007-12-08,43.0000,4.8000
2007-12-09,45.0000,4.5000
2007-12-10,41.0000,3.5000
2007-12-11,41.0000,3.0000
2007-12-12,48.0000,4.6000
2007-12-13,51.0000,6.6000
2007-12-14,41.0000,5.5000
2007-12-15,38.0000,2.8000
2007-12-16,31.0000,2.0000
2007-12-17,19.0000,1.4000
2007-12-18,12.0000,5.8000
2007-12-19,0.0000,2.0000
2007-12-20,0.0000,2.0000
2007-12-21,0.0000,2.0000
2007-12-22,0.0000,2.0000
2007-12-23,0.0000,2.0000
2007-12-24,0.0000,2.0000
2007-12-25,0.0000,2.0000
2007-12-26,0.0000,2.0000
2007-12-27,0.0000,2.0000
2007-12-28,0.0000,2.0000
2007-12-29,0.0000,2.0000
2007-12-30,0.0000,2.0000
2007-12-31,0.0000,2.0000
2008-01-01,9.0000,1.8000
2008-01-02,9.0000,0.6000
2008-01-03,9.0000,0.5000
2008-01-04,12.0000,3.4000
2008-01-05,10.0000,1.6000
2008-01-06,14.0000,7.6000
2008-01-07,14.0000,5.8000
2008-01-08,11.0000,4.6000
2008-01-09,0.0000,2.0000
2008-01-10,10.0000,5.1000
2008-01-11,10.0000,2.1000
2008-01-12,0.0000,2.0000
2008-01-13,0.0000,2.0000
2008-01-14,0.0000,2.0000
2008-01-15,0.0000,2.0000
2008-01-16,0.0000,2.0000
2008-01-17,0.0000,2.0000
2008-01-18,0.0000,2.0000
2008-01-19,0.0000,2.0000
2008-01-20,0.0000,2.0000
2008-01-21,0.0000,2.0000
2008-01-22,0.0000,2.0000
2008-01-23,0.0000,2.0000
2008-01-24,0.0000,2.0000
2008-01-25,0.0000,2.0000
2008-01-26,0.0000,2.0000
2008-01-27,0.0000,2.0000
2008-01-28,0.0000,2.0000
2008-01-29,0.0000,2.0000
2008-01-30,10.0000,0.8000
2008-01-31,10.0000,0.6000
2008-02-01,15.0000,0.9000
2008-02-02,12.0000,4.4000
2008-02-03,12.0000,3.3000
2008-02-04,11.0000,4.3000
2008-02-05,0.0000,2.0000
2008-02-06,0.0000,2.0000
2008-02-07,0.0000,2.0000
2008-02-08,0.0000,2.0000
2008-02-09,0.0000,2.0000
2008-02-10,0.0000,2.0000
2008-02-11,0.0000,2.0000
2008-02-12,0.0000,2.0000
2008-02-13,0.0000,2.0000
2008-02-14,0.0000,2.0000
2008-02-15,0.0000,2.0000
2008-02-16,0.0000,2.0000
2008-02-17,0.0000,2.0000
2008-02-18,0.0000,2.0000
2008-02-19,0.0000,2.0000
2008-02-20,0.0000,2.0000
2008-02-21,0.0000,2.0000
2008-02-22,0.0000,2.0000
2008-02-23,0.0000,2.0000
2008-02-24,0.0000,2.0000
2008-02-25,11.0000,4.0000
2008-02-26,11.0000,1.7000
2008-02-27,11.0000,2.7000
2008-02-28,0.0000,2.0000
2008-02-29,0.0000,2.0000
2008-03-01,0.0000,2.0000
2008-03-02,0.0000,2.0000
2008-03-03,12.0000,1.6000
2008-03-04,0.0000,2.0000
2008-03-05,0.0000,2.0000
2008-03-06,13.0000,2.5000
2008-03-07,0.0000,2.0000
2008-03-08,0.0000,2.0000
2008-03-09,0.0000,2.0000
2008-03-10,15.0000,3.8000
2008-03-11,0.0000,2.0000
2008-03-12,0.0000,2.0000
2008-03-13,0.0000,2.0000
2008-03-14,0.0000,2.0000
2008-03-15,12.0000,5.3000
2008-03-16,12.0000,3.9000
2008-03-17,12.0000,4.0000
2008-03-18,0.0000,2.0000
2008-03-19,0.0000,2.0000
2008-03-20,0.0000,2.0000
2008-03-21,0.0000,2.0000
2008-03-22,0.0000,2.0000
2008-03-23,0.0000,2.0000
2008-03-24,32.0000,1.9000
2008-03-25,54.0000,3.1000
2008-03-26,60.0000,4.3000
2008-03-27,59.0000,3.3000
2008-03-28,57.0000,2.8000
2008-03-29,50.0000,2.2000
2008-03-30,52.0000,2.1000
2008-03-31,42.0000,3.5000
2008-04-01,20.0000,1.4000
2008-04-02,11.0000,1.3000
2008-04-03,11.0000,0.7000
2008-04-04,9.0000,2.8000
2008-04-05,0.0000,2.0000
2008-04-06,0.0000,2.0000
2008-04-07,0.0000,2.0000
2008-04-08,0.0000,2.0000
2008-04-09,0.0000,2.0000
2008-04-10,0.0000,2.0000
2008-04-11,0.0000,2.0000
2008-04-12,0.0000,2.0000
2008-04-13,9.0000,5.6000
2008-04-14,9.0000,2.9000
2008-04-15,0.0000,2.0000
2008-04-16,0.0000,2.0000
2008-04-17,0.0000,2.0000
2008-04-18,0.0000,2.0000
2008-04-19,10.0000,4.0000
2008-04-20,0.0000,2.0000
2008-04-21,0.0000,2.0000
2008-04-22,10.0000,1.9000
2008-04-23,10.0000,0.8000
2008-04-24,9.0000,1.9000
2008-04-25,0.0000,2.0000
2008-04-26,0.0000,2.0000
2008-04-27,0.0000,2.0000
2008-04-28,0.0000,2.0000
2008-04-29,0.0000,2.0000
2008-04-30,0.0000,2.0000
2008-05-01,10.0000,7.9000
2008-05-02,0.0000,2.0000
2008-05-03,0.0000,2.0000
2008-05-04,10.0000,1.7000
2008-05-05,12.0000,3.4000
2008-05-06,0.0000,2.0000
2008-05-07,0.0000,2.0000
2008-05-08,0.0000,2.0000
2008-05-09,0.0000,2.0000
2008-05-10,0.0000,2.0000
2008-05-11,0.0000,2.0000
2008-05-12,0.0000,2.0000
2008-05-13,12.0000,4.6000
2008-05-14,0.0000,2.0000
2008-05-15,13.0000,9.4000
2008-05-16,20.0000,4.0000
2008-05-17,17.0000,2.6000
2008-05-18,22.0000,3.2000
2008-05-19,16.0000,2.8000
2008-05-20,10.0000,2.1000
2008-05-21,0.0000,2.0000
2008-05-22,0.0000,2.0000
2008-05-23,0.0000,2.0000
2008-05-24,0.0000,2.0000
2008-05-25,0.0000,2.0000
2008-05-26,0.0000,2.0000
2008-05-27,0.0000,2.0000
2008-05-28,0.0000,2.0000
2008-05-29,0.0000,2.0000
2008-05-30,0.0000,2.0000
2008-05-31,0.0000,2.0000
2008-06-01,0.0000,2.0000
2008-06-02,0.0000,2.0000
2008-06-03,0.0000,2.0000
2008-06-04,0.0000,2.0000
2008-06-05,14.0000,5.7000
2008-06-06,0.0000,2.0000
2008-06-07,0.0000,2.0000
2008-06-08,0.0000,2.0000
2008-06-09,0.0000,2.0000
2008-06-10,14.0000,1.3000
2008-06-11,12.0000,0.7000
2008-06-12,11.0000,0.7000
2008-06-13,12.0000,4.0000
2008-06-14,0.0000,2.0000
2008-06-15,11.0000,7.4000
2008-06-16,11.0000,1.1000
2008-06-17,11.0000,0.7000
2008-06-18,12.0000,0.8000
2008-06-19,11.0000,0.6000
2008-06-20,12.0000,0.9000
2008-06-21,12.0000,1.0000
2008-06-22,12.0000,1.8000
2008-06-23,0.0000,2.0000
2008-06-24,0.0000,2.0000
2008-06-25,0.0000,2.0000
2008-06-26,0.0000,2.0000
2008-06-27,0.0000,2.0000
2008-06-28,0.0000,2.0000
2008-06-29,0.0000,2.0000
2008-06-30,0.0000,2.0000
2008-07-01,0.0000,2.0000
2008-07-02,0.0000,2.0000
2008-07-03,0.0000,2.0000
2008-07-04,0.0000,2.0000
2008-07-05,0.0000,2.0000
2008-07-06,0.0000,2.0000
2008-07-07,0.0000,2.0000
2008-07-08,0.0000,2.0000
2008-07-09,0.0000,2.0000
2008-07-10,0.0000,2.0000
2008-07-11,0.0000,2.0000
2008-07-12,0.0000,2.0000
2008-07-13,0.0000,2.0000
2008-07-14,0.0000,2.0000
2008-07-15,0.0000,2.0000
2008-07-16,0.0000,2.0000
2008-07-17,0.0000,2.0000
2008-07-18,6.0000,1.5000
2008-07-19,7.0000,1.0000
2008-07-20,6.0000,3.2000
2008-07-21,0.0000,2.0000
2008-07-22,0.0000,2.0000
2008-07-23,0.0000,2.0000
2008-07-24,0.0000,2.0000
2008-07-25,0.0000,2.0000
2008-07-26,0.0000,2.0000
2008-07-27,0.0000,2.0000
2008-07-28,0.0000,2.0000
2008-07-29,0.0000,2.0000
2008-07-30,0.0000,2.0000
2008-07-31,0.0000,2.0000
2008-08-01,0.0000,2.0000
2008-08-02,0.0000,2.0000
2008-08-03,0.0000,2.0000
2008-08-04,0.0000,2.0000
2008-08-05,0.0000,2.0000
2008-08-06,0.0000,2.0000
2008-08-07,0.0000,2.0000
2008-08-08,0.0000,2.0000
2008-08-09,0.0000,2.0000
2008-08-10,0.0000,2.0000
2008-08-11,0.0000,2.0000
2008-08-12,0.0000,2.0000
2008-08-13,0.0000,2.0000
2008-08-14,0.0000,2.0000
2008-08-15,0.0000,2.0000
2008-08-16,0.0000,2.0000
2008-08-17,0.0000,2.0000
2008-08-18,0.0000,2.0000
2008-08-19,0.0000,2.0000
2008-08-20,0.0000,2.0000
2008-08-21,5.0000,1.9000
2008-08-22,5.0000,3.2000
2008-08-23,0.0000,2.0000
2008-08-24,0.0000,2.0000
2008-08-25,0.0000,2.0000
2008-08-26,0.0000,2.0000
2008-08-27,0.0000,2.0000
2008-08-28,0.0000,2.0000
2008-08-29,0.0000,2.0000
2008-08-30,0.0000,2.0000
2008-08-31,0.0000,2.0000
2008-09-01,0.0000,2.0000
2008-09-02,0.0000,2.0000
2008-09-03,0.0000,2.0000
2008-09-04,0.0000,2.0000
2008-09-05,0.0000,2.0000
2008-09-06,0.0000,2.0000
2008-09-07,0.0000,2.0000
2008-09-08,0.0000,2.0000
2008-09-09,0.0000,2.0000
2008-09-10,0.0000,2.0000
2008-09-11,7.0000,4.7000
2008-09-12,0.0000,2.0000
2008-09-13,0.0000,2.0000
2008-09-14,0.0000,2.0000
2008-09-15,0.0000,2.0000
2008-09-16,0.0000,2.0000
2008-09-17,0.0000,2.0000
2008-09-18,0.0000,2.0000
2008-09-19,0.0000,2.0000
2008-09-20,0.0000,2.0000
2008-09-21,0.0000,2.0000
2008-09-22,9.0000,1.0000
2008-09-23,10.0000,1.9000
2008-09-24,0.0000,2.0000
2008-09-25,0.0000,2.0000
2008-09-26,0.0000,2.0000
2008-09-27,0.0000,2.0000
2008-09-28,0.0000,2.0000
2008-09-29,9.0000,6.7000
2008-09-30,0.0000,2.0000
2008-10-01,0.0000,2.0000
2008-10-02,0.0000,2.0000
2008-10-03,0.0000,2.0000
2008-10-04,10.0000,6.5000
2008-10-05,0.0000,2.0000
2008-10-06,0.0000,2.0000
2008-10-07,0.0000,2.0000
2008-10-08,0.0000,2.0000
2008-10-09,0.0000,2.0000
2008-10-10,10.0000,7.1000
2008-10-11,13.0000,0.6000
2008-10-12,16.0000,1.2000
2008-10-13,13.0000,0.9000
2008-10-14,13.0000,0.7000
2008-10-15,12.0000,0.6000
2008-10-16,17.0000,4.4000
2008-10-17,12.0000,5.4000
2008-10-18,0.0000,2.0000
2008-10-19,0.0000,2.0000
2008-10-20,0.0000,2.0000
2008-10-21,0.0000,2.0000
2008-10-22,0.0000,2.0000
2008-10-23,0.0000,2.0000
2008-10-24,0.0000,2.0000
2008-10-25,0.0000,2.0000
2008-10-26,0.0000,2.0000
2008-10-27,0.0000,2.0000
2008-10-28,0.0000,2.0000
2008-10-29,0.0000,2.0000
2008-10-30,0.0000,2.0000
2008-10-31,13.0000,2.7000
2008-11-01,15.0000,4.7000
2008-11-02,18.0000,0.8000
2008-11-03,18.0000,0.8000
2008-11-04,16.0000,1.7000
2008-11-05,13.0000,1.7000
2008-11-06,11.0000,2.1000
2008-11-07,0.0000,2.0000
2008-11-08,0.0000,2.0000
2008-11-09,0.0000,2.0000
2008-11-10,0.0000,2.0000
2008-11-11,20.0000,2.3000
2008-11-12,23.0000,2.5000
2008-11-13,15.0000,1.5000
2008-11-14,13.0000,0.7000
2008-11-15,13.0000,0.8000
2008-11-16,13.0000,0.8000
2008-11-17,11.0000,6.2000
2008-11-18,0.0000,2.0000
2008-11-19,0.0000,2.0000
2008-11-20,0.0000,2.0000
2008-11-21,0.0000,2.0000
2008-11-22,0.0000,2.0000
2008-11-23,0.0000,2.0000
2008-11-24,0.0000,2.0000
2008-11-25,0.0000,2.0000
2008-11-26,0.0000,2.0000
2008-11-27,0.0000,2.0000
2008-11-28,0.0000,2.0000
2008-11-29,0.0000,2.0000
2008-11-30,0.0000,2.0000
2008-12-01,0.0000,2.0000
2008-12-02,0.0000,2.0000
2008-12-03,0.0000,2.0000
2008-12-04,0.0000,2.0000
2008-12-05,0.0000,2.0000
2008-12-06,0.0000,2.0000
2008-12-07,0.0000,2.0000
2008-12-08,0.0000,2.0000
2008-12-09,0.0000,2.0000
2008-12-10,11.0000,2.3000
2008-12-11,10.0000,1.5000
2008-12-12,11.0000,2.2000
2008-12-13,0.0000,2.0000
2008-12-14,0.0000,2.0000
2008-12-15,0.0000,2.0000
2008-12-16,0.0000,2.0000
2008-12-17,0.0000,2.0000
2008-12-18,0.0000,2.0000
2008-12-19,0.0000,2.0000
2008-12-20,0.0000,2.0000
2008-12-21,0.0000,2.0000
2008-12-22,0.0000,2.0000
2008-12-23,0.0000,2.0000
2008-12-24,0.0000,2.0000
2008-12-25,0.0000,2.0000
2008-12-26,0.0000,2.0000
2008-12-27,0.0000,2.0000
2008-12-28,0.0000,2.0000
2008-12-29,0.0000,2.0000
2008-12-30,0.0000,2.0000
2008-12-31,0.0000,2.0000
2009-01-01,0.0000,2.0000
2009-01-02,0.0000,2.0000
2009-01-03,0.0000,2.0000
2009-01-04,0.0000,2.0000
2009-01-05,0.0000,2.0000
2009-01-06,0.0000,2.0000
2009-01-07,0.0000,2.0000
2009-01-08,0.0000,2.0000
2009-01-09,7.0000,0.9000
2009-01-10,9.0000,0.9000
2009-01-11,10.0000,0.8000
2009-01-12,8.0000,0.6000
2009-01-13,0.0000,2.0000
2009-01-14,0.0000,2.0000
2009-01-15,0.0000,2.0000
2009-01-16,0.0000,2.0000
2009-01-17,0.0000,2.0000
2009-01-18,0.0000,2.0000
2009-01-19,7.0000,2.0000
2009-01-20,0.0000,2.0000
2009-01-21,0.0000,2.0000
2009-01-22,0.0000,2.0000
2009-01-23,0.0000,2.0000
2009-01-24,0.0000,2.0000
2009-01-25,0.0000,2.0000
2009-01-26,0.0000,2.0000
2009-01-27,0.0000,2.0000
2009-01-28,0.0000,2.0000
2009-01-29,0.0000,2.0000
2009-01-30,0.0000,2.0000
2009-01-31,0.0000,2.0000
2009-02-01,0.0000,2.0000
2009-02-02,0.0000,2.0000
2009-02-03,0.0000,2.0000
2009-02-04,0.0000,2.0000
2009-02-05,0.0000,2.0000
2009-02-06,0.0000,2.0000
2009-02-07,0.0000,2.0000
2009-02-08,0.0000,2.0000
2009-02-09,0.0000,2.0000
2009-02-10,0.0000,2.0000
2009-02-11,7.0000,2.8000
2009-02-12,6.0000,1.1000
2009-02-13,6.0000,5.0000
2009-02-14,0.0000,2.0000
2009-02-15,0.0000,2.0000
2009-02-16,0.0000,2.0000
2009-02-17,0.0000,2.0000
2009-02-18,0.0000,2.0000
2009-02-19,0.0000,2.0000
2009-02-20,0.0000,2.0000
2009-02-21,0.0000,2.0000
2009-02-22,0.0000,2.0000
2009-02-23,0.0000,2.0000
2009-02-24,7.0000,2.3000
2009-02-25,7.0000,3.8000
2009-02-26,0.0000,2.0000
2009-02-27,0.0000,2.0000
2009-02-28,0.0000,2.0000
2009-03-01,0.0000,2.0000
2009-03-02,0.0000,2.0000
2009-03-03,0.0000,2.0000
2009-03-04,0.0000,2.0000
2009-03-05,0.0000,2.0000
2009-03-06,7.0000,1.3000
2009-03-07,7.0000,2.1000
2009-03-08,0.0000,2.0000
2009-03-09,0.0000,2.0000
2009-03-10,0.0000,2.0000
2009-03-11,0.0000,2.0000
2009-03-12,0.0000,2.0000
2009-03-13,0.0000,2.0000
2009-03-14,0.0000,2.0000
2009-03-15,0.0000,2.0000
2009-03-16,0.0000,2.0000
2009-03-17,0.0000,2.0000
2009-03-18,0.0000,2.0000
2009-03-19,0.0000,2.0000
2009-03-20,0.0000,2.0000
2009-03-21,0.0000,2.0000
2009-03-22,0.0000,2.0000
2009-03-23,0.0000,2.0000
2009-03-24,0.0000,2.0000
2009-03-25,0.0000,2.0000
2009-03-26,6.0000,2.7000
2009-03-27,0.0000,2.0000
2009-03-28,0.0000,2.0000
2009-03-29,0.0000,2.0000
2009-03-30,0.0000,2.0000
2009-03-31,0.0000,2.0000
2009-04-01,0.0000,2.0000
2009-04-02,0.0000,2.0000
2009-04-03,0.0000,2.0000
2009-04-04,0.0000,2.0000
2009-04-05,0.0000,2.0000
2009-04-06,0.0000,2.0000
2009-04-07,0.0000,2.0000
2009-04-08,0.0000,2.0000
2009-04-09,0.0000,2.0000
2009-04-10,0.0000,2.0000
2009-04-11,0.0000,2.0000
2009-04-12,0.0000,2.0000
2009-04-13,0.0000,2.0000
2009-04-14,0.0000,2.0000
2009-04-15,0.0000,2.0000
2009-04-16,0.0000,2.0000
2009-04-17,0.0000,2.0000
2009-04-18,0.0000,2.0000
2009-04-19,0.0000,2.0000
2009-04-20,0.0000,2.0000
2009-04-21,11.0000,3.9000
2009-04-22,0.0000,2.0000
2009-04-23,0.0000,2.0000
2009-04-24,0.0000,2.0000
2009-04-25,0.0000,2.0000
2009-04-26,0.0000,2.0000
2009-04-27,0.0000,2.0000
2009-04-28,0.0000,2.0000
2009-04-29,13.0000,4.1000
2009-04-30,13.0000,2.4000
2009-05-01,0.0000,2.0000
2009-05-02,0.0000,2.0000
2009-05-03,0.0000,2.0000
2009-05-04,7.0000,4.0000
2009-05-05,0.0000,2.0000
2009-05-06,0.0000,2.0000
2009-05-07,0.0000,2.0000
2009-05-08,0.0000,2.0000
2009-05-09,0.0000,2.0000
2009-05-10,0.0000,2.0000
2009-05-11,0.0000,2.0000
2009-05-12,0.0000,2.0000
2009-05-13,7.0000,2.6000
2009-05-14,10.0000,2.3000
2009-05-15,9.0000,1.9000
2009-05-16,8.0000,2.1000
2009-05-17,9.0000,2.9000
2009-05-18,8.0000,1.5000
2009-05-19,7.0000,5.3000
2009-05-20,0.0000,2.0000
2009-05-21,0.0000,2.0000
2009-05-22,8.0000,2.0000
2009-05-23,8.0000,2.3000
2009-05-24,0.0000,2.0000
2009-05-25,0.0000,2.0000
2009-05-26,0.0000,2.0000
2009-05-27,0.0000,2.0000
2009-05-28,0.0000,2.0000
2009-05-29,0.0000,2.0000
2009-05-30,0.0000,2.0000
2009-05-31,10.0000,2.9000
2009-06-01,24.0000,1.9000
2009-06-02,26.0000,2.4000
2009-06-03,24.0000,2.1000
2009-06-04,19.0000,1.5000
2009-06-05,17.0000,4.2000
2009-06-06,0.0000,2.0000
2009-06-07,0.0000,2.0000
2009-06-08,0.0000,2.0000
2009-06-09,0.0000,2.0000
2009-06-10,0.0000,2.0000
2009-06-11,0.0000,2.0000
2009-06-12,0.0000,2.0000
2009-06-13,0.0000,2.0000
2009-06-14,0.0000,2.0000
2009-06-15,0.0000,2.0000
2009-06-16,0.0000,2.0000
2009-06-17,15.0000,5.0000
2009-06-18,0.0000,2.0000
2009-06-19,0.0000,2.0000
2009-06-20,0.0000,2.0000
2009-06-21,15.0000,8.8000
2009-06-22,17.0000,3.1000
2009-06-23,15.0000,2.3000
2009-06-24,17.0000,2.3000
2009-06-25,0.0000,2.0000
2009-06-26,0.0000,2.0000
2009-06-27,0.0000,2.0000
2009-06-28,0.0000,2.0000
2009-06-29,0.0000,2.0000
2009-06-30,0.0000,2.0000
2009-07-01,0.0000,2.0000
2009-07-02,0.0000,2.0000
2009-07-03,0.0000,2.0000
2009-07-04,24.0000,2.8000
2009-07-05,27.0000,2.4000
2009-07-06,24.0000,2.4000
2009-07-07,19.0000,2.0000
2009-07-08,21.0000,1.9000
2009-07-09,17.0000,2.6000
2009-07-10,15.0000,2.4000
2009-07-11,0.0000,2.0000
2009-07-12,0.0000,2.0000
2009-07-13,0.0000,2.0000
2009-07-14,0.0000,2.0000
2009-07-15,0.0000,2.0000
2009-07-16,0.0000,2.0000
2009-07-17,0.0000,2.0000
2009-07-18,0.0000,2.0000
2009-07-19,0.0000,2.0000
2009-07-20,0.0000,2.0000
2009-07-21,0.0000,2.0000
2009-07-22,0.0000,2.0000
2009-07-23,12.0000,4.2000
2009-07-24,0.0000,2.0000
2009-07-25,0.0000,2.0000
2009-07-26,0.0000,2.0000
2009-07-27,0.0000,2.0000
2009-07-28,0.0000,2.0000
2009-07-29,0.0000,2.0000
2009-07-30,12.0000,7.2000
2009-07-31,0.0000,2.0000
2009-08-01,0.0000,2.0000
2009-08-02,0.0000,2.0000
2009-08-03,0.0000,2.0000
2009-08-04,0.0000,2.0000
2009-08-05,0.0000,2.0000
2009-08-06,0.0000,2.0000
2009-08-07,0.0000,2.0000
2009-08-08,0.0000,2.0000
2009-08-09,0.0000,2.0000
2009-08-10,0.0000,2.0000
2009-08-11,0.0000,2.0000
2009-08-12,0.0000,2.0000
2009-08-13,0.0000,2.0000
2009-08-14,0.0000,2.0000
2009-08-15,0.0000,2.0000
2009-08-16,0.0000,2.0000
2009-08-17,0.0000,2.0000
2009-08-18,0.0000,2.0000
2009-08-19,0.0000,2.0000
2009-08-20,0.0000,2.0000
2009-08-21,0.0000,2.0000
2009-08-22,0.0000,2.0000
2009-08-23,0.0000,2.0000
2009-08-24,0.0000,2.0000
2009-08-25,0.0000,2.0000
2009-08-26,0.0000,2.0000
2009-08-27,0.0000,2.0000
2009-08-28,0.0000,2.0000
2009-08-29,0.0000,2.0000
2009-08-30,0.0000,2.0000
2009-08-31,0.0000,2.0000
2009-09-01,13.0000,3.1000
2009-09-02,0.0000,2.0000
2009-09-03,0.0000,2.0000
2009-09-04,0.0000,2.0000
2009-09-05,0.0000,2.0000
2009-09-06,0.0000,2.0000
2009-09-07,0.0000,2.0000
2009-09-08,0.0000,2.0000
2009-09-09,0.0000,2.0000
2009-09-10,0.0000,2.0000
2009-09-11,0.0000,2.0000
2009-09-12,0.0000,2.0000
2009-09-13,0.0000,2.0000
2009-09-14,0.0000,2.0000
2009-09-15,0.0000,2.0000
2009-09-16,0.0000,2.0000
2009-09-17,0.0000,2.0000
2009-09-18,0.0000,2.0000
2009-09-19,0.0000,2.0000
2009-09-20,0.0000,2.0000
2009-09-21,13.0000,3.4000
2009-09-22,22.0000,3.9000
2009-09-23,33.0000,1.9000
2009-09-24,33.0000,3.1000
2009-09-25,28.0000,2.8000
2009-09-26,15.0000,1.7000
2009-09-27,12.0000,0.7000
2009-09-28,17.0000,1.8000
2009-09-29,15.0000,2.4000
2009-09-30,12.0000,2.1000
2009-10-01,11.0000,5.3000
2009-10-02,0.0000,2.0000
2009-10-03,0.0000,2.0000
2009-10-04,0.0000,2.0000
2009-10-05,0.0000,2.0000
2009-10-06,0.0000,2.0000
2009-10-07,0.0000,2.0000
2009-10-08,0.0000,2.0000
2009-10-09,0.0000,2.0000
2009-10-10,0.0000,2.0000
2009-10-11,13.0000,6.2000
2009-10-12,0.0000,2.0000
2009-10-13,0.0000,2.0000
2009-10-14,0.0000,2.0000
2009-10-15,0.0000,2.0000
2009-10-16,0.0000,2.0000
2009-10-17,0.0000,2.0000
2009-10-18,0.0000,2.0000
2009-10-19,0.0000,2.0000
2009-10-20,0.0000,2.0000
2009-10-21,0.0000,2.0000
2009-10-22,0.0000,2.0000
2009-10-23,18.0000,3.9000
2009-10-24,26.0000,3.5000
2009-10-25,30.0000,4.9000
2009-10-26,32.0000,2.6000
2009-10-27,32.0000,2.8000
2009-10-28,32.0000,3.5000
2009-10-29,26.0000,1.8000
2009-10-30,18.0000,1.2000
2009-10-31,0.0000,2.0000
2009-11-01,0.0000,2.0000
2009-11-02,0.0000,2.0000
2009-11-03,0.0000,2.0000
2009-11-04,0.0000,2.0000
2009-11-05,12.0000,3.8000
2009-11-06,13.0000,2.0000
2009-11-07,0.0000,2.0000
2009-11-08,0.0000,2.0000
2009-11-09,13.0000,2.3000
2009-11-10,12.0000,1.3000
2009-11-11,12.0000,3.9000
2009-11-12,0.0000,2.0000
2009-11-13,12.0000,4.1000
2009-11-14,13.0000,7.6000
2009-11-15,12.0000,1.5000
2009-11-16,13.0000,2.4000
2009-11-17,0.0000,2.0000
2009-11-18,12.0000,3.6000
2009-11-19,29.0000,6.2000
2009-11-20,25.0000,4.4000
2009-11-21,15.0000,2.6000
2009-11-22,13.0000,4.0000
2009-11-23,0.0000,2.0000
2009-11-24,0.0000,2.0000
2009-11-25,0.0000,2.0000
2009-11-26,0.0000,2.0000
2009-11-27,0.0000,2.0000
2009-11-28,0.0000,2.0000
2009-11-29,0.0000,2.0000
2009-11-30,0.0000,2.0000
2009-12-01,0.0000,2.0000
2009-12-02,0.0000,2.0000
2009-12-03,0.0000,2.0000
2009-12-04,0.0000,2.0000
2009-12-05,0.0000,2.0000
2009-12-06,0.0000,2.0000
2009-12-07,0.0000,2.0000
2009-12-08,0.0000,2.0000
2009-12-09,11.0000,7.7000
2009-12-10,12.0000,1.4000
2009-12-11,12.0000,1.7000
2009-12-12,12.0000,1.2000
2009-12-13,14.0000,1.6000
2009-12-14,30.0000,2.6000
2009-12-15,36.0000,4.0000
2009-12-16,33.0000,2.5000
2009-12-17,26.0000,2.2000
2009-12-18,23.0000,2.1000
2009-12-19,24.0000,2.4000
2009-12-20,44.0000,3.8000
2009-12-21,46.0000,6.8000
2009-12-22,33.0000,4.6000
2009-12-23,26.0000,4.6000
2009-12-24,20.0000,8.8000
2009-12-25,0.0000,2.0000
2009-12-26,14.0000,6.6000
2009-12-27,15.0000,0.8000
2009-12-28,18.0000,1.3000
2009-12-29,18.0000,0.7000
2009-12-30,18.0000,0.9000
2009-12-31,21.0000,1.0000
2010-01-01,18.0000,1.3000
2010-01-02,21.0000,1.2000
2010-01-03,16.0000,2.0000
2010-01-04,15.0000,0.8000
2010-01-05,10.0000,2.3000
2010-01-06,0.0000,2.0000
2010-01-07,0.0000,2.0000
2010-01-08,15.0000,4.6000
2010-01-09,15.0000,1.3000
2010-01-10,22.0000,2.1000
2010-01-11,37.0000,2.8000
2010-01-12,35.0000,3.1000
2010-01-13,31.0000,2.1000
2010-01-14,26.0000,2.1000
2010-01-15,26.0000,1.3000
2010-01-16,23.0000,1.9000
2010-01-17,18.0000,0.9000
2010-01-18,13.0000,2.7000
2010-01-19,0.0000,2.0000
2010-01-20,13.0000,3.6000
2010-01-21,18.0000,1.1000
2010-01-22,31.0000,3.8000
2010-01-23,38.0000,2.4000
2010-01-24,38.0000,2.2000
2010-01-25,34.0000,2.2000
2010-01-26,25.0000,3.3000
2010-01-27,13.0000,1.2000
2010-01-28,12.0000,0.7000
2010-01-29,12.0000,0.5000
2010-01-30,12.0000,5.8000
2010-01-31,16.0000,0.9000
2010-02-01,17.0000,0.7000
2010-02-02,14.0000,0.7000
2010-02-03,14.0000,0.8000
2010-02-04,12.0000,0.7000
2010-02-05,12.0000,1.4000
2010-02-06,36.0000,3.1000
2010-02-07,38.0000,3.8000
2010-02-08,59.0000,2.7000
2010-02-09,56.0000,3.6000
2010-02-10,50.0000,5.1000
2010-02-11,44.0000,3.0000
2010-02-12,41.0000,3.7000
2010-02-13,43.0000,3.8000
2010-02-14,33.0000,3.1000
2010-02-15,30.0000,1.5000
2010-02-16,30.0000,2.8000
2010-02-17,43.0000,8.2000
2010-02-18,23.0000,2.7000
2010-02-19,20.0000,1.2000
2010-02-20,20.0000,1.1000
2010-02-21,17.0000,1.0000
2010-02-22,17.0000,2.7000
2010-02-23,15.0000,1.7000
2010-02-24,30.0000,2.9000
2010-02-25,29.0000,1.4000
2010-02-26,27.0000,2.5000
2010-02-27,14.0000,2.1000
2010-02-28,14.0000,1.7000
2010-03-01,23.0000,2.6000
2010-03-02,37.0000,3.6000
2010-03-03,36.0000,3.2000
2010-03-04,39.0000,3.4000
2010-03-05,28.0000,7.5000
2010-03-06,0.0000,2.0000
2010-03-07,12.0000,3.4000
2010-03-08,17.0000,13.1000
2010-03-09,0.0000,2.0000
2010-03-10,0.0000,2.0000
2010-03-11,34.0000,2.0000
2010-03-12,36.0000,2.8000
2010-03-13,31.0000,3.3000
2010-03-14,33.0000,2.2000
2010-03-15,27.0000,3.2000
2010-03-16,23.0000,2.9000
2010-03-17,28.0000,2.4000
2010-03-18,30.0000,2.4000
2010-03-19,22.0000,2.3000
2010-03-20,14.0000,1.5000
2010-03-21,22.0000,3.2000
2010-03-22,17.0000,1.9000
2010-03-23,14.0000,3.2000
2010-03-24,17.0000,1.2000
2010-03-25,23.0000,2.9000
2010-03-26,22.0000,1.9000
2010-03-27,34.0000,2.9000
2010-03-28,31.0000,2.4000
2010-03-29,33.0000,2.1000
2010-03-30,33.0000,2.2000
2010-03-31,27.0000,1.5000
2010-04-01,22.0000,1.2000
2010-04-02,22.0000,1.1000
2010-04-03,24.0000,1.3000
2010-04-04,33.0000,5.3000
2010-04-05,34.0000,3.3000
2010-04-06,25.0000,1.9000
2010-04-07,21.0000,2.2000
2010-04-08,29.0000,4.7000
2010-04-09,9.0000,1.0000
2010-04-10,10.0000,2.5000
2010-04-11,10.0000,6.8000
2010-04-12,10.0000,1.5000
2010-04-13,9.0000,1.6000
2010-04-14,0.0000,2.0000
2010-04-15,0.0000,2.0000
2010-04-16,0.0000,2.0000
2010-04-17,0.0000,2.0000
2010-04-18,0.0000,2.0000
2010-04-19,0.0000,2.0000
2010-04-20,0.0000,2.0000
2010-04-21,9.0000,5.3000
2010-04-22,9.0000,4.1000
2010-04-23,0.0000,2.0000
2010-04-24,0.0000,2.0000
2010-04-25,16.0000,8.2000
2010-04-26,0.0000,2.0000
2010-04-27,0.0000,2.0000
2010-04-28,10.0000,5.1000
2010-04-29,0.0000,2.0000
2010-04-30,9.0000,2.9000
2010-05-01,13.0000,2.7000
2010-05-02,21.0000,5.8000
2010-05-03,40.0000,5.4000
2010-05-04,51.0000,5.6000
2010-05-05,47.0000,3.7000
2010-05-06,19.0000,4.5000
2010-05-07,16.0000,4.3000
2010-05-08,16.0000,6.9000
2010-05-09,0.0000,2.0000
2010-05-10,0.0000,2.0000
2010-05-11,0.0000,2.0000
2010-05-12,0.0000,2.0000
2010-05-13,0.0000,2.0000
2010-05-14,0.0000,2.0000
2010-05-15,0.0000,2.0000
2010-05-16,0.0000,2.0000
2010-05-17,0.0000,2.0000
2010-05-18,0.0000,2.0000
2010-05-19,0.0000,2.0000
2010-05-20,0.0000,2.0000
2010-05-21,14.0000,1.5000
2010-05-22,21.0000,0.8000
2010-05-23,22.0000,1.3000
2010-05-24,19.0000,1.1000
2010-05-25,24.0000,2.7000
2010-05-26,16.0000,1.7000
2010-05-27,13.0000,1.3000
2010-05-28,13.0000,1.5000
2010-05-29,19.0000,4.8000
2010-05-30,29.0000,6.1000
2010-05-31,18.0000,5.7000
2010-06-01,15.0000,2.7000
2010-06-02,18.0000,1.1000
2010-06-03,21.0000,1.2000
2010-06-04,28.0000,2.8000
2010-06-05,26.0000,2.5000
2010-06-06,12.0000,1.1000
2010-06-07,18.0000,6.6000
2010-06-08,14.0000,1.6000
2010-06-09,29.0000,2.6000
2010-06-10,39.0000,3.6000
2010-06-11,46.0000,5.0000
2010-06-12,46.0000,4.7000
2010-06-13,25.0000,3.5000
2010-06-14,14.0000,4.7000
2010-06-15,0.0000,2.0000
2010-06-16,0.0000,2.0000
2010-06-17,12.0000,2.6000
2010-06-18,12.0000,1.4000
2010-06-19,26.0000,3.7000
2010-06-20,18.0000,1.9000
2010-06-21,14.0000,1.4000
2010-06-22,15.0000,1.5000
2010-06-23,14.0000,0.8000
2010-06-24,12.0000,1.7000
2010-06-25,17.0000,4.7000
2010-06-26,18.0000,4.3000
2010-06-27,11.0000,1.8000
2010-06-28,11.0000,0.7000
2010-06-29,22.0000,2.9000
2010-06-30,11.0000,0.8000
2010-07-01,13.0000,1.5000
2010-07-02,13.0000,3.4000
2010-07-03,13.0000,0.8000
2010-07-04,14.0000,2.6000
2010-07-05,27.0000,2.1000
2010-07-06,25.0000,2.3000
2010-07-07,13.0000,1.5000
2010-07-08,13.0000,1.6000
2010-07-09,17.0000,5.6000
2010-07-10,22.0000,3.9000
2010-07-11,36.0000,4.5000
2010-07-12,34.0000,3.4000
2010-07-13,30.0000,4.3000
2010-07-14,17.0000,2.4000
2010-07-15,25.0000,3.6000
2010-07-16,16.0000,2.5000
2010-07-17,14.0000,2.8000
2010-07-18,14.0000,2.8000
2010-07-19,14.0000,3.2000
2010-07-20,30.0000,3.7000
2010-07-21,31.0000,2.8000
2010-07-22,36.0000,3.1000
2010-07-23,44.0000,5.0000
2010-07-24,47.0000,5.5000
2010-07-25,39.0000,3.5000
2010-07-26,33.0000,4.4000
2010-07-27,19.0000,3.6000
2010-07-28,34.0000,3.8000
2010-07-29,38.0000,3.5000
2010-07-30,31.0000,2.9000
2010-07-31,30.0000,4.0000
2010-08-01,24.0000,2.6000
2010-08-02,24.0000,3.0000
2010-08-03,14.0000,2.1000
2010-08-04,32.0000,2.7000
2010-08-05,51.0000,4.7000
2010-08-06,51.0000,3.7000
2010-08-07,48.0000,3.2000
2010-08-08,38.0000,2.7000
2010-08-09,55.0000,3.3000
2010-08-10,58.0000,4.6000
2010-08-11,67.0000,4.6000
2010-08-12,50.0000,5.5000
2010-08-13,41.0000,4.2000
2010-08-14,33.0000,3.4000
2010-08-15,38.0000,3.4000
2010-08-16,51.0000,7.2000
2010-08-17,26.0000,2.2000
2010-08-18,23.0000,3.2000
2010-08-19,15.0000,4.7000
2010-08-20,12.0000,5.1000
2010-08-21,0.0000,2.0000
2010-08-22,0.0000,2.0000
2010-08-23,0.0000,2.0000
2010-08-24,12.0000,2.2000
2010-08-25,23.0000,2.9000
2010-08-26,23.0000,2.9000
2010-08-27,12.0000,1.0000
2010-08-28,12.0000,1.3000
2010-08-29,27.0000,1.6000
2010-08-30,29.0000,2.5000
2010-08-31,30.0000,1.6000
2010-09-01,30.0000,3.2000
2010-09-02,58.0000,3.9000
2010-09-03,49.0000,4.4000
2010-09-04,58.0000,6.1000
2010-09-05,43.0000,2.9000
2010-09-06,29.0000,3.6000
2010-09-07,14.0000,2.6000
2010-09-08,0.0000,2.0000
2010-09-09,0.0000,2.0000
2010-09-10,16.0000,12.7000
2010-09-11,12.0000,1.6000
2010-09-12,13.0000,1.9000
2010-09-13,26.0000,2.8000
2010-09-14,27.0000,4.1000
2010-09-15,27.0000,2.5000
2010-09-16,43.0000,3.2000
2010-09-17,53.0000,3.5000
2010-09-18,51.0000,4.1000
2010-09-19,49.0000,3.6000
2010-09-20,39.0000,3.5000
2010-09-21,38.0000,2.9000
2010-09-22,36.0000,3.2000
2010-09-23,39.0000,2.8000
2010-09-24,39.0000,2.1000
2010-09-25,39.0000,1.7000
2010-09-26,49.0000,3.2000
2010-09-27,56.0000,4.0000
2010-09-28,55.0000,4.5000
2010-09-29,55.0000,3.9000
2010-09-30,48.0000,5.9000
2010-10-01,36.0000,4.4000
2010-10-02,27.0000,3.2000
2010-10-03,29.0000,2.2000
2010-10-04,21.0000,6.0000
2010-10-05,13.0000,5.2000
2010-10-06,0.0000,2.0000
2010-10-07,0.0000,2.0000
2010-10-08,0.0000,2.0000
2010-10-09,13.0000,9.8000
2010-10-10,13.0000,2.0000
2010-10-11,13.0000,0.7000
2010-10-12,13.0000,1.2000
2010-10-13,23.0000,2.6000
2010-10-14,37.0000,3.7000
2010-10-15,41.0000,2.0000
2010-10-16,49.0000,2.7000
2010-10-17,57.0000,3.4000
2010-10-18,60.0000,4.5000
2010-10-19,63.0000,6.3000
2010-10-20,51.0000,4.6000
2010-10-21,36.0000,1.9000
2010-10-22,36.0000,2.0000
2010-10-23,44.0000,3.0000
2010-10-24,60.0000,4.3000
2010-10-25,67.0000,4.2000
2010-10-26,63.0000,4.3000
2010-10-27,41.0000,3.9000
2010-10-28,31.0000,3.5000
2010-10-29,39.0000,4.0000
2010-10-30,33.0000,4.0000
2010-10-31,34.0000,2.8000
2010-11-01,21.0000,3.1000
2010-11-02,18.0000,2.1000
2010-11-03,18.0000,2.5000
2010-11-04,14.0000,1.6000
2010-11-05,27.0000,4.6000
2010-11-06,35.0000,5.9000
2010-11-07,37.0000,2.8000
2010-11-08,37.0000,2.6000
2010-11-09,30.0000,2.9000
2010-11-10,48.0000,4.8000
2010-11-11,51.0000,5.4000
2010-11-12,48.0000,4.9000
2010-11-13,69.0000,5.5000
2010-11-14,61.0000,4.3000
2010-11-15,61.0000,5.4000
2010-11-16,59.0000,5.0000
2010-11-17,56.0000,2.7000
2010-11-18,46.0000,3.6000
2010-11-19,42.0000,2.0000
2010-11-20,32.0000,2.6000
2010-11-21,27.0000,2.6000
2010-11-22,24.0000,2.6000
2010-11-23,26.0000,3.1000
2010-11-24,13.0000,1.2000
2010-11-25,24.0000,3.0000
2010-11-26,14.0000,1.9000
2010-11-27,13.0000,2.8000
2010-11-28,27.0000,4.5000
2010-11-29,29.0000,2.6000
2010-11-30,24.0000,1.9000
2010-12-01,32.0000,2.3000
2010-12-02,36.0000,1.7000
2010-12-03,41.0000,3.3000
2010-12-04,53.0000,5.9000
2010-12-05,44.0000,3.7000
2010-12-06,29.0000,2.5000
2010-12-07,31.0000,3.2000
2010-12-08,31.0000,1.9000
2010-12-09,29.0000,2.6000
2010-12-10,36.0000,3.9000
2010-12-11,27.0000,4.6000
2010-12-12,27.0000,4.4000
2010-12-13,47.0000,5.0000
2010-12-14,27.0000,3.9000
2010-12-15,14.0000,2.0000
2010-12-16,24.0000,2.8000
2010-12-17,12.0000,1.8000
2010-12-18,0.0000,2.0000
2010-12-19,0.0000,2.0000
2010-12-20,0.0000,2.0000
2010-12-21,0.0000,2.0000
2010-12-22,17.0000,7.5000
2010-12-23,17.0000,5.8000
2010-12-24,14.0000,2.8000
2010-12-25,25.0000,5.6000
2010-12-26,34.0000,6.5000
2010-12-27,17.0000,2.2000
2010-12-28,22.0000,1.9000
2010-12-29,19.0000,1.5000
2010-12-30,14.0000,2.8000
2010-12-31,42.0000,3.2000
2011-01-01,48.0000,3.6000
2011-01-02,48.0000,3.4000
2011-01-03,47.0000,2.1000
2011-01-04,48.0000,4.1000
2011-01-05,36.0000,4.0000
2011-01-06,28.0000,4.5000
2011-01-07,35.0000,3.1000
2011-01-08,25.0000,3.5000
2011-01-09,32.0000,4.7000
2011-01-10,26.0000,3.4000
2011-01-11,25.0000,1.8000
2011-01-12,22.0000,2.2000
2011-01-13,13.0000,2.5000
2011-01-14,0.0000,2.0000
2011-01-15,12.0000,3.8000
2011-01-16,20.0000,2.5000
2011-01-17,28.0000,3.2000
2011-01-18,32.0000,2.3000
2011-01-19,26.0000,2.7000
2011-01-20,29.0000,3.1000
2011-01-21,33.0000,3.8000
2011-01-22,32.0000,2.4000
2011-01-23,33.0000,3.5000
2011-01-24,29.0000,1.7000
2011-01-25,28.0000,1.7000
2011-01-26,25.0000,1.6000
2011-01-27,20.0000,4.0000
2011-01-28,13.0000,3.3000
2011-01-29,15.0000,2.9000
2011-01-30,19.0000,2.1000
2011-01-31,20.0000,1.1000
2011-02-01,24.0000,2.8000
2011-02-02,21.0000,4.2000
2011-02-03,29.0000,2.3000
2011-02-04,36.0000,4.1000
2011-02-05,26.0000,4.0000
2011-02-06,18.0000,6.2000
2011-02-07,15.0000,2.8000
2011-02-08,64.0000,9.9000
2011-02-09,51.0000,2.7000
2011-02-10,34.0000,2.8000
2011-02-11,57.0000,4.5000
2011-02-12,60.0000,2.5000
2011-02-13,78.0000,5.8000
2011-02-14,87.0000,7.9000
2011-02-15,83.0000,7.0000
2011-02-16,78.0000,7.6000
2011-02-17,65.0000,4.6000
2011-02-18,85.0000,5.8000
2011-02-19,82.0000,4.5000
2011-02-20,69.0000,7.8000
2011-02-21,47.0000,4.2000
2011-02-22,38.0000,2.8000
2011-02-23,31.0000,1.9000
2011-02-24,24.0000,5.4000
2011-02-25,13.0000,4.0000
2011-02-26,42.0000,6.9000
2011-02-27,44.0000,2.5000
2011-02-28,51.0000,4.8000
2011-03-01,62.0000,6.1000
2011-03-02,56.0000,3.8000
2011-03-03,73.0000,8.9000
2011-03-04,99.0000,5.8000
2011-03-05,116.0000,8.8000
2011-03-06,130.0000,8.5000
2011-03-07,138.0000,11.1000
2011-03-08,141.0000,9.2000
2011-03-09,113.0000,9.8000
2011-03-10,83.0000,9.5000
2011-03-11,83.0000,5.1000
2011-03-12,83.0000,7.6000
2011-03-13,93.0000,8.6000
2011-03-14,61.0000,6.4000
2011-03-15,48.0000,3.6000
2011-03-16,38.0000,2.9000
2011-03-17,38.0000,5.6000
2011-03-18,28.0000,3.0000
2011-03-19,32.0000,4.9000
2011-03-20,30.0000,4.8000
2011-03-21,24.0000,1.1000
2011-03-22,45.0000,3.5000
2011-03-23,42.0000,3.8000
2011-03-24,55.0000,6.6000
2011-03-25,97.0000,8.0000
2011-03-26,101.0000,5.7000
2011-03-27,118.0000,7.7000
2011-03-28,124.0000,8.2000
2011-03-29,104.0000,6.9000
2011-03-30,96.0000,5.9000
2011-03-31,87.0000,10.5000
2011-04-01,67.0000,4.1000
2011-04-02,63.0000,4.4000
2011-04-03,60.0000,2.9000
2011-04-04,67.0000,3.9000
2011-04-05,56.0000,3.6000
2011-04-06,57.0000,3.7000
2011-04-07,81.0000,8.0000
2011-04-08,84.0000,5.4000
2011-04-09,78.0000,8.0000
2011-04-10,56.0000,4.4000
2011-04-11,67.0000,4.5000
2011-04-12,92.0000,4.6000
2011-04-13,111.0000,7.6000
2011-04-14,123.0000,10.5000
2011-04-15,127.0000,6.9000
2011-04-16,92.0000,9.6000
2011-04-17,71.0000,5.4000
2011-04-18,71.0000,4.9000
2011-04-19,71.0000,5.6000
2011-04-20,73.0000,5.0000
2011-04-21,80.0000,5.3000
2011-04-22,87.0000,7.1000
2011-04-23,78.0000,6.0000
2011-04-24,64.0000,7.9000
2011-04-25,56.0000,8.4000
2011-04-26,74.0000,7.6000
2011-04-27,73.0000,7.3000
2011-04-28,62.0000,5.1000
2011-04-29,62.0000,5.0000
2011-04-30,80.0000,4.1000
2011-05-01,70.0000,6.1000
2011-05-02,55.0000,4.3000
2011-05-03,71.0000,4.8000
2011-05-04,76.0000,7.6000
2011-05-05,76.0000,7.4000
2011-05-06,45.0000,3.9000
2011-05-07,43.0000,3.7000
2011-05-08,63.0000,6.6000
2011-05-09,84.0000,6.4000
2011-05-10,90.0000,7.8000
2011-05-11,66.0000,5.9000
2011-05-12,46.0000,4.5000
2011-05-13,36.0000,3.4000
2011-05-14,52.0000,4.0000
2011-05-15,57.0000,5.5000
2011-05-16,57.0000,3.3000
2011-05-17,50.0000,3.6000
2011-05-18,41.0000,3.8000
2011-05-19,36.0000,2.0000
2011-05-20,35.0000,2.1000
2011-05-21,36.0000,3.4000
2011-05-22,56.0000,9.5000
2011-05-23,31.0000,4.9000
2011-05-24,11.0000,1.7000
2011-05-25,24.0000,3.5000
2011-05-26,42.0000,2.9000
2011-05-27,63.0000,3.8000
2011-05-28,73.0000,4.0000
2011-05-29,98.0000,5.3000
2011-05-30,115.0000,4.5000
2011-05-31,106.0000,6.5000
2011-06-01,126.0000,6.9000
2011-06-02,135.0000,7.5000
2011-06-03,130.0000,7.5000
2011-06-04,115.0000,7.0000
2011-06-05,80.0000,6.2000
2011-06-06,70.0000,6.6000
2011-06-07,58.0000,3.4000
2011-06-08,45.0000,4.0000
2011-06-09,39.0000,4.9000
2011-06-10,33.0000,4.5000
2011-06-11,23.0000,3.3000
2011-06-12,17.0000,1.8000
2011-06-13,15.0000,2.5000
2011-06-14,36.0000,3.2000
2011-06-15,52.0000,3.3000
2011-06-16,59.0000,3.7000
2011-06-17,59.0000,3.6000
2011-06-18,61.0000,5.5000
2011-06-19,47.0000,4.5000
2011-06-20,39.0000,4.6000
2011-06-21,50.0000,8.0000
2011-06-22,50.0000,3.9000
2011-06-23,58.0000,4.6000
2011-06-24,65.0000,4.6000
2011-06-25,50.0000,2.9000
2011-06-26,27.0000,4.6000
2011-06-27,15.0000,2.1000
2011-06-28,38.0000,5.5000
2011-06-29,41.0000,5.3000
2011-06-30,49.0000,3.4000
2011-07-01,56.0000,2.2000
2011-07-02,44.0000,4.5000
2011-07-03,41.0000,2.6000
2011-07-04,46.0000,3.4000
2011-07-05,32.0000,2.0000
2011-07-06,34.0000,2.2000
2011-07-07,38.0000,3.7000
2011-07-08,63.0000,6.0000
2011-07-09,49.0000,4.9000
2011-07-10,59.0000,5.6000
2011-07-11,75.0000,4.3000
2011-07-12,72.0000,2.8000
2011-07-13,68.0000,5.9000
2011-07-14,68.0000,3.6000
2011-07-15,82.0000,5.5000
2011-07-16,74.0000,4.9000
2011-07-17,93.0000,4.7000
2011-07-18,115.0000,7.4000
2011-07-19,109.0000,5.3000
2011-07-20,71.0000,5.3000
2011-07-21,60.0000,4.2000
2011-07-22,54.0000,2.9000
2011-07-23,43.0000,3.0000
2011-07-24,43.0000,7.7000
2011-07-25,29.0000,4.3000
2011-07-26,43.0000,3.7000
2011-07-27,63.0000,6.4000
2011-07-28,96.0000,6.4000
2011-07-29,90.0000,7.1000
2011-07-30,91.0000,4.5000
2011-07-31,99.0000,4.2000
2011-08-01,107.0000,7.8000
2011-08-02,95.0000,8.5000
2011-08-03,81.0000,6.8000
2011-08-04,92.0000,5.0000
2011-08-05,88.0000,6.6000
2011-08-06,79.0000,3.8000
2011-08-07,79.0000,3.8000
2011-08-08,70.0000,4.8000
2011-08-09,61.0000,5.8000
2011-08-10,36.0000,3.2000
2011-08-11,38.0000,4.8000
2011-08-12,29.0000,4.7000
2011-08-13,18.0000,8.1000
2011-08-14,0.0000,2.0000
2011-08-15,12.0000,2.1000
2011-08-16,31.0000,3.6000
2011-08-17,51.0000,4.0000
2011-08-18,59.0000,4.6000
2011-08-19,60.0000,4.5000
2011-08-20,59.0000,5.0000
2011-08-21,73.0000,4.5000
2011-08-22,92.0000,7.3000
2011-08-23,98.0000,6.4000
2011-08-24,70.0000,5.9000
2011-08-25,65.0000,8.1000
2011-08-26,86.0000,7.9000
2011-08-27,77.0000,5.4000
2011-08-28,64.0000,4.9000
2011-08-29,56.0000,4.3000
2011-08-30,90.0000,6.1000
2011-08-31,125.0000,6.2000
2011-09-01,131.0000,8.3000
2011-09-02,136.0000,6.9000
2011-09-03,140.0000,9.5000
2011-09-04,105.0000,8.2000
2011-09-05,114.0000,8.2000
2011-09-06,89.0000,6.0000
2011-09-07,72.0000,5.4000
2011-09-08,54.0000,2.5000
2011-09-09,72.0000,4.1000
2011-09-10,80.0000,4.1000
2011-09-11,94.0000,7.1000
2011-09-12,139.0000,9.3000
2011-09-13,145.0000,8.0000
2011-09-14,169.0000,9.4000
2011-09-15,191.0000,11.9000
2011-09-16,191.0000,14.6000
2011-09-17,160.0000,13.2000
2011-09-18,143.0000,9.2000
2011-09-19,142.0000,10.2000
2011-09-20,123.0000,12.4000
2011-09-21,108.0000,8.3000
2011-09-22,109.0000,9.7000
2011-09-23,91.0000,7.1000
2011-09-24,116.0000,6.0000
2011-09-25,122.0000,9.8000
2011-09-26,112.0000,10.5000
2011-09-27,103.0000,7.7000
2011-09-28,109.0000,9.0000
2011-09-29,128.0000,7.9000
2011-09-30,116.0000,7.5000
2011-10-01,118.0000,8.8000
2011-10-02,118.0000,6.4000
2011-10-03,113.0000,8.2000
2011-10-04,128.0000,8.6000
2011-10-05,100.0000,8.2000
2011-10-06,100.0000,5.3000
2011-10-07,89.0000,6.4000
2011-10-08,69.0000,2.7000
2011-10-09,79.0000,3.9000
2011-10-10,90.0000,4.3000
2011-10-11,124.0000,9.2000
2011-10-12,146.0000,9.2000
2011-10-13,161.0000,8.0000
2011-10-14,170.0000,12.3000
2011-10-15,148.0000,9.5000
2011-10-16,154.0000,8.3000
2011-10-17,176.0000,11.7000
2011-10-18,156.0000,11.6000
2011-10-19,141.0000,6.9000
2011-10-20,183.0000,9.8000
2011-10-21,194.0000,10.2000
2011-10-22,174.0000,10.0000
2011-10-23,134.0000,10.0000
2011-10-24,130.0000,12.0000
2011-10-25,110.0000,9.0000
2011-10-26,104.0000,9.5000
2011-10-27,93.0000,7.2000
2011-10-28,101.0000,12.5000
2011-10-29,94.0000,14.0000
2011-10-30,103.0000,6.6000
2011-10-31,96.0000,8.5000
2011-11-01,125.0000,10.6000
2011-11-02,128.0000,9.3000
2011-11-03,125.0000,9.1000
2011-11-04,99.0000,5.5000
2011-11-05,114.0000,6.8000
2011-11-06,145.0000,6.7000
2011-11-07,173.0000,9.9000
2011-11-08,171.0000,9.8000
2011-11-09,177.0000,9.0000
2011-11-10,170.0000,11.4000
2011-11-11,162.0000,6.8000
2011-11-12,157.0000,5.7000
2011-11-13,162.0000,10.0000
2011-11-14,164.0000,12.9000
2011-11-15,141.0000,9.0000
2011-11-16,125.0000,8.9000
2011-11-17,121.0000,10.2000
2011-11-18,132.0000,14.2000
2011-11-19,128.0000,13.3000
2011-11-20,137.0000,11.6000
2011-11-21,127.0000,9.2000
2011-11-22,138.0000,11.9000
2011-11-23,142.0000,15.7000
2011-11-24,131.0000,8.4000
2011-11-25,158.0000,10.5000
2011-11-26,131.0000,9.2000
2011-11-27,124.0000,5.9000
2011-11-28,98.0000,7.5000
2011-11-29,135.0000,8.8000
2011-11-30,132.0000,10.1000
2011-12-01,129.0000,8.8000
2011-12-02,127.0000,16.1000
2011-12-03,154.0000,7.1000
2011-12-04,162.0000,8.9000
2011-12-05,151.0000,9.9000
2011-12-06,151.0000,9.4000
2011-12-07,132.0000,8.9000
2011-12-08,159.0000,13.0000
2011-12-09,114.0000,6.0000
2011-12-10,102.0000,7.7000
2011-12-11,93.0000,7.6000
2011-12-12,76.0000,6.4000
2011-12-13,81.0000,4.2000
2011-12-14,78.0000,3.1000
2011-12-15,57.0000,6.3000
2011-12-16,75.0000,4.3000
2011-12-17,90.0000,5.3000
2011-12-18,100.0000,5.3000
2011-12-19,115.0000,6.5000
2011-12-20,108.0000,8.6000
2011-12-21,109.0000,11.0000
2011-12-22,103.0000,7.3000
2011-12-23,103.0000,4.4000
2011-12-24,84.0000,4.6000
2011-12-25,97.0000,4.4000
2011-12-26,117.0000,9.9000
2011-12-27,114.0000,15.6000
2011-12-28,109.0000,13.7000
2011-12-29,112.0000,8.4000
2011-12-30,93.0000,6.0000
2011-12-31,93.0000,5.9000
2012-01-01,71.0000,4.7000
2012-01-02,92.0000,7.9000
2012-01-03,120.0000,7.4000
2012-01-04,126.0000,9.2000
2012-01-05,109.0000,6.8000
2012-01-06,113.0000,4.6000
2012-01-07,113.0000,6.3000
2012-01-08,104.0000,7.0000
2012-01-09,79.0000,4.0000
2012-01-10,70.0000,5.5000
2012-01-11,63.0000,5.1000
2012-01-12,52.0000,3.4000
2012-01-13,71.0000,4.9000
2012-01-14,118.0000,5.6000
2012-01-15,149.0000,10.7000
2012-01-16,154.0000,8.8000
2012-01-17,141.0000,9.0000
2012-01-18,126.0000,7.4000
2012-01-19,105.0000,8.5000
2012-01-20,102.0000,10.3000
2012-01-21,112.0000,6.1000
2012-01-22,109.0000,6.1000
2012-01-23,113.0000,9.1000
2012-01-24,86.0000,9.2000
2012-01-25,76.0000,8.7000
2012-01-26,49.0000,4.1000
2012-01-27,65.0000,6.5000
2012-01-28,45.0000,3.7000
2012-01-29,57.0000,5.6000
2012-01-30,62.0000,5.9000
2012-01-31,75.0000,5.6000
2012-02-01,89.0000,7.0000
2012-02-02,59.0000,5.8000
2012-02-03,35.0000,2.9000
2012-02-04,38.0000,2.5000
2012-02-05,29.0000,2.5000
2012-02-06,42.0000,3.0000
2012-02-07,32.0000,4.8000
2012-02-08,13.0000,3.1000
2012-02-09,29.0000,3.8000
2012-02-10,46.0000,4.4000
2012-02-11,46.0000,3.3000
2012-02-12,49.0000,4.6000
2012-02-13,65.0000,4.0000
2012-02-14,58.0000,3.5000
2012-02-15,54.0000,3.4000
2012-02-16,48.0000,2.2000
2012-02-17,49.0000,3.1000
2012-02-18,55.0000,5.6000
2012-02-19,70.0000,3.7000
2012-02-20,64.0000,7.3000
2012-02-21,59.0000,4.1000
2012-02-22,44.0000,3.8000
2012-02-23,55.0000,5.3000
2012-02-24,58.0000,6.4000
2012-02-25,48.0000,2.9000
2012-02-26,48.0000,4.7000
2012-02-27,44.0000,4.7000
2012-02-28,39.0000,4.9000
2012-02-29,20.0000,2.8000
2012-03-01,24.0000,2.1000
2012-03-02,27.0000,2.3000
2012-03-03,63.0000,4.3000
2012-03-04,86.0000,5.7000
2012-03-05,108.0000,6.8000
2012-03-06,115.0000,7.4000
2012-03-07,106.0000,8.1000
2012-03-08,97.0000,8.1000
2012-03-09,110.0000,12.4000
2012-03-10,104.0000,14.5000
2012-03-11,116.0000,6.6000
2012-03-12,116.0000,7.7000
2012-03-13,96.0000,6.7000
2012-03-14,85.0000,6.0000
2012-03-15,88.0000,6.8000
2012-03-16,85.0000,6.9000
2012-03-17,88.0000,8.9000
2012-03-18,62.0000,5.2000
2012-03-19,74.0000,5.1000
2012-03-20,86.0000,5.5000
2012-03-21,77.0000,5.3000
2012-03-22,70.0000,7.3000
2012-03-23,71.0000,9.4000
2012-03-24,94.0000,8.6000
2012-03-25,89.0000,8.1000
2012-03-26,88.0000,6.8000
2012-03-27,84.0000,4.7000
2012-03-28,88.0000,5.5000
2012-03-29,106.0000,5.3000
2012-03-30,94.0000,8.9000
2012-03-31,89.0000,12.2000
2012-04-01,65.0000,8.3000
2012-04-02,79.0000,6.7000
2012-04-03,72.0000,4.9000
2012-04-04,64.0000,4.7000
2012-04-05,53.0000,5.7000
2012-04-06,53.0000,8.2000
2012-04-07,30.0000,4.0000
2012-04-08,25.0000,3.3000
2012-04-09,14.0000,3.5000
2012-04-10,16.0000,5.2000
2012-04-11,30.0000,4.8000
2012-04-12,58.0000,4.8000
2012-04-13,54.0000,3.0000
2012-04-14,51.0000,4.3000
2012-04-15,90.0000,9.8000
2012-04-16,61.0000,7.3000
2012-04-17,79.0000,4.6000
2012-04-18,112.0000,6.8000
2012-04-19,148.0000,10.0000
2012-04-20,168.0000,8.5000
2012-04-21,162.0000,12.9000
2012-04-22,146.0000,10.2000
2012-04-23,138.0000,5.6000
2012-04-24,134.0000,7.4000
2012-04-25,126.0000,6.8000
2012-04-26,117.0000,7.0000
2012-04-27,106.0000,5.9000
2012-04-28,112.0000,8.0000
2012-04-29,110.0000,9.3000
2012-04-30,104.0000,5.3000
2012-05-01,96.0000,7.9000
2012-05-02,95.0000,7.9000
2012-05-03,96.0000,5.3000
2012-05-04,87.0000,4.9000
2012-05-05,88.0000,5.2000
2012-05-06,87.0000,5.6000
2012-05-07,80.0000,5.9000
2012-05-08,85.0000,4.7000
2012-05-09,91.0000,6.9000
2012-05-10,96.0000,7.0000
2012-05-11,110.0000,13.3000
2012-05-12,101.0000,7.1000
2012-05-13,105.0000,7.0000
2012-05-14,119.0000,7.3000
2012-05-15,122.0000,6.3000
2012-05-16,137.0000,9.8000
2012-05-17,110.0000,8.5000
2012-05-18,102.0000,4.9000
2012-05-19,109.0000,10.2000
2012-05-20,116.0000,6.0000
2012-05-21,110.0000,7.5000
2012-05-22,80.0000,6.1000
2012-05-23,77.0000,6.5000
2012-05-24,87.0000,9.8000
2012-05-25,94.0000,4.9000
2012-05-26,80.0000,7.0000
2012-05-27,82.0000,4.2000
2012-05-28,109.0000,8.6000
2012-05-29,78.0000,4.5000
2012-05-30,73.0000,5.8000
2012-05-31,89.0000,7.6000
2012-06-01,121.0000,7.0000
2012-06-02,151.0000,9.8000
2012-06-03,165.0000,2.9000
2012-06-04,148.0000,8.0000
2012-06-05,151.0000,11.7000
2012-06-06,153.0000,10.2000
2012-06-07,127.0000,9.2000
2012-06-08,107.0000,7.1000
2012-06-09,106.0000,7.3000
2012-06-10,121.0000,6.8000
2012-06-11,128.0000,8.5000
2012-06-12,111.0000,6.6000
2012-06-13,113.0000,7.0000
2012-06-14,123.0000,5.9000
2012-06-15,117.0000,7.8000
2012-06-16,106.0000,8.3000
2012-06-17,88.0000,7.6000
2012-06-18,57.0000,4.1000
2012-06-19,51.0000,5.6000
2012-06-20,30.0000,2.7000
2012-06-21,16.0000,2.5000
2012-06-22,16.0000,1.7000
2012-06-23,16.0000,1.5000
2012-06-24,20.0000,4.1000
2012-06-25,17.0000,1.0000
2012-06-26,36.0000,3.1000
2012-06-27,70.0000,6.8000
2012-06-28,87.0000,4.6000
2012-06-29,103.0000,5.1000
2012-06-30,104.0000,3.6000
2012-07-01,126.0000,5.9000
2012-07-02,128.0000,10.2000
2012-07-03,125.0000,7.5000
2012-07-04,131.0000,8.4000
2012-07-05,129.0000,7.8000
2012-07-06,132.0000,8.2000
2012-07-07,146.0000,9.3000
2012-07-08,117.0000,8.1000
2012-07-09,122.0000,10.5000
2012-07-10,107.0000,8.4000
2012-07-11,110.0000,7.8000
2012-07-12,125.0000,11.0000
2012-07-13,129.0000,11.5000
2012-07-14,125.0000,8.2000
2012-07-15,117.0000,8.5000
2012-07-16,102.0000,5.3000
2012-07-17,86.0000,8.5000
2012-07-18,57.0000,3.8000
2012-07-19,38.0000,3.2000
2012-07-20,36.0000,4.6000
2012-07-21,29.0000,2.9000
2012-07-22,29.0000,3.2000
2012-07-23,63.0000,4.6000
2012-07-24,71.0000,5.2000
2012-07-25,68.0000,4.8000
2012-07-26,86.0000,5.2000
2012-07-27,110.0000,7.5000
2012-07-28,107.0000,6.5000
2012-07-29,111.0000,5.3000
2012-07-30,120.0000,6.0000
2012-07-31,122.0000,7.2000
2012-08-01,132.0000,8.0000
2012-08-02,143.0000,8.9000
2012-08-03,174.0000,10.9000
2012-08-04,152.0000,11.0000
2012-08-05,123.0000,7.0000
2012-08-06,98.0000,6.0000
2012-08-07,122.0000,6.8000
2012-08-08,123.0000,6.9000
2012-08-09,158.0000,10.5000
2012-08-10,131.0000,8.7000
2012-08-11,108.0000,6.2000
2012-08-12,98.0000,5.5000
2012-08-13,74.0000,3.6000
2012-08-14,33.0000,1.9000
2012-08-15,30.0000,2.2000
2012-08-16,32.0000,2.3000
2012-08-17,50.0000,3.9000
2012-08-18,54.0000,4.2000
2012-08-19,72.0000,5.2000
2012-08-20,80.0000,6.3000
2012-08-21,71.0000,3.2000
2012-08-22,69.0000,4.2000
2012-08-23,71.0000,5.1000
2012-08-24,71.0000,3.9000
2012-08-25,77.0000,4.6000
2012-08-26,78.0000,4.6000
2012-08-27,75.0000,4.0000
2012-08-28,80.0000,5.1000
2012-08-29,83.0000,6.4000
2012-08-30,126.0000,6.8000
2012-08-31,150.0000,9.9000
2012-09-01,145.0000,7.9000
2012-09-02,142.0000,7.4000
2012-09-03,171.0000,17.7000
2012-09-04,159.0000,12.5000
2012-09-05,122.0000,8.2000
2012-09-06,116.0000,7.5000
2012-09-07,95.0000,6.7000
2012-09-08,82.0000,3.5000
2012-09-09,89.0000,6.9000
2012-09-10,70.0000,5.6000
2012-09-11,76.0000,7.4000
2012-09-12,73.0000,4.2000
2012-09-13,58.0000,4.0000
2012-09-14,52.0000,2.7000
2012-09-15,61.0000,3.7000
2012-09-16,64.0000,4.7000
2012-09-17,55.0000,2.8000
2012-09-18,64.0000,4.5000
2012-09-19,67.0000,3.4000
2012-09-20,81.0000,4.2000
2012-09-21,84.0000,8.8000
2012-09-22,58.0000,4.0000
2012-09-23,75.0000,6.6000
2012-09-24,95.0000,7.2000
2012-09-25,136.0000,11.5000
2012-09-26,145.0000,16.2000
2012-09-27,113.0000,12.7000
2012-09-28,85.0000,4.9000
2012-09-29,79.0000,3.5000
2012-09-30,99.0000,9.7000
2012-10-01,78.0000,4.4000
2012-10-02,73.0000,3.3000
2012-10-03,63.0000,2.8000
2012-10-04,62.0000,2.7000
2012-10-05,60.0000,4.4000
2012-10-06,43.0000,2.9000
2012-10-07,40.0000,2.3000
2012-10-08,49.0000,4.7000
2012-10-09,70.0000,4.4000
2012-10-10,76.0000,5.0000
2012-10-11,73.0000,5.0000
2012-10-12,83.0000,4.0000
2012-10-13,80.0000,4.9000
2012-10-14,95.0000,5.6000
2012-10-15,119.0000,5.8000
2012-10-16,115.0000,9.2000
2012-10-17,102.0000,5.1000
2012-10-18,109.0000,6.1000
2012-10-19,95.0000,8.9000
2012-10-20,73.0000,5.5000
2012-10-21,82.0000,4.6000
2012-10-22,85.0000,4.7000
2012-10-23,92.0000,5.4000
2012-10-24,95.0000,5.7000
2012-10-25,79.0000,6.3000
2012-10-26,78.0000,6.8000
2012-10-27,67.0000,3.0000
2012-10-28,53.0000,2.2000
2012-10-29,69.0000,4.5000
2012-10-30,65.0000,5.3000
2012-10-31,50.0000,2.9000
2012-11-01,47.0000,3.4000
2012-11-02,45.0000,3.3000
2012-11-03,44.0000,5.1000
2012-11-04,45.0000,4.8000
2012-11-05,51.0000,5.0000
2012-11-06,47.0000,7.1000
2012-11-07,61.0000,5.1000
2012-11-08,65.0000,3.0000
2012-11-09,65.0000,5.2000
2012-11-10,79.0000,4.3000
2012-11-11,108.0000,7.2000
2012-11-12,122.0000,5.3000
2012-11-13,121.0000,6.8000
2012-11-14,133.0000,5.3000
2012-11-15,138.0000,5.3000
2012-11-16,142.0000,8.2000
2012-11-17,139.0000,10.9000
2012-11-18,132.0000,13.9000
2012-11-19,121.0000,11.2000
2012-11-20,105.0000,8.4000
2012-11-21,106.0000,6.1000
2012-11-22,95.0000,6.3000
2012-11-23,78.0000,5.0000
2012-11-24,82.0000,5.9000
2012-11-25,84.0000,7.7000
2012-11-26,72.0000,4.0000
2012-11-27,77.0000,4.9000
2012-11-28,77.0000,7.6000
2012-11-29,78.0000,4.4000
2012-11-30,70.0000,2.6000
2012-12-01,53.0000,2.5000
2012-12-02,47.0000,3.1000
2012-12-03,44.0000,2.6000
2012-12-04,54.0000,4.3000
2012-12-05,60.0000,5.8000
2012-12-06,28.0000,3.0000
2012-12-07,31.0000,2.3000
2012-12-08,50.0000,5.4000
2012-12-09,42.0000,2.8000
2012-12-10,43.0000,2.9000
2012-12-11,47.0000,2.8000
2012-12-12,67.0000,5.9000
2012-12-13,72.0000,5.9000
2012-12-14,60.0000,6.0000
2012-12-15,62.0000,7.7000
2012-12-16,65.0000,4.2000
2012-12-17,74.0000,4.3000
2012-12-18,60.0000,4.4000
2012-12-19,54.0000,4.8000
2012-12-20,56.0000,4.0000
2012-12-21,60.0000,4.5000
2012-12-22,78.0000,5.0000
2012-12-23,79.0000,6.0000
2012-12-24,57.0000,8.6000
2012-12-25,53.0000,4.8000
2012-12-26,57.0000,6.8000
2012-12-27,54.0000,6.9000
2012-12-28,53.0000,4.6000
2012-12-29,56.0000,7.1000
2012-12-30,56.0000,5.4000
2012-12-31,89.0000,5.5000
2013-01-01,99.0000,8.6000
2013-01-02,95.0000,4.0000
2013-01-03,130.0000,8.6000
2013-01-04,150.0000,7.9000
2013-01-05,162.0000,9.0000
2013-01-06,160.0000,5.3000
2013-01-07,145.0000,7.2000
2013-01-08,154.0000,7.1000
2013-01-09,156.0000,4.3000
2013-01-10,148.0000,10.7000
2013-01-11,163.0000,9.8000
2013-01-12,160.0000,7.5000
2013-01-13,128.0000,6.8000
2013-01-14,119.0000,5.6000
2013-01-15,110.0000,4.9000
2013-01-16,90.0000,7.1000
2013-01-17,63.0000,3.6000
2013-01-18,43.0000,6.6000
2013-01-19,47.0000,3.5000
2013-01-20,47.0000,3.0000
2013-01-21,37.0000,3.6000
2013-01-22,55.0000,3.9000
2013-01-23,60.0000,3.5000
2013-01-24,55.0000,2.6000
2013-01-25,49.0000,2.3000
2013-01-26,66.0000,3.4000
2013-01-27,72.0000,8.1000
2013-01-28,61.0000,6.4000
2013-01-29,52.0000,2.9000
2013-01-30,53.0000,3.5000
2013-01-31,49.0000,2.9000
2013-02-01,64.0000,3.5000
2013-02-02,72.0000,5.0000
2013-02-03,80.0000,6.2000
2013-02-04,38.0000,3.4000
2013-02-05,42.0000,2.3000
2013-02-06,43.0000,3.0000
2013-02-07,62.0000,3.3000
2013-02-08,59.0000,3.1000
2013-02-09,61.0000,3.1000
2013-02-10,48.0000,4.1000
2013-02-11,56.0000,4.6000
2013-02-12,64.0000,5.4000
2013-02-13,38.0000,4.5000
2013-02-14,35.0000,2.2000
2013-02-15,45.0000,5.0000
2013-02-16,40.0000,5.9000
2013-02-17,72.0000,5.6000
2013-02-18,109.0000,7.5000
2013-02-19,114.0000,4.0000
2013-02-20,107.0000,5.7000
2013-02-21,78.0000,4.3000
2013-02-22,67.0000,4.6000
2013-02-23,50.0000,4.7000
2013-02-24,30.0000,3.2000
2013-02-25,51.0000,3.1000
2013-02-26,53.0000,2.1000
2013-02-27,58.0000,3.3000
2013-02-28,70.0000,3.8000
2013-03-01,77.0000,3.7000
2013-03-02,96.0000,7.5000
2013-03-03,92.0000,7.7000
2013-03-04,88.0000,6.2000
2013-03-05,83.0000,5.5000
2013-03-06,77.0000,5.6000
2013-03-07,66.0000,9.7000
2013-03-08,73.0000,9.8000
2013-03-09,81.0000,6.5000
2013-03-10,100.0000,12.2000
2013-03-11,101.0000,6.6000
2013-03-12,115.0000,5.9000
2013-03-13,110.0000,5.2000
2013-03-14,123.0000,5.0000
2013-03-15,111.0000,5.7000
2013-03-16,110.0000,8.0000
2013-03-17,119.0000,8.2000
2013-03-18,107.0000,5.8000
2013-03-19,66.0000,5.9000
2013-03-20,51.0000,5.9000
2013-03-21,49.0000,4.7000
2013-03-22,49.0000,4.9000
2013-03-23,49.0000,3.3000
2013-03-24,41.0000,3.2000
2013-03-25,42.0000,2.6000
2013-03-26,30.0000,2.2000
2013-03-27,35.0000,4.1000
2013-03-28,47.0000,6.3000
2013-03-29,72.0000,2.8000
2013-03-30,73.0000,4.3000
2013-03-31,95.0000,5.4000
2013-04-01,79.0000,3.7000
2013-04-02,98.0000,6.2000
2013-04-03,101.0000,7.3000
2013-04-04,93.0000,10.6000
2013-04-05,114.0000,6.0000
2013-04-06,113.0000,4.5000
2013-04-07,126.0000,5.8000
2013-04-08,122.0000,8.4000
2013-04-09,136.0000,5.8000
2013-04-10,139.0000,6.2000
2013-04-11,126.0000,6.0000
2013-04-12,125.0000,7.7000
2013-04-13,117.0000,6.7000
2013-04-14,110.0000,5.8000
2013-04-15,93.0000,6.3000
2013-04-16,93.0000,4.9000
2013-04-17,95.0000,4.9000
2013-04-18,85.0000,4.4000
2013-04-19,87.0000,9.0000
2013-04-20,90.0000,7.4000
2013-04-21,93.0000,5.5000
2013-04-22,89.0000,5.8000
2013-04-23,82.0000,7.8000
2013-04-24,98.0000,5.6000
2013-04-25,111.0000,6.1000
2013-04-26,105.0000,6.2000
2013-04-27,107.0000,6.3000
2013-04-28,102.0000,6.9000
2013-04-29,141.0000,7.0000
2013-04-30,150.0000,11.4000
2013-05-01,142.0000,11.5000
2013-05-02,104.0000,7.1000
2013-05-03,98.0000,5.7000
2013-05-04,122.0000,5.7000
2013-05-05,110.0000,4.6000
2013-05-06,108.0000,5.6000
2013-05-07,116.0000,7.0000
2013-05-08,122.0000,7.8000
2013-05-09,116.0000,8.6000
2013-05-10,125.0000,6.5000
2013-05-11,134.0000,7.2000
2013-05-12,142.0000,7.6000
2013-05-13,153.0000,9.1000
2013-05-14,160.0000,9.4000
2013-05-15,173.0000,13.6000
2013-05-16,206.0000,11.0000
2013-05-17,183.0000,11.8000
2013-05-18,133.0000,11.5000
2013-05-19,127.0000,7.5000
2013-05-20,112.0000,8.2000
2013-05-21,113.0000,5.6000
2013-05-22,131.0000,10.9000
2013-05-23,108.0000,7.3000
2013-05-24,108.0000,10.4000
2013-05-25,118.0000,5.9000
2013-05-26,96.0000,9.3000
2013-05-27,92.0000,6.7000
2013-05-28,78.0000,6.0000
2013-05-29,72.0000,8.3000
2013-05-30,73.0000,8.3000
2013-05-31,50.0000,4.2000
2013-06-01,60.0000,4.2000
2013-06-02,77.0000,2.8000
2013-06-03,64.0000,5.0000
2013-06-04,51.0000,2.0000
2013-06-05,79.0000,3.9000
2013-06-06,76.0000,4.4000
2013-06-07,48.0000,4.2000
2013-06-08,26.0000,2.1000
2013-06-09,35.0000,3.1000
2013-06-10,26.0000,3.1000
2013-06-11,16.0000,1.5000
2013-06-12,29.0000,2.8000
2013-06-13,51.0000,5.6000
2013-06-14,64.0000,3.5000
2013-06-15,95.0000,4.8000
2013-06-16,104.0000,5.8000
2013-06-17,111.0000,5.3000
2013-06-18,113.0000,4.7000
2013-06-19,123.0000,5.4000
2013-06-20,129.0000,5.4000
2013-06-21,139.0000,8.0000
2013-06-22,137.0000,7.0000
2013-06-23,118.0000,8.3000
2013-06-24,108.0000,6.2000
2013-06-25,77.0000,9.1000
2013-06-26,60.0000,7.5000
2013-06-27,61.0000,5.3000
2013-06-28,75.0000,7.8000
2013-06-29,69.0000,4.8000
2013-06-30,80.0000,5.9000
2013-07-01,77.0000,6.1000
2013-07-02,112.0000,7.4000
2013-07-03,109.0000,10.8000
2013-07-04,121.0000,8.1000
2013-07-05,109.0000,8.6000
2013-07-06,124.0000,9.9000
2013-07-07,141.0000,8.4000
2013-07-08,122.0000,8.5000
2013-07-09,110.0000,6.2000
2013-07-10,80.0000,5.2000
2013-07-11,79.0000,8.3000
2013-07-12,73.0000,7.8000
2013-07-13,36.0000,4.5000
2013-07-14,60.0000,7.6000
2013-07-15,77.0000,5.6000
2013-07-16,77.0000,6.2000
2013-07-17,73.0000,4.2000
2013-07-18,95.0000,7.1000
2013-07-19,85.0000,10.0000
2013-07-20,59.0000,3.6000
2013-07-21,53.0000,3.0000
2013-07-22,57.0000,4.5000
2013-07-23,80.0000,8.4000
2013-07-24,70.0000,5.7000
2013-07-25,85.0000,5.8000
2013-07-26,71.0000,3.4000
2013-07-27,68.0000,3.5000
2013-07-28,73.0000,4.2000
2013-07-29,103.0000,5.2000
2013-07-30,89.0000,4.8000
2013-07-31,103.0000,6.4000
2013-08-01,96.0000,4.8000
2013-08-02,114.0000,6.7000
2013-08-03,107.0000,6.6000
2013-08-04,86.0000,6.4000
2013-08-05,82.0000,5.6000
2013-08-06,71.0000,5.9000
2013-08-07,86.0000,8.4000
2013-08-08,89.0000,7.2000
2013-08-09,64.0000,4.8000
2013-08-10,72.0000,4.8000
2013-08-11,81.0000,4.1000
2013-08-12,90.0000,6.2000
2013-08-13,108.0000,7.4000
2013-08-14,108.0000,8.6000
2013-08-15,124.0000,11.9000
2013-08-16,96.0000,5.8000
2013-08-17,100.0000,6.6000
2013-08-18,110.0000,8.2000
2013-08-19,134.0000,7.5000
2013-08-20,129.0000,6.9000
2013-08-21,146.0000,6.0000
2013-08-22,139.0000,7.3000
2013-08-23,138.0000,10.8000
2013-08-24,78.0000,7.0000
2013-08-25,50.0000,4.1000
2013-08-26,43.0000,4.1000
2013-08-27,56.0000,4.0000
2013-08-28,50.0000,2.8000
2013-08-29,53.0000,2.2000
2013-08-30,71.0000,5.3000
2013-08-31,74.0000,7.2000
2013-09-01,74.0000,4.9000
2013-09-02,90.0000,4.8000
2013-09-03,72.0000,3.2000
2013-09-04,78.0000,5.3000
2013-09-05,65.0000,4.2000
2013-09-06,49.0000,2.6000
2013-09-07,37.0000,5.4000
2013-09-08,25.0000,4.1000
2013-09-09,13.0000,1.6000
2013-09-10,18.0000,2.7000
2013-09-11,60.0000,9.2000
2013-09-12,52.0000,8.5000
2013-09-13,37.0000,4.9000
2013-09-14,25.0000,2.9000
2013-09-15,13.0000,0.6000
2013-09-16,25.0000,2.1000
2013-09-17,52.0000,10.7000
2013-09-18,63.0000,3.4000
2013-09-19,63.0000,5.1000
2013-09-20,90.0000,5.3000
2013-09-21,77.0000,4.0000
2013-09-22,79.0000,7.6000
2013-09-23,72.0000,5.4000
2013-09-24,65.0000,5.0000
2013-09-25,71.0000,7.2000
2013-09-26,54.0000,6.2000
2013-09-27,63.0000,6.2000
2013-09-28,56.0000,3.9000
2013-09-29,43.0000,3.3000
2013-09-30,53.0000,5.0000
2013-10-01,48.0000,4.2000
2013-10-02,60.0000,4.7000
2013-10-03,68.0000,4.7000
2013-10-04,79.0000,4.5000
2013-10-05,57.0000,3.8000
2013-10-06,47.0000,3.9000
2013-10-07,73.0000,6.9000
2013-10-08,96.0000,9.2000
2013-10-09,106.0000,6.3000
2013-10-10,120.0000,6.8000
2013-10-11,122.0000,8.6000
2013-10-12,112.0000,4.8000
2013-10-13,132.0000,6.7000
2013-10-14,128.0000,8.8000
2013-10-15,128.0000,9.6000
2013-10-16,119.0000,11.0000
2013-10-17,146.0000,10.0000
2013-10-18,155.0000,9.5000
2013-10-19,130.0000,7.6000
2013-10-20,114.0000,7.5000
2013-10-21,128.0000,9.1000
2013-10-22,118.0000,10.0000
2013-10-23,124.0000,11.4000
2013-10-24,144.0000,11.3000
2013-10-25,138.0000,11.9000
2013-10-26,132.0000,8.8000
2013-10-27,148.0000,7.8000
2013-10-28,147.0000,6.4000
2013-10-29,150.0000,10.2000
2013-10-30,146.0000,7.9000
2013-10-31,130.0000,8.6000
2013-11-01,106.0000,8.9000
2013-11-02,101.0000,4.1000
2013-11-03,123.0000,7.2000
2013-11-04,128.0000,10.8000
2013-11-05,122.0000,4.8000
2013-11-06,145.0000,5.9000
2013-11-07,166.0000,12.3000
2013-11-08,142.0000,11.4000
2013-11-09,104.0000,6.9000
2013-11-10,101.0000,6.8000
2013-11-11,113.0000,5.3000
2013-11-12,135.0000,10.2000
2013-11-13,152.0000,5.9000
2013-11-14,173.0000,9.4000
2013-11-15,166.0000,5.4000
2013-11-16,183.0000,11.6000
2013-11-17,192.0000,20.2000
2013-11-18,145.0000,12.0000
2013-11-19,113.0000,8.3000
2013-11-20,84.0000,6.0000
2013-11-21,72.0000,4.5000
2013-11-22,67.0000,5.1000
2013-11-23,62.0000,6.7000
2013-11-24,72.0000,6.2000
2013-11-25,40.0000,6.9000
2013-11-26,37.0000,3.5000
2013-11-27,73.0000,4.9000
2013-11-28,106.0000,6.1000
2013-11-29,98.0000,5.0000
2013-11-30,95.0000,6.2000
2013-12-01,124.0000,9.5000
2013-12-02,139.0000,9.0000
2013-12-03,110.0000,7.6000
2013-12-04,117.0000,5.8000
2013-12-05,110.0000,5.7000
2013-12-06,98.0000,5.2000
2013-12-07,89.0000,6.4000
2013-12-08,95.0000,7.2000
2013-12-09,142.0000,11.1000
2013-12-10,187.0000,9.8000
2013-12-11,176.0000,13.2000
2013-12-12,151.0000,12.2000
2013-12-13,144.0000,8.3000
2013-12-14,135.0000,9.3000
2013-12-15,135.0000,7.5000
2013-12-16,114.0000,12.9000
2013-12-17,121.0000,8.9000
2013-12-18,140.0000,10.5000
2013-12-19,140.0000,6.3000
2013-12-20,143.0000,9.3000
2013-12-21,140.0000,9.6000
2013-12-22,114.0000,12.2000
2013-12-23,111.0000,6.9000
2013-12-24,109.0000,5.5000
2013-12-25,96.0000,8.2000
2013-12-26,103.0000,6.9000
2013-12-27,106.0000,6.3000
2013-12-28,100.0000,7.0000
2013-12-29,124.0000,6.6000
2013-12-30,100.0000,10.0000
2013-12-31,136.0000,11.0000
2014-01-01,124.0000,6.2000
2014-01-02,133.0000,7.8000
2014-01-03,153.0000,8.1000
2014-01-04,136.0000,11.6000
2014-01-05,134.0000,11.3000
2014-01-06,167.0000,11.5000
2014-01-07,140.0000,10.2000
2014-01-08,107.0000,7.4000
2014-01-09,120.0000,9.7000
2014-01-10,137.0000,7.9000
2014-01-11,142.0000,9.9000
2014-01-12,133.0000,6.3000
2014-01-13,117.0000,8.4000
2014-01-14,96.0000,6.1000
2014-01-15,93.0000,5.1000
2014-01-16,80.0000,4.7000
2014-01-17,74.0000,5.5000
2014-01-18,116.0000,7.8000
2014-01-19,110.0000,6.6000
2014-01-20,133.0000,5.9000
2014-01-21,129.0000,8.9000
2014-01-22,154.0000,9.6000
2014-01-23,146.0000,10.6000
2014-01-24,116.0000,7.0000
2014-01-25,100.0000,5.5000
2014-01-26,97.0000,9.9000
2014-01-27,76.0000,8.7000
2014-01-28,77.0000,4.5000
2014-01-29,94.0000,3.2000
2014-01-30,99.0000,5.6000
2014-01-31,93.0000,9.5000
2014-02-01,94.0000,8.0000
2014-02-02,118.0000,12.6000
2014-02-03,127.0000,9.6000
2014-02-04,144.0000,13.8000
2014-02-05,167.0000,16.1000
2014-02-06,171.0000,10.0000
2014-02-07,147.0000,10.6000
2014-02-08,147.0000,9.4000
2014-02-09,147.0000,8.8000
2014-02-10,137.0000,7.6000
2014-02-11,158.0000,9.1000
2014-02-12,161.0000,8.6000
2014-02-13,147.0000,11.1000
2014-02-14,130.0000,7.9000
2014-02-15,113.0000,11.8000
2014-02-16,103.0000,7.3000
2014-02-17,106.0000,6.6000
2014-02-18,127.0000,6.1000
2014-02-19,126.0000,7.6000
2014-02-20,133.0000,8.5000
2014-02-21,136.0000,10.9000
2014-02-22,146.0000,10.6000
2014-02-23,158.0000,11.3000
2014-02-24,153.0000,8.4000
2014-02-25,171.0000,10.2000
2014-02-26,207.0000,14.5000
2014-02-27,220.0000,15.2000
2014-02-28,196.0000,16.0000
2014-03-01,155.0000,9.1000
2014-03-02,158.0000,11.7000
2014-03-03,161.0000,8.3000
2014-03-04,141.0000,5.7000
2014-03-05,154.0000,14.1000
2014-03-06,127.0000,9.8000
2014-03-07,134.0000,8.6000
2014-03-08,116.0000,8.6000
2014-03-09,111.0000,12.2000
2014-03-10,113.0000,8.6000
2014-03-11,111.0000,5.6000
2014-03-12,132.0000,9.9000
2014-03-13,112.0000,8.8000
2014-03-14,109.0000,5.8000
2014-03-15,111.0000,7.0000
2014-03-16,122.0000,6.2000
2014-03-17,126.0000,11.4000
2014-03-18,136.0000,10.4000
2014-03-19,141.0000,8.4000
2014-03-20,139.0000,8.5000
2014-03-21,126.0000,7.4000
2014-03-22,146.0000,8.4000
2014-03-23,151.0000,11.6000
2014-03-24,137.0000,7.8000
2014-03-25,136.0000,7.6000
2014-03-26,112.0000,5.9000
2014-03-27,115.0000,7.1000
2014-03-28,122.0000,8.4000
2014-03-29,118.0000,6.2000
2014-03-30,101.0000,6.3000
2014-03-31,118.0000,6.6000
2014-04-01,96.0000,5.6000
2014-04-02,114.0000,6.8000
2014-04-03,133.0000,7.3000
2014-04-04,158.0000,8.5000
2014-04-05,135.0000,6.5000
2014-04-06,121.0000,6.5000
2014-04-07,114.0000,7.5000
2014-04-08,117.0000,6.7000
2014-04-09,94.0000,8.6000
2014-04-10,65.0000,4.7000
2014-04-11,61.0000,4.0000
2014-04-12,73.0000,5.4000
2014-04-13,80.0000,5.9000
2014-04-14,105.0000,7.1000
2014-04-15,145.0000,7.6000
2014-04-16,187.0000,7.1000
2014-04-17,199.0000,9.6000
2014-04-18,178.0000,9.5000
2014-04-19,178.0000,13.1000
2014-04-20,173.0000,12.0000
2014-04-21,150.0000,9.6000
2014-04-22,123.0000,9.8000
2014-04-23,85.0000,3.1000
2014-04-24,72.0000,3.0000
2014-04-25,57.0000,3.3000
2014-04-26,45.0000,3.1000
2014-04-27,77.0000,5.0000
2014-04-28,80.0000,4.3000
2014-04-29,77.0000,4.0000
2014-04-30,82.0000,4.7000
2014-05-01,88.0000,4.4000
2014-05-02,115.0000,8.0000
2014-05-03,123.0000,7.0000
2014-05-04,127.0000,6.9000
2014-05-05,142.0000,6.0000
2014-05-06,148.0000,7.4000
2014-05-07,120.0000,7.3000
2014-05-08,132.0000,7.0000
2014-05-09,139.0000,8.5000
2014-05-10,123.0000,8.9000
2014-05-11,150.0000,7.8000
2014-05-12,154.0000,10.5000
2014-05-13,133.0000,7.9000
2014-05-14,166.0000,8.4000
2014-05-15,156.0000,8.5000
2014-05-16,133.0000,7.8000
2014-05-17,151.0000,7.2000
2014-05-18,138.0000,16.5000
2014-05-19,102.0000,7.8000
2014-05-20,87.0000,7.5000
2014-05-21,85.0000,7.1000
2014-05-22,66.0000,5.3000
2014-05-23,91.0000,5.6000
2014-05-24,109.0000,6.3000
2014-05-25,109.0000,6.6000
2014-05-26,91.0000,6.9000
2014-05-27,78.0000,6.7000
2014-05-28,70.0000,5.2000
2014-05-29,48.0000,4.3000
2014-05-30,55.0000,3.1000
2014-05-31,57.0000,4.2000
2014-06-01,64.0000,3.1000
2014-06-02,62.0000,5.1000
2014-06-03,74.0000,6.9000
2014-06-04,64.0000,6.4000
2014-06-05,87.0000,6.5000
2014-06-06,119.0000,8.9000
2014-06-07,133.0000,6.1000
2014-06-08,142.0000,10.4000
2014-06-09,156.0000,9.9000
2014-06-10,162.0000,10.1000
2014-06-11,174.0000,9.9000
2014-06-12,197.0000,8.7000
2014-06-13,182.0000,11.1000
2014-06-14,137.0000,8.9000
2014-06-15,74.0000,5.6000
2014-06-16,84.0000,8.2000
2014-06-17,95.0000,7.6000
2014-06-18,120.0000,6.8000
2014-06-19,95.0000,7.0000
2014-06-20,80.0000,4.0000
2014-06-21,93.0000,6.2000
2014-06-22,90.0000,6.1000
2014-06-23,77.0000,8.4000
2014-06-24,40.0000,4.4000
2014-06-25,55.0000,4.6000
2014-06-26,67.0000,4.1000
2014-06-27,67.0000,6.2000
2014-06-28,71.0000,7.5000
2014-06-29,93.0000,10.9000
2014-06-30,132.0000,8.1000
2014-07-01,134.0000,7.3000
2014-07-02,145.0000,8.2000
2014-07-03,167.0000,9.1000
2014-07-04,172.0000,11.3000
2014-07-05,194.0000,14.7000
2014-07-06,185.0000,12.8000
2014-07-07,197.0000,15.6000
2014-07-08,183.0000,10.7000
2014-07-09,162.0000,7.5000
2014-07-10,161.0000,8.1000
2014-07-11,144.0000,6.5000
2014-07-12,119.0000,7.0000
2014-07-13,86.0000,10.3000
2014-07-14,62.0000,7.1000
2014-07-15,18.0000,3.1000
2014-07-16,10.0000,3.2000
2014-07-17,0.0000,2.0000
2014-07-18,15.0000,2.0000
2014-07-19,35.0000,1.7000
2014-07-20,35.0000,4.6000
2014-07-21,17.0000,2.3000
2014-07-22,39.0000,3.1000
2014-07-23,65.0000,6.4000
2014-07-24,62.0000,4.2000
2014-07-25,64.0000,5.5000
2014-07-26,58.0000,4.3000
2014-07-27,78.0000,6.6000
2014-07-28,109.0000,6.1000
2014-07-29,137.0000,6.1000
2014-07-30,122.0000,5.7000
2014-07-31,131.0000,8.9000
2014-08-01,165.0000,8.7000
2014-08-02,165.0000,13.2000
2014-08-03,153.0000,10.0000
2014-08-04,146.0000,9.8000
2014-08-05,128.0000,10.0000
2014-08-06,113.0000,8.2000
2014-08-07,123.0000,9.3000
2014-08-08,89.0000,5.2000
2014-08-09,83.0000,10.4000
2014-08-10,62.0000,3.8000
2014-08-11,69.0000,4.4000
2014-08-12,75.0000,6.6000
2014-08-13,79.0000,5.9000
2014-08-14,86.0000,4.0000
2014-08-15,107.0000,7.6000
2014-08-16,109.0000,6.7000
2014-08-17,116.0000,5.5000
2014-08-18,105.0000,6.9000
2014-08-19,93.0000,5.6000
2014-08-20,102.0000,4.8000
2014-08-21,120.0000,6.1000
2014-08-22,125.0000,6.0000
2014-08-23,150.0000,12.0000
2014-08-24,149.0000,9.0000
2014-08-25,116.0000,6.3000
2014-08-26,86.0000,4.5000
2014-08-27,95.0000,7.6000
2014-08-28,82.0000,6.4000
2014-08-29,66.0000,4.1000
2014-08-30,76.0000,4.5000
2014-08-31,82.0000,4.2000
2014-09-01,96.0000,4.7000
2014-09-02,110.0000,6.2000
2014-09-03,102.0000,5.3000
2014-09-04,120.0000,6.7000
2014-09-05,116.0000,7.1000
2014-09-06,142.0000,7.4000
2014-09-07,165.0000,7.4000
2014-09-08,154.0000,11.2000
2014-09-09,175.0000,10.4000
2014-09-10,169.0000,9.9000
2014-09-11,160.0000,10.8000
2014-09-12,126.0000,8.6000
2014-09-13,125.0000,8.6000
2014-09-14,104.0000,7.4000
2014-09-15,94.0000,5.9000
2014-09-16,114.0000,8.8000
2014-09-17,123.0000,7.6000
2014-09-18,82.0000,5.3000
2014-09-19,79.0000,5.5000
2014-09-20,80.0000,5.8000
2014-09-21,95.0000,7.2000
2014-09-22,101.0000,5.9000
2014-09-23,119.0000,7.0000
2014-09-24,108.0000,6.6000
2014-09-25,144.0000,7.6000
2014-09-26,165.0000,10.7000
2014-09-27,181.0000,10.8000
2014-09-28,193.0000,14.5000
2014-09-29,180.0000,12.9000
2014-09-30,178.0000,12.9000
2014-10-01,135.0000,8.0000
2014-10-02,126.0000,7.4000
2014-10-03,117.0000,7.9000
2014-10-04,105.0000,5.9000
2014-10-05,89.0000,7.4000
2014-10-06,68.0000,5.5000
2014-10-07,68.0000,4.8000
2014-10-08,74.0000,10.0000
2014-10-09,59.0000,3.6000
2014-10-10,36.0000,2.3000
2014-10-11,30.0000,2.6000
2014-10-12,30.0000,2.0000
2014-10-13,42.0000,3.2000
2014-10-14,74.0000,5.9000
2014-10-15,89.0000,7.8000
2014-10-16,70.0000,9.2000
2014-10-17,64.0000,6.3000
2014-10-18,61.0000,4.3000
2014-10-19,92.0000,6.2000
2014-10-20,110.0000,7.1000
2014-10-21,107.0000,10.0000
2014-10-22,123.0000,8.2000
2014-10-23,132.0000,15.5000
2014-10-24,138.0000,6.7000
2014-10-25,136.0000,10.6000
2014-10-26,132.0000,10.2000
2014-10-27,107.0000,6.6000
2014-10-28,101.0000,7.1000
2014-10-29,92.0000,2.9000
2014-10-30,102.0000,8.6000
2014-10-31,80.0000,5.6000
2014-11-01,90.0000,9.3000
2014-11-02,98.0000,3.7000
2014-11-03,112.0000,6.6000
2014-11-04,109.0000,6.7000
2014-11-05,137.0000,11.0000
2014-11-06,101.0000,7.7000
2014-11-07,106.0000,8.0000
2014-11-08,86.0000,6.9000
2014-11-09,75.0000,8.5000
2014-11-10,69.0000,7.8000
2014-11-11,89.0000,6.8000
2014-11-12,92.0000,6.1000
2014-11-13,112.0000,8.3000
2014-11-14,102.0000,6.3000
2014-11-15,111.0000,5.0000
2014-11-16,103.0000,8.7000
2014-11-17,99.0000,6.6000
2014-11-18,77.0000,7.6000
2014-11-19,65.0000,7.6000
2014-11-20,74.0000,7.9000
2014-11-21,75.0000,9.4000
2014-11-22,84.0000,8.3000
2014-11-23,78.0000,6.5000
2014-11-24,103.0000,5.4000
2014-11-25,117.0000,6.6000
2014-11-26,139.0000,15.0000
2014-11-27,152.0000,12.5000
2014-11-28,143.0000,8.7000
2014-11-29,157.0000,17.1000
2014-11-30,154.0000,9.5000
2014-12-01,141.0000,3.2000
2014-12-02,125.0000,8.9000
2014-12-03,115.0000,5.9000
2014-12-04,93.0000,10.3000
2014-12-05,65.0000,4.6000
2014-12-06,57.0000,7.2000
2014-12-07,57.0000,4.0000
2014-12-08,71.0000,7.3000
2014-12-09,69.0000,3.5000
2014-12-10,90.0000,5.2000
2014-12-11,104.0000,6.0000
2014-12-12,115.0000,7.1000
2014-12-13,140.0000,17.2000
2014-12-14,162.0000,8.0000
2014-12-15,166.0000,9.5000
2014-12-16,175.0000,11.0000
2014-12-17,178.0000,8.1000
2014-12-18,154.0000,11.4000
2014-12-19,175.0000,12.6000
2014-12-20,138.0000,7.1000
2014-12-21,137.0000,8.0000
2014-12-22,118.0000,6.8000
2014-12-23,115.0000,5.4000
2014-12-24,93.0000,5.4000
2014-12-25,97.0000,5.0000
2014-12-26,88.0000,6.1000
2014-12-27,91.0000,4.7000
2014-12-28,100.0000,4.3000
2014-12-29,94.0000,3.8000
2014-12-30,88.0000,8.1000
2014-12-31,88.0000,5.9000
2015-01-01,104.0000,6.9000
2015-01-02,122.0000,8.0000
2015-01-03,102.0000,7.3000
2015-01-04,105.0000,9.1000
2015-01-05,88.0000,8.2000
2015-01-06,89.0000,6.9000
2015-01-07,103.0000,9.7000
2015-01-08,99.0000,5.7000
2015-01-09,111.0000,8.8000
2015-01-10,106.0000,5.4000
2015-01-11,122.0000,8.0000
2015-01-12,124.0000,12.0000
2015-01-13,101.0000,7.3000
2015-01-14,80.0000,6.1000
2015-01-15,59.0000,4.9000
2015-01-16,52.0000,4.6000
2015-01-17,40.0000,3.0000
2015-01-18,68.0000,4.4000
2015-01-19,66.0000,3.6000
2015-01-20,56.0000,5.2000
2015-01-21,43.0000,3.9000
2015-01-22,50.0000,2.2000
2015-01-23,60.0000,4.5000
2015-01-24,59.0000,4.4000
2015-01-25,62.0000,5.6000
2015-01-26,109.0000,7.0000
2015-01-27,126.0000,8.4000
2015-01-28,141.0000,6.3000
2015-01-29,146.0000,12.2000
2015-01-30,153.0000,6.9000
2015-01-31,138.0000,10.6000
2015-02-01,113.0000,7.3000
2015-02-02,93.0000,6.5000
2015-02-03,89.0000,4.9000
2015-02-04,96.0000,6.3000
2015-02-05,93.0000,7.9000
2015-02-06,89.0000,4.4000
2015-02-07,76.0000,4.9000
2015-02-08,84.0000,5.8000
2015-02-09,88.0000,4.8000
2015-02-10,84.0000,6.0000
2015-02-11,60.0000,5.3000
2015-02-12,51.0000,3.1000
2015-02-13,62.0000,3.6000
2015-02-14,53.0000,3.7000
2015-02-15,65.0000,5.9000
2015-02-16,41.0000,2.3000
2015-02-17,39.0000,3.3000
2015-02-18,87.0000,4.1000
2015-02-19,89.0000,8.1000
2015-02-20,64.0000,4.7000
2015-02-21,58.0000,4.8000
2015-02-22,43.0000,3.2000
2015-02-23,46.0000,3.4000
2015-02-24,44.0000,3.4000
2015-02-25,21.0000,1.7000
2015-02-26,22.0000,1.4000
2015-02-27,58.0000,4.8000
2015-02-28,60.0000,4.3000
2015-03-01,65.0000,5.4000
2015-03-02,52.0000,3.9000
2015-03-03,42.0000,1.9000
2015-03-04,37.0000,3.2000
2015-03-05,26.0000,2.5000
2015-03-06,35.0000,1.9000
2015-03-07,17.0000,1.3000
2015-03-08,28.0000,1.9000
2015-03-09,23.0000,2.1000
2015-03-10,27.0000,1.6000
2015-03-11,44.0000,3.5000
2015-03-12,56.0000,4.0000
2015-03-13,76.0000,5.8000
2015-03-14,55.0000,4.7000
2015-03-15,53.0000,4.5000
2015-03-16,46.0000,4.4000
2015-03-17,38.0000,3.3000
2015-03-18,41.0000,2.3000
2015-03-19,49.0000,3.3000
2015-03-20,20.0000,1.5000
2015-03-21,26.0000,2.0000
2015-03-22,81.0000,6.7000
2015-03-23,99.0000,8.2000
2015-03-24,108.0000,5.9000
2015-03-25,99.0000,6.7000
2015-03-26,105.0000,8.9000
2015-03-27,101.0000,7.7000
2015-03-28,81.0000,3.9000
2015-03-29,72.0000,6.8000
2015-03-30,51.0000,2.7000
2015-03-31,38.0000,2.0000
2015-04-01,43.0000,3.2000
2015-04-02,35.0000,3.0000
2015-04-03,35.0000,2.0000
2015-04-04,54.0000,3.9000
2015-04-05,55.0000,4.3000
2015-04-06,53.0000,3.5000
2015-04-07,51.0000,4.8000
2015-04-08,43.0000,3.0000
2015-04-09,47.0000,4.1000
2015-04-10,41.0000,3.4000
2015-04-11,59.0000,1.2000
2015-04-12,86.0000,7.7000
2015-04-13,103.0000,10.2000
2015-04-14,105.0000,8.1000
2015-04-15,96.0000,8.3000
2015-04-16,100.0000,9.8000
2015-04-17,117.0000,8.5000
2015-04-18,140.0000,13.2000
2015-04-19,137.0000,13.3000
2015-04-20,128.0000,11.9000
2015-04-21,127.0000,10.2000
2015-04-22,138.0000,12.0000
2015-04-23,117.0000,10.1000
2015-04-24,83.0000,6.2000
2015-04-25,69.0000,6.2000
2015-04-26,65.0000,5.3000
2015-04-27,47.0000,4.5000
2015-04-28,41.0000,4.0000
2015-04-29,30.0000,2.1000
2015-04-30,15.0000,0.9000
2015-05-01,19.0000,0.9000
2015-05-02,34.0000,2.2000
2015-05-03,44.0000,3.8000
2015-05-04,103.0000,6.3000
2015-05-05,104.0000,5.5000
2015-05-06,124.0000,10.7000
2015-05-07,145.0000,12.9000
2015-05-08,150.0000,10.1000
2015-05-09,139.0000,10.6000
2015-05-10,163.0000,11.4000
2015-05-11,163.0000,10.8000
2015-05-12,165.0000,14.6000
2015-05-13,172.0000,13.6000
2015-05-14,164.0000,12.4000
2015-05-15,124.0000,9.8000
2015-05-16,103.0000,7.4000
2015-05-17,89.0000,5.2000
2015-05-18,101.0000,6.7000
2015-05-19,77.0000,7.2000
2015-05-20,59.0000,3.7000
2015-05-21,50.0000,3.9000
2015-05-22,73.0000,3.8000
2015-05-23,72.0000,5.9000
2015-05-24,78.0000,4.7000
2015-05-25,67.0000,3.1000
2015-05-26,53.0000,5.0000
2015-05-27,14.0000,1.2000
2015-05-28,12.0000,0.9000
2015-05-29,33.0000,2.6000
2015-05-30,31.0000,3.0000
2015-05-31,29.0000,1.4000
2015-06-01,27.0000,1.8000
2015-06-02,44.0000,3.7000
2015-06-03,49.0000,4.0000
2015-06-04,80.0000,6.8000
2015-06-05,90.0000,5.7000
2015-06-06,109.0000,10.0000
2015-06-07,124.0000,9.6000
2015-06-08,112.0000,10.6000
2015-06-09,92.0000,5.5000
2015-06-10,93.0000,8.1000
2015-06-11,95.0000,5.8000
2015-06-12,98.0000,8.4000
2015-06-13,97.0000,8.7000
2015-06-14,90.0000,6.9000
2015-06-15,54.0000,4.3000
2015-06-16,70.0000,4.3000
2015-06-17,80.0000,7.9000
2015-06-18,77.0000,5.2000
2015-06-19,68.0000,5.0000
2015-06-20,64.0000,6.1000
2015-06-21,61.0000,5.8000
2015-06-22,56.0000,4.3000
2015-06-23,45.0000,1.9000
2015-06-24,36.0000,2.2000
2015-06-25,27.0000,1.9000
2015-06-26,23.0000,1.6000
2015-06-27,21.0000,1.1000
2015-06-28,32.0000,2.6000
2015-06-29,39.0000,2.9000
2015-06-30,41.0000,2.8000
2015-07-01,54.0000,4.0000
2015-07-02,75.0000,6.7000
2015-07-03,88.0000,6.2000
2015-07-04,99.0000,6.6000
2015-07-05,109.0000,5.2000
2015-07-06,97.0000,8.1000
2015-07-07,112.0000,11.0000
2015-07-08,123.0000,8.9000
2015-07-09,110.0000,8.3000
2015-07-10,103.0000,7.5000
2015-07-11,92.0000,5.5000
2015-07-12,71.0000,6.1000
2015-07-13,53.0000,5.1000
2015-07-14,43.0000,2.8000
2015-07-15,43.0000,2.7000
2015-07-16,50.0000,4.0000
2015-07-17,50.0000,3.4000
2015-07-18,58.0000,5.2000
2015-07-19,44.0000,3.4000
2015-07-20,36.0000,2.1000
2015-07-21,36.0000,2.7000
2015-07-22,36.0000,3.4000
2015-07-23,29.0000,1.8000
2015-07-24,31.0000,1.8000
2015-07-25,34.0000,2.5000
2015-07-26,40.0000,3.2000
2015-07-27,51.0000,3.9000
2015-07-28,62.0000,3.9000
2015-07-29,67.0000,6.5000
2015-07-30,76.0000,5.0000
2015-07-31,69.0000,2.7000
2015-08-01,64.0000,6.2000
2015-08-02,53.0000,4.0000
2015-08-03,61.0000,3.8000
2015-08-04,90.0000,6.2000
2015-08-05,94.0000,6.3000
2015-08-06,108.0000,7.0000
2015-08-07,112.0000,6.5000
2015-08-08,93.0000,4.8000
2015-08-09,76.0000,5.5000
2015-08-10,69.0000,4.6000
2015-08-11,78.0000,7.6000
2015-08-12,66.0000,4.7000
2015-08-13,55.0000,5.1000
2015-08-14,46.0000,3.0000
2015-08-15,39.0000,3.9000
2015-08-16,38.0000,2.2000
2015-08-17,33.0000,1.4000
2015-08-18,39.0000,2.6000
2015-08-19,50.0000,4.8000
2015-08-20,65.0000,5.6000
2015-08-21,73.0000,6.2000
2015-08-22,71.0000,5.6000
2015-08-23,81.0000,6.1000
2015-08-24,81.0000,4.8000
2015-08-25,69.0000,4.3000
2015-08-26,47.0000,4.2000
2015-08-27,55.0000,3.1000
2015-08-28,44.0000,2.2000
2015-08-29,56.0000,3.1000
2015-08-30,56.0000,3.7000
2015-08-31,35.0000,2.7000
2015-09-01,43.0000,3.4000
2015-09-02,36.0000,3.5000
2015-09-03,29.0000,2.2000
2015-09-04,37.0000,2.4000
2015-09-05,27.0000,1.9000
2015-09-06,43.0000,3.3000
2015-09-07,44.0000,3.2000
2015-09-08,42.0000,2.7000
2015-09-09,57.0000,5.4000
2015-09-10,46.0000,3.5000
2015-09-11,81.0000,6.1000
2015-09-12,89.0000,7.8000
2015-09-13,83.0000,7.8000
2015-09-14,56.0000,4.2000
2015-09-15,68.0000,4.4000
2015-09-16,86.0000,5.3000
2015-09-17,75.0000,4.7000
2015-09-18,71.0000,6.2000
2015-09-19,64.0000,5.0000
2015-09-20,65.0000,3.6000
2015-09-21,78.0000,7.0000
2015-09-22,86.0000,5.3000
2015-09-23,96.0000,8.1000
2015-09-24,101.0000,8.7000
2015-09-25,152.0000,10.1000
2015-09-26,162.0000,8.7000
2015-09-27,169.0000,8.9000
2015-09-28,156.0000,8.6000
2015-09-29,120.0000,9.7000
2015-09-30,95.0000,6.8000
2015-10-01,93.0000,6.2000
2015-10-02,62.0000,4.2000
2015-10-03,51.0000,3.0000
2015-10-04,22.0000,1.5000
2015-10-05,20.0000,1.7000
2015-10-06,26.0000,1.5000
2015-10-07,33.0000,1.9000
2015-10-08,37.0000,3.2000
2015-10-09,26.0000,1.9000
2015-10-10,13.0000,1.1000
2015-10-11,30.0000,2.8000
2015-10-12,53.0000,4.9000
2015-10-13,65.0000,4.2000
2015-10-14,57.0000,3.1000
2015-10-15,55.0000,3.7000
2015-10-16,59.0000,2.9000
2015-10-17,79.0000,6.5000
2015-10-18,75.0000,7.5000
2015-10-19,94.0000,6.1000
2015-10-20,95.0000,5.9000
2015-10-21,89.0000,6.1000
2015-10-22,107.0000,7.2000
2015-10-23,94.0000,9.1000
2015-10-24,78.0000,6.2000
2015-10-25,67.0000,4.9000
2015-10-26,78.0000,5.8000
2015-10-27,67.0000,5.7000
2015-10-28,81.0000,6.2000
2015-10-29,93.0000,6.9000
2015-10-30,88.0000,6.7000
2015-10-31,86.0000,6.2000
2015-11-01,85.0000,4.8000
2015-11-02,101.0000,7.0000
2015-11-03,82.0000,6.3000
2015-11-04,100.0000,4.9000
2015-11-05,82.0000,5.6000
2015-11-06,78.0000,5.0000
2015-11-07,82.0000,8.2000
2015-11-08,75.0000,7.5000
2015-11-09,66.0000,4.7000
2015-11-10,71.0000,5.3000
2015-11-11,61.0000,5.6000
2015-11-12,60.0000,5.8000
2015-11-13,49.0000,4.2000
2015-11-14,39.0000,2.8000
2015-11-15,56.0000,3.4000
2015-11-16,38.0000,2.8000
2015-11-17,34.0000,1.8000
2015-11-18,30.0000,1.8000
2015-11-19,41.0000,2.8000
2015-11-20,55.0000,4.6000
2015-11-21,58.0000,5.7000
2015-11-22,71.0000,4.4000
2015-11-23,56.0000,3.6000
2015-11-24,59.0000,3.7000
2015-11-25,61.0000,4.7000
2015-11-26,65.0000,6.0000
2015-11-27,61.0000,5.3000
2015-11-28,51.0000,3.2000
2015-11-29,51.0000,3.8000
2015-11-30,47.0000,2.6000
2015-12-01,32.0000,2.5000
2015-12-02,49.0000,2.5000
2015-12-03,36.0000,2.6000
2015-12-04,33.0000,2.4000
2015-12-05,50.0000,4.1000
2015-12-06,54.0000,4.8000
2015-12-07,61.0000,5.8000
2015-12-08,60.0000,5.3000
2015-12-09,78.0000,7.3000
2015-12-10,82.0000,5.9000
2015-12-11,83.0000,8.0000
2015-12-12,83.0000,8.3000
2015-12-13,81.0000,6.2000
2015-12-14,86.0000,8.3000
2015-12-15,65.0000,5.6000
2015-12-16,63.0000,3.8000
2015-12-17,56.0000,4.8000
2015-12-18,54.0000,3.5000
2015-12-19,49.0000,3.3000
2015-12-20,22.0000,1.9000
2015-12-21,18.0000,1.4000
2015-12-22,72.0000,4.4000
2015-12-23,68.0000,6.5000
2015-12-24,69.0000,6.0000
2015-12-25,76.0000,6.1000
2015-12-26,65.0000,5.9000
2015-12-27,67.0000,4.5000
2015-12-28,71.0000,7.0000
2015-12-29,57.0000,3.4000
2015-12-30,37.0000,2.7000
2015-12-31,22.0000,2.1000
2016-01-01,37.0000,2.5000
2016-01-02,40.0000,3.7000
2016-01-03,51.0000,4.6000
2016-01-04,70.0000,5.8000
2016-01-05,35.0000,3.1000
2016-01-06,31.0000,2.0000
2016-01-07,61.0000,5.3000
2016-01-08,86.0000,7.2000
2016-01-09,97.0000,6.8000
2016-01-10,90.0000,6.5000
2016-01-11,47.0000,3.8000
2016-01-12,40.0000,1.9000
2016-01-13,38.0000,2.7000
2016-01-14,41.0000,2.3000
2016-01-15,45.0000,3.1000
2016-01-16,44.0000,3.3000
2016-01-17,58.0000,4.3000
2016-01-18,54.0000,4.6000
2016-01-19,66.0000,4.3000
2016-01-20,62.0000,4.2000
2016-01-21,64.0000,5.4000
2016-01-22,67.0000,4.1000
2016-01-23,63.0000,5.3000
2016-01-24,48.0000,4.3000
2016-01-25,67.0000,6.0000
2016-01-26,69.0000,4.0000
2016-01-27,83.0000,5.2000
2016-01-28,77.0000,4.5000
2016-01-29,64.0000,3.9000
2016-01-30,36.0000,2.3000
2016-01-31,35.0000,1.4000
2016-02-01,44.0000,3.4000
2016-02-02,52.0000,3.5000
2016-02-03,83.0000,7.7000
2016-02-04,108.0000,10.7000
2016-02-05,103.0000,7.5000
2016-02-06,79.0000,7.2000
2016-02-07,89.0000,8.3000
2016-02-08,89.0000,5.0000
2016-02-09,84.0000,7.2000
2016-02-10,75.0000,5.9000
2016-02-11,85.0000,5.3000
2016-02-12,63.0000,6.2000
2016-02-13,38.0000,2.2000
2016-02-14,46.0000,2.6000
2016-02-15,50.0000,4.7000
2016-02-16,42.0000,3.7000
2016-02-17,38.0000,3.0000
2016-02-18,36.0000,1.9000
2016-02-19,46.0000,3.9000
2016-02-20,52.0000,3.1000
2016-02-21,47.0000,4.4000
2016-02-22,34.0000,2.4000
2016-02-23,37.0000,2.8000
2016-02-24,34.0000,2.3000
2016-02-25,26.0000,1.6000
2016-02-26,48.0000,3.5000
2016-02-27,26.0000,2.6000
2016-02-28,36.0000,2.2000
2016-02-29,45.0000,3.0000
2016-03-01,68.0000,6.7000
2016-03-02,78.0000,7.1000
2016-03-03,77.0000,6.7000
2016-03-04,111.0000,9.5000
2016-03-05,83.0000,6.4000
2016-03-06,78.0000,5.6000
2016-03-07,79.0000,5.6000
2016-03-08,63.0000,6.1000
2016-03-09,91.0000,6.3000
2016-03-10,80.0000,7.8000
2016-03-11,51.0000,3.1000
2016-03-12,70.0000,6.1000
2016-03-13,57.0000,4.8000
2016-03-14,70.0000,4.0000
2016-03-15,59.0000,4.1000
2016-03-16,79.0000,5.1000
2016-03-17,72.0000,6.3000
2016-03-18,47.0000,3.1000
2016-03-19,37.0000,2.7000
2016-03-20,36.0000,3.4000
2016-03-21,33.0000,1.8000
2016-03-22,20.0000,1.4000
2016-03-23,21.0000,1.1000
2016-03-24,35.0000,3.4000
2016-03-25,34.0000,3.0000
2016-03-26,32.0000,2.5000
2016-03-27,32.0000,3.0000
2016-03-28,30.0000,1.9000
2016-03-29,20.0000,1.9000
2016-03-30,17.0000,1.1000
2016-03-31,16.0000,1.1000
2016-04-01,12.0000,0.7000
2016-04-02,12.0000,0.7000
2016-04-03,12.0000,0.8000
2016-04-04,40.0000,2.3000
2016-04-05,33.0000,2.4000
2016-04-06,20.0000,1.4000
2016-04-07,18.0000,1.1000
2016-04-08,26.0000,1.9000
2016-04-09,25.0000,1.8000
2016-04-10,34.0000,3.2000
2016-04-11,43.0000,3.7000
2016-04-12,37.0000,3.2000
2016-04-13,48.0000,4.8000
2016-04-14,46.0000,3.6000
2016-04-15,33.0000,1.3000
2016-04-16,42.0000,3.7000
2016-04-17,36.0000,2.3000
2016-04-18,31.0000,1.8000
2016-04-19,28.0000,1.8000
2016-04-20,25.0000,2.5000
2016-04-21,26.0000,2.5000
2016-04-22,21.0000,1.6000
2016-04-23,13.0000,1.1000
2016-04-24,37.0000,3.2000
2016-04-25,45.0000,4.2000
2016-04-26,57.0000,5.0000
2016-04-27,76.0000,4.9000
2016-04-28,90.0000,5.5000
2016-04-29,82.0000,5.3000
2016-04-30,89.0000,7.4000
2016-05-01,87.0000,7.8000
2016-05-02,83.0000,5.0000
2016-05-03,73.0000,5.0000
2016-05-04,71.0000,5.5000
2016-05-05,60.0000,5.6000
2016-05-06,57.0000,4.3000
2016-05-07,34.0000,2.1000
2016-05-08,44.0000,3.0000
2016-05-09,52.0000,4.4000
2016-05-10,76.0000,7.3000
2016-05-11,79.0000,4.8000
2016-05-12,83.0000,6.2000
2016-05-13,78.0000,6.6000
2016-05-14,88.0000,8.0000
2016-05-15,87.0000,4.8000
2016-05-16,55.0000,4.5000
2016-05-17,38.0000,2.9000
2016-05-18,30.0000,2.1000
2016-05-19,43.0000,3.4000
2016-05-20,46.0000,2.4000
2016-05-21,18.0000,1.6000
2016-05-22,28.0000,2.6000
2016-05-23,16.0000,0.9000
2016-05-24,25.0000,1.4000
2016-05-25,35.0000,2.6000
2016-05-26,34.0000,2.6000
2016-05-27,34.0000,3.0000
2016-05-28,33.0000,2.1000
2016-05-29,33.0000,3.1000
2016-05-30,41.0000,3.5000
2016-05-31,36.0000,3.2000
2016-06-01,41.0000,2.7000
2016-06-02,14.0000,0.7000
2016-06-03,0.0000,0.0000
2016-06-04,10.0000,0.9000
2016-06-05,0.0000,0.0000
2016-06-06,0.0000,0.0000
2016-06-07,12.0000,5.6000
2016-06-08,14.0000,1.4000
2016-06-09,19.0000,1.1000
2016-06-10,33.0000,1.3000
2016-06-11,44.0000,3.6000
2016-06-12,42.0000,2.7000
2016-06-13,38.0000,3.2000
2016-06-14,38.0000,3.2000
2016-06-15,40.0000,2.8000
2016-06-16,28.0000,1.7000
2016-06-17,39.0000,1.9000
2016-06-18,47.0000,4.5000
2016-06-19,50.0000,3.7000
2016-06-20,36.0000,1.7000
2016-06-21,24.0000,1.9000
2016-06-22,23.0000,2.0000
2016-06-23,12.0000,1.5000
2016-06-24,12.0000,2.9000
2016-06-25,0.0000,0.0000
2016-06-26,0.0000,0.0000
2016-06-27,0.0000,0.0000
2016-06-28,0.0000,0.0000
2016-06-29,0.0000,0.0000
2016-06-30,0.0000,0.0000
2016-07-01,0.0000,0.0000
2016-07-02,11.0000,0.0000
2016-07-03,19.0000,10.4000
2016-07-04,0.0000,0.0000
2016-07-05,13.0000,4.1000
2016-07-06,13.0000,5.1000
2016-07-07,25.0000,1.8000
2016-07-08,41.0000,3.0000
2016-07-09,56.0000,5.3000
2016-07-10,50.0000,4.6000
2016-07-11,62.0000,5.0000
2016-07-12,59.0000,3.7000
2016-07-13,53.0000,3.1000
2016-07-14,58.0000,4.1000
2016-07-15,69.0000,5.5000
2016-07-16,60.0000,5.8000
2016-07-17,39.0000,3.2000
2016-07-18,64.0000,5.9000
2016-07-19,59.0000,5.2000
2016-07-20,56.0000,4.2000
2016-07-21,52.0000,3.2000
2016-07-22,39.0000,3.4000
2016-07-23,27.0000,2.5000
2016-07-24,13.0000,0.9000
2016-07-25,0.0000,0.0000
2016-07-26,0.0000,0.0000
2016-07-27,0.0000,0.0000
2016-07-28,13.0000,3.7000
2016-07-29,15.0000,1.2000
2016-07-30,21.0000,1.3000
2016-07-31,16.0000,5.2000
2016-08-01,12.0000,3.9000
2016-08-02,12.0000,3.8000
2016-08-03,0.0000,0.0000
2016-08-04,16.0000,6.9000
2016-08-05,38.0000,3.0000
2016-08-06,39.0000,3.5000
2016-08-07,51.0000,3.6000
2016-08-08,81.0000,5.7000
2016-08-09,72.0000,4.1000
2016-08-10,77.0000,4.3000
2016-08-11,79.0000,3.8000
2016-08-12,71.0000,5.0000
2016-08-13,58.0000,5.0000
2016-08-14,59.0000,4.5000
2016-08-15,63.0000,5.7000
2016-08-16,80.0000,7.1000
2016-08-17,58.0000,3.5000
2016-08-18,49.0000,3.3000
2016-08-19,47.0000,2.9000
2016-08-20,16.0000,1.4000
2016-08-21,14.0000,5.3000
2016-08-22,28.0000,2.4000
2016-08-23,48.0000,4.1000
2016-08-24,49.0000,4.8000
2016-08-25,48.0000,4.4000
2016-08-26,49.0000,3.0000
2016-08-27,58.0000,5.2000
2016-08-28,64.0000,4.6000
2016-08-29,68.0000,5.1000
2016-08-30,74.0000,4.5000
2016-08-31,77.0000,5.3000
2016-09-01,78.0000,5.1000
2016-09-02,67.0000,5.4000
2016-09-03,65.0000,4.8000
2016-09-04,49.0000,3.4000
2016-09-05,31.0000,1.9000
2016-09-06,43.0000,4.0000
2016-09-07,57.0000,3.0000
2016-09-08,53.0000,3.6000
2016-09-09,79.0000,4.8000
2016-09-10,78.0000,6.4000
2016-09-11,67.0000,4.3000
2016-09-12,59.0000,5.0000
2016-09-13,39.0000,3.5000
2016-09-14,28.0000,1.9000
2016-09-15,15.0000,1.2000
2016-09-16,13.0000,0.9000
2016-09-17,14.0000,1.2000
2016-09-18,38.0000,2.4000
2016-09-19,63.0000,3.5000
2016-09-20,53.0000,3.6000
2016-09-21,55.0000,4.2000
2016-09-22,36.0000,2.3000
2016-09-23,60.0000,4.7000
2016-09-24,55.0000,5.0000
2016-09-25,30.0000,2.8000
2016-09-26,29.0000,2.9000
2016-09-27,26.0000,2.2000
2016-09-28,30.0000,2.6000
2016-09-29,17.0000,1.7000
2016-09-30,12.0000,0.0000
2016-10-01,0.0000,0.0000
2016-10-02,15.0000,5.5000
2016-10-03,35.0000,2.3000
2016-10-04,40.0000,2.9000
2016-10-05,41.0000,2.9000
2016-10-06,56.0000,3.7000
2016-10-07,60.0000,4.2000
2016-10-08,63.0000,4.6000
2016-10-09,68.0000,6.2000
2016-10-10,66.0000,4.2000
2016-10-11,63.0000,4.8000
2016-10-12,41.0000,3.2000
2016-10-13,42.0000,3.8000
2016-10-14,41.0000,3.0000
2016-10-15,38.0000,2.8000
2016-10-16,29.0000,2.7000
2016-10-17,27.0000,2.2000
2016-10-18,29.0000,1.9000
2016-10-19,28.0000,2.5000
2016-10-20,16.0000,0.8000
2016-10-21,28.0000,2.4000
2016-10-22,27.0000,2.0000
2016-10-23,15.0000,1.4000
2016-10-24,15.0000,1.1000
2016-10-25,17.0000,1.2000
2016-10-26,25.0000,0.3000
2016-10-27,25.0000,1.5000
2016-10-28,37.0000,1.9000
2016-10-29,23.0000,1.8000
2016-10-30,13.0000,1.0000
2016-10-31,13.0000,1.3000
2016-11-01,12.0000,0.6000
2016-11-02,0.0000,0.0000
2016-11-03,27.0000,2.0000
2016-11-04,25.0000,1.4000
2016-11-05,25.0000,1.5000
2016-11-06,22.0000,1.5000
2016-11-07,11.0000,0.6000
2016-11-08,0.0000,0.0000
2016-11-09,14.0000,3.0000
2016-11-10,24.0000,1.1000
2016-11-11,26.0000,1.6000
2016-11-12,12.0000,1.1000
2016-11-13,36.0000,3.5000
2016-11-14,31.0000,2.3000
2016-11-15,27.0000,1.5000
2016-11-16,27.0000,1.1000
2016-11-17,29.0000,2.3000
2016-11-18,28.0000,1.5000
2016-11-19,24.0000,8.1000
2016-11-20,13.0000,4.6000
2016-11-21,0.0000,0.0000
2016-11-22,0.0000,0.0000
2016-11-23,11.0000,0.3000
2016-11-24,12.0000,0.9000
2016-11-25,13.0000,0.7000
2016-11-26,25.0000,1.3000
2016-11-27,30.0000,2.3000
2016-11-28,41.0000,3.2000
2016-11-29,46.0000,3.8000
2016-11-30,51.0000,4.4000
2016-12-01,55.0000,2.2000
2016-12-02,61.0000,3.1000
2016-12-03,56.0000,3.5000
2016-12-04,38.0000,2.9000
2016-12-05,34.0000,3.4000
2016-12-06,31.0000,3.1000
2016-12-07,19.0000,1.3000
2016-12-08,14.0000,1.2000
2016-12-09,20.0000,5.7000
2016-12-10,0.0000,0.0000
2016-12-11,0.0000,0.0000
2016-12-12,12.0000,0.7000
2016-12-13,14.0000,1.3000
2016-12-14,23.0000,1.1000
2016-12-15,12.0000,1.0000
2016-12-16,0.0000,0.0000
2016-12-17,13.0000,1.5000
2016-12-18,27.0000,1.7000
2016-12-19,15.0000,0.9000
2016-12-20,22.0000,1.3000
2016-12-21,30.0000,2.0000
2016-12-22,16.0000,0.9000
2016-12-23,0.0000,0.0000
2016-12-24,0.0000,0.0000
2016-12-25,0.0000,0.0000
2016-12-26,0.0000,0.0000
2016-12-27,16.0000,1.3000
2016-12-28,12.0000,2.8000
2016-12-29,11.0000,4.2000
2016-12-30,11.0000,4.4000
2016-12-31,11.0000,5.7000
2017-01-01,12.0000,1.3000
2017-01-02,12.0000,2.4000
2017-01-03,11.0000,2.4000
2017-01-04,0.0000,0.0000
2017-01-05,0.0000,0.0000
2017-01-06,0.0000,0.0000
2017-01-07,0.0000,0.0000
2017-01-08,0.0000,0.0000
2017-01-09,0.0000,0.0000
2017-01-10,0.0000,0.0000
2017-01-11,0.0000,0.0000
2017-01-12,11.0000,1.5000
2017-01-13,26.0000,2.4000
2017-01-14,31.0000,2.0000
2017-01-15,30.0000,1.8000
2017-01-16,25.0000,1.9000
2017-01-17,30.0000,2.9000
2017-01-18,36.0000,3.5000
2017-01-19,33.0000,3.1000
2017-01-20,56.0000,3.5000
2017-01-21,75.0000,4.5000
2017-01-22,68.0000,4.2000
2017-01-23,57.0000,4.6000
2017-01-24,43.0000,2.7000
2017-01-25,47.0000,2.2000
2017-01-26,40.0000,3.5000
2017-01-27,30.0000,2.8000
2017-01-28,30.0000,2.5000
2017-01-29,34.0000,2.7000
2017-01-30,35.0000,2.7000
2017-01-31,36.0000,3.1000
2017-02-01,47.0000,4.6000
2017-02-02,47.0000,3.2000
2017-02-03,39.0000,2.3000
2017-02-04,20.0000,8.6000
2017-02-05,14.0000,7.0000
2017-02-06,13.0000,4.6000
2017-02-07,13.0000,2.4000
2017-02-08,11.0000,3.8000
2017-02-09,19.0000,1.5000
2017-02-10,24.0000,1.8000
2017-02-11,23.0000,1.3000
2017-02-12,21.0000,2.0000
2017-02-13,19.0000,1.2000
2017-02-14,16.0000,1.2000
2017-02-15,24.0000,1.2000
2017-02-16,19.0000,6.3000
2017-02-17,14.0000,1.2000
2017-02-18,13.0000,3.9000
2017-02-19,27.0000,1.6000
2017-02-20,32.0000,1.7000
2017-02-21,27.0000,2.5000
2017-02-22,29.0000,2.2000
2017-02-23,24.0000,2.4000
2017-02-24,27.0000,2.0000
2017-02-25,32.0000,2.7000
2017-02-26,38.0000,3.8000
2017-02-27,50.0000,3.9000
2017-02-28,58.0000,4.2000
2017-03-01,59.0000,3.7000
2017-03-02,56.0000,5.3000
2017-03-03,39.0000,3.2000
2017-03-04,0.0000,0.0000
2017-03-05,14.0000,4.1000
2017-03-06,0.0000,0.0000
2017-03-07,0.0000,0.0000
2017-03-08,0.0000,0.0000
2017-03-09,0.0000,0.0000
2017-03-10,0.0000,0.0000
2017-03-11,0.0000,0.0000
2017-03-12,0.0000,0.0000
2017-03-13,0.0000,0.0000
2017-03-14,0.0000,0.0000
2017-03-15,0.0000,0.0000
2017-03-16,0.0000,0.0000
2017-03-17,0.0000,0.0000
2017-03-18,0.0000,0.0000
2017-03-19,0.0000,0.0000
2017-03-20,0.0000,0.0000
2017-03-21,13.0000,2.1000
2017-03-22,14.0000,1.0000
2017-03-23,14.0000,0.8000
2017-03-24,14.0000,1.1000
2017-03-25,18.0000,1.4000
2017-03-26,31.0000,2.2000
2017-03-27,52.0000,3.9000
2017-03-28,57.0000,5.7000
2017-03-29,52.0000,4.6000
2017-03-30,49.0000,2.9000
2017-03-31,66.0000,5.8000
2017-04-01,71.0000,6.7000
2017-04-02,83.0000,7.2000
2017-04-03,100.0000,8.2000
2017-04-04,76.0000,7.3000
2017-04-05,50.0000,2.9000
2017-04-06,36.0000,2.2000
2017-04-07,23.0000,1.2000
2017-04-08,0.0000,0.0000
2017-04-09,12.0000,1.5000
2017-04-10,14.0000,0.8000
2017-04-11,14.0000,1.2000
2017-04-12,22.0000,1.7000
2017-04-13,25.0000,1.5000
2017-04-14,19.0000,1.8000
2017-04-15,0.0000,0.0000
2017-04-16,0.0000,0.0000
2017-04-17,0.0000,0.0000
2017-04-18,23.0000,1.2000
2017-04-19,15.0000,0.9000
2017-04-20,28.0000,2.3000
2017-04-21,40.0000,3.5000
2017-04-22,30.0000,1.6000
2017-04-23,43.0000,2.9000
2017-04-24,46.0000,3.4000
2017-04-25,41.0000,2.8000
2017-04-26,38.0000,3.5000
2017-04-27,26.0000,1.9000
2017-04-28,36.0000,3.3000
2017-04-29,34.0000,3.0000
2017-04-30,24.0000,1.5000
2017-05-01,12.0000,0.6000
2017-05-02,29.0000,1.4000
2017-05-03,18.0000,1.1000
2017-05-04,17.0000,1.4000
2017-05-05,31.0000,1.7000
2017-05-06,27.0000,2.1000
2017-05-07,23.0000,1.2000
2017-05-08,11.0000,0.7000
2017-05-09,0.0000,0.0000
2017-05-10,0.0000,0.0000
2017-05-11,11.0000,1.3000
2017-05-12,15.0000,6.7000
2017-05-13,0.0000,0.0000
2017-05-14,0.0000,0.0000
2017-05-15,0.0000,0.0000
2017-05-16,25.0000,1.3000
2017-05-17,12.0000,0.6000
2017-05-18,24.0000,1.3000
2017-05-19,25.0000,1.6000
2017-05-20,30.0000,2.4000
2017-05-21,37.0000,1.7000
2017-05-22,50.0000,4.2000
2017-05-23,55.0000,3.5000
2017-05-24,20.0000,1.2000
2017-05-25,31.0000,2.9000
2017-05-26,25.0000,2.1000
2017-05-27,24.0000,2.0000
2017-05-28,21.0000,1.6000
2017-05-29,14.0000,0.8000
2017-05-30,0.0000,0.0000
2017-05-31,0.0000,0.0000
2017-06-01,15.0000,1.3000
2017-06-02,23.0000,1.5000
2017-06-03,24.0000,2.2000
2017-06-04,25.0000,1.4000
2017-06-05,34.0000,1.9000
2017-06-06,24.0000,1.9000
2017-06-07,14.0000,1.4000
2017-06-08,14.0000,0.9000
2017-06-09,0.0000,0.0000
2017-06-10,0.0000,0.0000
2017-06-11,0.0000,0.0000
2017-06-12,0.0000,0.0000
2017-06-13,11.0000,0.8000
2017-06-14,11.0000,0.8000
2017-06-15,31.0000,2.5000
2017-06-16,30.0000,1.8000
2017-06-17,30.0000,1.7000
2017-06-18,29.0000,1.2000
2017-06-19,27.0000,1.6000
2017-06-20,31.0000,3.0000
2017-06-21,35.0000,1.1000
2017-06-22,24.0000,0.8000
2017-06-23,23.0000,1.0000
2017-06-24,25.0000,2.2000
2017-06-25,18.0000,1.6000
2017-06-26,21.0000,2.1000
2017-06-27,19.0000,1.3000
2017-06-28,16.0000,1.6000
2017-06-29,12.0000,0.7000
2017-06-30,11.0000,0.6000
2017-07-01,23.0000,2.1000
2017-07-02,13.0000,4.1000
2017-07-03,0.0000,0.0000
2017-07-04,0.0000,0.0000
2017-07-05,7.0000,2.3000
2017-07-06,16.0000,0.8000
2017-07-07,26.0000,2.2000
2017-07-08,31.0000,3.1000
2017-07-09,43.0000,4.1000
2017-07-10,45.0000,2.7000
2017-07-11,38.0000,3.7000
2017-07-12,61.0000,4.8000
2017-07-13,59.0000,5.6000
2017-07-14,52.0000,4.2000
2017-07-15,33.0000,2.0000
2017-07-16,21.0000,1.9000
2017-07-17,22.0000,2.2000
2017-07-18,0.0000,0.0000
2017-07-19,0.0000,0.0000
2017-07-20,0.0000,0.0000
2017-07-21,0.0000,0.0000
2017-07-22,0.0000,0.0000
2017-07-23,0.0000,0.0000
2017-07-24,0.0000,0.0000
2017-07-25,12.0000,1.3000
2017-07-26,12.0000,1.3000
2017-07-27,0.0000,0.0000
2017-07-28,11.0000,1.5000
2017-07-29,12.0000,6.1000
2017-07-30,15.0000,4.9000
2017-07-31,0.0000,0.0000
2017-08-01,13.0000,1.4000
2017-08-02,13.0000,0.8000
2017-08-03,13.0000,1.0000
2017-08-04,14.0000,0.7000
2017-08-05,13.0000,0.8000
2017-08-06,13.0000,0.9000
2017-08-07,12.0000,0.8000
2017-08-08,13.0000,0.9000
2017-08-09,12.0000,0.9000
2017-08-10,14.0000,1.1000
2017-08-11,12.0000,0.7000
2017-08-12,13.0000,0.7000
2017-08-13,12.0000,1.0000
2017-08-14,13.0000,1.4000
2017-08-15,22.0000,1.6000
2017-08-16,33.0000,2.2000
2017-08-17,45.0000,2.8000
2017-08-18,45.0000,3.8000
2017-08-19,50.0000,3.1000
2017-08-20,60.0000,3.6000
2017-08-21,63.0000,5.9000
2017-08-22,63.0000,6.0000
2017-08-23,69.0000,3.5000
2017-08-24,54.0000,5.0000
2017-08-25,53.0000,3.6000
2017-08-26,48.0000,3.2000
2017-08-27,38.0000,2.8000
2017-08-28,23.0000,1.2000
2017-08-29,40.0000,2.6000
2017-08-30,51.0000,3.8000
2017-08-31,73.0000,5.4000
2017-09-01,59.0000,4.2000
2017-09-02,56.0000,3.4000
2017-09-03,105.0000,7.0000
2017-09-04,112.0000,6.8000
2017-09-05,119.0000,11.8000
2017-09-06,100.0000,9.1000
2017-09-07,97.0000,8.5000
2017-09-08,88.0000,6.5000
2017-09-09,62.0000,4.2000
2017-09-10,40.0000,3.3000
2017-09-11,29.0000,2.5000
2017-09-12,11.0000,0.6000
2017-09-13,23.0000,1.3000
2017-09-14,12.0000,0.5000
2017-09-15,12.0000,0.4000
2017-09-16,13.0000,0.9000
2017-09-17,14.0000,0.6000
2017-09-18,13.0000,0.6000
2017-09-19,11.0000,0.4000
2017-09-20,21.0000,1.0000
2017-09-21,22.0000,1.1000
2017-09-22,21.0000,0.7000
2017-09-23,12.0000,0.6000
2017-09-24,23.0000,1.0000
2017-09-25,36.0000,1.7000
2017-09-26,39.0000,1.9000
2017-09-27,37.0000,1.6000
2017-09-28,42.0000,2.3000
2017-09-29,42.0000,2.4000
2017-09-30,40.0000,2.7000
2017-10-01,35.0000,1.6000
2017-10-02,25.0000,2.3000
2017-10-03,24.0000,1.2000
2017-10-04,27.0000,1.1000
2017-10-05,26.0000,1.0000
2017-10-06,23.0000,1.2000
2017-10-07,11.0000,0.4000
2017-10-08,11.0000,2.1000
2017-10-09,0.0000,0.0000
2017-10-10,0.0000,0.0000
2017-10-11,0.0000,0.0000
2017-10-12,0.0000,0.0000
2017-10-13,0.0000,0.0000
2017-10-14,11.0000,3.8000
2017-10-15,0.0000,0.0000
2017-10-16,0.0000,0.0000
2017-10-17,0.0000,0.0000
2017-10-18,0.0000,0.0000
2017-10-19,0.0000,0.0000
2017-10-20,0.0000,0.0000
2017-10-21,11.0000,0.4000
2017-10-22,11.0000,0.6000
2017-10-23,23.0000,0.9000
2017-10-24,23.0000,0.7000
2017-10-25,23.0000,0.9000
2017-10-26,23.0000,0.5000
2017-10-27,23.0000,0.7000
2017-10-28,24.0000,1.7000
2017-10-29,23.0000,1.1000
2017-10-30,21.0000,1.5000
2017-10-31,11.0000,2.9000
2017-11-01,0.0000,0.0000
2017-11-02,0.0000,0.0000
2017-11-03,0.0000,0.0000
2017-11-04,0.0000,0.0000
2017-11-05,0.0000,0.0000
2017-11-06,0.0000,0.0000
2017-11-07,0.0000,0.0000
2017-11-08,0.0000,0.0000
2017-11-09,0.0000,0.0000
2017-11-10,0.0000,0.0000
2017-11-11,0.0000,0.0000
2017-11-12,0.0000,0.0000
2017-11-13,0.0000,0.0000
2017-11-14,13.0000,0.8000
2017-11-15,15.0000,0.9000
2017-11-16,16.0000,0.9000
2017-11-17,25.0000,1.3000
2017-11-18,15.0000,1.1000
2017-11-19,0.0000,0.0000
2017-11-20,0.0000,0.0000
2017-11-21,0.0000,0.0000
2017-11-22,0.0000,0.0000
2017-11-23,0.0000,0.0000
2017-11-24,0.0000,0.0000
2017-11-25,15.0000,0.9000
2017-11-26,17.0000,1.0000
2017-11-27,16.0000,1.1000
2017-11-28,15.0000,1.2000
2017-11-29,13.0000,1.0000
2017-11-30,11.0000,0.9000
2017-12-01,0.0000,0.0000
2017-12-02,0.0000,0.0000
2017-12-03,0.0000,0.0000
2017-12-04,0.0000,0.0000
2017-12-05,0.0000,0.0000
2017-12-06,13.0000,0.8000
2017-12-07,11.0000,1.0000
2017-12-08,0.0000,0.0000
2017-12-09,0.0000,0.0000
2017-12-10,11.0000,1.9000
2017-12-11,13.0000,3.0000
2017-12-12,13.0000,1.7000
2017-12-13,0.0000,0.0000
2017-12-14,0.0000,0.0000
2017-12-15,0.0000,0.0000
2017-12-16,0.0000,0.0000
2017-12-17,0.0000,0.0000
2017-12-18,0.0000,0.0000
2017-12-19,11.0000,3.1000
2017-12-20,16.0000,4.4000
2017-12-21,19.0000,1.6000
2017-12-22,25.0000,1.8000
2017-12-23,26.0000,2.2000
2017-12-24,29.0000,1.4000
2017-12-25,24.0000,2.1000
2017-12-26,16.0000,1.4000
2017-12-27,13.0000,2.1000
2017-12-28,0.0000,0.0000
2017-12-29,0.0000,0.0000
2017-12-30,0.0000,0.0000
2017-12-31,13.0000,1.2000
2018-01-01,0.0000,0.0000
2018-01-02,0.0000,0.0000
2018-01-03,0.0000,0.0000
2018-01-04,13.0000,0.6000
2018-01-05,11.0000,0.9000
2018-01-06,11.0000,1.3000
2018-01-07,12.0000,1.4000
2018-01-08,13.0000,1.2000
2018-01-09,16.0000,5.2000
2018-01-10,20.0000,6.3000
2018-01-11,12.0000,2.5000
2018-01-12,0.0000,0.0000
2018-01-13,0.0000,0.0000
2018-01-14,12.0000,1.6000
2018-01-15,13.0000,1.5000
2018-01-16,15.0000,1.1000
2018-01-17,16.0000,0.9000
2018-01-18,12.0000,0.5000
2018-01-19,12.0000,1.3000
2018-01-20,0.0000,0.0000
2018-01-21,0.0000,0.0000
2018-01-22,0.0000,0.0000
2018-01-23,0.0000,0.0000
2018-01-24,0.0000,0.0000
2018-01-25,0.0000,0.0000
2018-01-26,0.0000,0.0000
2018-01-27,0.0000,0.0000
2018-01-28,0.0000,0.0000
2018-01-29,0.0000,0.0000
2018-01-30,11.0000,1.8000
2018-01-31,12.0000,1.6000
2018-02-01,0.0000,0.0000
2018-02-02,0.0000,0.0000
2018-02-03,0.0000,0.0000
2018-02-04,11.0000,1.6000
2018-02-05,13.0000,0.6000
2018-02-06,16.0000,0.9000
2018-02-07,20.0000,1.4000
2018-02-08,22.0000,1.0000
2018-02-09,25.0000,1.7000
2018-02-10,25.0000,2.2000
2018-02-11,28.0000,1.6000
2018-02-12,25.0000,1.8000
2018-02-13,23.0000,1.4000
2018-02-14,20.0000,1.6000
2018-02-15,16.0000,1.4000
2018-02-16,12.0000,0.9000
2018-02-17,0.0000,0.0000
2018-02-18,0.0000,0.0000
2018-02-19,0.0000,0.0000
2018-02-20,0.0000,0.0000
2018-02-21,0.0000,0.0000
2018-02-22,0.0000,0.0000
2018-02-23,0.0000,0.0000
2018-02-24,0.0000,0.0000
2018-02-25,0.0000,0.0000
2018-02-26,16.0000,2.1000
2018-02-27,15.0000,1.3000
2018-02-28,12.0000,1.1000
2018-03-01,12.0000,1.5000
2018-03-02,11.0000,1.3000
2018-03-03,0.0000,0.0000
2018-03-04,0.0000,0.0000
2018-03-05,0.0000,0.0000
2018-03-06,0.0000,0.0000
2018-03-07,0.0000,0.0000
2018-03-08,0.0000,0.0000
2018-03-09,0.0000,0.0000
2018-03-10,0.0000,0.0000
2018-03-11,0.0000,0.0000
2018-03-12,0.0000,0.0000
2018-03-13,0.0000,0.0000
2018-03-14,0.0000,0.0000
2018-03-15,0.0000,0.0000
2018-03-16,0.0000,0.0000
2018-03-17,14.0000,1.1000
2018-03-18,14.0000,1.4000
2018-03-19,0.0000,0.0000
2018-03-20,0.0000,0.0000
2018-03-21,0.0000,0.0000
2018-03-22,0.0000,0.0000
2018-03-23,0.0000,0.0000
2018-03-24,0.0000,0.0000
2018-03-25,0.0000,0.0000
2018-03-26,0.0000,0.0000
2018-03-27,0.0000,0.0000
2018-03-28,0.0000,0.0000
2018-03-29,0.0000,0.0000
2018-03-30,12.0000,1.1000
2018-03-31,13.0000,1.0000
2018-04-01,11.0000,0.7000
2018-04-02,0.0000,0.0000
2018-04-03,0.0000,0.0000
2018-04-04,0.0000,0.0000
2018-04-05,0.0000,0.0000
2018-04-06,0.0000,0.0000
2018-04-07,0.0000,0.0000
2018-04-08,0.0000,0.0000
2018-04-09,0.0000,0.0000
2018-04-10,12.0000,1.3000
2018-04-11,0.0000,0.0000
2018-04-12,13.0000,2.9000
2018-04-13,16.0000,1.1000
2018-04-14,11.0000,0.8000
2018-04-15,13.0000,4.5000
2018-04-16,12.0000,0.9000
2018-04-17,11.0000,0.9000
2018-04-18,0.0000,0.0000
2018-04-19,13.0000,2.0000
2018-04-20,16.0000,1.4000
2018-04-21,27.0000,1.8000
2018-04-22,22.0000,2.0000
2018-04-23,23.0000,1.5000
2018-04-24,21.0000,2.0000
2018-04-25,18.0000,1.6000
2018-04-26,15.0000,1.1000
2018-04-27,14.0000,3.0000
2018-04-28,0.0000,0.0000
2018-04-29,0.0000,0.0000
2018-04-30,0.0000,0.0000
2018-05-01,0.0000,0.0000
2018-05-02,0.0000,0.0000
2018-05-03,0.0000,0.0000
2018-05-04,13.0000,3.0000
2018-05-05,14.0000,1.2000
2018-05-06,15.0000,1.2000
2018-05-07,14.0000,1.1000
2018-05-08,20.0000,5.9000
2018-05-09,23.0000,1.0000
2018-05-10,11.0000,0.7000
2018-05-11,11.0000,0.6000
2018-05-12,13.0000,0.8000
2018-05-13,12.0000,0.9000
2018-05-14,0.0000,0.0000
2018-05-15,0.0000,0.0000
2018-05-16,0.0000,0.0000
2018-05-17,0.0000,0.0000
2018-05-18,0.0000,0.0000
2018-05-19,0.0000,0.0000
2018-05-20,0.0000,0.0000
2018-05-21,12.0000,0.9000
2018-05-22,13.0000,0.8000
2018-05-23,27.0000,1.6000
2018-05-24,33.0000,2.8000
2018-05-25,30.0000,2.9000
2018-05-26,27.0000,2.0000
2018-05-27,33.0000,2.9000
2018-05-28,20.0000,1.9000
2018-05-29,23.0000,1.4000
2018-05-30,21.0000,1.4000
2018-05-31,22.0000,1.6000
2018-06-01,22.0000,1.4000
2018-06-02,21.0000,2.0000
2018-06-03,13.0000,1.3000
2018-06-04,0.0000,0.0000
2018-06-05,0.0000,0.0000
2018-06-06,11.0000,1.1000
2018-06-07,10.0000,0.6000
2018-06-08,0.0000,0.0000
2018-06-09,0.0000,0.0000
2018-06-10,0.0000,0.0000
2018-06-11,0.0000,0.0000
2018-06-12,11.0000,0.9000
2018-06-13,15.0000,1.0000
2018-06-14,15.0000,1.3000
2018-06-15,14.0000,1.2000
2018-06-16,14.0000,1.6000
2018-06-17,14.0000,3.0000
2018-06-18,29.0000,1.9000
2018-06-19,33.0000,2.0000
2018-06-20,56.0000,3.0000
2018-06-21,48.0000,3.2000
2018-06-22,41.0000,3.1000
2018-06-23,37.0000,2.1000
2018-06-24,19.0000,1.2000
2018-06-25,16.0000,1.2000
2018-06-26,14.0000,0.7000
2018-06-27,14.0000,4.8000
2018-06-28,0.0000,0.0000
2018-06-29,0.0000,0.0000
2018-06-30,0.0000,0.0000
2018-07-01,0.0000,0.0000
2018-07-02,0.0000,0.0000
2018-07-03,0.0000,0.0000
2018-07-04,0.0000,0.0000
2018-07-05,0.0000,0.0000
2018-07-06,0.0000,0.0000
2018-07-07,0.0000,0.0000
2018-07-08,0.0000,0.0000
2018-07-09,0.0000,0.0000
2018-07-10,0.0000,0.0000
2018-07-11,0.0000,0.0000
2018-07-12,0.0000,0.0000
2018-07-13,13.0000,4.1000
2018-07-14,12.0000,4.1000
2018-07-15,12.0000,1.7000
2018-07-16,0.0000,0.0000
2018-07-17,0.0000,0.0000
2018-07-18,0.0000,0.0000
2018-07-19,0.0000,0.0000
2018-07-20,0.0000,0.0000
2018-07-21,12.0000,1.3000
2018-07-22,0.0000,0.0000
2018-07-23,0.0000,0.0000
2018-07-24,0.0000,0.0000
2018-07-25,0.0000,0.0000
2018-07-26,0.0000,0.0000
2018-07-27,0.0000,0.0000
2018-07-28,0.0000,0.0000
2018-07-29,0.0000,0.0000
2018-07-30,0.0000,0.0000
2018-07-31,0.0000,0.0000
2018-08-01,12.0000,0.8000
2018-08-02,11.0000,0.6000
2018-08-03,0.0000,0.0000
2018-08-04,0.0000,0.0000
2018-08-05,0.0000,0.0000
2018-08-06,0.0000,0.0000
2018-08-07,0.0000,0.0000
2018-08-08,0.0000,0.0000
2018-08-09,0.0000,0.0000
2018-08-10,0.0000,0.0000
2018-08-11,0.0000,0.0000
2018-08-12,0.0000,0.0000
2018-08-13,0.0000,0.0000
2018-08-14,12.0000,1.0000
2018-08-15,13.0000,0.9000
2018-08-16,13.0000,0.6000
2018-08-17,12.0000,0.5000
2018-08-18,11.0000,0.8000
2018-08-19,14.0000,0.9000
2018-08-20,16.0000,1.5000
2018-08-21,16.0000,1.5000
2018-08-22,12.0000,3.3000
2018-08-23,15.0000,1.2000
2018-08-24,29.0000,2.1000
2018-08-25,32.0000,2.3000
2018-08-26,28.0000,1.7000
2018-08-27,13.0000,1.0000
2018-08-28,11.0000,0.8000
2018-08-29,0.0000,0.0000
2018-08-30,0.0000,0.0000
2018-08-31,0.0000,0.0000
2018-09-01,0.0000,0.0000
2018-09-02,0.0000,0.0000
2018-09-03,0.0000,0.0000
2018-09-04,0.0000,0.0000
2018-09-05,0.0000,0.0000
2018-09-06,0.0000,0.0000
2018-09-07,0.0000,0.0000
2018-09-08,16.0000,2.2000
2018-09-09,14.0000,1.3000
2018-09-10,12.0000,0.9000
2018-09-11,16.0000,1.2000
2018-09-12,14.0000,1.1000
2018-09-13,0.0000,0.0000
2018-09-14,0.0000,0.0000
2018-09-15,0.0000,0.0000
2018-09-16,0.0000,0.0000
2018-09-17,13.0000,1.9000
2018-09-18,0.0000,0.0000
2018-09-19,0.0000,0.0000
2018-09-20,0.0000,0.0000
2018-09-21,0.0000,0.0000
2018-09-22,0.0000,0.0000
2018-09-23,0.0000,0.0000
2018-09-24,0.0000,0.0000
2018-09-25,0.0000,0.0000
2018-09-26,0.0000,0.0000
2018-09-27,0.0000,0.0000
2018-09-28,0.0000,0.0000
2018-09-29,0.0000,0.0000
2018-09-30,15.0000,0.8000
2018-10-01,17.0000,1.2000
2018-10-02,14.0000,0.8000
2018-10-03,12.0000,0.7000
2018-10-04,11.0000,0.7000
2018-10-05,0.0000,0.0000
2018-10-06,0.0000,0.0000
2018-10-07,0.0000,0.0000
2018-10-08,0.0000,0.0000
2018-10-09,0.0000,0.0000
2018-10-10,0.0000,0.0000
2018-10-11,5.0000,0.4000
2018-10-12,13.0000,0.8000
2018-10-13,26.0000,2.4000
2018-10-14,23.0000,1.6000
2018-10-15,17.0000,6.3000
2018-10-16,0.0000,0.0000
2018-10-17,11.0000,2.0000
2018-10-18,0.0000,0.0000
2018-10-19,0.0000,0.0000
2018-10-20,0.0000,0.0000
2018-10-21,4.0000,1.4000
2018-10-22,0.0000,0.0000
2018-10-23,0.0000,0.0000
2018-10-24,0.0000,0.0000
2018-10-25,0.0000,0.0000
2018-10-26,0.0000,0.0000
2018-10-27,0.0000,0.0000
2018-10-28,0.0000,0.0000
2018-10-29,0.0000,0.0000
2018-10-30,0.0000,0.0000
2018-10-31,0.0000,0.0000
2018-11-01,0.0000,0.0000
2018-11-02,0.0000,0.0000
2018-11-03,0.0000,0.0000
2018-11-04,0.0000,0.0000
2018-11-05,0.0000,0.0000
2018-11-06,0.0000,0.0000
2018-11-07,0.0000,0.0000
2018-11-08,5.0000,0.5000
2018-11-09,11.0000,1.5000
2018-11-10,3.0000,0.2000
2018-11-11,0.0000,0.0000
2018-11-12,15.0000,1.3000
2018-11-13,11.0000,0.4000
2018-11-14,11.0000,0.5000
2018-11-15,13.0000,1.2000
2018-11-16,15.0000,0.9000
2018-11-17,15.0000,1.1000
2018-11-18,14.0000,1.3000
2018-11-19,12.0000,1.6000
2018-11-20,0.0000,0.0000
2018-11-21,0.0000,0.0000
2018-11-22,0.0000,0.0000
2018-11-23,0.0000,0.0000
2018-11-24,9.0000,1.4000
2018-11-25,11.0000,1.3000
2018-11-26,3.0000,0.3000
2018-11-27,0.0000,0.0000
2018-11-28,0.0000,0.0000
2018-11-29,0.0000,0.0000
2018-11-30,0.0000,0.0000
2018-12-01,0.0000,0.0000
2018-12-02,0.0000,0.0000
2018-12-03,0.0000,0.0000
2018-12-04,0.0000,0.0000
2018-12-05,17.0000,1.6000
2018-12-06,21.0000,1.1000
2018-12-07,18.0000,1.7000
2018-12-08,5.0000,1.3000
2018-12-09,0.0000,0.0000
2018-12-10,0.0000,0.0000
2018-12-11,13.0000,1.1000
2018-12-12,0.0000,0.0000
2018-12-13,0.0000,0.0000
2018-12-14,11.0000,1.3000
2018-12-15,12.0000,1.9000
2018-12-16,0.0000,0.0000
2018-12-17,0.0000,0.0000
2018-12-18,0.0000,0.0000
2018-12-19,0.0000,0.0000
2018-12-20,0.0000,0.0000
2018-12-21,0.0000,0.0000
2018-12-22,0.0000,0.0000
2018-12-23,0.0000,0.0000
2018-12-24,0.0000,0.0000
2018-12-25,0.0000,0.0000
2018-12-26,0.0000,0.0000
2018-12-27,0.0000,0.0000
2018-12-28,0.0000,0.0000
2018-12-29,0.0000,0.0000
2018-12-30,0.0000,0.0000
2018-12-31,0.0000,0.0000
2019-01-01,12.0000,1.0000
2019-01-02,15.0000,1.5000
2019-01-03,15.0000,1.2000
2019-01-04,13.0000,0.8000
2019-01-05,11.0000,1.4000
2019-01-06,0.0000,0.0000
2019-01-07,0.0000,0.0000
2019-01-08,0.0000,0.0000
2019-01-09,0.0000,0.0000
2019-01-10,0.0000,0.0000
2019-01-11,0.0000,0.0000
2019-01-12,0.0000,0.0000
2019-01-13,0.0000,0.0000
2019-01-14,0.0000,0.0000
2019-01-15,0.0000,0.0000
2019-01-16,0.0000,0.0000
2019-01-17,0.0000,0.0000
2019-01-18,0.0000,0.0000
2019-01-19,0.0000,0.0000
2019-01-20,0.0000,0.0000
2019-01-21,10.0000,0.8000
2019-01-22,16.0000,1.3000
2019-01-23,19.0000,1.5000
2019-01-24,21.0000,1.1000
2019-01-25,22.0000,1.6000
2019-01-26,26.0000,1.1000
2019-01-27,19.0000,1.6000
2019-01-28,16.0000,1.1000
2019-01-29,13.0000,1.0000
2019-01-30,11.0000,1.3000
2019-01-31,0.0000,0.0000
2019-02-01,0.0000,0.0000
2019-02-02,0.0000,0.0000
2019-02-03,0.0000,0.0000
2019-02-04,0.0000,0.0000
2019-02-05,0.0000,0.0000
2019-02-06,0.0000,0.0000
2019-02-07,0.0000,0.0000
2019-02-08,0.0000,0.0000
2019-02-09,0.0000,0.0000
2019-02-10,0.0000,0.0000
2019-02-11,0.0000,0.0000
2019-02-12,0.0000,0.0000
2019-02-13,12.0000,0.7000
2019-02-14,0.0000,0.0000
2019-02-15,0.0000,0.0000
2019-02-16,0.0000,0.0000
2019-02-17,0.0000,0.0000
2019-02-18,0.0000,0.0000
2019-02-19,0.0000,0.0000
2019-02-20,0.0000,0.0000
2019-02-21,11.0000,0.8000
2019-02-22,0.0000,0.0000
2019-02-23,0.0000,0.0000
2019-02-24,0.0000,0.0000
2019-02-25,0.0000,0.0000
2019-02-26,0.0000,0.0000
2019-02-27,0.0000,0.0000
2019-02-28,0.0000,0.0000
2019-03-01,0.0000,0.0000
2019-03-02,0.0000,0.0000
2019-03-03,0.0000,0.0000
2019-03-04,0.0000,0.0000
2019-03-05,14.0000,2.8000
2019-03-06,18.0000,1.7000
2019-03-07,16.0000,1.1000
2019-03-08,11.0000,0.4000
2019-03-09,11.0000,0.4000
2019-03-10,11.0000,0.4000
2019-03-11,11.0000,0.4000
2019-03-12,11.0000,0.4000
2019-03-13,0.0000,0.0000
2019-03-14,12.0000,1.2000
2019-03-15,0.0000,0.0000
2019-03-16,0.0000,0.0000
2019-03-17,0.0000,0.0000
2019-03-18,13.0000,0.8000
2019-03-19,15.0000,1.2000
2019-03-20,32.0000,2.5000
2019-03-21,38.0000,3.2000
2019-03-22,30.0000,1.5000
2019-03-23,22.0000,1.3000
2019-03-24,14.0000,0.9000
2019-03-25,0.0000,0.0000
2019-03-26,0.0000,0.0000
2019-03-27,0.0000,0.0000
2019-03-28,0.0000,0.0000
2019-03-29,0.0000,0.0000
2019-03-30,0.0000,0.0000
2019-03-31,13.0000,1.4000
2019-04-01,14.0000,0.8000
2019-04-02,17.0000,1.6000
2019-04-03,19.0000,1.6000
2019-04-04,11.0000,1.6000
2019-04-05,5.0000,0.7000
2019-04-06,0.0000,0.0000
2019-04-07,11.0000,0.6000
2019-04-08,12.0000,0.5000
2019-04-09,12.0000,0.4000
2019-04-10,13.0000,0.5000
2019-04-11,12.0000,0.8000
2019-04-12,13.0000,0.8000
2019-04-13,16.0000,1.5000
2019-04-14,14.0000,1.0000
2019-04-15,12.0000,0.3000
2019-04-16,11.0000,0.4000
2019-04-17,16.0000,0.6000
2019-04-18,24.0000,0.9000
2019-04-19,24.0000,0.7000
2019-04-20,11.0000,0.6000
2019-04-21,5.0000,0.4000
2019-04-22,0.0000,0.0000
2019-04-23,0.0000,0.0000
2019-04-24,0.0000,0.0000
2019-04-25,0.0000,0.0000
2019-04-26,0.0000,0.0000
2019-04-27,0.0000,0.0000
2019-04-28,0.0000,0.0000
2019-04-29,0.0000,0.0000
2019-04-30,0.0000,0.0000
2019-05-01,0.0000,0.0000
2019-05-02,0.0000,0.0000
2019-05-03,0.0000,0.0000
2019-05-04,12.0000,0.8000
2019-05-05,12.0000,0.4000
2019-05-06,16.0000,0.9000
2019-05-07,26.0000,1.1000
2019-05-08,25.0000,1.7000
2019-05-09,26.0000,1.1000
2019-05-10,26.0000,1.5000
2019-05-11,27.0000,1.2000
2019-05-12,26.0000,1.3000
2019-05-13,24.0000,1.2000
2019-05-14,24.0000,0.8000
2019-05-15,18.0000,0.7000
2019-05-16,13.0000,0.5000
2019-05-17,13.0000,0.6000
2019-05-18,12.0000,0.9000
2019-05-19,0.0000,0.0000
2019-05-20,0.0000,0.0000
2019-05-21,0.0000,0.0000
2019-05-22,0.0000,0.0000
2019-05-23,0.0000,0.0000
2019-05-24,0.0000,0.0000
2019-05-25,0.0000,0.0000
2019-05-26,0.0000,0.0000
2019-05-27,0.0000,0.0000
2019-05-28,0.0000,0.0000
2019-05-29,7.0000,0.4000
2019-05-30,0.0000,0.0000
2019-05-31,0.0000,0.0000
2019-06-01,0.0000,0.0000
2019-06-02,0.0000,0.0000
2019-06-03,0.0000,0.0000
2019-06-04,0.0000,0.0000
2019-06-05,0.0000,0.0000
2019-06-06,0.0000,0.0000
2019-06-07,0.0000,0.0000
2019-06-08,0.0000,0.0000
2019-06-09,0.0000,0.0000
2019-06-10,0.0000,0.0000
2019-06-11,0.0000,0.0000
2019-06-12,0.0000,0.0000
2019-06-13,0.0000,0.0000
2019-06-14,0.0000,0.0000
2019-06-15,0.0000,0.0000
2019-06-16,0.0000,0.0000
2019-06-17,0.0000,0.0000
2019-06-18,0.0000,0.0000
2019-06-19,0.0000,0.0000
2019-06-20,0.0000,0.0000
2019-06-21,0.0000,0.0000
2019-06-22,0.0000,0.0000
2019-06-23,0.0000,0.0000
2019-06-24,11.0000,3.9000
2019-06-25,12.0000,0.0000
2019-06-26,7.0000,0.6000
2019-06-27,0.0000,0.0000
2019-06-28,0.0000,0.0000
2019-06-29,5.0000,1.0000
2019-06-30,0.0000,0.0000
2019-07-01,5.0000,0.5000
2019-07-02,0.0000,0.0000
2019-07-03,0.0000,0.0000
2019-07-04,0.0000,0.0000
2019-07-05,0.0000,0.0000
2019-07-06,0.0000,0.0000
2019-07-07,9.0000,0.7000
2019-07-08,5.0000,0.5000
2019-07-09,0.0000,0.0000
2019-07-10,0.0000,0.0000
2019-07-11,0.0000,0.0000
2019-07-12,0.0000,0.0000
2019-07-13,0.0000,0.0000
2019-07-14,0.0000,0.0000
2019-07-15,0.0000,0.0000
2019-07-16,0.0000,0.0000
2019-07-17,0.0000,0.0000
2019-07-18,0.0000,0.0000
2019-07-19,0.0000,0.0000
2019-07-20,0.0000,0.0000
2019-07-21,0.0000,0.0000
2019-07-22,8.0000,0.8000
2019-07-23,0.0000,0.0000
2019-07-24,0.0000,0.0000
2019-07-25,0.0000,0.0000
2019-07-26,0.0000,0.0000
2019-07-27,0.0000,0.0000
2019-07-28,0.0000,0.0000
2019-07-29,0.0000,0.0000
2019-07-30,0.0000,0.0000
2019-07-31,0.0000,0.0000
2019-08-01,0.0000,0.0000
2019-08-02,0.0000,0.0000
2019-08-03,0.0000,0.0000
2019-08-04,0.0000,0.0000
2019-08-05,8.0000,0.7000
2019-08-06,0.0000,0.0000
2019-08-07,7.0000,0.7000
2019-08-08,0.0000,0.0000
2019-08-09,0.0000,0.0000
2019-08-10,0.0000,0.0000
2019-08-11,0.0000,0.0000
2019-08-12,0.0000,0.0000
2019-08-13,0.0000,0.0000
2019-08-14,0.0000,0.0000
2019-08-15,0.0000,0.0000
2019-08-16,0.0000,0.0000
2019-08-17,0.0000,0.0000
2019-08-18,0.0000,0.0000
2019-08-19,0.0000,0.0000
2019-08-20,0.0000,0.0000
2019-08-21,0.0000,0.0000
2019-08-22,0.0000,0.0000
2019-08-23,0.0000,0.0000
2019-08-24,0.0000,0.0000
2019-08-25,0.0000,0.0000
2019-08-26,0.0000,0.0000
2019-08-27,0.0000,0.0000
2019-08-28,0.0000,0.0000
2019-08-29,0.0000,0.0000
2019-08-30,0.0000,0.0000
2019-08-31,0.0000,0.0000
2019-09-01,14.0000,1.6000
2019-09-02,14.0000,0.0000
2019-09-03,5.0000,0.4000
2019-09-04,0.0000,0.0000
2019-09-05,0.0000,0.0000
2019-09-06,0.0000,0.0000
2019-09-07,0.0000,0.0000
2019-09-08,0.0000,0.0000
2019-09-09,0.0000,0.0000
2019-09-10,0.0000,0.0000
2019-09-11,0.0000,0.0000
2019-09-12,0.0000,0.0000
2019-09-13,0.0000,0.0000
2019-09-14,0.0000,0.0000
2019-09-15,0.0000,0.0000
2019-09-16,0.0000,0.0000
2019-09-17,0.0000,0.0000
2019-09-18,0.0000,0.0000
2019-09-19,0.0000,0.0000
2019-09-20,0.0000,0.0000
2019-09-21,0.0000,0.0000
2019-09-22,0.0000,0.0000
2019-09-23,0.0000,0.0000
2019-09-24,0.0000,0.0000
2019-09-25,0.0000,0.0000
2019-09-26,0.0000,0.0000
2019-09-27,0.0000,0.0000
2019-09-28,0.0000,0.0000
2019-09-29,0.0000,0.0000
2019-09-30,0.0000,0.0000
2019-10-01,6.0000,0.5000
2019-10-02,6.0000,0.6000
2019-10-03,0.0000,0.0000
2019-10-04,0.0000,0.0000
2019-10-05,0.0000,0.0000
2019-10-06,0.0000,0.0000
2019-10-07,0.0000,0.0000
2019-10-08,0.0000,0.0000
2019-10-09,0.0000,0.0000
2019-10-10,0.0000,0.0000
2019-10-11,0.0000,0.0000
2019-10-12,0.0000,0.0000
2019-10-13,0.0000,0.0000
2019-10-14,0.0000,0.0000
2019-10-15,0.0000,0.0000
2019-10-16,0.0000,0.0000
2019-10-17,0.0000,0.0000
2019-10-18,0.0000,0.0000
2019-10-19,0.0000,0.0000
2019-10-20,0.0000,0.0000
2019-10-21,0.0000,0.0000
2019-10-22,0.0000,0.0000
2019-10-23,0.0000,0.0000
2019-10-24,0.0000,0.0000
2019-10-25,0.0000,0.0000
2019-10-26,0.0000,0.0000
2019-10-27,0.0000,0.0000
2019-10-28,0.0000,0.0000
2019-10-29,0.0000,0.0000
2019-10-30,0.0000,0.0000
2019-10-31,0.0000,0.0000
2019-11-01,7.0000,1.1000
2019-11-02,0.0000,0.0000
2019-11-03,0.0000,0.0000
2019-11-04,4.0000,0.3000
2019-11-05,0.0000,0.0000
2019-11-06,0.0000,0.0000
2019-11-07,0.0000,0.0000
2019-11-08,0.0000,0.0000
2019-11-09,0.0000,0.0000
2019-11-10,0.0000,0.0000
2019-11-11,0.0000,0.0000
2019-11-12,0.0000,0.0000
2019-11-13,3.0000,0.2000
2019-11-14,0.0000,0.0000
2019-11-15,0.0000,0.0000
2019-11-16,0.0000,0.0000
2019-11-17,0.0000,0.0000
2019-11-18,0.0000,0.0000
2019-11-19,0.0000,0.0000
2019-11-20,0.0000,0.0000
2019-11-21,0.0000,0.0000
2019-11-22,0.0000,0.0000
2019-11-23,0.0000,0.0000
2019-11-24,0.0000,0.0000
2019-11-25,0.0000,0.0000
2019-11-26,0.0000,0.0000
2019-11-27,0.0000,0.0000
2019-11-28,0.0000,0.0000
2019-11-29,0.0000,0.0000
2019-11-30,0.0000,0.0000
2019-12-01,0.0000,0.0000
2019-12-02,0.0000,0.0000
2019-12-03,0.0000,0.0000
2019-12-04,0.0000,0.0000
2019-12-05,0.0000,0.0000
2019-12-06,0.0000,0.0000
2019-12-07,0.0000,0.0000
2019-12-08,0.0000,0.0000
2019-12-09,0.0000,0.0000
2019-12-10,0.0000,0.0000
2019-12-11,0.0000,0.0000
2019-12-12,0.0000,0.0000
2019-12-13,0.0000,0.0000
2019-12-14,0.0000,0.0000
2019-12-15,0.0000,0.0000
2019-12-16,0.0000,0.0000
2019-12-17,0.0000,0.0000
2019-12-18,0.0000,0.0000
2019-12-19,0.0000,0.0000
2019-12-20,0.0000,0.0000
2019-12-21,0.0000,0.0000
2019-12-22,0.0000,0.0000
2019-12-23,0.0000,0.0000
2019-12-24,16.0000,0.9000
2019-12-25,23.0000,0.0000
2019-12-26,8.0000,3.1000
2019-12-27,0.0000,0.0000
2019-12-28,0.0000,0.0000
2019-12-29,0.0000,0.0000
2019-12-30,0.0000,0.0000
2019-12-31,0.0000,0.0000
2020-01-01,6.0000,0.3000
2020-01-02,12.0000,0.7000
2020-01-03,13.0000,1.2000
2020-01-04,12.0000,0.7000
2020-01-05,14.0000,1.3000
2020-01-06,7.0000,0.5000
2020-01-07,4.0000,1.5000
2020-01-08,4.0000,0.8000
2020-01-09,15.0000,1.3000
2020-01-10,4.0000,1.6000
2020-01-11,0.0000,0.0000
2020-01-12,0.0000,0.0000
2020-01-13,0.0000,0.0000
2020-01-14,0.0000,0.0000
2020-01-15,0.0000,0.0000
2020-01-16,0.0000,0.0000
2020-01-17,0.0000,0.0000
2020-01-18,0.0000,0.0000
2020-01-19,0.0000,0.0000
2020-01-20,0.0000,0.0000
2020-01-21,0.0000,0.0000
2020-01-22,0.0000,0.0000
2020-01-23,0.0000,0.0000
2020-01-24,8.0000,0.5000
2020-01-25,12.0000,0.7000
2020-01-26,19.0000,1.5000
2020-01-27,14.0000,0.9000
2020-01-28,12.0000,0.8000
2020-01-29,12.0000,0.9000
2020-01-30,12.0000,0.6000
2020-01-31,12.0000,0.7000
2020-02-01,6.0000,0.4000
2020-02-02,0.0000,0.0000
2020-02-03,0.0000,0.0000
2020-02-04,0.0000,0.0000
2020-02-05,0.0000,0.0000
2020-02-06,0.0000,0.0000
2020-02-07,0.0000,0.0000
2020-02-08,0.0000,0.0000
2020-02-09,0.0000,0.0000
2020-02-10,0.0000,0.0000
2020-02-11,0.0000,0.0000
2020-02-12,0.0000,0.0000
2020-02-13,0.0000,0.0000
2020-02-14,0.0000,0.0000
2020-02-15,0.0000,0.0000
2020-02-16,0.0000,0.0000
2020-02-17,0.0000,0.0000
2020-02-18,0.0000,0.0000
2020-02-19,0.0000,0.0000
2020-02-20,0.0000,0.0000
2020-02-21,0.0000,0.0000
2020-02-22,0.0000,0.0000
2020-02-23,0.0000,0.0000
2020-02-24,0.0000,0.0000
2020-02-25,0.0000,0.0000
2020-02-26,0.0000,0.0000
2020-02-27,0.0000,0.0000
2020-02-28,0.0000,0.0000
2020-02-29,0.0000,0.0000
2020-03-01,0.0000,0.0000
2020-03-02,0.0000,0.0000
2020-03-03,0.0000,0.0000
2020-03-04,0.0000,0.0000
2020-03-05,0.0000,0.0000
2020-03-06,0.0000,0.0000
2020-03-07,2.0000,0.0000
2020-03-08,16.0000,1.2000
2020-03-09,11.0000,0.0000
2020-03-10,0.0000,0.0000
2020-03-11,0.0000,0.0000
2020-03-12,0.0000,0.0000
2020-03-13,0.0000,0.0000
2020-03-14,0.0000,0.0000
2020-03-15,0.0000,0.0000
2020-03-16,0.0000,0.0000
2020-03-17,0.0000,0.0000
2020-03-18,3.0000,0.3000
2020-03-19,0.0000,0.0000
2020-03-20,0.0000,0.0000
2020-03-21,0.0000,0.0000
2020-03-22,0.0000,0.0000
2020-03-23,0.0000,0.0000
2020-03-24,0.0000,0.0000
2020-03-25,0.0000,0.0000
2020-03-26,0.0000,0.0000
2020-03-27,0.0000,0.0000
2020-03-28,0.0000,0.0000
2020-03-29,0.0000,0.0000
2020-03-30,3.0000,0.1000
2020-03-31,11.0000,0.7000
2020-04-01,13.0000,0.9000
2020-04-02,13.0000,0.8000
2020-04-03,13.0000,0.8000
2020-04-04,13.0000,1.1000
2020-04-05,0.0000,0.0000
2020-04-06,0.0000,0.0000
2020-04-07,0.0000,0.0000
2020-04-08,0.0000,0.0000
2020-04-09,0.0000,0.0000
2020-04-10,0.0000,0.0000
2020-04-11,0.0000,0.0000
2020-04-12,0.0000,0.0000
2020-04-13,0.0000,0.0000
2020-04-14,0.0000,0.0000
2020-04-15,0.0000,0.0000
2020-04-16,0.0000,0.0000
2020-04-17,0.0000,0.0000
2020-04-18,0.0000,0.0000
2020-04-19,0.0000,0.0000
2020-04-20,0.0000,0.0000
2020-04-21,0.0000,0.0000
2020-04-22,0.0000,0.0000
2020-04-23,0.0000,0.0000
2020-04-24,0.0000,0.0000
2020-04-25,6.0000,0.4000
2020-04-26,13.0000,0.9000
2020-04-27,26.0000,1.8000
2020-04-28,15.0000,2.8000
2020-04-29,24.0000,0.9000
2020-04-30,20.0000,1.7000
2020-05-01,4.0000,0.9000
2020-05-02,0.0000,0.0000
2020-05-03,0.0000,0.0000
2020-05-04,0.0000,0.0000
2020-05-05,0.0000,0.0000
2020-05-06,0.0000,0.0000
2020-05-07,0.0000,0.0000
2020-05-08,0.0000,0.0000
2020-05-09,0.0000,0.0000
2020-05-10,0.0000,0.0000
2020-05-11,0.0000,0.0000
2020-05-12,0.0000,0.0000
2020-05-13,0.0000,0.0000
2020-05-14,0.0000,0.0000
2020-05-15,0.0000,0.0000
2020-05-16,0.0000,0.0000
2020-05-17,0.0000,0.0000
2020-05-18,0.0000,0.0000
2020-05-19,0.0000,0.0000
2020-05-20,0.0000,0.0000
2020-05-21,0.0000,0.0000
2020-05-22,0.0000,0.0000
2020-05-23,0.0000,0.0000
2020-05-24,0.0000,0.0000
2020-05-25,0.0000,0.0000
2020-05-26,0.0000,0.0000
2020-05-27,0.0000,0.0000
2020-05-28,0.0000,0.0000
2020-05-29,0.0000,0.0000
2020-05-30,0.0000,0.0000
2020-05-31,2.0000,0.0000
2020-06-01,6.0000,0.4000
2020-06-02,0.0000,0.0000
2020-06-03,9.0000,0.7000
2020-06-04,11.0000,0.8000
2020-06-05,13.0000,0.7000
2020-06-06,16.0000,1.0000
2020-06-07,16.0000,1.5000
2020-06-08,16.0000,1.5000
2020-06-09,14.0000,1.1000
2020-06-10,12.0000,1.1000
2020-06-11,11.0000,0.8000
2020-06-12,11.0000,0.9000
2020-06-13,11.0000,0.5000
2020-06-14,11.0000,0.4000
2020-06-15,8.0000,0.6000
2020-06-16,0.0000,0.0000
2020-06-17,0.0000,0.0000
2020-06-18,0.0000,0.0000
2020-06-19,0.0000,0.0000
2020-06-20,0.0000,0.0000
2020-06-21,0.0000,0.0000
2020-06-22,0.0000,0.0000
2020-06-23,0.0000,0.0000
2020-06-24,0.0000,0.0000
2020-06-25,0.0000,0.0000
2020-06-26,6.0000,0.4000
2020-06-27,4.0000,0.8000
2020-06-28,0.0000,0.0000
2020-06-29,0.0000,0.0000
2020-06-30,0.0000,0.0000
2020-07-01,4.0000,5.6000
2020-07-02,2.0000,4.6000
2020-07-03,0.0000,2.3000
2020-07-04,7.0000,6.0000
2020-07-05,5.0000,5.5000
2020-07-06,5.0000,5.5000
2020-07-07,8.0000,10.4000
2020-07-08,0.0000,0.0000
2020-07-09,0.0000,0.0000
2020-07-10,0.0000,0.0000
2020-07-11,0.0000,1.6000
2020-07-12,0.0000,0.0000
2020-07-13,0.0000,0.0000
2020-07-14,0.0000,0.0000
2020-07-15,2.0000,4.6000
2020-07-16,0.0000,4.0000
2020-07-17,0.0000,2.6000
2020-07-18,0.0000,1.5000
2020-07-19,0.0000,1.5000
2020-07-20,0.0000,1.4000
2020-07-21,6.0000,5.5000
2020-07-22,11.0000,2.1000
2020-07-23,11.0000,2.0000
2020-07-24,11.0000,2.2000
2020-07-25,11.0000,1.7000
2020-07-26,11.0000,1.8000
2020-07-27,11.0000,1.5000
2020-07-28,20.0000,5.1000
2020-07-29,21.0000,4.0000
2020-07-30,21.0000,3.9000
2020-07-31,21.0000,4.6000
2020-08-01,26.0000,10.5000
2020-08-02,15.0000,9.2000
2020-08-03,11.0000,11.6000
2020-08-04,11.0000,2.9000
2020-08-05,12.0000,1.9000
2020-08-06,14.0000,1.2000
2020-08-07,17.0000,5.2000
2020-08-08,12.0000,0.9000
2020-08-09,13.0000,1.3000
2020-08-10,13.0000,1.0000
2020-08-11,12.0000,2.4000
2020-08-12,17.0000,7.3000
2020-08-13,10.0000,7.1000
2020-08-14,5.0000,6.0000
2020-08-15,0.0000,3.0000
2020-08-16,0.0000,2.2000
2020-08-17,0.0000,1.7000
2020-08-18,13.0000,4.8000
2020-08-19,16.0000,3.3000
2020-08-20,12.0000,3.8000
2020-08-21,3.0000,4.9000
2020-08-22,0.0000,0.0000
2020-08-23,0.0000,0.0000
2020-08-24,0.0000,0.0000
2020-08-25,0.0000,0.0000
2020-08-26,0.0000,0.0000
2020-08-27,0.0000,0.0000
2020-08-28,0.0000,0.0000
2020-08-29,0.0000,0.0000
2020-08-30,0.0000,0.0000
2020-08-31,0.0000,0.0000
2020-09-01,0.0000,0.0000
2020-09-02,0.0000,0.0000
2020-09-03,0.0000,0.0000
2020-09-04,0.0000,1.5000
2020-09-05,0.0000,0.0000
2020-09-06,0.0000,0.0000
2020-09-07,0.0000,0.0000
2020-09-08,0.0000,0.0000
2020-09-09,0.0000,0.0000
2020-09-10,0.0000,0.0000
2020-09-11,0.0000,0.0000
2020-09-12,0.0000,0.0000
2020-09-13,0.0000,1.8000
2020-09-14,2.0000,4.1000
2020-09-15,0.0000,0.0000
2020-09-16,0.0000,0.0000
2020-09-17,0.0000,0.0000
2020-09-18,0.0000,1.5000
2020-09-19,0.0000,0.0000
2020-09-20,0.0000,0.0000
2020-09-21,0.0000,0.0000
2020-09-22,0.0000,2.7000
2020-09-23,7.0000,4.8000
2020-09-24,5.0000,7.6000
2020-09-25,4.0000,5.2000
2020-09-26,0.0000,0.0000
2020-09-27,0.0000,1.7000
2020-09-28,0.0000,0.0000
2020-09-29,0.0000,0.0000
2020-09-30,0.0000,0.0000
2020-10-01,0.0000,0.0000
2020-10-02,0.0000,0.0000
2020-10-03,0.0000,0.0000
2020-10-04,0.0000,2.7000
2020-10-05,0.0000,0.0000
2020-10-06,0.0000,0.0000
2020-10-07,0.0000,1.6000
2020-10-08,6.0000,7.4000
2020-10-09,20.0000,8.3000
2020-10-10,18.0000,6.7000
2020-10-11,20.0000,8.6000
2020-10-12,14.0000,8.4000
2020-10-13,0.0000,0.0000
2020-10-14,4.0000,5.3000
2020-10-15,13.0000,3.8000
2020-10-16,13.0000,2.6000
2020-10-17,14.0000,4.3000
2020-10-18,21.0000,9.5000
2020-10-19,17.0000,4.8000
2020-10-20,14.0000,3.2000
2020-10-21,14.0000,4.4000
2020-10-22,12.0000,2.3000
2020-10-23,17.0000,5.7000
2020-10-24,18.0000,4.7000
2020-10-25,19.0000,8.7000
2020-10-26,22.0000,7.2000
2020-10-27,41.0000,10.0000
2020-10-28,35.0000,26.0000
2020-10-29,42.0000,8.6000
2020-10-30,34.0000,6.8000
2020-10-31,26.0000,6.8000
2020-11-01,5.0000,8.7000
2020-11-02,9.0000,6.5000
2020-11-03,16.0000,4.0000
2020-11-04,26.0000,7.5000
2020-11-05,31.0000,8.3000
2020-11-06,41.0000,6.5000
2020-11-07,38.0000,8.2000
2020-11-08,44.0000,7.7000
2020-11-09,29.0000,3.4000
2020-11-10,29.0000,6.4000
2020-11-11,29.0000,6.6000
2020-11-12,32.0000,6.0000
2020-11-13,26.0000,4.3000
2020-11-14,20.0000,6.3000
2020-11-15,5.0000,8.0000
2020-11-16,0.0000,0.0000
2020-11-17,10.0000,4.9000
2020-11-18,13.0000,3.1000
2020-11-19,13.0000,4.3000
2020-11-20,13.0000,2.8000
2020-11-21,26.0000,6.0000
2020-11-22,34.0000,7.6000
2020-11-23,48.0000,9.6000
2020-11-24,44.0000,5.4000
2020-11-25,53.0000,9.2000
2020-11-26,58.0000,11.0000
2020-11-27,75.0000,15.3000
2020-11-28,86.0000,16.7000
2020-11-29,96.0000,14.0000
2020-11-30,87.0000,12.4000
2020-12-01,56.0000,14.0000
2020-12-02,48.0000,9.4000
2020-12-03,45.0000,4.5000
2020-12-04,41.0000,6.4000
2020-12-05,37.0000,9.0000
2020-12-06,25.0000,8.6000
2020-12-07,21.0000,5.8000
2020-12-08,14.0000,4.1000
2020-12-09,14.0000,3.9000
2020-12-10,12.0000,2.0000
2020-12-11,12.0000,1.5000
2020-12-12,11.0000,6.6000
2020-12-13,11.0000,4.2000
2020-12-14,13.0000,6.6000
2020-12-15,20.0000,8.2000
2020-12-16,14.0000,4.3000
2020-12-17,13.0000,1.1000
2020-12-18,7.0000,6.8000
2020-12-19,0.0000,0.0000
2020-12-20,0.0000,0.0000
2020-12-21,12.0000,1.1000
2020-12-22,12.0000,1.5000
2020-12-23,24.0000,6.5000
2020-12-24,28.0000,3.7000
2020-12-25,31.0000,5.9000
2020-12-26,35.0000,5.7000
2020-12-27,33.0000,5.3000
2020-12-28,30.0000,5.8000
2020-12-29,32.0000,4.9000
2020-12-30,32.0000,4.6000
2020-12-31,34.0000,6.3000
2021-01-01,24.0000,6.8000
2021-01-02,17.0000,8.3000
2021-01-03,0.0000,0.0000
2021-01-04,0.0000,2.6000
2021-01-05,0.0000,2.5000
2021-01-06,0.0000,0.0000
2021-01-07,0.0000,0.0000
2021-01-08,0.0000,0.0000
2021-01-09,0.0000,0.0000
2021-01-10,0.0000,0.0000
2021-01-11,0.0000,1.9000
2021-01-12,0.0000,0.0000
2021-01-13,0.0000,0.0000
2021-01-14,3.0000,5.0000
2021-01-15,14.0000,9.2000
2021-01-16,12.0000,5.1000
2021-01-17,14.0000,7.6000
2021-01-18,12.0000,4.1000
2021-01-19,20.0000,7.3000
2021-01-20,21.0000,11.2000
2021-01-21,25.0000,13.8000
2021-01-22,35.0000,8.8000
2021-01-23,32.0000,4.0000
2021-01-24,23.0000,4.3000
2021-01-25,27.0000,3.6000
2021-01-26,17.0000,5.1000
2021-01-27,20.0000,8.2000
2021-01-28,7.0000,9.0000
2021-01-29,0.0000,0.0000
2021-01-30,0.0000,0.0000
2021-01-31,0.0000,0.0000
2021-02-01,0.0000,3.0000
2021-02-02,9.0000,6.7000
2021-02-03,7.0000,6.8000
2021-02-04,0.0000,1.6000
2021-02-05,0.0000,0.0000
2021-02-06,0.0000,2.4000
2021-02-07,0.0000,0.0000
2021-02-08,2.0000,4.8000
2021-02-09,2.0000,4.6000
2021-02-10,0.0000,1.5000
2021-02-11,0.0000,0.0000
2021-02-12,0.0000,1.5000
2021-02-13,0.0000,4.8000
2021-02-14,0.0000,0.0000
2021-02-15,0.0000,0.0000
2021-02-16,0.0000,0.0000
2021-02-17,0.0000,2.4000
2021-02-18,10.0000,5.7000
2021-02-19,9.0000,6.7000
2021-02-20,9.0000,5.9000
2021-02-21,10.0000,5.2000
2021-02-22,16.0000,8.5000
2021-02-23,36.0000,3.4000
2021-02-24,38.0000,6.7000
2021-02-25,34.0000,5.5000
2021-02-26,18.0000,2.7000
2021-02-27,17.0000,1.5000
2021-02-28,13.0000,3.7000
2021-03-01,10.0000,3.9000
2021-03-02,16.0000,8.4000
2021-03-03,35.0000,6.5000
2021-03-04,30.0000,8.4000
2021-03-05,13.0000,8.2000
2021-03-06,7.0000,7.3000
2021-03-07,21.0000,8.3000
2021-03-08,14.0000,5.3000
2021-03-09,15.0000,9.6000
2021-03-10,17.0000,5.6000
2021-03-11,22.0000,4.0000
2021-03-12,14.0000,3.7000
2021-03-13,11.0000,3.2000
2021-03-14,23.0000,8.8000
2021-03-15,24.0000,15.3000
2021-03-16,19.0000,7.4000
2021-03-17,13.0000,3.2000
2021-03-18,13.0000,1.8000
2021-03-19,13.0000,3.9000
2021-03-20,11.0000,3.7000
2021-03-21,8.0000,6.3000
2021-03-22,22.0000,7.4000
2021-03-23,27.0000,3.9000
2021-03-24,30.0000,3.6000
2021-03-25,27.0000,3.6000
2021-03-26,25.0000,2.7000
2021-03-27,19.0000,6.0000
2021-03-28,12.0000,1.3000
2021-03-29,12.0000,2.9000
2021-03-30,9.0000,6.0000
2021-03-31,0.0000,1.6000
2021-04-01,0.0000,0.0000
2021-04-02,0.0000,0.0000
2021-04-03,4.0000,6.1000
2021-04-04,12.0000,4.0000
2021-04-05,11.0000,5.4000
2021-04-06,6.0000,7.2000
2021-04-07,0.0000,4.9000
2021-04-08,0.0000,2.1000
2021-04-09,0.0000,0.0000
2021-04-10,0.0000,1.9000
2021-04-11,10.0000,6.6000
2021-04-12,14.0000,5.9000
2021-04-13,19.0000,4.7000
2021-04-14,21.0000,2.6000
2021-04-15,25.0000,7.6000
2021-04-16,35.0000,14.2000
2021-04-17,15.0000,7.0000
2021-04-18,18.0000,4.4000
2021-04-19,36.0000,7.8000
2021-04-20,57.0000,7.2000
2021-04-21,46.0000,4.6000
2021-04-22,44.0000,8.0000
2021-04-23,37.0000,6.0000
2021-04-24,54.0000,11.1000
2021-04-25,55.0000,11.8000
2021-04-26,50.0000,7.9000
2021-04-27,55.0000,7.9000
2021-04-28,46.0000,8.0000
2021-04-29,37.0000,6.7000
2021-04-30,28.0000,8.3000
2021-05-01,10.0000,6.2000
2021-05-02,0.0000,0.0000
2021-05-03,0.0000,1.7000
2021-05-04,0.0000,0.0000
2021-05-05,0.0000,0.0000
2021-05-06,0.0000,0.0000
2021-05-07,10.0000,5.5000
2021-05-08,17.0000,2.6000
2021-05-09,20.0000,4.7000
2021-05-10,34.0000,4.8000
2021-05-11,32.0000,4.0000
2021-05-12,33.0000,4.1000
2021-05-13,30.0000,4.4000
2021-05-14,26.0000,3.5000
2021-05-15,28.0000,6.0000
2021-05-16,13.0000,4.8000
2021-05-17,14.0000,4.1000
2021-05-18,28.0000,5.9000
2021-05-19,27.0000,6.4000
2021-05-20,20.0000,5.0000
2021-05-21,14.0000,2.2000
2021-05-22,19.0000,6.5000
2021-05-23,27.0000,4.2000
2021-05-24,31.0000,10.6000
2021-05-25,41.0000,11.5000
2021-05-26,41.0000,6.8000
2021-05-27,41.0000,8.6000
2021-05-28,31.0000,5.5000
2021-05-29,15.0000,4.4000
2021-05-30,26.0000,7.0000
2021-05-31,30.0000,6.1000
2021-06-01,22.0000,6.6000
2021-06-02,29.0000,4.0000
2021-06-03,31.0000,3.5000
2021-06-04,35.0000,6.3000
2021-06-05,38.0000,7.7000
2021-06-06,38.0000,5.3000
2021-06-07,49.0000,9.2000
2021-06-08,34.0000,9.2000
2021-06-09,25.0000,6.0000
2021-06-10,27.0000,5.4000
2021-06-11,19.0000,9.2000
2021-06-12,8.0000,7.4000
2021-06-13,15.0000,5.2000
2021-06-14,12.0000,3.5000
2021-06-15,11.0000,0.8000
2021-06-16,11.0000,1.8000
2021-06-17,12.0000,2.6000
2021-06-18,21.0000,4.7000
2021-06-19,15.0000,3.7000
2021-06-20,14.0000,3.7000
2021-06-21,13.0000,2.6000
2021-06-22,16.0000,4.0000
2021-06-23,12.0000,2.8000
2021-06-24,11.0000,0.8000
2021-06-25,23.0000,3.5000
2021-06-26,19.0000,5.6000
2021-06-27,33.0000,6.8000
2021-06-28,46.0000,7.7000
2021-06-29,56.0000,8.7000
2021-06-30,54.0000,8.4000
2021-07-01,57.0000,9.8000
2021-07-02,62.0000,12.9000
2021-07-03,60.0000,11.7000
2021-07-04,50.0000,8.8000
2021-07-05,45.0000,8.7000
2021-07-06,49.0000,9.3000
2021-07-07,20.0000,11.1000
2021-07-08,16.0000,11.4000
2021-07-09,11.0000,8.6000
2021-07-10,15.0000,9.1000
2021-07-11,21.0000,3.5000
2021-07-12,23.0000,4.2000
2021-07-13,21.0000,6.8000
2021-07-14,30.0000,5.5000
2021-07-15,22.0000,5.5000
2021-07-16,35.0000,7.6000
2021-07-17,49.0000,9.5000
2021-07-18,48.0000,7.9000
2021-07-19,48.0000,11.8000
2021-07-20,46.0000,7.0000
2021-07-21,72.0000,11.8000
2021-07-22,76.0000,11.4000
2021-07-23,57.0000,12.9000
2021-07-24,32.0000,6.8000
2021-07-25,36.0000,7.1000
2021-07-26,31.0000,10.5000
2021-07-27,18.0000,11.5000
2021-07-28,6.0000,7.8000
2021-07-29,3.0000,6.2000
2021-07-30,0.0000,0.0000
2021-07-31,3.0000,7.2000
2021-08-01,8.0000,10.2000
2021-08-02,13.0000,4.3000
2021-08-03,17.0000,3.2000
2021-08-04,17.0000,6.4000
2021-08-05,22.0000,12.7000
2021-08-06,8.0000,6.8000
2021-08-07,0.0000,2.4000
2021-08-08,0.0000,2.9000
2021-08-09,7.0000,6.8000
2021-08-10,0.0000,3.4000
2021-08-11,18.0000,8.0000
2021-08-12,7.0000,5.8000
2021-08-13,9.0000,11.1000
2021-08-14,19.0000,13.9000
2021-08-15,21.0000,8.1000
2021-08-16,20.0000,6.0000
2021-08-17,15.0000,5.0000
2021-08-18,13.0000,8.0000
2021-08-19,22.0000,9.1000
2021-08-20,12.0000,5.3000
2021-08-21,16.0000,7.9000
2021-08-22,19.0000,5.0000
2021-08-23,16.0000,3.6000
2021-08-24,20.0000,5.5000
2021-08-25,36.0000,5.4000
2021-08-26,48.0000,10.7000
2021-08-27,71.0000,9.3000
2021-08-28,75.0000,15.4000
2021-08-29,51.0000,9.9000
2021-08-30,43.0000,7.3000
2021-08-31,39.0000,6.6000
2021-09-01,38.0000,9.8000
2021-09-02,33.0000,4.7000
2021-09-03,26.0000,10.8000
2021-09-04,71.0000,12.7000
2021-09-05,74.0000,10.1000
2021-09-06,83.0000,8.2000
2021-09-07,84.0000,12.0000
2021-09-08,97.0000,12.9000
2021-09-09,101.0000,14.3000
2021-09-10,96.0000,13.2000
2021-09-11,72.0000,11.5000
2021-09-12,49.0000,10.3000
2021-09-13,33.0000,4.9000
2021-09-14,23.0000,4.3000
2021-09-15,10.0000,4.3000
2021-09-16,0.0000,0.0000
2021-09-17,0.0000,0.0000
2021-09-18,0.0000,2.6000
2021-09-19,13.0000,4.0000
2021-09-20,43.0000,7.3000
2021-09-21,65.0000,9.1000
2021-09-22,81.0000,9.6000
2021-09-23,70.0000,12.1000
2021-09-24,60.0000,9.5000
2021-09-25,45.0000,10.4000
2021-09-26,50.0000,11.7000
2021-09-27,50.0000,9.3000
2021-09-28,57.0000,11.1000
2021-09-29,70.0000,13.4000
2021-09-30,45.0000,7.0000
2021-10-01,38.0000,10.2000
2021-10-02,34.0000,9.1000
2021-10-03,27.0000,7.8000
2021-10-04,35.0000,7.9000
2021-10-05,30.0000,7.7000
2021-10-06,26.0000,4.4000
2021-10-07,16.0000,4.8000
2021-10-08,19.0000,5.3000
2021-10-09,23.0000,6.2000
2021-10-10,38.0000,7.6000
2021-10-11,30.0000,6.0000
2021-10-12,17.0000,4.1000
2021-10-13,20.0000,8.4000
2021-10-14,20.0000,5.7000
2021-10-15,12.0000,2.2000
2021-10-16,11.0000,4.8000
2021-10-17,0.0000,3.0000
2021-10-18,17.0000,6.4000
2021-10-19,13.0000,4.5000
2021-10-20,12.0000,3.0000
2021-10-21,17.0000,6.7000
2021-10-22,36.0000,9.7000
2021-10-23,48.0000,10.5000
2021-10-24,40.0000,7.7000
2021-10-25,66.0000,13.6000
2021-10-26,90.0000,12.3000
2021-10-27,103.0000,14.6000
2021-10-28,97.0000,11.4000
2021-10-29,82.0000,15.8000
2021-10-30,76.0000,14.2000
2021-10-31,65.0000,10.5000
2021-11-01,51.0000,10.5000
2021-11-02,43.0000,8.5000
2021-11-03,33.0000,7.9000
2021-11-04,28.0000,3.0000
2021-11-05,37.0000,3.8000
2021-11-06,34.0000,5.5000
2021-11-07,30.0000,7.0000
2021-11-08,40.0000,4.7000
2021-11-09,44.0000,6.2000
2021-11-10,41.0000,4.6000
2021-11-11,43.0000,6.9000
2021-11-12,36.0000,5.4000
2021-11-13,27.0000,7.9000
2021-11-14,20.0000,7.7000
2021-11-15,24.0000,5.6000
2021-11-16,32.0000,7.5000
2021-11-17,29.0000,7.7000
2021-11-18,23.0000,1.9000
2021-11-19,22.0000,2.0000
2021-11-20,22.0000,1.8000
2021-11-21,23.0000,2.6000
2021-11-22,23.0000,3.5000
2021-11-23,33.0000,8.5000
2021-11-24,43.0000,11.2000
2021-11-25,26.0000,7.6000
2021-11-26,44.0000,16.0000
2021-11-27,41.0000,7.7000
2021-11-28,48.0000,10.7000
2021-11-29,44.0000,9.9000
2021-11-30,59.0000,8.3000
2021-12-01,43.0000,8.3000
2021-12-02,38.0000,5.8000
2021-12-03,29.0000,8.4000
2021-12-04,19.0000,12.0000
2021-12-05,24.0000,13.9000
2021-12-06,13.0000,4.2000
2021-12-07,12.0000,4.8000
2021-12-08,6.0000,6.4000
2021-12-09,0.0000,0.0000
2021-12-10,0.0000,0.0000
2021-12-11,0.0000,0.0000
2021-12-12,13.0000,4.0000
2021-12-13,24.0000,10.4000
2021-12-14,46.0000,13.9000
2021-12-15,78.0000,11.3000
2021-12-16,107.0000,15.1000
2021-12-17,111.0000,23.9000
2021-12-18,109.0000,28.2000
2021-12-19,118.0000,26.0000
2021-12-20,121.0000,13.2000
2021-12-21,132.0000,23.2000
2021-12-22,150.0000,22.2000
2021-12-23,145.0000,15.6000
2021-12-24,118.0000,17.7000
2021-12-25,114.0000,25.6000
2021-12-26,95.0000,20.1000
2021-12-27,107.0000,18.4000
2021-12-28,103.0000,20.8000
2021-12-29,87.0000,17.8000
2021-12-30,69.0000,15.3000
2021-12-31,60.0000,8.1000
2022-01-01,48.0000,14.6000
2022-01-02,27.0000,6.9000
2022-01-03,10.0000,7.1000
2022-01-04,10.0000,4.6000
2022-01-05,23.0000,4.5000
2022-01-06,34.0000,6.7000
2022-01-07,44.0000,12.0000
2022-01-08,44.0000,12.4000
2022-01-09,54.0000,12.2000
2022-01-10,54.0000,12.9000
2022-01-11,51.0000,10.1000
2022-01-12,76.0000,10.5000
2022-01-13,85.0000,17.2000
2022-01-14,98.0000,12.1000
2022-01-15,95.0000,13.3000
2022-01-16,102.0000,13.7000
2022-01-17,80.0000,13.9000
2022-01-18,66.0000,9.9000
2022-01-19,58.0000,10.9000
2022-01-20,57.0000,7.2000
2022-01-21,23.0000,2.7000
2022-01-22,24.0000,6.7000
2022-01-23,20.0000,6.7000
2022-01-24,33.0000,7.0000
2022-01-25,52.0000,9.4000
2022-01-26,69.0000,7.8000
2022-01-27,81.0000,13.2000
2022-01-28,72.0000,11.5000
2022-01-29,66.0000,13.0000
2022-01-30,83.0000,18.2000
2022-01-31,75.0000,12.2000
2022-02-01,77.0000,12.7000
2022-02-02,72.0000,10.6000
2022-02-03,80.0000,15.6000
2022-02-04,100.0000,14.2000
2022-02-05,91.0000,14.2000
2022-02-06,78.0000,12.9000
2022-02-07,76.0000,16.3000
2022-02-08,75.0000,15.2000
2022-02-09,68.0000,7.0000
2022-02-10,72.0000,11.1000
2022-02-11,75.0000,9.7000
2022-02-12,54.0000,11.5000
2022-02-13,46.0000,8.4000
2022-02-14,63.0000,10.6000
2022-02-15,81.0000,13.5000
2022-02-16,87.0000,12.8000
2022-02-17,80.0000,14.4000
2022-02-18,49.0000,14.5000
2022-02-19,42.0000,10.3000
2022-02-20,48.0000,8.8000
2022-02-21,48.0000,6.9000
2022-02-22,38.0000,6.5000
2022-02-23,36.0000,4.5000
2022-02-24,32.0000,7.7000
2022-02-25,23.0000,4.6000
2022-02-26,25.0000,6.0000
2022-02-27,32.0000,6.7000
2022-02-28,56.0000,11.4000
2022-03-01,72.0000,11.9000
2022-03-02,78.0000,10.2000
2022-03-03,88.0000,11.5000
2022-03-04,87.0000,10.9000
2022-03-05,85.0000,15.2000
2022-03-06,79.0000,11.4000
2022-03-07,89.0000,13.4000
2022-03-08,91.0000,18.2000
2022-03-09,89.0000,14.2000
2022-03-10,94.0000,16.7000
2022-03-11,91.0000,19.4000
2022-03-12,91.0000,14.0000
2022-03-13,85.0000,11.4000
2022-03-14,84.0000,15.0000
2022-03-15,75.0000,11.2000
2022-03-16,62.0000,13.7000
2022-03-17,50.0000,13.7000
2022-03-18,35.0000,6.7000
2022-03-19,36.0000,11.9000
2022-03-20,52.0000,16.4000
2022-03-21,51.0000,9.2000
2022-03-22,47.0000,8.6000
2022-03-23,49.0000,8.2000
2022-03-24,51.0000,8.0000
2022-03-25,51.0000,7.7000
2022-03-26,61.0000,9.1000
2022-03-27,96.0000,14.9000
2022-03-28,137.0000,19.9000
2022-03-29,142.0000,33.0000
2022-03-30,115.0000,23.5000
2022-03-31,124.0000,15.0000
2022-04-01,130.0000,21.2000
2022-04-02,121.0000,19.1000
2022-04-03,118.0000,17.0000
2022-04-04,82.0000,16.4000
2022-04-05,86.0000,14.5000
2022-04-06,74.0000,17.3000
2022-04-07,57.0000,11.7000
2022-04-08,53.0000,9.9000
2022-04-09,38.0000,12.3000
2022-04-10,21.0000,8.9000
2022-04-11,11.0000,7.7000
2022-04-12,14.0000,7.4000
2022-04-13,33.0000,10.9000
2022-04-14,41.0000,7.4000
2022-04-15,46.0000,9.6000
2022-04-16,64.0000,15.9000
2022-04-17,86.0000,13.0000
2022-04-18,100.0000,16.6000
2022-04-19,95.0000,11.9000
2022-04-20,99.0000,15.4000
2022-04-21,113.0000,18.5000
2022-04-22,111.0000,16.7000
2022-04-23,126.0000,24.0000
2022-04-24,129.0000,21.8000
2022-04-25,119.0000,16.0000
2022-04-26,132.0000,22.6000
2022-04-27,133.0000,14.3000
2022-04-28,134.0000,15.6000
2022-04-29,105.0000,22.7000
2022-04-30,50.0000,8.8000
2022-05-01,36.0000,7.5000
2022-05-02,32.0000,12.3000
2022-05-03,76.0000,16.8000
2022-05-04,77.0000,14.5000
2022-05-05,78.0000,14.7000
2022-05-06,76.0000,15.0000
2022-05-07,64.0000,10.3000
2022-05-08,80.0000,11.0000
2022-05-09,71.0000,10.9000
2022-05-10,57.0000,9.4000
2022-05-11,80.0000,15.4000
2022-05-12,112.0000,16.8000
2022-05-13,125.0000,22.6000
2022-05-14,131.0000,20.2000
2022-05-15,145.0000,20.3000
2022-05-16,149.0000,21.3000
2022-05-17,146.0000,16.1000
2022-05-18,131.0000,16.6000
2022-05-19,144.0000,20.6000
2022-05-20,132.0000,24.1000
2022-05-21,154.0000,22.2000
2022-05-22,162.0000,18.6000
2022-05-23,144.0000,19.4000
2022-05-24,132.0000,26.3000
2022-05-25,106.0000,15.4000
2022-05-26,81.0000,12.3000
2022-05-27,59.0000,10.8000
2022-05-28,42.0000,7.5000
2022-05-29,43.0000,6.5000
2022-05-30,58.0000,10.3000
2022-05-31,69.0000,12.2000
2022-06-01,62.0000,12.1000
2022-06-02,59.0000,10.7000
2022-06-03,56.0000,10.9000
2022-06-04,66.0000,9.5000
2022-06-05,49.0000,9.9000
2022-06-06,32.0000,9.8000
2022-06-07,7.0000,11.0000
2022-06-08,3.0000,8.1000
2022-06-09,21.0000,5.6000
2022-06-10,46.0000,7.9000
2022-06-11,39.0000,7.8000
2022-06-12,53.0000,10.4000
2022-06-13,94.0000,19.9000
2022-06-14,123.0000,15.2000
2022-06-15,148.0000,14.6000
2022-06-16,150.0000,16.5000
2022-06-17,152.0000,21.8000
2022-06-18,147.0000,21.6000
2022-06-19,118.0000,20.1000
2022-06-20,96.0000,18.7000
2022-06-21,96.0000,12.3000
2022-06-22,89.0000,11.0000
2022-06-23,70.0000,11.4000
2022-06-24,61.0000,12.9000
2022-06-25,47.0000,11.2000
2022-06-26,33.0000,6.9000
2022-06-27,52.0000,10.8000
2022-06-28,62.0000,12.8000
2022-06-29,37.0000,8.7000
2022-06-30,42.0000,7.7000
2022-07-01,58.0000,9.1000
2022-07-02,64.0000,6.2000
2022-07-03,56.0000,9.3000
2022-07-04,59.0000,14.0000
2022-07-05,78.0000,9.1000
2022-07-06,82.0000,11.1000
2022-07-07,97.0000,11.0000
2022-07-08,87.0000,10.8000
2022-07-09,93.0000,9.2000
2022-07-10,107.0000,11.6000
2022-07-11,125.0000,12.2000
2022-07-12,114.0000,15.2000
2022-07-13,116.0000,16.4000
2022-07-14,123.0000,14.4000
2022-07-15,135.0000,12.9000
2022-07-16,151.0000,17.9000
2022-07-17,138.0000,17.2000
2022-07-18,124.0000,14.9000
2022-07-19,111.0000,15.2000
2022-07-20,133.0000,14.0000
2022-07-21,110.0000,12.8000
2022-07-22,98.0000,15.3000
2022-07-23,97.0000,10.5000
2022-07-24,80.0000,9.7000
2022-07-25,86.0000,10.4000
2022-07-26,91.0000,14.7000
2022-07-27,60.0000,9.0000
2022-07-28,42.0000,7.9000
2022-07-29,43.0000,8.3000
2022-07-30,42.0000,5.8000
2022-07-31,34.0000,6.7000
2022-08-01,27.0000,7.2000
2022-08-02,33.0000,5.1000
2022-08-03,36.0000,5.2000
2022-08-04,42.0000,7.7000
2022-08-05,71.0000,7.5000
2022-08-06,72.0000,9.7000
2022-08-07,85.0000,9.4000
2022-08-08,80.0000,12.3000
2022-08-09,61.0000,6.5000
2022-08-10,63.0000,13.4000
2022-08-11,71.0000,8.7000
2022-08-12,102.0000,9.9000
2022-08-13,109.0000,11.5000
2022-08-14,110.0000,11.3000
2022-08-15,110.0000,9.7000
2022-08-16,123.0000,17.4000
2022-08-17,111.0000,24.6000
2022-08-18,87.0000,14.8000
2022-08-19,83.0000,19.1000
2022-08-20,74.0000,13.0000
2022-08-21,58.0000,8.9000
2022-08-22,71.0000,15.6000
2022-08-23,50.0000,9.8000
2022-08-24,60.0000,11.7000
2022-08-25,93.0000,12.1000
2022-08-26,94.0000,12.9000
2022-08-27,94.0000,11.4000
2022-08-28,83.0000,9.2000
2022-08-29,70.0000,9.4000
2022-08-30,48.0000,6.3000
2022-08-31,43.0000,8.5000
2022-09-01,62.0000,11.7000
2022-09-02,63.0000,13.6000
2022-09-03,68.0000,14.1000
2022-09-04,72.0000,12.2000
2022-09-05,83.0000,14.9000
2022-09-06,75.0000,23.8000
2022-09-07,96.0000,16.6000
2022-09-08,97.0000,15.7000
2022-09-09,103.0000,17.4000
2022-09-10,117.0000,17.9000
2022-09-11,128.0000,13.3000
2022-09-12,141.0000,19.5000
2022-09-13,118.0000,19.2000
2022-09-14,91.0000,17.9000
2022-09-15,101.0000,14.9000
2022-09-16,92.0000,14.2000
2022-09-17,86.0000,13.6000
2022-09-18,73.0000,9.8000
2022-09-19,70.0000,9.8000
2022-09-20,68.0000,11.1000
2022-09-21,84.0000,12.8000
2022-09-22,105.0000,13.1000
2022-09-23,131.0000,25.4000
2022-09-24,147.0000,28.1000
2022-09-25,135.0000,20.3000
2022-09-26,132.0000,16.8000
2022-09-27,108.0000,21.9000
2022-09-28,85.0000,15.3000
2022-09-29,72.0000,12.0000
2022-09-30,76.0000,13.4000
2022-10-01,110.0000,20.4000
2022-10-02,128.0000,20.9000
2022-10-03,165.0000,24.9000
2022-10-04,167.0000,19.1000
2022-10-05,164.0000,29.6000
2022-10-06,162.0000,19.4000
2022-10-07,163.0000,17.2000
2022-10-08,154.0000,16.9000
2022-10-09,129.0000,21.0000
2022-10-10,120.0000,19.5000
2022-10-11,106.0000,11.2000
2022-10-12,103.0000,13.7000
2022-10-13,83.0000,18.0000
2022-10-14,82.0000,11.4000
2022-10-15,46.0000,9.9000
2022-10-16,75.0000,13.2000
2022-10-17,73.0000,12.4000
2022-10-18,50.0000,11.8000
2022-10-19,49.0000,9.3000
2022-10-20,36.0000,7.8000
2022-10-21,57.0000,18.4000
2022-10-22,70.0000,12.1000
2022-10-23,52.0000,9.8000
2022-10-24,54.0000,11.7000
2022-10-25,78.0000,14.1000
2022-10-26,83.0000,11.4000
2022-10-27,86.0000,10.4000
2022-10-28,89.0000,16.5000
2022-10-29,87.0000,10.2000
2022-10-30,75.0000,13.5000
2022-10-31,63.0000,12.5000
2022-11-01,85.0000,13.4000
2022-11-02,98.0000,18.5000
2022-11-03,78.0000,10.8000
2022-11-04,103.0000,20.0000
2022-11-05,115.0000,14.2000
2022-11-06,96.0000,23.8000
2022-11-07,100.0000,23.8000
2022-11-08,103.0000,20.6000
2022-11-09,98.0000,26.9000
2022-11-10,85.0000,13.8000
2022-11-11,74.0000,9.3000
2022-11-12,88.0000,12.5000
2022-11-13,111.0000,15.2000
2022-11-14,96.0000,18.3000
2022-11-15,86.0000,16.7000
2022-11-16,90.0000,17.0000
2022-11-17,59.0000,15.0000
2022-11-18,57.0000,15.1000
2022-11-19,75.0000,9.0000
2022-11-20,87.0000,12.4000
2022-11-21,77.0000,12.8000
2022-11-22,73.0000,13.2000
2022-11-23,71.0000,16.0000
2022-11-24,76.0000,17.0000
2022-11-25,72.0000,14.8000
2022-11-26,78.0000,13.4000
2022-11-27,72.0000,9.8000
2022-11-28,56.0000,12.4000
2022-11-29,28.0000,6.2000
2022-11-30,28.0000,10.7000
2022-12-01,51.0000,12.5000
2022-12-02,71.0000,8.8000
2022-12-03,75.0000,14.6000
2022-12-04,93.0000,13.9000
2022-12-05,103.0000,11.1000
2022-12-06,119.0000,13.3000
2022-12-07,127.0000,17.4000
2022-12-08,128.0000,18.0000
2022-12-09,111.0000,17.1000
2022-12-10,122.0000,13.5000
2022-12-11,140.0000,20.5000
2022-12-12,157.0000,21.2000
2022-12-13,159.0000,23.3000
2022-12-14,148.0000,20.5000
2022-12-15,141.0000,17.5000
2022-12-16,131.0000,16.3000
2022-12-17,131.0000,12.6000
2022-12-18,127.0000,13.9000
2022-12-19,113.0000,22.6000
2022-12-20,112.0000,20.6000
2022-12-21,100.0000,14.0000
2022-12-22,98.0000,15.6000
2022-12-23,85.0000,18.7000
2022-12-24,93.0000,8.8000
2022-12-25,105.0000,15.1000
2022-12-26,115.0000,17.4000
2022-12-27,94.0000,15.9000
2022-12-28,103.0000,14.9000
2022-12-29,123.0000,15.8000
2022-12-30,124.0000,18.4000
2022-12-31,98.0000,17.2000
2023-01-01,108.0000,32.2000
2023-01-02,109.0000,23.9000
2023-01-03,108.0000,15.6000
2023-01-04,96.0000,23.8000
2023-01-05,112.0000,29.2000
2023-01-06,131.0000,18.0000
2023-01-07,133.0000,20.5000
2023-01-08,135.0000,26.1000
2023-01-09,148.0000,17.5000
2023-01-10,179.0000,46.4000
2023-01-11,168.0000,41.1000
2023-01-12,171.0000,36.0000
2023-01-13,178.0000,19.0000
2023-01-14,189.0000,45.1000
2023-01-15,199.0000,28.8000
2023-01-16,190.0000,45.5000
2023-01-17,188.0000,33.9000
2023-01-18,195.0000,28.3000
2023-01-19,205.0000,30.4000
2023-01-20,206.0000,45.4000
2023-01-21,195.0000,25.8000
2023-01-22,166.0000,20.3000
2023-01-23,162.0000,47.7000
2023-01-24,151.0000,35.6000
2023-01-25,137.0000,37.6000
2023-01-26,110.0000,22.8000
2023-01-27,86.0000,12.3000
2023-01-28,85.0000,11.0000
2023-01-29,79.0000,24.0000
2023-01-30,76.0000,12.7000
2023-01-31,80.0000,15.3000
2023-02-01,72.0000,14.1000
2023-02-02,58.0000,9.6000
2023-02-03,64.0000,8.3000
2023-02-04,71.0000,16.8000
2023-02-05,74.0000,13.1000
2023-02-06,111.0000,16.6000
2023-02-07,107.0000,13.1000
2023-02-08,125.0000,23.5000
2023-02-09,129.0000,30.7000
2023-02-10,163.0000,18.7000
2023-02-11,166.0000,35.1000
2023-02-12,159.0000,36.2000
2023-02-13,177.0000,16.8000
2023-02-14,159.0000,19.9000
2023-02-15,121.0000,20.9000
2023-02-16,91.0000,20.9000
2023-02-17,86.0000,19.3000
2023-02-18,104.0000,24.9000
2023-02-19,107.0000,24.6000
2023-02-20,112.0000,24.1000
2023-02-21,104.0000,23.5000
2023-02-22,86.0000,24.0000
2023-02-23,90.0000,22.5000
2023-02-24,117.0000,17.2000
2023-02-25,127.0000,12.4000
2023-02-26,119.0000,16.9000
2023-02-27,126.0000,18.4000
2023-02-28,91.0000,15.3000
2023-03-01,93.0000,10.2000
2023-03-02,100.0000,14.2000
2023-03-03,119.0000,14.9000
2023-03-04,127.0000,15.3000
2023-03-05,151.0000,17.6000
2023-03-06,185.0000,27.0000
2023-03-07,186.0000,23.9000
2023-03-08,166.0000,26.2000
2023-03-09,156.0000,20.2000
2023-03-10,148.0000,18.8000
2023-03-11,149.0000,19.6000
2023-03-12,136.0000,15.9000
2023-03-13,104.0000,15.7000
2023-03-14,115.0000,13.9000
2023-03-15,107.0000,14.9000
2023-03-16,94.0000,18.6000
2023-03-17,72.0000,14.3000
2023-03-18,44.0000,7.1000
2023-03-19,73.0000,11.7000
2023-03-20,83.0000,12.5000
2023-03-21,96.0000,9.8000
2023-03-22,104.0000,17.6000
2023-03-23,112.0000,16.4000
2023-03-24,149.0000,20.0000
2023-03-25,153.0000,20.0000
2023-03-26,154.0000,18.2000
2023-03-27,158.0000,17.2000
2023-03-28,148.0000,22.1000
2023-03-29,158.0000,23.8000
2023-03-30,108.0000,26.4000
2023-03-31,75.0000,13.6000
2023-04-01,47.0000,11.4000
2023-04-02,44.0000,9.0000
2023-04-03,61.0000,10.1000
2023-04-04,65.0000,10.2000
2023-04-05,53.0000,11.0000
2023-04-06,49.0000,6.9000
2023-04-07,48.0000,12.1000
2023-04-08,48.0000,13.2000
2023-04-09,60.0000,11.6000
2023-04-10,90.0000,14.8000
2023-04-11,109.0000,16.0000
2023-04-12,130.0000,26.0000
2023-04-13,150.0000,25.3000
2023-04-14,163.0000,22.9000
2023-04-15,177.0000,36.8000
2023-04-16,183.0000,23.1000
2023-04-17,149.0000,20.2000
2023-04-18,135.0000,18.1000
2023-04-19,103.0000,15.3000
2023-04-20,103.0000,19.6000
2023-04-21,104.0000,21.7000
2023-04-22,97.0000,17.4000
2023-04-23,83.0000,20.8000
2023-04-24,73.0000,12.8000
2023-04-25,73.0000,17.3000
2023-04-26,97.0000,14.0000
2023-04-27,109.0000,13.1000
2023-04-28,111.0000,15.6000
2023-04-29,111.0000,21.3000
2023-04-30,102.0000,20.6000
2023-05-01,104.0000,13.1000
2023-05-02,123.0000,19.6000
2023-05-03,124.0000,14.7000
2023-05-04,138.0000,14.2000
2023-05-05,115.0000,14.9000
2023-05-06,116.0000,15.0000
2023-05-07,133.0000,15.2000
2023-05-08,128.0000,21.1000
2023-05-09,176.0000,35.0000
2023-05-10,165.0000,27.1000
2023-05-11,157.0000,25.8000
2023-05-12,145.0000,26.4000
2023-05-13,133.0000,17.6000
2023-05-14,131.0000,19.5000
2023-05-15,113.0000,15.7000
2023-05-16,106.0000,15.3000
2023-05-17,110.0000,14.7000
2023-05-18,120.0000,22.1000
2023-05-19,142.0000,22.1000
2023-05-20,144.0000,27.9000
2023-05-21,146.0000,22.1000
2023-05-22,136.0000,18.8000
2023-05-23,127.0000,16.3000
2023-05-24,151.0000,25.6000
2023-05-25,150.0000,23.5000
2023-05-26,145.0000,13.7000
2023-05-27,137.0000,12.9000
2023-05-28,144.0000,15.2000
2023-05-29,158.0000,17.5000
2023-05-30,166.0000,13.5000
2023-05-31,177.0000,23.8000
2023-06-01,153.0000,22.2000
2023-06-02,145.0000,16.6000
2023-06-03,143.0000,15.7000
2023-06-04,144.0000,20.2000
2023-06-05,158.0000,21.4000
2023-06-06,185.0000,25.2000
2023-06-07,198.0000,18.3000
2023-06-08,181.0000,18.8000
2023-06-09,167.0000,17.6000
2023-06-10,148.0000,19.1000
2023-06-11,146.0000,17.6000
2023-06-12,114.0000,14.7000
2023-06-13,93.0000,17.9000
2023-06-14,117.0000,16.4000
2023-06-15,122.0000,18.7000
2023-06-16,131.0000,14.8000
2023-06-17,130.0000,14.2000
2023-06-18,160.0000,19.4000
2023-06-19,182.0000,18.9000
2023-06-20,206.0000,25.1000
2023-06-21,217.0000,32.3000
2023-06-22,240.0000,23.8000
2023-06-23,228.0000,20.3000
2023-06-24,223.0000,25.4000
2023-06-25,204.0000,25.1000
2023-06-26,171.0000,22.2000
2023-06-27,156.0000,17.7000
2023-06-28,136.0000,18.3000
2023-06-29,111.0000,14.3000
2023-06-30,106.0000,15.4000
2023-07-01,136.0000,12.9000
2023-07-02,148.0000,15.2000
2023-07-03,154.0000,21.5000
2023-07-04,140.0000,17.4000
2023-07-05,135.0000,13.3000
2023-07-06,145.0000,17.5000
2023-07-07,159.0000,19.3000
2023-07-08,177.0000,14.4000
2023-07-09,180.0000,16.1000
2023-07-10,191.0000,18.9000
2023-07-11,210.0000,17.2000
2023-07-12,196.0000,19.4000
2023-07-13,152.0000,18.0000
2023-07-14,152.0000,19.1000
2023-07-15,127.0000,18.2000
2023-07-16,166.0000,21.2000
2023-07-17,159.0000,15.4000
2023-07-18,168.0000,21.1000
2023-07-19,165.0000,21.9000
2023-07-20,177.0000,22.3000
2023-07-21,150.0000,21.6000
2023-07-22,140.0000,19.7000
2023-07-23,144.0000,19.1000
2023-07-24,140.0000,15.4000
2023-07-25,138.0000,12.6000
2023-07-26,153.0000,15.9000
2023-07-27,146.0000,14.5000
2023-07-28,165.0000,18.0000
2023-07-29,178.0000,19.6000
2023-07-30,181.0000,17.2000
2023-07-31,187.0000,21.4000
2023-08-01,180.0000,20.3000
2023-08-02,163.0000,19.9000
2023-08-03,145.0000,23.8000
2023-08-04,132.0000,17.3000
2023-08-05,131.0000,21.1000
2023-08-06,122.0000,19.7000
2023-08-07,126.0000,16.3000
2023-08-08,123.0000,16.5000
2023-08-09,102.0000,13.9000
2023-08-10,109.0000,15.4000
2023-08-11,105.0000,14.1000
2023-08-12,80.0000,13.3000
2023-08-13,101.0000,13.3000
2023-08-14,118.0000,11.6000
2023-08-15,122.0000,16.6000
2023-08-16,148.0000,18.9000
2023-08-17,145.0000,17.5000
2023-08-18,124.0000,12.8000
2023-08-19,130.0000,11.0000
2023-08-20,101.0000,12.0000
2023-08-21,110.0000,10.6000
2023-08-22,114.0000,13.1000
2023-08-23,105.0000,13.4000
2023-08-24,92.0000,12.1000
2023-08-25,90.0000,11.3000
2023-08-26,91.0000,13.3000
2023-08-27,84.0000,10.1000
2023-08-28,82.0000,13.1000
2023-08-29,90.0000,12.3000
2023-08-30,104.0000,14.6000
2023-08-31,89.0000,11.1000
2023-09-01,86.0000,14.4000
2023-09-02,82.0000,11.3000
2023-09-03,91.0000,14.3000
2023-09-04,102.0000,14.0000
2023-09-05,115.0000,14.7000
2023-09-06,120.0000,19.8000
2023-09-07,132.0000,11.1000
2023-09-08,117.0000,9.5000
2023-09-09,133.0000,18.5000
2023-09-10,173.0000,21.9000
2023-09-11,190.0000,21.0000
2023-09-12,145.0000,12.8000
2023-09-13,131.0000,21.9000
2023-09-14,134.0000,15.7000
2023-09-15,109.0000,17.7000
2023-09-16,88.0000,13.7000
2023-09-17,89.0000,13.8000
2023-09-18,127.0000,25.9000
2023-09-19,149.0000,25.1000
2023-09-20,170.0000,27.4000
2023-09-21,194.0000,39.8000
2023-09-22,200.0000,24.7000
2023-09-23,196.0000,20.3000
2023-09-24,176.0000,15.4000
2023-09-25,169.0000,14.8000
2023-09-26,140.0000,18.1000
2023-09-27,133.0000,19.1000
2023-09-28,116.0000,11.3000
2023-09-29,103.0000,9.2000
2023-09-30,117.0000,11.3000
2023-10-01,151.0000,18.4000
2023-10-02,168.0000,15.2000
2023-10-03,144.0000,16.0000
2023-10-04,154.0000,13.8000
2023-10-05,159.0000,21.1000
2023-10-06,158.0000,22.7000
2023-10-07,134.0000,18.7000
2023-10-08,144.0000,19.5000
2023-10-09,153.0000,17.5000
2023-10-10,132.0000,13.9000
2023-10-11,145.0000,17.8000
2023-10-12,137.0000,16.2000
2023-10-13,113.0000,17.4000
2023-10-14,111.0000,12.3000
2023-10-15,104.0000,15.1000
2023-10-16,97.0000,23.1000
2023-10-17,74.0000,15.3000
2023-10-18,66.0000,18.2000
2023-10-19,57.0000,12.3000
2023-10-20,67.0000,16.9000
2023-10-21,68.0000,14.3000
2023-10-22,55.0000,11.6000
2023-10-23,34.0000,11.1000
2023-10-24,39.0000,7.8000
2023-10-25,33.0000,6.7000
2023-10-26,54.0000,8.3000
2023-10-27,58.0000,21.4000
2023-10-28,49.0000,17.8000
2023-10-29,58.0000,11.5000
2023-10-30,73.0000,13.2000
2023-10-31,107.0000,20.2000
2023-11-01,115.0000,13.4000
2023-11-02,122.0000,18.4000
2023-11-03,121.0000,20.1000
2023-11-04,92.0000,16.4000
2023-11-05,91.0000,15.8000
2023-11-06,77.0000,13.6000
2023-11-07,78.0000,12.5000
2023-11-08,113.0000,19.6000
2023-11-09,99.0000,16.6000
2023-11-10,94.0000,9.8000
2023-11-11,81.0000,13.0000
2023-11-12,82.0000,12.1000
2023-11-13,73.0000,13.3000
2023-11-14,60.0000,15.1000
2023-11-15,33.0000,11.1000
2023-11-16,30.0000,9.9000
2023-11-17,26.0000,4.6000
2023-11-18,32.0000,7.3000
2023-11-19,68.0000,11.0000
2023-11-20,96.0000,20.4000
2023-11-21,153.0000,18.9000
2023-11-22,160.0000,24.7000
2023-11-23,186.0000,21.9000
2023-11-24,167.0000,23.5000
2023-11-25,177.0000,24.3000
2023-11-26,171.0000,18.0000
2023-11-27,158.0000,22.4000
2023-11-28,150.0000,21.0000
2023-11-29,161.0000,15.6000
2023-11-30,148.0000,18.4000
2023-12-01,123.0000,13.0000
2023-12-02,100.0000,13.4000
2023-12-03,104.0000,13.8000
2023-12-04,113.0000,12.2000
2023-12-05,107.0000,22.0000
2023-12-06,134.0000,18.9000
2023-12-07,125.0000,15.6000
2023-12-08,113.0000,14.1000
2023-12-09,127.0000,18.3000
2023-12-10,123.0000,12.9000
2023-12-11,92.0000,17.4000
2023-12-12,96.0000,22.4000
2023-12-13,110.0000,17.1000
2023-12-14,117.0000,14.4000
2023-12-15,114.0000,19.2000
2023-12-16,124.0000,21.8000
2023-12-17,112.0000,25.9000
2023-12-18,138.0000,20.0000
2023-12-19,150.0000,18.4000
2023-12-20,149.0000,21.3000
2023-12-21,152.0000,22.8000
2023-12-22,148.0000,33.1000
2023-12-23,138.0000,17.4000
2023-12-24,117.0000,8.8000
2023-12-25,113.0000,11.9000
2023-12-26,110.0000,20.2000
2023-12-27,76.0000,15.0000
2023-12-28,95.0000,10.4000
2023-12-29,83.0000,14.5000
2023-12-30,65.0000,10.0000
2023-12-31,52.0000,13.3000
2024-01-01,55.0000,6.9000
2024-01-02,68.0000,9.7000
2024-01-03,59.0000,9.1000
2024-01-04,100.0000,16.5000
2024-01-05,119.0000,26.1000
2024-01-06,148.0000,16.2000
2024-01-07,172.0000,29.1000
2024-01-08,162.0000,26.0000
2024-01-09,158.0000,25.1000
2024-01-10,178.0000,33.3000
2024-01-11,186.0000,26.5000
2024-01-12,182.0000,21.7000
2024-01-13,181.0000,28.8000
2024-01-14,161.0000,17.5000
2024-01-15,140.0000,16.9000
2024-01-16,134.0000,15.3000
2024-01-17,147.0000,26.6000
2024-01-18,130.0000,23.0000
2024-01-19,143.0000,17.8000
2024-01-20,134.0000,19.0000
2024-01-21,155.0000,14.6000
2024-01-22,166.0000,16.9000
2024-01-23,148.0000,17.3000
2024-01-24,124.0000,23.9000
2024-01-25,92.0000,13.4000
2024-01-26,83.0000,20.0000
2024-01-27,64.0000,11.5000
2024-01-28,68.0000,11.2000
2024-01-29,74.0000,9.4000
2024-01-30,74.0000,9.9000
2024-01-31,100.0000,22.6000
2024-02-01,117.0000,20.5000
2024-02-02,122.0000,13.8000
2024-02-03,124.0000,14.6000
2024-02-04,135.0000,11.7000
2024-02-05,158.0000,21.3000
2024-02-06,159.0000,27.0000
2024-02-07,148.0000,24.5000
2024-02-08,161.0000,23.1000
2024-02-09,127.0000,14.9000
2024-02-10,151.0000,43.2000
2024-02-11,162.0000,28.4000
2024-02-12,156.0000,34.0000
2024-02-13,136.0000,18.8000
2024-02-14,141.0000,14.8000
2024-02-15,150.0000,19.2000
2024-02-16,139.0000,19.8000
2024-02-17,113.0000,19.6000
2024-02-18,100.0000,28.0000
2024-02-19,73.0000,13.3000
2024-02-20,54.0000,11.6000
2024-02-21,49.0000,8.3000
2024-02-22,56.0000,14.3000
2024-02-23,104.0000,27.4000
2024-02-24,108.0000,16.5000
2024-02-25,115.0000,27.0000
2024-02-26,132.0000,24.9000
2024-02-27,120.0000,16.4000
2024-02-28,130.0000,26.1000
2024-02-29,126.0000,22.2000
2024-03-01,117.0000,19.2000
2024-03-02,96.0000,9.2000
2024-03-03,102.0000,21.2000
2024-03-04,109.0000,15.4000
2024-03-05,110.0000,15.4000
2024-03-06,100.0000,12.1000
2024-03-07,96.0000,14.8000
2024-03-08,102.0000,18.6000
2024-03-09,96.0000,11.0000
2024-03-10,77.0000,11.2000
2024-03-11,74.0000,14.8000
2024-03-12,83.0000,11.2000
2024-03-13,81.0000,16.6000
2024-03-14,68.0000,13.1000
2024-03-15,52.0000,8.1000
2024-03-16,62.0000,12.0000
2024-03-17,73.0000,12.8000
2024-03-18,120.0000,17.4000
2024-03-19,132.0000,14.0000
2024-03-20,123.0000,13.4000
2024-03-21,159.0000,23.7000
2024-03-22,163.0000,36.1000
2024-03-23,154.0000,20.2000
2024-03-24,161.0000,18.8000
2024-03-25,163.0000,18.0000
2024-03-26,138.0000,22.9000
2024-03-27,113.0000,19.9000
2024-03-28,98.0000,13.2000
2024-03-29,79.0000,12.1000
2024-03-30,51.0000,10.4000
2024-03-31,63.0000,18.0000
2024-04-01,31.0000,12.4000
2024-04-02,36.0000,19.7000
2024-04-03,37.0000,15.9000
2024-04-04,49.0000,10.9000
2024-04-05,78.0000,13.7000
2024-04-06,80.0000,11.1000
2024-04-07,83.0000,15.4000
2024-04-08,78.0000,16.8000
2024-04-09,56.0000,14.1000
2024-04-10,56.0000,11.8000
2024-04-11,91.0000,9.2000
2024-04-12,87.0000,12.4000
2024-04-13,121.0000,12.2000
2024-04-14,150.0000,17.6000
2024-04-15,171.0000,18.7000
2024-04-16,185.0000,24.6000
2024-04-17,211.0000,18.8000
2024-04-18,224.0000,36.4000
2024-04-19,242.0000,27.2000
2024-04-20,232.0000,33.6000
2024-04-21,233.0000,40.1000
2024-04-22,266.0000,35.8000
2024-04-23,268.0000,30.4000
2024-04-24,251.0000,23.8000
2024-04-25,211.0000,25.6000
2024-04-26,142.0000,29.1000
2024-04-27,138.0000,24.3000
2024-04-28,117.0000,23.5000
2024-04-29,99.0000,14.4000
2024-04-30,86.0000,16.5000
2024-05-01,119.0000,18.1000
2024-05-02,144.0000,20.1000
2024-05-03,160.0000,16.9000
2024-05-04,186.0000,27.4000
2024-05-05,185.0000,27.2000
2024-05-06,205.0000,26.3000
2024-05-07,192.0000,26.4000
2024-05-08,171.0000,23.7000
2024-05-09,181.0000,22.1000
2024-05-10,172.0000,26.9000
2024-05-11,173.0000,15.6000
2024-05-12,199.0000,20.4000
2024-05-13,244.0000,28.1000
2024-05-14,203.0000,28.4000
2024-05-15,208.0000,27.8000
2024-05-16,213.0000,22.6000
2024-05-17,203.0000,26.2000
2024-05-18,180.0000,25.7000
2024-05-19,181.0000,29.3000
2024-05-20,155.0000,20.2000
2024-05-21,177.0000,19.4000
2024-05-22,165.0000,17.4000
2024-05-23,143.0000,16.7000
2024-05-24,142.0000,15.3000
2024-05-25,112.0000,19.5000
2024-05-26,130.0000,18.4000
2024-05-27,144.0000,17.9000
2024-05-28,164.0000,22.1000
2024-05-29,169.0000,12.9000
2024-05-30,159.0000,34.3000
2024-05-31,156.0000,29.8000
2024-06-01,178.0000,30.0000
2024-06-02,205.0000,31.5000
2024-06-03,213.0000,25.5000
2024-06-04,213.0000,18.9000
2024-06-05,181.0000,21.8000
2024-06-06,158.0000,22.1000
2024-06-07,163.0000,18.6000
2024-06-08,173.0000,22.3000
2024-06-09,154.0000,18.3000
2024-06-10,124.0000,15.6000
2024-06-11,106.0000,20.8000
2024-06-12,124.0000,19.0000
2024-06-13,151.0000,22.1000
2024-06-14,158.0000,16.2000
2024-06-15,148.0000,19.2000
2024-06-16,151.0000,19.8000
2024-06-17,140.0000,20.5000
2024-06-18,133.0000,33.1000
2024-06-19,151.0000,22.6000
2024-06-20,165.0000,20.4000
2024-06-21,150.0000,24.0000
2024-06-22,159.0000,15.2000
2024-06-23,163.0000,17.8000
2024-06-24,153.0000,20.6000
2024-06-25,146.0000,13.6000
2024-06-26,179.0000,16.7000
2024-06-27,174.0000,19.9000
2024-06-28,179.0000,18.4000
2024-06-29,219.0000,28.5000
2024-06-30,212.0000,27.6000
2024-07-01,198.0000,20.4000
2024-07-02,197.0000,25.2000
2024-07-03,178.0000,24.7000
2024-07-04,138.0000,11.9000
2024-07-05,138.0000,13.9000
2024-07-06,128.0000,17.4000
2024-07-07,121.0000,19.9000
2024-07-08,111.0000,20.1000
2024-07-09,143.0000,20.1000
2024-07-10,183.0000,25.8000
2024-07-11,172.0000,20.2000
2024-07-12,162.0000,32.6000
2024-07-13,176.0000,25.1000
2024-07-14,211.0000,26.4000
2024-07-15,242.0000,25.6000
2024-07-16,286.0000,32.6000
2024-07-17,284.0000,29.0000
2024-07-18,290.0000,27.8000
2024-07-19,274.0000,24.1000
2024-07-20,228.0000,31.7000
2024-07-21,219.0000,29.2000
2024-07-22,172.0000,21.0000
2024-07-23,173.0000,17.5000
2024-07-24,173.0000,18.1000
2024-07-25,180.0000,20.7000
2024-07-26,198.0000,20.6000
2024-07-27,210.0000,27.0000
2024-07-28,202.0000,26.1000
2024-07-29,213.0000,21.5000
2024-07-30,231.0000,33.2000
2024-07-31,270.0000,31.3000
2024-08-01,259.0000,22.9000
2024-08-02,241.0000,32.5000
2024-08-03,231.0000,27.8000
2024-08-04,231.0000,20.4000
2024-08-05,214.0000,24.9000
2024-08-06,240.0000,24.0000
2024-08-07,275.0000,27.1000
2024-08-08,285.0000,31.9000
2024-08-09,264.0000,32.9000
2024-08-10,250.0000,30.5000
2024-08-11,245.0000,18.2000
2024-08-12,230.0000,29.2000
2024-08-13,209.0000,24.1000
2024-08-14,178.0000,26.9000
2024-08-15,157.0000,17.1000
2024-08-16,199.0000,16.1000
2024-08-17,198.0000,17.4000
2024-08-18,202.0000,23.2000
2024-08-19,225.0000,19.2000
2024-08-20,217.0000,20.7000
2024-08-21,210.0000,27.1000
2024-08-22,213.0000,31.9000
2024-08-23,214.0000,23.6000
2024-08-24,223.0000,27.1000
2024-08-25,204.0000,22.0000
2024-08-26,220.0000,23.2000
2024-08-27,182.0000,19.4000
2024-08-28,189.0000,17.9000
2024-08-29,153.0000,15.6000
2024-08-30,158.0000,16.8000
2024-08-31,181.0000,23.7000
2024-09-01,170.0000,21.9000
2024-09-02,182.0000,25.7000
2024-09-03,171.0000,26.2000
2024-09-04,169.0000,30.6000
2024-09-05,170.0000,24.5000
2024-09-06,177.0000,23.9000
2024-09-07,168.0000,21.5000
2024-09-08,156.0000,24.9000
2024-09-09,152.0000,23.9000
2024-09-10,141.0000,15.9000
2024-09-11,147.0000,17.0000
2024-09-12,132.0000,15.8000
2024-09-13,109.0000,14.9000
2024-09-14,107.0000,17.8000
2024-09-15,95.0000,14.6000
2024-09-16,132.0000,18.4000
2024-09-17,132.0000,17.0000
2024-09-18,102.0000,12.3000
2024-09-19,105.0000,17.3000
2024-09-20,117.0000,15.6000
2024-09-21,122.0000,14.5000
2024-09-22,129.0000,21.8000
2024-09-23,123.0000,13.9000
2024-09-24,134.0000,15.0000
2024-09-25,129.0000,12.7000
2024-09-26,136.0000,20.1000
2024-09-27,154.0000,18.9000
2024-09-28,154.0000,15.9000
2024-09-29,149.0000,16.1000
2024-09-30,169.0000,29.8000
2024-10-01,213.0000,41.8000
2024-10-02,211.0000,27.9000
2024-10-03,207.0000,31.6000
2024-10-04,210.0000,34.5000
2024-10-05,182.0000,22.9000
2024-10-06,170.0000,18.0000
2024-10-07,163.0000,25.9000
2024-10-08,140.0000,22.4000
2024-10-09,142.0000,24.1000
2024-10-10,141.0000,17.7000
2024-10-11,136.0000,12.8000
2024-10-12,125.0000,25.7000
2024-10-13,137.0000,12.4000
2024-10-14,136.0000,14.4000
2024-10-15,109.0000,19.3000
2024-10-16,119.0000,14.3000
2024-10-17,143.0000,20.9000
2024-10-18,138.0000,19.6000
2024-10-19,132.0000,17.0000
2024-10-20,134.0000,15.2000
2024-10-21,162.0000,19.6000
2024-10-22,117.0000,17.3000
2024-10-23,120.0000,17.7000
2024-10-24,135.0000,21.1000
2024-10-25,180.0000,28.5000
2024-10-26,217.0000,35.1000
2024-10-27,241.0000,29.6000
2024-10-28,244.0000,26.9000
2024-10-29,221.0000,25.3000
2024-10-30,205.0000,18.5000
2024-10-31,209.0000,26.8000
2024-11-01,223.0000,28.9000
2024-11-02,211.0000,33.2000
2024-11-03,207.0000,28.3000
2024-11-04,191.0000,21.1000
2024-11-05,207.0000,21.4000
2024-11-06,207.0000,30.9000
2024-11-07,210.0000,16.0000
2024-11-08,189.0000,20.3000
2024-11-09,164.0000,21.2000
2024-11-10,160.0000,23.1000
2024-11-11,151.0000,18.6000
2024-11-12,117.0000,16.6000
2024-11-13,111.0000,18.8000
2024-11-14,91.0000,11.2000
2024-11-15,71.0000,10.6000
2024-11-16,73.0000,9.7000
2024-11-17,96.0000,18.1000
2024-11-18,115.0000,17.6000
2024-11-19,124.0000,15.7000
2024-11-20,123.0000,16.1000
2024-11-21,118.0000,21.0000
2024-11-22,146.0000,18.6000
2024-11-23,152.0000,19.4000
2024-11-24,172.0000,25.1000
2024-11-25,171.0000,21.2000
2024-11-26,159.0000,21.4000
2024-11-27,205.0000,31.9000
2024-11-28,172.0000,20.9000
2024-11-29,163.0000,23.8000
2024-11-30,124.0000,14.8000
2024-12-01,124.0000,22.5000
2024-12-02,133.0000,23.6000
2024-12-03,122.0000,17.2000
2024-12-04,123.0000,15.1000
2024-12-05,120.0000,16.2000
2024-12-06,105.0000,27.1000
2024-12-07,133.0000,27.4000
2024-12-08,140.0000,31.3000
2024-12-09,115.0000,20.8000
2024-12-10,135.0000,16.7000
2024-12-11,108.0000,20.4000
2024-12-12,106.0000,9.3000
2024-12-13,112.0000,17.8000
2024-12-14,99.0000,20.0000
2024-12-15,103.0000,11.7000
2024-12-16,99.0000,17.0000
2024-12-17,90.0000,12.9000
2024-12-18,113.0000,14.3000
2024-12-19,128.0000,22.9000
2024-12-20,149.0000,18.3000
2024-12-21,164.0000,16.5000
2024-12-22,183.0000,23.6000
2024-12-23,224.0000,38.9000
2024-12-24,223.0000,39.1000
2024-12-25,241.0000,31.4000
2024-12-26,255.0000,28.7000
2024-12-27,257.0000,31.7000
2024-12-28,254.0000,34.6000
2024-12-29,233.0000,33.1000
2024-12-30,218.0000,22.8000
2024-12-31,183.0000,24.5000
2025-01-01,198.0000,22.5000
2025-01-02,187.0000,29.1000
2025-01-03,199.0000,26.1000
2025-01-04,211.0000,31.4000
2025-01-05,194.0000,44.9000
2025-01-06,169.0000,35.7000
2025-01-07,133.0000,18.1000
2025-01-08,120.0000,18.1000
2025-01-09,158.0000,31.4000
2025-01-10,129.0000,23.6000
2025-01-11,108.0000,18.1000
2025-01-12,112.0000,18.9000
2025-01-13,90.0000,14.6000
2025-01-14,78.0000,13.7000
2025-01-15,84.0000,21.9000
2025-01-16,127.0000,20.5000
2025-01-17,150.0000,22.1000
2025-01-18,141.0000,20.2000
2025-01-19,150.0000,28.1000
2025-01-20,185.0000,31.3000
2025-01-21,166.0000,22.8000
2025-01-22,147.0000,25.6000
2025-01-23,172.0000,25.6000
2025-01-24,138.0000,20.5000
2025-01-25,120.0000,19.5000
2025-01-26,108.0000,12.7000
2025-01-27,56.0000,14.1000
2025-01-28,78.0000,14.8000
2025-01-29,84.0000,12.1000
2025-01-30,108.0000,21.5000
2025-01-31,147.0000,31.5000
2025-02-01,159.0000,21.2000
2025-02-02,183.0000,25.3000
2025-02-03,189.0000,33.8000
2025-02-04,177.0000,25.5000
2025-02-05,165.0000,16.6000
2025-02-06,186.0000,21.2000
2025-02-07,164.0000,25.0000
2025-02-08,135.0000,28.6000
2025-02-09,130.0000,17.0000
2025-02-10,115.0000,20.9000
2025-02-11,95.0000,16.7000
2025-02-12,101.0000,19.5000
2025-02-13,114.0000,17.5000
2025-02-14,161.0000,34.0000
2025-02-15,170.0000,17.5000
2025-02-16,205.0000,16.4000
2025-02-17,203.0000,30.5000
2025-02-18,173.0000,30.3000
2025-02-19,135.0000,20.6000
2025-02-20,144.0000,14.5000
2025-02-21,167.0000,19.1000
2025-02-22,182.0000,33.2000
2025-02-23,189.0000,23.1000
2025-02-24,169.0000,21.2000
2025-02-25,169.0000,21.4000
2025-02-26,126.0000,17.3000
2025-02-27,135.0000,22.0000
2025-02-28,119.0000,19.6000
2025-03-01,116.0000,18.6000
2025-03-02,146.0000,18.6000
2025-03-03,123.0000,18.5000
2025-03-04,153.0000,23.6000
2025-03-05,143.0000,15.9000
2025-03-06,129.0000,17.5000
2025-03-07,106.0000,13.6000
2025-03-08,90.0000,11.9000
2025-03-09,101.0000,16.3000
2025-03-10,107.0000,25.8000
2025-03-11,142.0000,25.9000
2025-03-12,157.0000,26.1000
2025-03-13,173.0000,21.9000
2025-03-14,182.0000,21.1000
2025-03-15,183.0000,29.0000
2025-03-16,206.0000,25.6000
2025-03-17,205.0000,24.8000
2025-03-18,196.0000,27.7000
2025-03-19,165.0000,16.5000
2025-03-20,163.0000,22.8000
2025-03-21,151.0000,27.6000
2025-03-22,173.0000,24.4000
2025-03-23,126.0000,24.3000
2025-03-24,78.0000,12.7000
2025-03-25,79.0000,12.0000
2025-03-26,46.0000,13.1000
2025-03-27,82.0000,14.5000
2025-03-28,78.0000,9.8000
2025-03-29,91.0000,20.7000
2025-03-30,128.0000,19.4000
2025-03-31,141.0000,26.2000
2025-04-01,160.0000,13.2000
2025-04-02,150.0000,17.1000
2025-04-03,164.0000,11.7000
2025-04-04,191.0000,23.7000
2025-04-05,187.0000,19.5000
2025-04-06,180.0000,19.7000
2025-04-07,162.0000,20.6000
2025-04-08,147.0000,17.4000
2025-04-09,141.0000,15.2000
2025-04-10,139.0000,23.2000
2025-04-11,131.0000,14.5000
2025-04-12,122.0000,17.0000
2025-04-13,106.0000,15.1000
2025-04-14,88.0000,14.2000
2025-04-15,75.0000,12.0000
2025-04-16,92.0000,20.1000
2025-04-17,110.0000,17.7000
2025-04-18,118.0000,16.4000
2025-04-19,117.0000,13.6000
2025-04-20,134.0000,13.6000
2025-04-21,142.0000,16.5000
2025-04-22,185.0000,24.1000
2025-04-23,166.0000,25.9000
2025-04-24,202.0000,27.4000
2025-04-25,203.0000,24.4000
2025-04-26,173.0000,16.0000
2025-04-27,135.0000,17.5000
2025-04-28,123.0000,16.6000
2025-04-29,111.0000,11.5000
2025-04-30,88.0000,11.2000
2025-05-01,62.0000,9.2000
2025-05-02,42.0000,7.8000
2025-05-03,57.0000,9.2000
2025-05-04,75.0000,14.4000
2025-05-05,93.0000,12.0000
2025-05-06,88.0000,13.1000
2025-05-07,75.0000,9.4000
2025-05-08,81.0000,8.2000
2025-05-09,72.0000,9.2000
2025-05-10,70.0000,10.4000
2025-05-11,66.0000,10.0000
2025-05-12,60.0000,8.0000
2025-05-13,59.0000,11.3000
2025-05-14,46.0000,6.4000
2025-05-15,40.0000,6.4000
2025-05-16,59.0000,9.4000
2025-05-17,52.0000,10.2000
2025-05-18,56.0000,9.1000
2025-05-19,65.0000,8.3000
2025-05-20,75.0000,12.2000
2025-05-21,90.0000,13.3000
2025-05-22,97.0000,14.6000
2025-05-23,117.0000,11.9000
2025-05-24,98.0000,11.9000
2025-05-25,95.0000,12.6000
2025-05-26,108.0000,14.4000
2025-05-27,102.0000,12.0000
2025-05-28,107.0000,12.2000
2025-05-29,98.0000,12.1000
2025-05-30,115.0000,14.2000
2025-05-31,114.0000,11.7000
2025-06-01,124.0000,12.6000
2025-06-02,106.0000,15.6000
2025-06-03,93.0000,10.8000
2025-06-04,94.0000,10.4000
2025-06-05,87.0000,16.8000
2025-06-06,97.0000,21.3000
2025-06-07,86.0000,22.3000
2025-06-08,60.0000,12.4000
2025-06-09,89.0000,11.7000
2025-06-10,113.0000,18.1000
2025-06-11,145.0000,17.5000
2025-06-12,142.0000,15.6000
2025-06-13,152.0000,13.4000
2025-06-14,154.0000,20.4000
2025-06-15,151.0000,17.2000
2025-06-16,127.0000,13.9000
2025-06-17,117.0000,10.6000
2025-06-18,133.0000,13.8000
2025-06-19,131.0000,13.1000
2025-06-20,113.0000,15.8000
2025-06-21,95.0000,12.6000
2025-06-22,99.0000,11.7000
2025-06-23,94.0000,11.5000
2025-06-24,85.0000,11.3000
2025-06-25,95.0000,14.4000
2025-06-26,104.0000,12.1000
2025-06-27,116.0000,16.0000
2025-06-28,136.0000,17.8000
2025-06-29,151.0000,14.1000
2025-06-30,150.0000,17.3000
2025-07-01,147.0000,17.3000
2025-07-02,137.0000,12.2000
2025-07-03,116.0000,14.6000
2025-07-04,100.0000,13.1000
2025-07-05,76.0000,13.6000
2025-07-06,87.0000,13.5000
2025-07-07,93.0000,12.1000
2025-07-08,84.0000,17.4000
2025-07-09,81.0000,9.7000
2025-07-10,75.0000,11.4000
2025-07-11,93.0000,15.6000
2025-07-12,113.0000,13.3000
2025-07-13,126.0000,24.5000
2025-07-14,135.0000,13.8000
2025-07-15,173.0000,19.6000
2025-07-16,191.0000,17.2000
2025-07-17,183.0000,19.4000
2025-07-18,165.0000,23.0000
2025-07-19,153.0000,18.5000
2025-07-20,145.0000,23.7000
2025-07-21,137.0000,22.1000
2025-07-22,107.0000,15.9000
2025-07-23,110.0000,19.2000
2025-07-24,114.0000,13.1000
2025-07-25,148.0000,17.9000
2025-07-26,144.0000,14.7000
2025-07-27,129.0000,16.4000
2025-07-28,131.0000,18.2000
2025-07-29,123.0000,15.9000
2025-07-30,141.0000,18.8000
2025-07-31,146.0000,13.0000
2025-08-01,133.0000,13.3000
2025-08-02,129.0000,14.8000
2025-08-03,129.0000,18.2000
2025-08-04,107.0000,13.1000
2025-08-05,116.0000,20.4000
2025-08-06,140.0000,26.5000
2025-08-07,154.0000,22.3000
2025-08-08,181.0000,18.1000
2025-08-09,155.0000,14.5000
2025-08-10,167.0000,14.2000
2025-08-11,166.0000,14.2000
2025-08-12,162.0000,18.7000
2025-08-13,167.0000,13.2000
2025-08-14,165.0000,21.0000
2025-08-15,138.0000,16.0000
2025-08-16,120.0000,17.7000
2025-08-17,74.0000,16.6000
2025-08-18,64.0000,10.4000
2025-08-19,36.0000,13.5000
2025-08-20,60.0000,13.2000
2025-08-21,67.0000,11.4000
2025-08-22,56.0000,8.7000
2025-08-23,72.0000,10.6000
2025-08-24,100.0000,9.6000
2025-08-25,137.0000,18.1000
2025-08-26,183.0000,21.9000
2025-08-27,198.0000,28.2000
2025-08-28,204.0000,26.0000
2025-08-29,197.0000,23.8000
2025-08-30,181.0000,26.4000
2025-08-31,187.0000,24.5000
2025-09-01,176.0000,19.9000
2025-09-02,162.0000,14.6000
2025-09-03,146.0000,23.0000
2025-09-04,157.0000,16.2000
2025-09-05,138.0000,14.0000
2025-09-06,111.0000,17.8000
2025-09-07,92.0000,10.3000
2025-09-08,113.0000,12.3000
2025-09-09,101.0000,13.3000
2025-09-10,86.0000,9.8000
2025-09-11,83.0000,8.4000
2025-09-12,65.0000,15.0000
2025-09-13,53.0000,8.7000
2025-09-14,69.0000,9.8000
2025-09-15,79.0000,11.2000
2025-09-16,117.0000,15.3000
2025-09-17,126.0000,20.4000
2025-09-18,127.0000,14.2000
2025-09-19,138.0000,16.5000
2025-09-20,153.0000,20.0000
2025-09-21,164.0000,19.5000
2025-09-22,161.0000,17.5000
2025-09-23,186.0000,14.0000
2025-09-24,144.0000,15.5000
2025-09-25,152.0000,15.0000
2025-09-26,142.0000,14.1000
2025-09-27,138.0000,18.1000
2025-09-28,155.0000,15.1000
2025-09-29,178.0000,16.7000
2025-09-30,179.0000,16.5000
2025-10-01,167.0000,23.6000
2025-10-02,169.0000,24.7000
2025-10-03,173.0000,14.8000
2025-10-04,154.0000,17.3000
2025-10-05,148.0000,21.1000
2025-10-06,146.0000,23.9000
2025-10-07,124.0000,9.6000
2025-10-08,77.0000,13.6000
2025-10-09,61.0000,12.0000
2025-10-10,79.0000,10.6000
2025-10-11,106.0000,16.3000
2025-10-12,128.0000,18.4000
2025-10-13,128.0000,16.4000
2025-10-14,126.0000,19.1000
2025-10-15,122.0000,19.4000
2025-10-16,134.0000,23.5000
2025-10-17,119.0000,20.9000
2025-10-18,114.0000,16.2000
2025-10-19,105.0000,18.6000
2025-10-20,110.0000,17.4000
2025-10-21,122.0000,17.5000
2025-10-22,110.0000,21.3000
2025-10-23,100.0000,16.9000
2025-10-24,101.0000,14.5000
2025-10-25,100.0000,11.8000
2025-10-26,103.0000,10.3000
2025-10-27,98.0000,17.2000
2025-10-28,114.0000,13.6000
2025-10-29,100.0000,13.3000
2025-10-30,70.0000,15.7000
2025-10-31,44.0000,11.3000
2025-11-01,20.0000,6.0000
2025-11-02,41.0000,9.9000
2025-11-03,72.0000,8.6000
2025-11-04,84.0000,11.0000
2025-11-05,78.0000,10.3000
2025-11-06,109.0000,12.8000
2025-11-07,131.0000,17.9000
2025-11-08,143.0000,20.1000
2025-11-09,154.0000,21.3000
2025-11-10,152.0000,19.9000
2025-11-11,151.0000,11.5000
2025-11-12,137.0000,19.7000
2025-11-13,127.0000,15.6000
2025-11-14,103.0000,19.1000
2025-11-15,100.0000,20.0000
2025-11-16,71.0000,19.4000
2025-11-17,57.0000,9.7000
2025-11-18,62.0000,12.4000
2025-11-19,54.0000,13.7000
2025-11-20,59.0000,8.3000
2025-11-21,65.0000,12.2000
2025-11-22,61.0000,7.9000
2025-11-23,80.0000,9.4000
2025-11-24,102.0000,11.6000
2025-11-25,99.0000,9.2000
2025-11-26,82.0000,12.1000
2025-11-27,90.0000,15.7000
2025-11-28,83.0000,9.7000
2025-11-29,84.0000,8.2000
2025-11-30,102.0000,15.8000
2025-12-01,156.0000,28.3000
2025-12-02,180.0000,25.7000
2025-12-03,186.0000,37.2000
2025-12-04,186.0000,32.4000
2025-12-05,176.0000,36.8000
2025-12-06,171.0000,28.0000
2025-12-07,161.0000,28.7000
2025-12-08,164.0000,18.1000
2025-12-09,155.0000,21.8000
2025-12-10,132.0000,14.8000
2025-12-11,121.0000,21.7000
2025-12-12,98.0000,14.3000
2025-12-13,86.0000,12.5000
2025-12-14,71.0000,9.4000
2025-12-15,77.0000,12.6000
2025-12-16,78.0000,18.2000
2025-12-17,82.0000,12.8000
2025-12-18,67.0000,14.4000
2025-12-19,50.0000,9.8000
2025-12-20,59.0000,23.2000
2025-12-21,68.0000,9.4000
2025-12-22,82.0000,18.6000
2025-12-23,110.0000,25.4000
2025-12-24,131.0000,22.2000
2025-12-25,128.0000,18.0000
2025-12-26,126.0000,19.6000
2025-12-27,150.0000,12.4000
2025-12-28,162.0000,21.5000
2025-12-29,145.0000,22.3000
2025-12-30,143.0000,28.6000
2025-12-31,143.0000,20.3000
2026-01-01,122.0000,23.8000
2026-01-02,113.0000,29.5000
2026-01-03,110.0000,18.4000
2026-01-04,113.0000,26.0000
2026-01-05,101.0000,12.9000
2026-01-06,109.0000,10.8000
2026-01-07,118.0000,16.4000
2026-01-08,76.0000,16.2000
2026-01-09,61.0000,15.6000
2026-01-10,62.0000,14.3000
2026-01-11,62.0000,9.6000
2026-01-12,57.0000,16.9000
2026-01-13,49.0000,13.1000
2026-01-14,62.0000,11.6000
2026-01-15,94.0000,17.4000
2026-01-16,134.0000,23.5000
2026-01-17,132.0000,16.5000
2026-01-18,138.0000,23.8000
2026-01-19,161.0000,24.6000
2026-01-20,166.0000,16.7000
2026-01-21,162.0000,34.6000
2026-01-22,186.0000,31.3000
2026-01-23,165.0000,31.0000
2026-01-24,154.0000,20.3000
2026-01-25,149.0000,43.4000
2026-01-26,130.0000,29.7000
2026-01-27,98.0000,25.2000
2026-01-28,119.0000,23.0000
2026-01-29,93.0000,16.4000
2026-01-30,85.0000,18.7000
2026-01-31,108.0000,15.6000
2026-02-01,103.0000,12.8000
2026-02-02,134.0000,22.9000
2026-02-03,168.0000,12.4000
2026-02-04,148.0000,26.0000
2026-02-05,140.0000,20.7000
2026-02-06,141.0000,23.3000
2026-02-07,141.0000,19.1000
2026-02-08,144.0000,9.9000
2026-02-09,119.0000,17.0000
2026-02-10,114.0000,12.8000
2026-02-11,92.0000,21.8000
2026-02-12,81.0000,11.6000
2026-02-13,67.0000,12.1000
2026-02-14,77.0000,16.3000
2026-02-15,72.0000,7.5000
2026-02-16,76.0000,13.4000
2026-02-17,67.0000,11.8000
2026-02-18,43.0000,8.4000
2026-02-19,42.0000,10.8000
2026-02-20,35.0000,10.7000
2026-02-21,15.0000,11.8000
2026-02-22,4.0000,5.8000
2026-02-23,8.0000,11.0000
2026-02-24,6.0000,12.2000
2026-02-25,15.0000,8.4000
2026-02-26,34.0000,10.9000
2026-02-27,46.0000,10.7000
2026-02-28,58.0000,10.0000
2026-03-01,75.0000,18.2000
2026-03-02,76.0000,10.4000
2026-03-03,78.0000,12.3000
2026-03-04,65.0000,9.9000
2026-03-05,85.0000,9.9000
2026-03-06,82.0000,12.9000
2026-03-07,78.0000,9.0000
2026-03-08,74.0000,11.6000
2026-03-09,75.0000,13.5000
2026-03-10,79.0000,10.2000
2026-03-11,105.0000,14.8000
2026-03-12,95.0000,13.2000
2026-03-13,80.0000,10.2000
2026-03-14,57.0000,11.6000
2026-03-15,64.0000,10.7000
2026-03-16,69.0000,15.0000
2026-03-17,61.0000,8.3000
2026-03-18,59.0000,13.2000
2026-03-19,34.0000,4.4000
2026-03-20,29.0000,4.5000
2026-03-21,41.0000,6.5000
2026-03-22,99.0000,18.6000
2026-03-23,111.0000,11.8000
2026-03-24,109.0000,12.5000
2026-03-25,105.0000,12.0000
2026-03-26,112.0000,16.7000
2026-03-27,136.0000,17.2000
2026-03-28,128.0000,13.8000
2026-03-29,133.0000,14.5000
2026-03-30,133.0000,15.0000
2026-03-31,135.0000,14.7000
2026-04-01,2026.2480,136.0000
2026-04-02,2026.2510,150.0000
2026-04-03,2026.2530,122.0000
