Product: Daily Solar Data         2008_DSD.txt
:Issued: 1800 UT 07 Jan 2009
#
#  Prepared by the U.S. Dept. of Commerce, NOAA, Space Weather Prediction Center
#  Please send comments and suggestions to SWPC.Webmaster@noaa.gov
#
#                            2008 Daily Solar Data
#
#                         Sunspot       Stanford GOES10
#           Radio  SESC     Area          Solar  X-Ray  ------ Flares ------
#           Flux  Sunspot  10E-6   New     Mean  Bkgd    X-Ray      Optical
#  Date     10.7cm Number  Hemis. Regions Field  Flux   C  M  X  S  1  2  3
#--------------------------------------------------------------------------- 
2008 01 01   79     11       30      0    -999   A0.0   1  0  0  1  0  0  0
2008 01 02   80     13       30      0    -999   A0.0	1  0  0  0  0  0  0
2008 01 03   79     13       20      0    -999   A0.0	0  0  0  0  0  0  0
2008 01 04   79     26       30      1    -999   A0.0	0  0  0  0  0  0  0
2008 01 05   80     12       20      0    -999   A0.0	0  0  0  0  0  0  0
2008 01 06   79     12       20      0    -999   A0.0	0  0  0  0  0  0  0
2008 01 07   78     14       20      0    -999   A0.0	1  0  0  1  0  0  0
2008 01 08   76     16       20      0    -999   A0.0   0  0  0  0  0  0  0
2008 01 09   77      0        0      0    -999   A0.0	0  0  0  0  0  0  0
2008 01 10   76      0        0      0    -999   A0.0	0  0  0  0  0  0  0
2008 01 11   76      0        0      0    -999   A0.0	0  0  0  0  0  0  0
2008 01 12   76      0        0      0    -999   A0.0	0  0  0  0  0  0  0
2008 01 13   75      0        0      0    -999   A0.0	0  0  0  0  0  0  0
2008 01 14   75      0        0      0    -999   A0.0	0  0  0  0  0  0  0
2008 01 15   74      0        0      0    -999   A0.0	0  0  0  0  0  0  0
2008 01 16   73      0        0      0    -999   A0.0	0  0  0  0  0  0  0
2008 01 17   74      0        0      0    -999   A0.0	0  0  0  0  0  0  0
2008 01 18   71      0        0      0    -999   A0.0	0  0  0  0  0  0  0
2008 01 19   71      0        0      0    -999   A0.0	0  0  0  0  0  0  0
2008 01 20   70      0        0      0    -999   A0.0	0  0  0  0  0  0  0
2008 01 21   72      0        0      0    -999   A0.0	0  0  0  0  0  0  0
2008 01 22   70      0        0      0    -999   A0.0	0  0  0  0  0  0  0
2008 01 23   71      0        0      0    -999   A0.0	0  0  0  0  0  0  0
2008 01 24   71      0        0      0    -999   A0.0	0  0  0  0  0  0  0
2008 01 25   71      0        0      0    -999   A0.0	0  0  0  0  0  0  0
2008 01 26   73      0        0      0    -999   A0.0	0  0  0  0  0  0  0
2008 01 27   72      0        0      0    -999   A0.0	0  0  0  0  0  0  0
2008 01 28   71      0        0      0    -999   A0.0   0  0  0  0  0  0  0
2008 01 29   72     13       20      1    -999   A0.0	0  0  0  0  0  0  0
2008 01 30   73     14       60      0    -999   A0.0	0  0  0  0  0  0  0
2008 01 31   72     15       50      0    -999   A0.0	0  0  0  0  0  0  0
2008 02 01   71     19       30      0    -999   A0.0	0  0  0  0  0  0  0
2008 02 02   71     16       20      0    -999   A0.0	0  0  0  0  0  0  0
2008 02 03   71     14       10      0    -999   A0.0	0  0  0  0  0  0  0
2008 02 04   71     14       10      0    -999   A0.0	0  0  0  0  0  0  0
2008 02 05   71      0        0      0    -999   A0.0	0  0  0  0  0  0  0
2008 02 06   72      0        0      0    -999   A0.0	0  0  0  0  0  0  0
2008 02 07   71      0        0      0    -999   A0.0	0  0  0  0  0  0  0
2008 02 08   71      0        0      0    -999   A0.0	0  0  0  0  0  0  0
2008 02 09   72      0        0      0    -999   A0.0	0  0  0  0  0  0  0
2008 02 10   73      0        0      0    -999   A0.0	0  0  0  0  0  0  0
2008 02 11   72      0        0      0    -999   A0.0   0  0  0  0  0  0  0
2008 02 12   72      0        0      0    -999   A0.0   0  0  0  0  0  0  0
2008 02 13   71      0        0      0    -999   A0.0   0  0  0  0  0  0  0
2008 02 14   71      0        0      0    -999   A0.0   0  0  0  0  0  0  0
2008 02 15   70      0        0      0    -999   A0.0   0  0  0  0  0  0  0
2008 02 16   70      0        0      0    -999   A0.0   0  0  0  0  0  0  0
2008 02 17   71      0        0      0    -999   A0.0   0  0  0  0  0  0  0
2008 02 18   71      0        0      0    -999   A0.0   0  0  0  0  0  0  0
2008 02 19   72      0        0      0    -999   A0.0   0  0  0  0  0  0  0
2008 02 20   71      0        0      0    -999   A0.0   0  0  0  0  0  0  0
2008 02 21   72      0        0      0    -999   A0.0   0  0  0  0  0  0  0
2008 02 22   72      0        0      0    -999   A0.0   0  0  0  0  0  0  0
2008 02 23   72      0        0      0    -999   A0.0   0  0  0  0  0  0  0
2008 02 24   71      0        0      0    -999   A0.0   0  0  0  0  0  0  0
2008 02 25   71     12       20      1    -999   A0.0   0  0  0  0  0  0  0
2008 02 26   71     13       30      0    -999   A0.0   0  0  0  0  0  0  0
2008 02 27   71     12       30      0    -999   A0.0   0  0  0  0  0  0  0
2008 02 28   70     12       30      0    -999   A0.0   0  0  0  0  0  0  0
2008 02 29   70      0        0      0    -999   A0.0   0  0  0  0  0  0  0
2008 03 01   69      0        0      0    -999   A0.0   0  0  0  0  0  0  0
2008 03 02   69      0        0      0    -999   A0.0   0  0  0  0  0  0  0
2008 03 03   68      0        0      0    -999   A0.0   0  0  0  0  0  0  0
2008 03 04   68      0        0      0    -999   A0.0   0  0  0  0  0  0  0
2008 03 05   69     13       20      1    -999   A0.0   0  0  0  0  0  0  0
2008 03 06   70     12       30      0    -999   A0.0   0  0  0  0  0  0  0
2008 03 07   71      0        0      0    -999   A0.0   0  0  0  0  0  0  0
2008 03 08   70      0        0      0    -999   A0.0   0  0  0  0  0  0  0
2008 03 09   70      0        0      0    -999   A0.0   0  0  0  0  0  0  0
2008 03 10   70     12       90      1    -999   A0.0   0  0  0  0  0  0  0
2008 03 11   70      0        0      0    -999   A0.0   0  0  0  3  0  0  0
2008 03 12   69      0        0      0    -999   A0.0   0  0  0  0  0  0  0
2008 03 13   70      0        0      0    -999   A0.0   0  0  0  0  0  0  0
2008 03 14   70      0        0      0    -999   A0.0   0  0  0  0  0  0  0
2008 03 15   70     12       20      1    -999   A0.0   0  0  0  0  0  0  0
2008 03 16   70     12       20      0    -999   A0.0   0  0  0  0  0  0  0
2008 03 17   70     11       10      0    -999   A0.0   0  0  0  0  0  0  0
2008 03 18   70      0        0      0    -999   A0.0   0  0  0  0  0  0  0
2008 03 19   69      0        0      0    -999   A0.0   0  0  0  0  0  0  0
2008 03 20   68      0        0      0    -999   A0.0   0  0  0  0  0  0  0
2008 03 21   68      0        0      0    -999   A0.0   0  0  0  0  0  0  0
2008 03 22   70      0        0      0    -999   A0.0   0  0  0  0  0  0  0
2008 03 23   72     14       40      1    -999   A0.0   0  0  0  1  0  0  0
2008 03 24   79     35      210      1    -999   A5.1   0  0  0  4  0  0  0
2008 03 25   89     52      380      1    -999   A8.1   0  1  0  0  1  0  0
2008 03 26   82     63      520      0    -999   A5.2   0  0  0  1  0  0  0
2008 03 27   85     57      510      0    -999   A4.2   0  0  0  1  0  0  0
2008 03 28   83     63      410      0    -999   A3.7   0  0  0  0  0  0  0
2008 03 29   83     50      390      0    -999   A4.1   0  0  0  0  0  0  0
2008 03 30   81     41      300      0    -999   A3.7   0  0  0  0  0  0  0
2008 03 31   79     45      250      0    -999   A3.3   0  0  0  1  0  0  0
2008 04 01   78     25      180      0    -999   A2.8   0  0  0  0  0  0  0
2008 04 02   76     24      220      0    -999   A2.6   0  0  0  0  0  0  0
2008 04 03   76     14       70      0    -999   A3.0   2  0  0  2  0  0  0
2008 04 04   73      0        0      0    -999   A1.4   0  0  0  1  0  0  0
2008 04 05   71      0        0      0    -999   A0.0   0  0  0  0  0  0  0
2008 04 06   69      0        0      0    -999   A0.0   0  0  0  0  0  0  0
2008 04 07   69      0        0      0    -999   A0.0   0  0  0  0  0  0  0
2008 04 08   70      0        0      0    -999   A0.0   0  0  0  0  0  0  0
2008 04 09   68      0        0      0    -999   A0.0   0  0  0  0  0  0  0
2008 04 10   68      0        0      0    -999   A0.0   0  0  0  0  0  0  0
2008 04 11   67      0        0      0    -999   A0.0   0  0  0  0  0  0  0
2008 04 12   68      0        0      0    -999   A0.0   0  0  0  0  0  0  0
2008 04 13   69      0        0      0    -999   A0.0   0  0  0  0  0  0  0
2008 04 14   69     11       10      1    -999   A0.0   0  0  0  0  0  0  0
2008 04 15   71     12       10      0    -999   A0.0   0  0  0  0  0  0  0
2008 04 16   70      0        0      0    -999   A0.0   0  0  0  0  0  0  0
2008 04 17   69      0        0      0    -999   A0.0   0  0  0  0  0  0  0
2008 04 18   70      0        0      0    -999   A0.0   0  0  0  0  0  0  0
2008 04 19   71     13       20      1    -999   A0.0   0  0  0  0  0  0  0
2008 04 20   71     12       20      0    -999   A0.0   0  0  0  0  0  0  0
2008 04 21   71      0        0      0    -999   A0.0   0  0  0  0  0  0  0
2008 04 22   71     13       40      1    -999   A0.0   0  0  0  0  0  0  0
2008 04 23   71     13       40      0    -999   A0.0   0  0  0  0  0  0  0
2008 04 24   70     11       10      0    -999   A0.0   0  0  0  0  0  0  0
2008 04 25   70      0        0      0    -999   A0.0   0  0  0  0  0  0  0
2008 04 26   69      0        0      0    -999   A0.0   0  0  0  1  0  0  0
2008 04 27   68      0        0      0    -999   A0.0   0  0  0  0  0  0  0
2008 04 28   69      0        0      0    -999   A0.0   0  0  0  0  0  0  0
2008 04 29   69      0        0      0    -999   A0.0   0  0  0  0  0  0  0
2008 04 30   67      0        0      0    -999   A0.0   0  0  0  0  0  0  0
2008 05 01   69      0        0      0    -999   A0.0   0  0  0  0  0  0  0
2008 05 02   68      0        0      0    -999   A0.0   0  0  0  0  0  0  0
2008 05 03   67      0        0      0    -999   A0.0   0  0  0  0  0  0  0
2008 05 04   68     13       10      1    -999   A0.0   0  0  0  0  0  0  0
2008 05 05   68     15       20      0    -999   A0.0   0  0  0  0  0  0  0
2008 05 06   67      0        0      0    -999   A0.0   0  0  0  0  0  0  0
2008 05 07   67      0        0      0    -999   A0.0   0  0  0  0  0  0  0
2008 05 08   66      0        0      0    -999   A0.0   0  0  0  0  0  0  0
2008 05 09   67      0        0      0    -999   A0.0   0  0  0  0  0  0  0
2008 05 10   67      0        0      0    -999   A0.0   0  0  0  0  0  0  0
2008 05 11   68      0        0      0    -999   A0.0   0  0  0  0  0  0  0
2008 05 12   68      0        0      0    -999   A0.0   0  0  0  0  0  0  0
2008 05 13   68      0        0      0    -999   A0.0   0  0  0  0  0  0  0
2008 05 14   69      0        0      0    -999   A0.0   0  0  0  0  0  0  0
2008 05 15   71      0        0      0    -999   A0.0   0  0  0  0  0  0  0
2008 05 16   72     34       45      3    -999   A0.0   0  0  0  0  0  0  0
2008 05 17   71     23       30      0    -999   A0.0   0  0  0  0  0  0  0
2008 05 18   72     30       80      0    -999   A0.0   0  0  0  0  0  0  0
2008 05 19   69     28       30      0    -999   A0.0   0  0  0  0  0  0  0
2008 05 20   69     23       20      0    -999   A0.0   0  0  0  0  0  0  0
2008 05 21   69      0        0      0    -999   A0.0   0  0  0  0  0  0  0
2008 05 22   69      0        0      0    -999   A0.0   0  0  0  0  0  0  0
2008 05 23   68      0        0      0    -999   A0.0   0  0  0  0  0  0  0
2008 05 24   69      0        0      0    -999   A0.0   0  0  0  0  0  0  0
2008 05 25   68      0        0      0    -999   A0.0   0  0  0  0  0  0  0
2008 05 26   68     12       10      1    -999   A0.0   0  0  0  0  0  0  0
2008 05 27   68      0        0      0    -999   A0.0   0  0  0  0  0  0  0
2008 05 28   68      0        0      0    -999   A0.0   0  0  0  0  0  0  0
2008 05 29   68      0        0      0    -999   A0.0   0  0  0  0  0  0  0
2008 05 30   67      0        0      0    -999   A0.0   0  0  0  0  0  0  0
2008 05 31   67      0        0      0    -999   A0.0   0  0  0  0  0  0  0
2008 06 01   67      0        0      0    -999   A0.0   0  0  0  0  0  0  0
2008 06 02   67      0        0      0    -999   A0.0   0  0  0  0  0  0  0
2008 06 03   66      0        0      0    -999   A0.0   0  0  0  0  0  0  0
2008 06 04   65      0        0      0    -999   A0.0   0  0  0  0  0  0  0
2008 06 05   66      0        0      0    -999   A0.0   0  0  0  0  0  0  0
2008 06 06   66      0        0      0    -999   A0.0   0  0  0  0  0  0  0
2008 06 07   66      0        0      0    -999   A0.0   0  0  0  0  0  0  0
2008 06 08   65      0        0      0    -999   A0.0   0  0  0  0  0  0  0
2008 06 09   66      0        0      0    -999   A0.0   0  0  0  0  0  0  0
2008 06 10   66     14       40      1    -999   A0.0   0  0  0  0  0  0  0
2008 06 11   66     11       20      0    -999   A0.0   0  0  0  0  0  0  0
2008 06 12   67     13       30      0    -999   A0.0   0  0  0  0  0  0  0
2008 06 13   67     13       20      0    -999   A0.0   0  0  0  0  0  0  0
2008 06 14   67      0        0      0    -999   A0.0   0  0  0  0  0  0  0
2008 06 15   67      0        0      0    -999   A0.0   0  0  0  0  0  0  0
2008 06 16   65     11       20      1    -999   A0.0   0  0  0  0  0  0  0
2008 06 17   66     11       20      0    -999   A0.0   0  0  0  0  0  0  0
2008 06 18   65     11       10      0    -999   A0.0   0  0  0  0  0  0  0
2008 06 19   65     11       10      0    -999   A0.0   0  0  0  0  0  0  0
2008 06 20   65     11       10      0    -999   A0.0   0  0  0  0  0  0  0
2008 06 21   65     11       10      0    -999   A0.0   0  0  0  0  0  0  0
2008 06 22   65     11       10      0    -999   A0.0   0  0  0  0  0  0  0
2008 06 23   65      0        0      0    -999   A0.0   0  0  0  0  0  0  0
2008 06 24   66      0        0      0    -999   A0.0   0  0  0  0  0  0  0
2008 06 25   66      0        0      0    -999   A0.0   0  0  0  0  0  0  0
2008 06 26   65      0        0      0    -999   A0.0   0  0  0  0  0  0  0
2008 06 27   66      0        0      0    -999   A0.0   0  0  0  0  0  0  0
2008 06 28   66      0        0      0    -999   A0.0   0  0  0  0  0  0  0
2008 06 29   67      0        0      0    -999   A0.0   0  0  0  0  0  0  0
2008 06 30   67      0        0      0    -999   A0.0   0  0  0  0  0  0  0
2008 07 01   66      0        0      0    -999   A0.0   0  0  0  0  0  0  0
2008 07 02   66      0        0      0    -999   A0.0   0  0  0  0  0  0  0
2008 07 03   66      0        0      0    -999   A0.0   0  0  0  0  0  0  0
2008 07 04   65      0        0      0    -999   A0.0   0  0  0  0  0  0  0
2008 07 05   66      0        0      0    -999   A0.0   0  0  0  0  0  0  0
2008 07 06   66      0        0      0    -999   A0.0   0  0  0  0  0  0  0
2008 07 07   66      0        0      0    -999   A0.0   0  0  0  0  0  0  0
2008 07 08   66      0        0      0    -999   A0.0   0  0  0  0  0  0  0
2008 07 09   66      0        0      0    -999   A0.0   0  0  0  0  0  0  0
2008 07 10   65      0        0      0    -999   A0.0   0  0  0  0  0  0  0
2008 07 11   66      0        0      0    -999   A0.0   0  0  0  0  0  0  0
2008 07 12   65      0        0      0    -999   A0.0   0  0  0  0  0  0  0
2008 07 13   65      0        0      0    -999   A0.0   0  0  0  0  0  0  0
2008 07 14   66      0        0      0    -999   A0.0   0  0  0  0  0  0  0
2008 07 15   66      0        0      0    -999   A0.0   0  0  0  0  0  0  0
2008 07 16   65      0        0      0    -999   A0.0   0  0  0  0  0  0  0
2008 07 17   65      0        0      0    -999   A0.0   0  0  0  0  0  0  0
2008 07 18   65     11       10      1    -999   A0.0   0  0  0  0  0  0  0
2008 07 19   66     12       20      0    -999   A0.0   0  0  0  0  0  0  0
2008 07 20   66     11       10      0    -999   A0.0   0  0  0  0  0  0  0
2008 07 21   66      0        0      0    -999   A0.0   0  0  0  0  0  0  0
2008 07 22   66      0        0      0    -999   A0.0   0  0  0  0  0  0  0
2008 07 23   66      0        0      0    -999   A0.0   0  0  0  0  0  0  0
2008 07 24   65      0        0      0    -999   A0.0   0  0  0  0  0  0  0
2008 07 25   66      0        0      0    -999   A0.0   0  0  0  0  0  0  0
2008 07 26   66      0        0      0    -999   A0.0   0  0  0  0  0  0  0
2008 07 27   66      0        0      0    -999   A0.0   0  0  0  0  0  0  0
2008 07 28   66      0        0      0    -999   A0.0   0  0  0  0  0  0  0
2008 07 29   67      0        0      0    -999   A0.0   0  0  0  0  0  0  0
2008 07 30   67      0        0      0    -999   A0.0   0  0  0  0  0  0  0
2008 07 31   66      0        0      0    -999   A0.0   0  0  0  0  0  0  0
2008 08 01   66      0        0      0    -999   A0.0   0  0  0  0  0  0  0
2008 08 02   66      0        0      0    -999   A0.0   0  0  0  0  0  0  0
2008 08 03   66      0        0      0    -999   A0.0   0  0  0  0  0  0  0
2008 08 04   66      0        0      0    -999   A0.0   0  0  0  0  0  0  0
2008 08 05   67      0        0      0    -999   A0.0   0  0  0  0  0  0  0
2008 08 06   67      0        0      0    -999   A0.0   0  0  0  0  0  0  0
2008 08 07   66      0        0      0    -999   A0.0   0  0  0  0  0  0  0
2008 08 08   66      0        0      0    -999   A0.0   0  0  0  0  0  0  0
2008 08 09   66      0        0      0    -999   A0.0   0  0  0  0  0  0  0
2008 08 10   66      0        0      0    -999   A0.0   0  0  0  0  0  0  0
2008 08 11   66      0        0      0    -999   A0.0   0  0  0  0  0  0  0
2008 08 12   65      0        0      0    -999   A0.0   0  0  0  0  0  0  0
2008 08 13   65      0        0      0    -999   A0.0   0  0  0  0  0  0  0
2008 08 14   66      0        0      0    -999   A0.0   0  0  0  0  0  0  0
2008 08 15   65      0        0      0    -999   A0.0   0  0  0  0  0  0  0
2008 08 16   66      0        0      0    -999   A0.0   0  0  0  0  0  0  0
2008 08 17   67      0        0      0    -999   A0.0   0  0  0  0  0  0  0
2008 08 18   66      0        0      0    -999   A0.0   0  0  0  0  0  0  0
2008 08 19   67      0        0      0    -999   A0.0   0  0  0  0  0  0  0
2008 08 20   66      0        0      0    -999   A0.0   0  0  0  0  0  0  0
2008 08 21   67      0        0      0    -999   A0.0   0  0  0  0  0  0  0
2008 08 22   68      0        0      0    -999   A0.0   0  0  0  0  0  0  0
2008 08 23   68      0        0      0    -999   A0.0   0  0  0  0  0  0  0
2008 08 24   67      0        0      0    -999   A0.0   0  0  0  0  0  0  0
2008 08 25   67      0        0      0    -999   A0.0   0  0  0  0  0  0  0
2008 08 26   67      0        0      0    -999   A0.0   0  0  0  0  0  0  0
2008 08 27   67      0        0      0    -999   A0.0   0  0  0  0  0  0  0
2008 08 28   66      0        0      0    -999   A0.0   0  0  0  0  0  0  0
2008 08 29   67      0        0      0    -999   A0.0   0  0  0  0  0  0  0
2008 08 30   67      0        0      0    -999   A0.0   0  0  0  0  0  0  0
2008 08 31   67      0        0      0    -999   A0.0   0  0  0  0  0  0  0
2008 09 01   66      0        0      0    -999   A0.0   0  0  0  0  0  0  0
2008 09 02   66      0        0      0    -999   A0.0   0  0  0  0  0  0  0
2008 09 03   66      0        0      0    -999   A0.0   0  0  0  0  0  0  0
2008 09 04   66      0        0      0    -999   A0.0   0  0  0  0  0  0  0
2008 09 05   65      0        0      0    -999   A0.0   0  0  0  0  0  0  0
2008 09 06   66      0        0      0    -999   A0.0   0  0  0  0  0  0  0
2008 09 07   67      0        0      0    -999   A0.0   0  0  0  0  0  0  0
2008 09 08   67      0        0      0    -999   A0.0   0  0  0  0  0  0  0
2008 09 09   67      0        0      0    -999   A0.0   0  0  0  0  0  0  0
2008 09 10   67      0        0      0    -999   A0.0   0  0  0  0  0  0  0
2008 09 11   67     12       20      1    -999   A0.0   0  0  0  0  0  0  0
2008 09 12   66      0        0      0    -999   A0.0   0  0  0  0  0  0  0
2008 09 13   66      0        0      0    -999   A0.0   0  0  0  0  0  0  0
2008 09 14   67      0        0      0    -999   A0.0   0  0  0  0  0  0  0
2008 09 15   68      0        0      0    -999   A0.0   0  0  0  0  0  0  0
2008 09 16   69      0        0      0    -999   A0.0   0  0  0  0  0  0  0
2008 09 17   67      0        0      0    -999   A0.0   0  0  0  0  0  0  0
2008 09 18   67      0        0      0    -999   A0.0   0  0  0  0  0  0  0
2008 09 19   68      0        0      0    -999   A0.0   0  0  0  0  0  0  0
2008 09 20   68      0        0      0    -999   A0.0   0  0  0  0  0  0  0
2008 09 21   68      0        0      0    -999   A0.0   0  0  0  0  0  0  0
2008 09 22   69     18       30      1    -999   A0.0   0  0  0  0  0  0  0
2008 09 23   69     16       20      0    -999   A0.0   0  0  0  0  0  0  0
2008 09 24   68      0        0      0    -999   A0.0   0  0  0  0  0  0  0
2008 09 25   68      0        0      0    -999   A0.0   0  0  0  0  0  0  0
2008 09 26   68      0        0      0    -999   A0.0   0  0  0  0  0  0  0
2008 09 27   67      0        0      0    -999   A0.0   0  0  0  0  0  0  0
2008 09 28   67      0        0      0    -999   A0.0   0  0  0  0  0  0  0
2008 09 29   67      0        0      0    -999   A0.0   0  0  0  0  0  0  0
2008 09 30   66      0        0      0    -999   A0.0   0  0  0  0  0  0  0
2008 10 01   66      0        0      0    -999   A0.0   0  0  0  0  0  0  0
2008 10 02   66      0        0      0    -999   A0.0   0  0  0  0  0  0  0
2008 10 03   67      0        0      0    -999   A0.0   0  0  0  0  0  0  0
2008 10 04   67     12       10      1    -999   A0.0   0  0  0  0  0  0  0
2008 10 05   67      0        0      0    -999   A0.0   0  0  0  0  0  0  0
2008 10 06   67      0        0      0    -999   A0.0   0  0  0  0  0  0  0
2008 10 07   67      0        0      0    -999   A0.0   0  0  0  0  0  0  0
2008 10 08   68      0        0      0    -999   A0.0   0  0  0  0  0  0  0
2008 10 09   69      0        0      0    -999   A0.0   0  0  0  0  0  0  0
2008 10 10   69     12       10      1    -999   A0.0   0  0  0  0  0  0  0
2008 10 11   71     16       40      1    -999   A0.0   0  0  0  0  0  0  0
2008 10 12   70     16       70      0    -999   A0.0   0  0  0  0  0  0  0
2008 10 13   71     15       40      0    -999   A0.0   0  0  0  0  0  0  0
2008 10 14   70     14       20      0    -999   A0.0   0  0  0  0  0  0  0
2008 10 15   71     13       30      0    -999   A0.0   0  0  0  0  0  0  0
2008 10 16   72     24       50      1    -999   A0.0   0  0  0  0  0  0  0
2008 10 17   70     11       30      0    -999   A0.0   0  0  0  0  0  0  0
2008 10 18   69      0        0      0    -999   A0.0   0  0  0  0  0  0  0
2008 10 19   70      0        0      0    -999   A0.0   0  0  0  0  0  0  0
2008 10 20   69      0        0      0    -999   A0.0   0  0  0  0  0  0  0
2008 10 21   69      0        0      0    -999   A0.0   0  0  0  0  0  0  0
2008 10 22   68      0        0      0    -999   A0.0   0  0  0  0  0  0  0
2008 10 23   67      0        0      0    -999   A0.0   0  0  0  0  0  0  0
2008 10 24   68      0        0      0    -999   A0.0   0  0  0  0  0  0  0
2008 10 25   68      0        0      0    -999   A0.0   0  0  0  0  0  0  0
2008 10 26   67      0        0      0    -999   A0.0   0  0  0  0  0  0  0
2008 10 27   67      0        0      0    -999   A0.0   0  0  0  0  0  0  0
2008 10 28   67      0        0      0    -999   A0.0   0  0  0  0  0  0  0
2008 10 29   67      0        0      0    -999   A0.0   0  0  0  0  0  0  0
2008 10 30   67     13       20      1    -999   A0.0   0  0  0  0  0  0  0
2008 10 31   68     16       30      0    -999   A0.0   0  0  0  0  0  0  0
2008 11 01   67     16       20      0    -999   A0.0   0  0  0  0  0  0  0
2008 11 02   69     17       60      0    -999   A0.0   0  0  0  2  0  0  0
2008 11 03   70     18       80      0    -999   A0.0   1  0  0  1  0  0  0
2008 11 04   68     14       60      0    -999   A0.0   1  0  0  1  0  0  0
2008 11 05   68     11       30      0    -999   A0.0   0  0  0  0  0  0  0
2008 11 06   69     11       30      0    -999   A0.0   0  0  0  0  0  0  0
2008 11 07   68      0        0      0    -999   A0.0   0  0  0  0  0  0  0
2008 11 08   68      0        0      0    -999   A0.0   0  0  0  0  0  0  0
2008 11 09   68      0        0      0    -999   A0.0   0  0  0  0  0  0  0
2008 11 10   69     16       40      1    -999   A0.0   0  0  0  0  0  0  0
2008 11 11   71     18       80      0    -999   A0.0   0  0  0  0  0  0  0
2008 11 12   71     21       80      0    -999   A0.0   0  0  0  0  0  0  0
2008 11 13   69     16       70      0    -999   A0.0   0  0  0  0  0  0  0
2008 11 14   68     12       30      0    -999   A0.0   0  0  0  0  0  0  0
2008 11 15   68     11       50      0    -999   A0.0   0  0  0  0  0  0  0
2008 11 16   68     11       40      0    -999   A0.0   0  0  0  0  0  0  0
2008 11 17   68     11       10      0    -999   A0.0   0  0  0  0  0  0  0
2008 11 18   70      0        0      0    -999   A0.0   0  0  0  0  0  0  0
2008 11 19   69      0        0      0    -999   A0.0   0  0  0  0  0  0  0
2008 11 20   70      0        0      0    -999   A0.0   0  0  0  0  0  0  0
2008 11 21   69      0        0      0    -999   A0.0   0  0  0  0  0  0  0
2008 11 22   69      0        0      0    -999   A0.0   0  0  0  0  0  0  0
2008 11 23   69      0        0      0    -999   A0.0   0  0  0  0  0  0  0
2008 11 24   68      0        0      0    -999   A0.0   0  0  0  0  0  0  0
2008 11 25   68      0        0      0    -999   A0.0   0  0  0  0  0  0  0
2008 11 26   68      0        0      0    -999   A0.0   0  0  0  0  0  0  0
2008 11 27   68      0        0      0    -999   A0.0   0  0  0  0  0  0  0
2008 11 28   67      0        0      0    -999   A0.0   0  0  0  0  0  0  0
2008 11 29   68      0        0      0    -999   A0.0   0  0  0  0  0  0  0
2008 11 30   68      0        0      0    -999   A0.0   0  0  0  0  0  0  0
2008 12 01   68      0        0      0    -999   A0.0   0  0  0  0  0  0  0
2008 12 02   69      0        0      0    -999   A0.0   0  0  0  0  0  0  0
2008 12 03   69      0        0      0    -999   A0.0   0  0  0  0  0  0  0
2008 12 04   70      0        0      0    -999   A0.0   0  0  0  0  0  0  0
2008 12 05   69      0        0      0    -999   A0.0   0  0  0  0  0  0  0
2008 12 06   69      0        0      0    -999   A0.0   0  0  0  0  0  0  0
2008 12 07   69      0        0      0    -999   A0.0   0  0  0  0  0  0  0
2008 12 08   69      0        0      0    -999   A0.0   0  0  0  0  0  0  0
2008 12 09   69      0        0      0    -999   A0.0   0  0  0  0  0  0  0
2008 12 10   71     13       50      1    -999   A0.0   0  0  0  0  0  0  0
2008 12 11   70     12       20      0    -999   A0.0   1  0  0  0  0  0  0
2008 12 12   71     14       20      0    -999   A0.0   0  0  0  0  0  0  0
2008 12 13   70      0        0      0    -999   A0.0   0  0  0  0  0  0  0
2008 12 14   69      0        0      0    -999   A0.0   0  0  0  0  0  0  0
2008 12 15   69      0        0      0    -999   A0.0   0  0  0  0  0  0  0
2008 12 16   69      0        0      0    -999   A0.0   0  0  0  0  0  0  0
2008 12 17   69      0        0      0    -999   A0.0   0  0  0  0  0  0  0
2008 12 18   68      0        0      0    -999   A0.0   0  0  0  0  0  0  0
2008 12 19   69      0        0      0    -999   A0.0   0  0  0  0  0  0  0
2008 12 20   69      0        0      0    -999   A0.0   0  0  0  0  0  0  0
2008 12 21   68      0        0      0    -999   A0.0   0  0  0  0  0  0  0
2008 12 22   68      0        0      0    -999   A0.0   0  0  0  0  0  0  0
2008 12 23   69      0        0      0    -999   A0.0   0  0  0  0  0  0  0
2008 12 24   69      0        0      0    -999   A0.0   0  0  0  0  0  0  0
2008 12 25   69      0        0      0    -999   A0.0   0  0  0  0  0  0  0
2008 12 26   69      0        0      0    -999   A0.0   0  0  0  0  0  0  0
2008 12 27   69      0        0      0    -999   A0.0   0  0  0  0  0  0  0
2008 12 28   70      0        0      0    -999   A0.0   0  0  0  0  0  0  0
2008 12 29   70      0        0      0    -999   A0.0   0  0  0  0  0  0  0
2008 12 30   69      0        0      0    -999   A0.0   0  0  0  0  0  0  0
2008 12 31   69      0        0      0    -999   A0.0   0  0  0  0  0  0  0

:Product: Daily Solar Data         2009_DSD.txt
:Issued: 2100 UT 07 Jan 2010
#
#  Prepared by the U.S. Dept. of Commerce, NOAA, Space Weather Prediction Center
#  Please send comments and suggestions to SWPC.Webmaster@noaa.gov
#
#                         2009 Daily Solar Data
#
#                         Sunspot       Stanford GOES14
#           Radio  SESC     Area          Solar  X-Ray  ------ Flares ------
#           Flux  Sunspot  10E-6   New     Mean  Bkgd    X-Ray      Optical
#  Date     10.7cm Number  Hemis. Regions Field  Flux   C  M  X  S  1  2  3
#--------------------------------------------------------------------------- 
2009 01 01   69      0        0      0    -999   A0.0   0  0  0  0  0  0  0
2009 01 02   70      0        0      0    -999   A0.0   0  0  0  0  0  0  0
2009 01 03   70      0        0      0    -999   A0.0   0  0  0  0  0  0  0
2009 01 04   69      0        0      0    -999   A0.0   0  0  0  0  0  0  0
2009 01 05   69      0        0      0    -999   A0.0   0  0  0  0  0  0  0
2009 01 06   69      0        0      0    -999   A0.0   0  0  0  0  0  0  0
2009 01 07   69      0        0      0    -999   A0.0   0  0  0  0  0  0  0
2009 01 08   69      0        0      0    -999   A0.0   0  0  0  0  0  0  0
2009 01 09   70     14       20      1    -999   A0.0   0  0  0  0  0  0  0
2009 01 10   71     17       30      0    -999   A0.0   0  0  0  0  0  0  0
2009 01 11   70     20       50      0    -999   A0.0   0  0  0  0  0  0  0
2009 01 12   69     12       10      0    -999   A0.0   0  0  0  0  0  0  0
2009 01 13   71     11       10      0    -999   A0.0   0  0  0  0  0  0  0
2009 01 14   71      0        0      0    -999   A0.0   0  0  0  0  0  0  0
2009 01 15   71      0        0      0    -999   A0.0   0  0  0  0  0  0  0
2009 01 16   71      0        0      0    -999   A0.0   0  0  0  0  0  0  0
2009 01 17   72      0        0      0    -999   A0.0   0  0  0  0  0  0  0
2009 01 18   71      0        0      0    -999   A0.0   0  0  0  0  0  0  0
2009 01 19   71     13       10      1    -999   A0.0   0  0  0  0  0  0  0
2009 01 20   70      0        0      0    -999   A0.0   0  0  0  0  0  0  0
2009 01 21   69      0        0      0    -999   A0.0   0  0  0  0  0  0  0
2009 01 22   69      0        0      0    -999   A0.0   0  0  0  0  0  0  0
2009 01 23   70      0        0      0    -999   A0.0   0  0  0  0  0  0  0
2009 01 24   69      0        0      0    -999   A0.0   0  0  0  0  0  0  0
2009 01 25   70      0        0      0    -999   A0.0   0  0  0  0  0  0  0
2009 01 26   70      0        0      0    -999   A0.0   0  0  0  0  0  0  0
2009 01 27   70      0        0      0    -999   A0.0   0  0  0  0  0  0  0
2009 01 28   70      0        0      0    -999   A0.0   0  0  0  0  0  0  0
2009 01 29   69      0        0      0    -999   A0.0   0  0  0  0  0  0  0
2009 01 30   69      0        0      0    -999   A0.0   0  0  0  0  0  0  0
2009 01 31   69      0        0      0    -999   A0.0   0  0  0  0  0  0  0
2009 02 01   70      0        0      0    -999   A0.0   0  0  0  0  0  0  0
2009 02 02   69      0        0      0    -999   A0.0   0  0  0  0  0  0  0
2009 02 03   69      0        0      0    -999   A0.0   0  0  0  0  0  0  0
2009 02 04   70      0        0      0    -999   A0.0   0  0  0  0  0  0  0
2009 02 05   70      0        0      0    -999   A0.0   0  0  0  0  0  0  0
2009 02 06   70      0        0      0    -999   A0.0   0  0  0  0  0  0  0
2009 02 07   71      0        0      0    -999   A0.0   0  0  0  0  0  0  0
2009 02 08   71      0        0      0    -999   A0.0   0  0  0  0  0  0  0
2009 02 09   71      0        0      0    -999   A0.0   0  0  0  0  0  0  0
2009 02 10   68      0        0      0    -999   A0.0   0  0  0  0  0  0  0
2009 02 11   70     11       10      1    -999   A0.0   0  0  0  0  0  0  0
2009 02 12   70     11       10      0    -999   A0.0   0  0  0  0  0  0  0
2009 02 13   70     11       10      0    -999   A0.0   0  0  0  0  0  0  0
2009 02 14   70      0        0      0    -999   A0.0   0  0  0  0  0  0  0
2009 02 15   70      0        0      0    -999   A0.0   0  0  0  0  0  0  0
2009 02 16   70      0        0      0    -999   A0.0   0  0  0  0  0  0  0
2009 02 17   71      0        0      0    -999   A0.0   0  0  0  0  0  0  0
2009 02 18   70      0        0      0    -999   A0.0   0  0  0  0  0  0  0
2009 02 19   69      0        0      0    -999   A0.0   0  0  0  0  0  0  0
2009 02 20   69      0        0      0    -999   A0.0   0  0  0  0  0  0  0
2009 02 21   71      0        0      0    -999   A0.0   0  0  0  0  0  0  0
2009 02 22   70      0        0      0    -999   A0.0   0  0  0  0  0  0  0
2009 02 23   71      0        0      0    -999   A0.0   0  0  0  0  0  0  0
2009 02 24   71     12       20      1    -999   A0.0   0  0  0  0  0  0  0
2009 02 25   71     14       10      0    -999   A0.0   0  0  0  0  0  0  0
2009 02 26   70     12       10      0    -999   A0.0   0  0  0  0  0  0  0
2009 02 27   69      0        0      0    -999   A0.0   0  0  0  0  0  0  0
2009 02 28   71      0        0      0    -999   A0.0   0  0  0  0  0  0  0
2009 03 01   69      0        0      0    -999   A0.0   0  0  0  0  0  0  0
2009 03 02   69      0        0      0    -999   A0.0   0  0  0  0  0  0  0
2009 03 03   69      0        0      0    -999   A0.0   0  0  0  0  0  0  0
2009 03 04   70      0        0      0    -999   A0.0   0  0  0  0  0  0  0
2009 03 05   69      0        0      0    -999   A0.0   0  0  0  0  0  0  0
2009 03 06   69     12       20      1    -999   A0.0   0  0  0  0  0  0  0
2009 03 07   69     12       20      0    -999   A0.0   0  0  0  0  0  0  0
2009 03 08   69      0        0      0    -999   A0.0   0  0  0  0  0  0  0
2009 03 09   68      0        0      0    -999   A0.0   0  0  0  0  0  0  0
2009 03 10   69      0        0      0    -999   A0.0   0  0  0  0  0  0  0
2009 03 11   69      0        0      0    -999   A0.0   0  0  0  0  0  0  0
2009 03 12   69      0        0      0    -999   A0.0   0  0  0  0  0  0  0
2009 03 13   68      0        0      0    -999   A0.0   0  0  0  0  0  0  0
2009 03 14   69      0        0      0    -999   A0.0   0  0  0  0  0  0  0
2009 03 15   68      0        0      0    -999   A0.0   0  0  0  0  0  0  0
2009 03 16   69      0        0      0    -999   A0.0   0  0  0  0  0  0  0
2009 03 17   69      0        0      0    -999   A0.0   0  0  0  0  0  0  0
2009 03 18   68      0        0      0    -999   A0.0   0  0  0  0  0  0  0
2009 03 19   69      0        0      0    -999   A0.0   0  0  0  0  0  0  0
2009 03 20   69      0        0      0    -999   A0.0   0  0  0  0  0  0  0
2009 03 21   70      0        0      0    -999   A0.0   0  0  0  0  0  0  0
2009 03 22   69      0        0      0    -999   A0.0   0  0  0  0  0  0  0
2009 03 23   68      0        0      0    -999   A0.0   0  0  0  0  0  0  0
2009 03 24   69      0        0      0    -999   A0.0   0  0  0  0  0  0  0
2009 03 25   69      0        0      0    -999   A0.0   0  0  0  0  0  0  0
2009 03 26   69      0        0      0    -999   A0.0   0  0  0  0  0  0  0
2009 03 27   72      0        0      0    -999   A0.0   0  0  0  0  0  0  0
2009 03 28   71      0        0      0    -999   A0.0   0  0  0  0  0  0  0
2009 03 29   71      0        0      0    -999   A0.0   0  0  0  0  0  0  0
2009 03 30   71      0        0      0    -999   A0.0   0  0  0  0  0  0  0
2009 03 31   71      0        0      0    -999   A0.0   0  0  0  0  0  0  0
2009 04 01   71      0        0      0    -999   A0.0   0  0  0  0  0  0  0
2009 04 02   71      0        0      0    -999   A0.0   0  0  0  0  0  0  0
2009 04 03   70      0        0      0    -999   A0.0   0  0  0  0  0  0  0
2009 04 04   70      0        0      0    -999   A0.0   0  0  0  0  0  0  0
2009 04 05   70      0        0      0    -999   A0.0   0  0  0  0  0  0  0
2009 04 06   69      0        0      0    -999   A0.0   0  0  0  0  0  0  0
2009 04 07   70      0        0      0    -999   A0.0   0  0  0  0  0  0  0
2009 04 08   70      0        0      0    -999   A0.0   0  0  0  0  0  0  0
2009 04 09   70      0        0      0    -999   A0.0   0  0  0  0  0  0  0
2009 04 10   69      0        0      0    -999   A0.0   0  0  0  0  0  0  0
2009 04 11   69      0        0      0    -999   A0.0   0  0  0  0  0  0  0
2009 04 12   69      0        0      0    -999   A0.0   0  0  0  0  0  0  0
2009 04 13   68      0        0      0    -999   A0.0   0  0  0  0  0  0  0
2009 04 14   69      0        0      0    -999   A0.0   0  0  0  0  0  0  0
2009 04 15   69      0        0      0    -999   A0.0   0  0  0  0  0  0  0
2009 04 16   70      0        0      0    -999   A0.0   0  0  0  0  0  0  0
2009 04 17   70      0        0      0    -999   A0.0   0  0  0  0  0  0  0
2009 04 18   70      0        0      0    -999   A0.0   0  0  0  0  0  0  0
2009 04 19   70      0        0      0    -999   A0.0   0  0  0  0  0  0  0
2009 04 20   70      0        0      0    -999   A0.0   0  0  0  0  0  0  0
2009 04 21   71     11       10      1    -999   A0.0   0  0  0  0  0  0  0
2009 04 22   71      0        0      0    -999   A0.0   0  0  0  0  0  0  0
2009 04 23   71      0        0      0    -999   A0.0   0  0  0  0  0  0  0
2009 04 24   70      0        0      0    -999   A0.0   0  0  0  0  0  0  0
2009 04 25   69      0        0      0    -999   A0.0   0  0  0  0  0  0  0
2009 04 26   69      0        0      0    -999   A0.0   0  0  0  0  0  0  0
2009 04 27   68      0        0      0    -999   A0.0   0  0  0  0  0  0  0
2009 04 28   69      0        0      0    -999   A0.0   0  0  0  0  0  0  0
2009 04 29   70     15       20      1    -999   A0.0   0  0  0  0  0  0  0
2009 04 30   69     12       10      0    -999   A0.0   0  0  0  0  0  0  0
2009 05 01   69      0        0      0    -999   A0.0   0  0  0  0  0  0  0
2009 05 02   68      0        0      0    -999   A0.0   0  0  0  0  0  0  0
2009 05 03   69      0        0      0    -999   A0.0   0  0  0  0  0  0  0
2009 05 04   68      0        0      0    -999   A0.0   0  0  0  0  0  0  0
2009 05 05   68      0        0      0    -999   A0.0   0  0  0  0  0  0  0
2009 05 06   69      0        0      0    -999   A0.0   0  0  0  0  0  0  0
2009 05 07   70      0        0      0    -999   A0.0   0  0  0  0  0  0  0
2009 05 08   71      0        0      0    -999   A0.0   0  0  0  0  0  0  0
2009 05 09   72      0        0      0    -999   A0.0   0  0  0  0  0  0  0
2009 05 10   72      0        0      0    -999   A0.0   0  0  0  0  0  0  0
2009 05 11   72      0        0      0    -999   A0.0   0  0  0  0  0  0  0
2009 05 12   74      0        0      0    -999   A0.0   0  0  0  0  0  0  0
2009 05 13   74     12       10      1    -999   A0.0   0  0  0  0  0  0  0
2009 05 14   74     18       20      0    -999   A0.0   0  0  0  0  0  0  0
2009 05 15   74     12       10      0    -999   A0.0   0  0  0  0  0  0  0
2009 05 16   74     15       20      0    -999   A0.0   0  0  0  0  0  0  0
2009 05 17   74     13       10      0    -999   A0.0   0  0  0  0  0  0  0
2009 05 18   73     14       30      0    -999   A0.0   0  0  0  0  0  0  0
2009 05 19   72     11       10      0    -999   A0.0   0  0  0  0  0  0  0
2009 05 20   72      0        0      0    -999   A0.0   0  0  0  0  0  0  0
2009 05 21   72      0        0      0    -999   A0.0   0  0  0  0  0  0  0
2009 05 22   72      0        0      0    -999   A0.0   0  0  0  0  0  0  0
2009 05 23   70     13       30      1    -999   A0.0   0  0  0  0  0  0  0
2009 05 24   69      0        0      0    -999   A0.0   0  0  0  0  0  0  0
2009 05 25   69      0        0      0    -999   A0.0   0  0  0  0  0  0  0
2009 05 26   68      0        0      0    -999   A0.0   0  0  0  0  0  0  0
2009 05 27   67      0        0      0    -999   A0.0   0  0  0  0  0  0  0
2009 05 28   68      0        0      0    -999   A0.0   0  0  0  0  0  0  0
2009 05 29   68      0        0      0    -999   A0.0   0  0  0  0  0  0  0
2009 05 30   69      0        0      0    -999   A0.0   0  0  0  0  0  0  0
2009 05 31   69     15       30      1    -999   A0.0   0  0  0  0  0  0  0
2009 06 01   73     23       80      0    -999   A1.3   0  0  0  0  0  0  0
2009 06 02   72     19       60      0    -999   A0.0   0  0  0  0  0  0  0
2009 06 03   73     17       10      0    -999   A0.0   0  0  0  0  0  0  0
2009 06 04   71     17       20      0    -999   A0.0   0  0  0  0  0  0  0
2009 06 05   70     13       10      0    -999   A0.0   0  0  0  0  0  0  0
2009 06 06   69      0        0      0    -999   A0.0   0  0  0  0  0  0  0
2009 06 07   69      0        0      0    -999   A0.0   0  0  0  0  0  0  0
2009 06 08   69     12       20      1    -999   A0.0   0  0  0  0  0  0  0
2009 06 09   69     12       20      0    -999   A0.0   0  0  0  0  0  0  0
2009 06 10   69      0        0      0    -999   A0.0   0  0  0  0  0  0  0
2009 06 11   69      0        0      0    -999   A0.0   0  0  0  0  0  0  0
2009 06 12   69     12       10      0    -999   A0.0   0  0  0  0  0  0  0
2009 06 13   68      0        0      0    -999   A0.0   0  0  0  0  0  0  0
2009 06 14   68      0        0      0    -999   A0.0   0  0  0  0  0  0  0
2009 06 15   67      0        0      0    -999   A0.0   0  0  0  0  0  0  0
2009 06 16   68      0        0      0    -999   A0.0   0  0  0  0  0  0  0
2009 06 17   68     11       10      1    -999   A0.0   0  0  0  0  0  0  0
2009 06 18   68      0        0      0    -999   A0.0   0  0  0  0  0  0  0
2009 06 19   67      0        0      0    -999   A0.0   0  0  0  0  0  0  0
2009 06 20   67      0        0      0    -999   A0.0   0  0  0  0  0  0  0
2009 06 21   67     12       20      1    -999   A0.0   0  0  0  0  0  0  0
2009 06 22   68     24       50      1    -999   A0.0   0  0  0  0  0  0  0
2009 06 23   68     12       30      0    -999   A0.0   0  0  0  0  0  0  0
2009 06 24   67     14       40      0    -999   A0.0   0  0  0  0  0  0  0
2009 06 25   68      0        0      0    -999   A0.0   0  0  0  0  0  0  0
2009 06 26   67      0        0      0    -999   A0.0   0  0  0  0  0  0  0
2009 06 27   67      0        0      0    -999   A0.0   0  0  0  0  0  0  0
2009 06 28   67      0        0      0    -999   A0.0   0  0  0  0  0  0  0
2009 06 29   69      0        0      0    -999   A0.0   0  0  0  0  0  0  0
2009 06 30   68      0        0      0    -999   A0.0   0  0  0  0  0  0  0
2009 07 01   68      0        0      0    -999   A0.0   0  0  0  0  0  0  0
2009 07 02   67      0        0      0    -999   A0.0   0  0  0  0  0  0  0
2009 07 03   67     17       60      1    -999   A0.0   0  0  0  0  0  0  0
2009 07 04   71     24      100      0    -999   A1.5   0  0  0  3  0  0  0
2009 07 05   72     26      170      0    -999   A2.2   1  0  0  1  0  0  0
2009 07 06   70     23      160      0    -999   A0.0   1  0  0  1  0  0  0
2009 07 07   71     21      180      0    -999   A0.0   0  0  0  1  0  0  0
2009 07 08   71     18      190      0    -999   A1.0   0  0  0  0  0  0  0
2009 07 09   69     15      230      0    -999   A0.0   0  0  0  0  0  0  0
2009 07 10   68     13       60      0    -999   A0.0   0  0  0  0  0  0  0
2009 07 11   68      0        0      0    -999   A0.0   0  0  0  0  0  0  0
2009 07 12   68      0        0      0    -999   A0.0   0  0  0  0  0  0  0
2009 07 13   67      0        0      0    -999   A0.0   0  0  0  0  0  0  0
2009 07 14   67      0        0      0    -999   A0.0   0  0  0  0  0  0  0
2009 07 15   67      0        0      0    -999   A0.0   0  0  0  0  0  0  0
2009 07 16   67      0        0      0    -999   A0.0   0  0  0  0  0  0  0
2009 07 17   66      0        0      0    -999   A0.0   0  0  0  0  0  0  0
2009 07 18   67      0        0      0    -999   A0.0   0  0  0  0  0  0  0
2009 07 19   68      0        0      0    -999   A0.0   0  0  0  0  0  0  0
2009 07 20   68      0        0      0    -999   A0.0   0  0  0  0  0  0  0
2009 07 21   68      0        0      0    -999   A0.0   0  0  0  0  0  0  0
2009 07 22   68      0        0      0    -999   A0.0   0  0  0  0  0  0  0
2009 07 23   68      0        0      0    -999   A0.0   0  0  0  0  0  0  0
2009 07 24   68      0        0      0    -999   A0.0   0  0  0  0  0  0  0
2009 07 25   69      0        0      0    -999   A0.0   0  0  0  0  0  0  0
2009 07 26   68      0        0      0    -999   A0.0   0  0  0  0  0  0  0
2009 07 27   68      0        0      0    -999   A0.0   0  0  0  0  0  0  0
2009 07 28   69      0        0      0    -999   A0.0   0  0  0  0  0  0  0
2009 07 29   68      0        0      0    -999   A0.0   0  0  0  0  0  0  0
2009 07 30   68      0        0      0    -999   A0.0   0  0  0  0  0  0  0
2009 07 31   69      0        0      0    -999   A0.0   0  0  0  0  0  0  0
2009 08 01   68      0        0      0    -999   A0.0   0  0  0  0  0  0  0
2009 08 02   68      0        0      0    -999   A0.0   0  0  0  0  0  0  0
2009 08 03   67      0        0      0    -999   A0.0   0  0  0  0  0  0  0
2009 08 04   66      0        0      0    -999   A0.0   0  0  0  0  0  0  0
2009 08 05   66      0        0      0    -999   A0.0   0  0  0  0  0  0  0
2009 08 06   67      0        0      0    -999   A0.0   0  0  0  0  0  0  0
2009 08 07   68      0        0      0    -999   A0.0   0  0  0  0  0  0  0
2009 08 08   67      0        0      0    -999   A0.0   0  0  0  0  0  0  0
2009 08 09   67      0        0      0    -999   A0.0   0  0  0  0  0  0  0
2009 08 10   67      0        0      0    -999   A0.0   0  0  0  0  0  0  0
2009 08 11   67      0        0      0    -999   A0.0   0  0  0  0  0  0  0
2009 08 12   67      0        0      0    -999   A0.0   0  0  0  0  0  0  0
2009 08 13   67      0        0      0    -999   A0.0   0  0  0  0  0  0  0
2009 08 14   68      0        0      0    -999   A0.0   0  0  0  0  0  0  0
2009 08 15   68      0        0      0    -999   A0.0   0  0  0  0  0  0  0
2009 08 16   69      0        0      0    -999   A0.0   0  0  0  0  0  0  0
2009 08 17   68      0        0      0    -999   A0.0   0  0  0  0  0  0  0
2009 08 18   67      0        0      0    -999   A0.0   0  0  0  0  0  0  0
2009 08 19   67      0        0      0    -999   A0.0   0  0  0  0  0  0  0
2009 08 20   68      0        0      0    -999   A0.0   0  0  0  0  0  0  0
2009 08 21   66      0        0      0    -999   A0.0   0  0  0  0  0  0  0
2009 08 22   67      0        0      0    -999   A0.0   0  0  0  0  0  0  0
2009 08 23   67      0        0      0    -999   A0.0   0  0  0  0  0  0  0
2009 08 24   68      0        0      0    -999   A0.0   0  0  0  0  0  0  0
2009 08 25   67      0        0      0    -999   A0.0   0  0  0  0  0  0  0
2009 08 26   67      0        0      0    -999   A0.0   0  0  0  0  0  0  0
2009 08 27   68      0        0      0    -999   A0.0   0  0  0  0  0  0  0
2009 08 28   68      0        0      0    -999   A0.0   0  0  0  0  0  0  0
2009 08 29   68      0        0      0    -999   A0.0   0  0  0  0  0  0  0
2009 08 30   67      0        0      0    -999   A0.0   0  0  0  0  0  0  0
2009 08 31   68     12       10      1    -999   A0.0   0  0  0  0  0  0  0
2009 09 01   69     12       10      0    -999   A0.0   0  0  0  0  0  0  0
2009 09 02   68      0        0      0    -999   A0.0   0  0  0  0  0  0  0
2009 09 03   69      0        0      0    -999   A0.0   0  0  0  0  0  0  0
2009 09 04   68      0        0      0    -999   A0.0   0  0  0  0  0  0  0
2009 09 05   69      0        0      0    -999   A0.0   0  0  0  0  0  0  0
2009 09 06   69      0        0      0    -999   A0.0   0  0  0  0  0  0  0
2009 09 07   69      0        0      0    -999   A0.0   0  0  0  0  0  0  0
2009 09 08   69      0        0      0    -999   A0.0   0  0  0  0  0  0  0
2009 09 09   69      0        0      0    -999   A0.0   0  0  0  0  0  0  0
2009 09 10   69      0        0      0    -999   A0.0   0  0  0  0  0  0  0
2009 09 11   69      0        0      0    -999   A0.0   0  0  0  0  0  0  0
2009 09 12   69      0        0      0    -999   A0.0   0  0  0  0  0  0  0
2009 09 13   69      0        0      0    -999   A0.0   0  0  0  0  0  0  0
2009 09 14   69      0        0      0    -999   A0.0   0  0  0  0  0  0  0
2009 09 15   69      0        0      0    -999   A0.0   0  0  0  0  0  0  0
2009 09 16   69      0        0      0    -999   A0.0   0  0  0  0  0  0  0
2009 09 17   69      0        0      0    -999   A0.0   0  0  0  0  0  0  0
2009 09 18   69      0        0      0    -999   A0.0   0  0  0  0  0  0  0
2009 09 19   71      0        0      0    -999   A0.0   0  0  0  0  0  0  0
2009 09 20   71      0        0      0    -999   A0.0   0  0  0  0  0  0  0
2009 09 21   72     11       10      1    -999   A0.0   0  0  0  0  0  0  0
2009 09 22   75     26       70      1    -999   A1.4   0  0  0  0  0  0  0
2009 09 23   76     31      140      0    -999   A1.3   0  0  0  0  0  0  0
2009 09 24   75     32      180      0    -999   A0.0   0  0  0  1  0  0  0
2009 09 25   72     25       80      0    -999   A0.0   1  0  0  0  0  0  0
2009 09 26   72     14       60      0    -999   A0.0   0  0  0  0  0  0  0
2009 09 27   72     11       10      0    -999   A0.0   0  0  0  0  0  0  0
2009 09 28   73     11       10      0    -999   A0.0   0  0  0  0  0  0  0
2009 09 29   72     14       40      0    -999   A0.0   0  0  0  0  0  0  0
2009 09 30   72     11       10      0    -999   A0.0   0  0  0  0  0  0  0
2009 10 01   72     11       10      0    -999   A0.0   0  0  0  0  0  0  0
2009 10 02   72      0        0      0    -999   A0.0   0  0  0  0  0  0  0
2009 10 03   72      0        0      0    -999   A0.0   0  0  0  0  0  0  0
2009 10 04   71      0        0      0    -999   A0.0   0  0  0  0  0  0  0
2009 10 05   70      0        0      0    -999   A0.0   0  0  0  0  0  0  0
2009 10 06   69      0        0      0    -999   A0.0   0  0  0  0  0  0  0
2009 10 07   69      0        0      0    -999   A0.0   0  0  0  0  0  0  0
2009 10 08   69      0        0      0    -999   A0.0   0  0  0  0  0  0  0
2009 10 09   69      0        0      0    -999   A0.0   0  0  0  0  0  0  0
2009 10 10   70      0        0      0    -999   A0.0   0  0  0  0  0  0  0
2009 10 11   70      0        0      0    -999   A0.0   0  0  0  0  0  0  0
2009 10 12   70      0        0      0    -999   A0.0   0  0  0  0  0  0  0
2009 10 13   70      0        0      0    -999   A0.0   0  0  0  0  0  0  0
2009 10 14   71      0        0      0    -999   A0.0   0  0  0  0  0  0  0
2009 10 15   70      0        0      0    -999   A0.0   0  0  0  0  0  0  0
2009 10 16   70      0        0      0    -999   A0.0   0  0  0  0  0  0  0
2009 10 17   71      0        0      0    -999   A0.0   0  0  0  0  0  0  0
2009 10 18   70      0        0      0    -999   A0.0   0  0  0  0  0  0  0
2009 10 19   71      0        0      0    -999   A0.0   0  0  0  0  0  0  0
2009 10 20   71     11       10      1    -999   A0.0   0  0  0  0  0  0  0
2009 10 21   71      0        0      0    -999   A0.0   0  0  0  0  0  0  0
2009 10 22   72      0        0      0    -999   A0.0   0  0  0  0  0  0  0
2009 10 23   73     30       60      1    -999   A0.0   0  0  0  0  0  0  0
2009 10 24   76     21      120      0    -999   A0.0   0  0  0  0  0  0  0
2009 10 25   76     28      130      0    -999   A1.2   1  0  0  0  0  0  0
2009 10 26   81     29      190      0    -999   A6.2   3  0  0  4  0  0  0
2009 10 27   82     29      260      0    -999   A4.2   5  0  0  3  0  0  0
2009 10 28   80     26      340      0    -999   A4.4   1  0  0  1  0  0  0
2009 10 29   77     19      380      0    -999   A2.7   0  0  0  0  0  0  0
2009 10 30   75     13      320      0    -999   A2.8   0  0  0  0  0  0  0
2009 10 31   75      0        0      0    -999   A7.5   1  0  0  0  0  0  0
2009 11 01   72      0        0      0    -999   A1.4   0  0  0  0  0  0  0
2009 11 02   71      0        0      0    -999   A0.0   0  0  0  0  0  0  0
2009 11 03   72      0        0      0    -999   A0.0   0  0  0  0  0  0  0
2009 11 04   71      0        0      0    -999   A0.0   0  0  0  0  0  0  0
2009 11 05   71     15       50      1    -999   A0.0   0  0  0  0  0  0  0
2009 11 06   71     16       10      0    -999   A0.0   0  0  0  0  0  0  0
2009 11 07   71     11       10      0    -999   A0.0   0  0  0  0  0  0  0
2009 11 08   71      0        0      0    -999   A0.0   0  0  0  0  0  0  0
2009 11 09   72     14       10      0    -999   A0.0   0  0  0  0  0  0  0
2009 11 10   73     13       10      0    -999   A0.0   0  0  0  0  0  0  0
2009 11 11   72     11       10      0    -999   A0.0   0  0  0  0  0  0  0
2009 11 12   73     11       10      0    -999   A0.0   0  0  0  0  0  0  0
2009 11 13   74      0        0      0    -999   A0.0   0  0  0  0  0  0  0
2009 11 14   75      0        0      0    -999   A0.0   0  0  0  0  0  0  0
2009 11 15   75     11       10      1    -999   A0.0   0  0  0  0  0  0  0
2009 11 16   76     12       10      0    -999   A0.0   0  0  0  0  0  0  0
2009 11 17   77      0        0      0    -999   A0.0   0  0  0  0  0  0  0
2009 11 18   76     29       20      2    -999   A0.0   0  0  0  0  0  0  0
2009 11 19   77     30       20      0    -999   A0.0   0  0  0  0  0  0  0
2009 11 20   76     31       20      0    -999   A0.0   0  0  0  0  0  0  0
2009 11 21   76     14       10      0    -999   A0.0   0  0  0  0  0  0  0
2009 11 22   76     13       10      0    -999   A0.0   0  0  0  0  0  0  0
2009 11 23   76      0        0      0    -999   A0.0   0  0  0  0  0  0  0
2009 11 24   75      0        0      0    -999   A0.0   0  0  0  0  0  0  0
2009 11 25   74      0        0      0    -999   A0.0   0  0  0  0  0  0  0
2009 11 26   75      0        0      0    -999   A0.0   0  0  0  0  0  0  0
2009 11 27   74      0        0      0    -999   A0.0   0  0  0  0  0  0  0
2009 11 28   73      0        0      0    -999   A0.0   0  0  0  0  0  0  0
2009 11 29   72      0        0      0    -999   A0.0   0  0  0  0  0  0  0
2009 11 30   72      0        0      0    -999   A0.0   0  0  0  0  0  0  0
2009 12 01   72      0        0      0    -999   A0.0   0  0  0  0  0  0  0
2009 12 02   71      0        0      0    -999   A0.0   0  0  0  0  0  0  0
2009 12 03   72      0        0      0    -999   A0.0   0  0  0  0  0  0  0
2009 12 04   72      0        0      0    -999   A0.0   0  0  0  0  0  0  0
2009 12 05   72      0        0      0    -999   A0.0   0  0  0  0  0  0  0
2009 12 06   72      0        0      0    -999   A0.0   0  0  0  0  0  0  0
2009 12 07   71      0        0      0    -999   A0.0   0  0  0  0  0  0  0
2009 12 08   72      0        0      0    -999   A0.0   0  0  0  0  0  0  0
2009 12 09   73     13       10      1    -999   A0.0   0  0  0  0  0  0  0
2009 12 10   74     13       10      0    -999   A0.0   1  0  0  0  0  0  0
2009 12 11   72     13       20      0    -999   A0.0   0  0  0  0  0  0  0
2009 12 12   75     12       20      0    -999   A0.0   0  0  0  0  0  0  0
2009 12 13   76     14       20      0    -999   A1.2   0  0  0  0  0  0  0
2009 12 14   79     28       30      1    -999   A2.6   0  0  0  1  0  0  0
2009 12 15   82     38      130      0    -999   A5.0   0  0  0  0  0  0  0
2009 12 16   83     30      140      0    -999   B1.2   3  0  0  3  0  0  0
2009 12 17   87     24      210      0    -999   B1.4   0  0  0  1  0  0  0
2009 12 18   84     20      310      0    -999   A8.3   1  0  0  0  0  0  0
2009 12 19   82     43      240      2    -999   A7.1   1  0  0  2  0  0  0
2009 12 20   84     42      330      1    -999   A9.7   0  0  0  0  0  0  0
2009 12 21   83     42      180      0    -999   A9.3   2  0  0  0  0  0  0
2009 12 22   82     26       20      0    -999   B1.0   5  0  0  2  0  0  0
2009 12 23   78     23       70      0    -999   A7.5   1  0  0  1  0  0  0
2009 12 24   77     11       10      0    -999   A4.0   0  0  0  0  0  0  0
2009 12 25   76      0        0      0    -999   A2.9   0  0  0  1  0  0  0
2009 12 26   76     13       10      1    -999   A4.1   0  0  0  0  0  0  0
2009 12 27   77     17      100      0    -999   A2.0   0  0  0  0  0  0  0
2009 12 28   76     17       90      0    -999   A1.4   0  0  0  0  0  0  0
2009 12 29   75     17       80      0    -999   A1.2   0  0  0  0  0  0  0
2009 12 30   77     15       50      0    -999   A1.4   0  0  0  0  0  0  0
2009 12 31   80     16      120      0    -999   A8.5   0  0  0  0  0  0  0

:Product: Daily Solar Data         2010_DSD.txt
:Issued: 1900 UT 07 Jan 2010
#
#  Prepared by the U.S. Dept. of Commerce, NOAA, Space Weather Prediction Center
#  Please send comments and suggestions to SWPC.Webmaster@noaa.gov
#
#                         2010 Daily Solar Data
# X-ray Bkgd Flux changed from GOES14 to GOES15 Oct 28, 2010.
#                         Sunspot       Stanford GOES15
#           Radio  SESC     Area          Solar  X-Ray  ------ Flares ------
#           Flux  Sunspot  10E-6   New     Mean  Bkgd    X-Ray      Optical
#  Date     10.7cm Number  Hemis. Regions Field  Flux   C  M  X  S  1  2  3
#--------------------------------------------------------------------------- 
2010 01 01   75     16      120      0    -999   A4.7   0  0  0  0  0  0  0
2010 01 02   78     22      190      0    -999   A5.8   3  0  0  4  1  0  0
2010 01 03   76     20      220      0    -999   A3.9   1  0  0  2  1  0  0
2010 01 04   73     15      150      0    -999   A3.0   1  0  0  1  0  0  0
2010 01 05   77     13       90      0    -999   A3.4   0  0  0  0  0  0  0
2010 01 06   77      0        0      0    -999   A3.3   0  0  0  0  0  0  0
2010 01 07   78     15       80      1    -999   A4.1   0  0  0  0  0  0  0
2010 01 08   77     14       40      0    -999   A3.1   0  0  0  0  0  0  0
2010 01 09   82     20       70      0    -999   A6.3   1  0  0  0  0  0  0
2010 01 10   84     25      130      0    -999   A7.5   0  0  0  5  0  0  0
2010 01 11   91     35      300      0    -999   B1.0   0  0  0  0  0  0  0
2010 01 12   93     35      300      0    -999   B1.1   1  0  0  0  0  0  0
2010 01 13   91     41      380      0    -999   A9.0   0  0  0  0  0  0  0
2010 01 14   90     34      290      0    -999   B1.0   0  0  0  2  0  0  0
2010 01 15   85     26      350      0    -999   B1.4   1  0  0  0  0  0  0
2010 01 16   84     24      290      0    -999   B1.0   0  0  0  0  0  0  0
2010 01 17   83     16      160      0    -999   B1.1   1  0  0  0  0  0  0
2010 01 18   82     14      140      0    -999   B1.9   1  0  0  1  0  0  0
2010 01 19   84      0        0      1    -999   B3.3   6  2  0  2  0  0  0
2010 01 20   82     16       60      0    -999   B5.0   9  4  0  6  0  0  0
2010 01 21   83     17      190      0    -999   B1.5   3  0  0  2  0  0  0
2010 01 22   82     30      240      1    -999   A8.4   0  0  0  0  0  0  0
2010 01 23   85     40      380      0    -999   A8.0   0  0  0  0  0  0  0
2010 01 24   85     32      330      0    -999   A9.8   0  0  0  0  0  0  0
2010 01 25   81     34      100      0    -999   A7.1   0  0  0  0  0  0  0
2010 01 26   80     28      150      0    -999   A6.4   0  0  0  0  0  0  0
2010 01 27   78     15       40      0    -999   A6.3   0  0  0  0  0  0  0
2010 01 28   76     13       30      0    -999   A6.2   0  0  0  0  0  0  0
2010 01 29   73     12       20      0    -999   A2.6   0  0  0  0  0  0  0
2010 01 30   75     25       50      1    -999   A2.4   0  0  0  1  0  0  0
2010 01 31   75     14       60      0    -999   A3.3   0  0  0  2  0  0  0
2010 02 01   75     16       70      0    -999   A3.1   0  0  0  0  0  0  0
2010 02 02   75     11       50      0    -999   A3.4   0  0  0  0  0  0  0
2010 02 03   74     11       50      0    -999   A3.2   0  0  0  0  0  0  0
2010 02 04   74     11       20      0    -999   A2.3   0  0  0  0  0  0  0
2010 02 05   78     22       30      1    -999   A2.8   0  0  0  0  0  0  0
2010 02 06   88     30      310      1    -999   B1.1   5  2  0  5  0  0  0
2010 02 07   90     51      360      1    -999   B2.2   5  1  0  6  2  0  0
2010 02 08   94     71      460      1    -999   B2.7  18  4  0 20  1  0  0
2010 02 09   91     63      320      0    -999   B1.0   3  0  0  4  0  0  0
2010 02 10   91     55      380      0    -999   B1.6   3  0  0  4  0  0  0
2010 02 11   94     64      340      0    -999   B1.6   1  0  0  3  0  0  0
2010 02 12   96     38      220      0    -999   B1.8   3  2  0  4  2  1  0
2010 02 13   94     37      140      1    -999   B2.1   4  0  0  3  0  0  0
2010 02 14   89     28       80      1    -999   B1.6   1  0  0  0  0  0  0
2010 02 15   88     27       50      0    -999   A9.6   1  0  0  0  0  0  0
2010 02 16   87     28       50      0    -999   A7.0   0  0  0  0  0  0  0
2010 02 17   87     49       80      1    -999   A6.5   0  0  0  0  0  0  0
2010 02 18   85     17       60      0    -999   A5.7   0  0  0  0  0  0  0
2010 02 19   84     23       60      0    -999   A5.1   0  0  0  0  0  0  0
2010 02 20   84     19       60      0    -999   A5.1   0  0  0  0  0  0  0
2010 02 21   84     17       50      0    -999   A4.4   0  0  0  0  0  0  0
2010 02 22   84     14       20      0    -999   A5.9   0  0  0  0  0  0  0
2010 02 23   84     31       30      1    -999   A7.6   0  0  0  0  0  0  0
2010 02 24   83     40      120      1    -999   A6.8   0  0  0  0  0  0  0
2010 02 25   83     30       30      0    -999   A5.9   0  0  0  0  0  0  0
2010 02 26   81     26       70      0    -999   A3.8   0  0  0  0  0  0  0
2010 02 27   79     26       30      0    -999   A3.2   0  0  0  0  0  0  0
2010 02 28   78     13       10      0    -999   A2.3   0  0  0  0  0  0  0
2010 03 01   78     36       50      2    -999   A2.2   0  0  0  0  0  0  0
2010 03 02   79     39       60      0    -999   A2.2   0  0  0  0  0  0  0
2010 03 03   80     39       30      0    -999   A3.4   0  0  0  0  0  0  0
2010 03 04   81     40       90      0    -999   A6.6   1  0  0  1  0  0  0
2010 03 05   80     35       30      0    -999   A4.5   0  0  0  0  0  0  0
2010 03 06   78      0        0      0    -999   A5.2   0  0  0  1  0  0  0
2010 03 07   77      0        0      0    -999   A1.7   0  0  0  0  0  0  0
2010 03 08   76      0        0      0    -999   A1.6   0  0  0  0  0  0  0
2010 03 09   78      0        0      0    -999   A1.7   0  0  0  0  0  0  0
2010 03 10   80     12       10      1    -999   A3.2   0  0  0  0  0  0  0
2010 03 11   84     31      140      1    -999   A4.2   0  0  0  1  0  0  0
2010 03 12   90     36      220      0    -999   A6.7   1  0  0  1  0  0  0
2010 03 13   92     32      230      0    -999   A6.5   1  0  0  2  0  0  0
2010 03 14   89     30      230      0    -999   A6.0   1  0  0  3  0  0  0
2010 03 15   86     28      240      0    -999   A5.2   0  0  0  0  0  0  0
2010 03 16   85     21       90      0    -999   A3.8   0  0  0  0  0  0  0
2010 03 17   87     28       90      1    -999   A4.3   0  0  0  0  0  0  0
2010 03 18   86     28       90      0    -999   A4.8   0  0  0  1  0  0  0
2010 03 19   84     24       20      0    -999   A3.8   0  0  0  1  0  0  0
2010 03 20   84     25       40      0    -999   A6.1   0  0  0  1  0  0  0
2010 03 21   85     25       70      0    -999   A6.6   0  0  0  2  0  0  0
2010 03 22   82     17       10      0    -999   A3.1   0  0  0  0  0  0  0
2010 03 23   84     26       20      1    -999   A5.2   0  0  0  0  0  0  0
2010 03 24   84     14      250      0    -999   A4.8   0  0  0  0  0  0  0
2010 03 25   86     25      400      1    -999   A6.0   0  0  0  1  0  0  0
2010 03 26   88     27      320      0    -999   A4.7   1  0  0  0  0  0  0
2010 03 27   88     30      500      1    -999   A6.5   4  0  0  2  0  0  0
2010 03 28   83     33      510      0    -999   A4.5   0  0  0  1  0  0  0
2010 03 29   83     32      440      0    -999   A3.6   0  0  0  0  0  0  0
2010 03 30   83     32      390      0    -999   A3.9   0  0  0  0  0  0  0
2010 03 31   81     23      320      0    -999   A3.1   0  0  0  0  0  0  0
2010 04 01   79     25      240      0    -999   A2.8   0  0  0  0  0  0  0
2010 04 02   76     28      290      0    -999   A2.9   0  0  0  0  0  0  0
2010 04 03   77     27      250      0    -999   A3.9   0  0  0  1  0  0  0
2010 04 04   79     40      210      1    -999   A4.2   0  0  0  0  0  0  0
2010 04 05   79     41      140      1    -999   A4.1   0  0  0  0  0  0  0
2010 04 06   78     41      150      0    -999   A3.1   0  0  0  0  0  0  0
2010 04 07   76     25       80      0    -999   A3.2   0  0  0  0  0  0  0
2010 04 08   76     23       50      0    -999   A4.1   0  0  0  0  0  0  0
2010 04 09   76     11       40      0    -999   A3.5   0  0  0  1  0  0  0
2010 04 10   75     11       10      0    -999   A4.4   0  0  0  0  0  0  0
2010 04 11   75      0        0      0    -999   A2.7   0  0  0  0  0  0  0
2010 04 12   75     14       10      1    -999   A2.3   0  0  0  0  0  0  0
2010 04 13   75     14       20      0    -999   A2.0   0  0  0  0  0  0  0
2010 04 14   75     12       10      0    -999   A1.9   0  0  0  0  0  0  0
2010 04 15   75      0        0      0    -999   A2.0   0  0  0  0  0  0  0
2010 04 16   75      0        0      0    -999   A1.9   0  0  0  0  0  0  0
2010 04 17   74      0        0      0    -999   A3.4   0  0  0  0  0  0  0
2010 04 18   75      0        0      0    -999   A3.7   0  0  0  0  0  0  0
2010 04 19   75      0        0      0    -999   A3.1   0  0  0  0  0  0  0
2010 04 20   76      0        0      0    -999   A3.0   0  0  0  0  0  0  0
2010 04 21   76      0        0      0    -999   A2.8   0  0  0  0  0  0  0
2010 04 22   76      0        0      0    -999   A3.1   0  0  0  0  0  0  0
2010 04 23   75      0        0      0    -999   A3.1   0  0  0  0  0  0  0
2010 04 24   74      0        0      0    -999   A3.5   0  0  0  0  0  0  0
2010 04 25   75      0        0      0    -999   A3.3   0  0  0  0  0  0  0
2010 04 26   76      0        0      0    -999   A3.5   0  0  0  0  0  0  0
2010 04 27   75      0        0      0    -999   A3.1   0  0  0  0  0  0  0
2010 04 28   76     12       10      1    -999   A3.1   0  0  0  0  0  0  0
2010 04 29   76      0        0      0    -999   A4.4   0  0  0  0  0  0  0
2010 04 30   79     12       20      1    -999   A5.1   1  0  0  0  0  0  0
2010 05 01   78     13       10      0    -999   A5.0   1  0  0  2  0  0  0
2010 05 02   80     47       20      3    -999   A5.8   0  0  0  0  0  0  0
2010 05 03   80     61       50      1    -999   A6.8   0  0  0  0  0  0  0
2010 05 04   82     70      100      1    -999   A7.3   1  0  0  1  0  0  0
2010 05 05   83     77      220      1    -999   B1.0   2  1  0  1  0  0  0
2010 05 06   79     45      100      0    -999   A7.1   0  0  0  0  0  0  0
2010 05 07   79     24       30      0    -999   A6.5   1  0  0  2  0  0  0
2010 05 08   79     23       30      1    -999   A7.8   3  0  0  0  1  0  0
2010 05 09   75      0        0      0    -999   A3.8   0  0  0  0  0  0  0
2010 05 10   74      0        0      0    -999   A2.8   0  0  0  0  0  0  0
2010 05 11   74      0        0      0    -999   A2.1   0  0  0  1  0  0  0
2010 05 12   71      0        0      0    -999   A1.9   0  0  0  0  0  0  0
2010 05 13   69      0        0      0    -999   A1.6   0  0  0  0  0  0  0
2010 05 14   70      0        0      0    -999   A1.7   0  0  0  0  0  0  0
2010 05 15   70      0        0      0    -999   A1.6   0  0  0  0  0  0  0
2010 05 16   69      0        0      0    -999   A1.5   0  0  0  0  0  0  0
2010 05 17   69      0        0      0    -999   A1.6   0  0  0  0  0  0  0
2010 05 18   69      0        0      0    -999   A1.5   0  0  0  0  0  0  0
2010 05 19   69      0        0      0    -999   A1.6   0  0  0  0  0  0  0
2010 05 20   69     12       10      0    -999   A1.7   0  0  0  0  0  0  0
2010 05 21   71     15       30      1    -999   A2.0   0  0  0  0  0  0  0
2010 05 22   73     20      100      0    -999   A2.9   0  0  0  1  0  0  0
2010 05 23   75     23      130      0    -999   A2.9   0  0  0  0  0  0  0
2010 05 24   73     17       90      0    -999   A3.6   0  0  0  0  0  0  0
2010 05 25   73     16       60      0    -999   A3.1   0  0  0  2  0  0  0
2010 05 26   72     11       50      0    -999   A2.8   0  0  0  0  0  0  0
2010 05 27   73     11       40      0    -999   A2.4   0  0  0  0  0  0  0
2010 05 28   73     12       45      0    -999   A2.9   0  0  0  0  0  0  0
2010 05 29   74     43       50      3    -999   A3.1   0  0  0  0  0  0  0
2010 05 30   73     40       40      0    -999   A2.6   0  0  0  0  0  0  0
2010 05 31   72     39       30      1    -999   A2.7   0  0  0  0  0  0  0
2010 06 01   73     14       20      0    -999   A4.7   0  0  0  0  0  0  0
2010 06 02   74     18       40      0    -999   A5.3   0  0  0  4  0  0  0
2010 06 03   75     17      190      0    -999   A5.2   0  0  0  1  0  0  0
2010 06 04   72     18       70      0    -999   A5.0   0  0  0  0  0  0  0
2010 06 05   70     25       25      1    -999   A4.8   0  0  0  0  0  0  0
2010 06 06   68     12       90      0    -999   A4.4   0  0  0  0  0  0  0
2010 06 07   69     12       20      0    -999   A4.3   0  0  0  1  0  0  0
2010 06 08   72     12       80      1    -999   A5.3   0  0  0  0  0  0  0
2010 06 09   72     28      190      1    -999   A6.5   0  0  0  1  0  0  0
2010 06 10   73     41      210      1    -999   A5.8   0  0  0  0  0  0  0
2010 06 11   75     43      155      1    -999   A6.8   0  0  0  0  0  0  0
2010 06 12   76     46      140      0    -999   B1.3   2  1  0  2  0  0  0
2010 06 13   76     46      110      0    -999   B1.5   6  1  0 10  0  0  0
2010 06 14   73     12       10      0    -999   A7.7   1  0  0  1  0  0  0
2010 06 15   70      0        0      0    -999   A5.4   0  0  0  0  0  0  0
2010 06 16   72      0        0      0    -999   A4.5   0  0  0  0  0  0  0
2010 06 17   70     14       10      1    -999   A4.2   0  0  0  1  0  0  0
2010 06 18   71     16       10      0    -999   A4.1   0  0  0  0  0  0  0
2010 06 19   69     28       20      1    -999   A4.2   0  0  0  0  0  0  0
2010 06 20   70     13       30      0    -999   A4.4   0  0  0  0  0  0  0
2010 06 21   72     14       40      0    -999   A4.8   0  0  0  0  0  0  0
2010 06 22   73     14       30      0    -999   A4.9   0  0  0  0  0  0  0
2010 06 23   74     14       20      0    -999   A4.9   0  0  0  0  0  0  0
2010 06 24   74     13       10      0    -999   A4.6   0  0  0  0  0  0  0
2010 06 25   75     12        0      0    -999   A5.1   0  0  0  0  0  0  0
2010 06 26   75      0        0      0    -999   A4.9   0  0  0  0  0  0  0
2010 06 27   73     11       90      1    -999   A4.7   0  0  0  0  0  0  0
2010 06 28   74     11       90      0    -999   A4.5   0  0  0  0  0  0  0
2010 06 29   74     24      110      1    -999   A4.4   0  0  0  1  0  0  0
2010 06 30   74     11      110      0    -999   A4.3   0  0  0  0  0  0  0
2010 07 01   73     11      110      0    -999   A4.4   0  0  0  0  0  0  0
2010 07 02   73     11      100      0    -999   A4.4   0  0  0  0  0  0  0
2010 07 03   72     11      150      0    -999   A4.3   0  0  0  0  0  0  0
2010 07 04   72     11      110      0    -999   A4.2   0  0  0  0  0  0  0
2010 07 05   73     23      110      1    -999   A4.5   0  0  0  0  0  0  0
2010 07 06   73     23      120      0    -999   A6.5   0  0  0  0  0  0  0
2010 07 07   74     22      110      0    -999   A7.6   0  0  0  0  0  0  0
2010 07 08   76     11       50      0    -999   B1.0   1  0  0  0  0  0  0
2010 07 09   80     12       30      1    -999   B1.3   2  0  0  1  0  0  0
2010 07 10   80     18      100      0    -999   B1.8   0  0  0  0  0  0  0
2010 07 11   83     25      120      0    -999   B1.4   0  0  0  0  0  0  0
2010 07 12   80     22      130      0    -999   B1.0   0  0  0  1  0  0  0
2010 07 13   79     28       80      1    -999   A9.8   1  0  0  3  0  0  0
2010 07 14   78     16      100      0    -999   A9.5   2  0  0  0  0  0  0
2010 07 15   76     15       60      0    -999   A7.6   0  0  0  0  0  0  0
2010 07 16   77     17       50      0    -999   A8.0   0  0  0  0  0  0  0
2010 07 17   79     13       20      0    -999   A9.4   1  0  0  0  0  0  0
2010 07 18   77     12       10      0    -999   A9.6   0  0  0  0  0  0  0
2010 07 19   80     25      140      1    -999   B1.3   0  0  0  0  0  0  0
2010 07 20   87     32      160      0    -999   B1.8   1  0  0  5  0  0  0
2010 07 21   89     38      320      0    -999   B2.3   0  0  0 17  1  0  0
2010 07 22   88     39      240      0    -999   B2.3   0  0  0  3  0  0  0
2010 07 23   86     45      200      0    -999   B1.1   0  0  0  2  0  0  0
2010 07 24   85     41      160      1    -999   B1.1   0  0  0  1  0  0  0
2010 07 25   85     39      150      0    -999   B1.1   0  0  0  0  0  0  0
2010 07 26   84     39      100      1    -999   B1.4   0  0  0  0  0  0  0
2010 07 27   83     15       70      0    -999   B1.4   1  0  0  2  0  0  0
2010 07 28   85     31      270      1    -999   B1.4   1  0  0  1  0  0  0
2010 07 29   85     31      350      0    -999   B1.5   0  0  0  0  0  0  0
2010 07 30   83     29      210      0    -999   B2.0   0  0  0  2  0  0  0
2010 07 31   82     12      230      0    -999   B1.4   0  0  0  1  0  0  0
2010 08 01   80     13      290      0    -999   B1.3   1  0  0  1  0  0  0
2010 08 02   79     17      280      0    -999   B1.0   0  0  0  0  0  0  0
2010 08 03   81     13      190      0    -999   B1.0   0  0  0  0  0  0  0
2010 08 04   81     27      280      1    -999   B1.0   0  0  0  0  0  0  0
2010 08 05   83     54      430      1    -999   B1.1   1  0  0  0  0  0  0
2010 08 06   82     49      430      1    -999   B1.2   0  0  0  0  0  0  0
2010 08 07   91     47      300      0    -999   B1.0   0  1  0  0  0  1  0
2010 08 08   83     46      340      0    -999   A9.9   0  0  0  0  0  0  0
2010 08 09   84     53      380      1    -999   A8.9   0  0  0  0  0  0  0
2010 08 10   84     56      210      1    -999   B1.0   0  0  0  0  0  0  0
2010 08 11   86     66      200      1    -999   A9.8   0  0  0  0  0  0  0
2010 08 12   84     50      290      0    -999   A8.3   0  0  0  0  0  0  0
2010 08 13   84     51      120      1    -999   A9.0   0  0  0  1  0  0  0
2010 08 14   85     31      150      0    -999   B1.4   2  0  0  5  0  0  0
2010 08 15   86     33      130      0    -999   B1.5   1  0  0  3  0  0  0
2010 08 16   85     39      100      1    -999   B1.4   1  0  0  1  0  0  0
2010 08 17   81     26       20      0    -999   B1.4   1  0  0  0  0  0  0
2010 08 18   81     23       20      0    -999   B1.3   1  0  0  0  0  0  0
2010 08 19   78     11        0      0    -999   A6.9   0  0  0  0  0  0  0
2010 08 20   77     11        0      0    -999   A6.2   0  0  0  0  0  0  0
2010 08 21   76      0        0      0    -999   A5.6   0  0  0  0  0  0  0
2010 08 22   75      0        0      0    -999   A4.9   0  0  0  0  0  0  0
2010 08 23   75      0        0      0    -999   A4.9   0  0  0  0  0  0  0
2010 08 24   74     11       30      1    -999   A4.7   0  0  0  0  0  0  0
2010 08 25   74     23      100      0    -999   A5.2   0  0  0  0  0  0  0
2010 08 26   73     23      100      0    -999   A7.5   0  0  0  1  0  0  0
2010 08 27   73     11      100      0    -999   A7.9   0  0  0  0  0  0  0
2010 08 28   72     11      130      0    -999   A5.9   0  0  0  0  0  0  0
2010 08 29   74     25      170      1    -999   A5.7   0  0  0  0  0  0  0
2010 08 30   75     28      180      0    -999   A6.7   0  0  0  0  0  0  0
2010 08 31   75     27      220      0    -999   A6.7   0  0  0  0  0  0  0
2010 09 01   76     51      270      2    -999   A6.4   0  0  0  0  0  0  0
2010 09 02   77     52      180      1    -999   A5.9   0  0  0  0  0  0  0
2010 09 03   77     54      180      0    -999   A7.2   0  0  0  0  0  0  0
2010 09 04   82     53      200      0    -999   B1.0   0  0  0  4  0  0  0
2010 09 05   82     58      260      0    -999   B1.1   0  0  0  3  0  0  0
2010 09 06   80     24      150      0    -999   B1.1   1  0  0  0  0  0  0
2010 09 07   76     16       40      0    -999   A8.0   0  0  0  1  0  0  0
2010 09 08   75     11       10      0    -999   A7.5   1  0  0  0  0  0  0
2010 09 09   74      0        0      0    -999   A9.4   0  0  0  0  0  0  0
2010 09 10   75     11       50      0    -999   B1.4   0  0  0  0  0  0  0
2010 09 11   78     11       50      1    -999   B1.5   0  0  0  0  0  0  0
2010 09 12   78     26       90      1    -999   B1.2   0  0  0  0  0  0  0
2010 09 13   80     17      100      0    -999   B1.1   0  0  0  0  0  0  0
2010 09 14   81     24      110      0    -999   B1.3   0  0  0  0  0  0  0
2010 09 15   81     20       90      0    -999   B1.8   0  0  0  1  0  0  0
2010 09 16   83     46      400      1    -999   B1.9   0  0  0  0  0  0  0
2010 09 17   82     41      360      0    -999   B1.5   1  0  0  1  0  0  0
2010 09 18   82     42      470      0    -999   B1.4   0  0  0  0  0  0  0
2010 09 19   81     50      510      0    -999   B1.2   0  0  0  0  0  0  0
2010 09 20   83     38      400      0    -999   B1.5   3  0  0  0  0  0  0
2010 09 21   85     37      302      1    -999   B2.0   1  0  0  1  0  0  0
2010 09 22   85     26      540      0    -999   B1.5   0  0  0  0  0  0  0
2010 09 23   84     34      470      0    -999   B1.5   0  0  0  2  0  0  0
2010 09 24   83     34      560      0    -999   B1.3   0  0  0  0  0  0  0
2010 09 25   83     40      490      0    -999   B1.3   0  0  0  0  0  0  0
2010 09 26   84     57      590      1    -999   B1.2   0  0  0  3  0  0  0
2010 09 27   83     52      650      0    -999   B1.1   0  0  0  2  0  0  0
2010 09 28   83     49      430      0    -999   B1.2   2  0  0  2  0  0  0
2010 09 29   91     51      370      1    -999   B1.4   0  0  0  2  0  0  0
2010 09 30   90     45      280      0    -999   B1.4   0  0  0  2  0  0  0
2010 10 01   87     44      280      0    -999   B1.1   0  0  0  2  0  0  0
2010 10 02   85     42      350      0    -999   A9.9   0  0  0  0  0  0  0
2010 10 03   80     28      250      0    -999   A8.7   0  0  0  0  0  0  0
2010 10 04   76     23      110      0    -999   A7.2   1  0  0  0  1  0  0
2010 10 05   75     11        0      0    -999   A6.1   0  0  0  0  0  0  0
2010 10 06   74      0        0      0    -999   A5.0   0  0  0  0  0  0  0
2010 10 07   75      0        0      0    -999   A5.5   0  0  0  0  0  0  0
2010 10 08   75     11        0      0    -999   A6.0   0  0  0  0  0  0  0
2010 10 09   76     12       40      1    -999   A6.1   0  0  0  0  0  0  0
2010 10 10   76     13       50      0    -999   A6.5   0  0  0  3  0  0  0
2010 10 11   75     11       30      0    -999   A6.4   0  0  0  0  0  0  0
2010 10 12   75     11       20      0    -999   A6.5   0  0  0  0  0  0  0
2010 10 13   78     24      130      1    -999   A6.7   0  0  0  0  0  0  0
2010 10 14   80     34      120      1    -999   A7.7   0  0  0  1  0  0  0
2010 10 15   82     51      380      1    -999   A7.9   0  0  0  0  0  0  0
2010 10 16   87     48      420      0    -999   A9.6   0  1  0  0  1  0  0
2010 10 17   84     61      500      1    -999   B1.0   2  0  0  3  0  0  0
2010 10 18   91     69      460      0    -999   B1.1   3  0  0  0  0  0  0
2010 10 19   87     65      430      2    -999   B1.3   2  0  0  2  0  0  0
2010 10 20   84     61      300      0    -999   A9.8   1  0  0  2  0  0  0
2010 10 21   84     34      300      0    -999   A5.8   0  0  0  0  0  0  0
2010 10 22   82     34      270      0    -999   A7.1   0  0  0  0  0  0  0
2010 10 23   84     43      360      0    -999   A6.7   0  0  0  1  0  0  0
2010 10 24   82     57      420      1    -999   A8.5   0  0  0  1  0  0  0
2010 10 25   86     57      540      0    -999   A9.6   1  0  0  4  0  0  0
2010 10 26   86     74      540      0    -999   B1.1   2  0  0  5  0  0  0
2010 10 27   88     53      540      0    -999   B1.0   1  0  0  2  0  0  0
2010 10 28   86     27      520      0    -999   A9.4   0  0  0  0  0  0  0
2010 10 29   86     24      550      0    -999   A8.1   0  0  0  0  0  0  0
2010 10 30   85     32      490      1    -999   B1.1   0  0  0  2  0  0  0
2010 10 31   81     32      550      0    -999   A9.4   2  0  0  1  0  0  0
2010 11 01   79     30      300      0    -999   A8.0   1  0  0  0  0  0  0
2010 11 02   79     17       80      0    -999   A9.9   0  0  0  0  0  0  0
2010 11 03   79     18       50      0    -999   B2.1   3  0  0  0  0  0  0
2010 11 04   79     34       20      1    -999   B1.8   1  1  0  1  0  0  0
2010 11 05   83     29       80      0    -999   B1.8   1  1  0  2  0  0  0
2010 11 06   89     43       90      1    -999   B1.8   4  1  0  2  1  0  0
2010 11 07   85     34      100      0    -999   B1.2   1  0  0  0  1  0  0
2010 11 08   84     36       80      0    -999   A9.6   0  0  0  0  0  0  0
2010 11 09   84     35       70      0    -999   A9.0   0  0  0  0  0  0  0
2010 11 10   86     55       70      2    -999   A9.9   0  0  0  5  0  0  0
2010 11 11   85     48      110      1    -999   B1.0   6  0  0  7  0  0  0
2010 11 12   85     68      100      1    -999   B1.0   5  0  0  3  0  0  0
2010 11 13   85     63      190      0    -999   B1.0   2  0  0  4  0  0  0
2010 11 14   86     69      150      0    -999   B1.1   0  0  0  1  0  0  0
2010 11 15   91     62      330      0    -999   B1.6   1  0  0  8  0  0  0
2010 11 16   92     55      470      1    -999   B1.6   0  0  0  0  0  0  0
2010 11 17   91     61      400      0    -999   B1.2   0  0  0  1  0  0  0
2010 11 18   87     40      250      0    -999   B1.2   0  0  0  0  0  0  0
2010 11 19   84     37      330      0    -999   B1.1   0  0  0  0  0  0  0
2010 11 20   80     24      120      0    -999   B1.1   0  0  0  0  0  0  0
2010 11 21   78     25       80      0    -999   A7.1   0  0  0  0  0  0  0
2010 11 22   75     23       90      0    -999   A4.3   0  0  0  0  0  0  0
2010 11 23   75     12       60      0    -999   A4.8   0  0  0  0  0  0  0
2010 11 24   76     11       50      0    -999   A5.0   0  0  0  1  0  0  0
2010 11 25   78     22       50      1    -999   A5.0   0  0  0  0  0  0  0
2010 11 26   76     23       40      0    -999   A4.6   0  0  0  0  0  0  0
2010 11 27   77     22       45      0    -999   A4.6   0  0  0  0  0  0  0
2010 11 28   80     34       90      2    -999   A6.5   0  0  0  0  0  0  0
2010 11 29   83     31       90      0    -999   A9.2   0  0  0  0  0  0  0
2010 11 30   86     24      190      0    -999   B1.1   0  0  0  0  0  0  0
2010 12 01   87     25      250      0    -999   B1.1   1  0  0  0  0  0  0
2010 12 02   87     32      480      1    -999   B1.1   0  0  0  0  0  0  0
2010 12 03   87     27      540      0    -999   B1.2   0  0  0  0  0  0  0
2010 12 04   87     48      560      2    -999   B1.1   0  0  0  0  0  0  0
2010 12 05   88     47      490      0    -999   B1.1   0  0  0  0  0  0  0
2010 12 06   89     35      580      0    -999   B1.0   0  0  0  0  0  0  0
2010 12 07   87     34      630      0    -999   A9.7   0  0  0  0  0  0  0
2010 12 08   87     22      450      0    -999   A8.6   0  0  0  0  0  0  0
2010 12 09   87     22      400      0    -999   A8.8   0  0  0  0  0  0  0
2010 12 10   88     33      410      0    -999   B1.0   0  0  0  0  0  0  0
2010 12 11   87     25      410      0    -999   B1.2   0  0  0  0  0  0  0
2010 12 12   89     23      380      0    -999   B1.4   0  0  0  1  0  0  0
2010 12 13   88     46      370      2    -999   B1.1   0  0  0  0  0  0  0
2010 12 14   90     33      320      0    -999   B1.0   1  0  0  1  0  0  0
2010 12 15   87     11       50      0    -999   A9.9   1  0  0  0  0  0  0
2010 12 16   84     23       80      0    -999   A8.9   0  0  0  0  0  0  0
2010 12 17   82     11        0      0    -999   A6.7   0  0  0  0  0  0  0
2010 12 18   81      0        0      0    -999   A5.1   0  0  0  0  0  0  0
2010 12 19   81      0        0      0    -999   A4.3   0  0  0  0  0  0  0
2010 12 20   78      0        0      0    -999   A3.7   0  0  0  0  0  0  0
2010 12 21   78      0        0      0    -999   A3.5   0  0  0  0  0  0  0
2010 12 22   78      0        0      0    -999   A3.3   0  0  0  0  0  0  0
2010 12 23   80      0        0      0    -999   A3.3   0  0  0  0  0  0  0
2010 12 24   79      0        0      0    -999   A3.4   0  0  0  0  0  0  0
2010 12 25   79     28       30      2    -999   A3.5   0  0  0  0  0  0  0
2010 12 26   81     28       20      0    -999   A3.5   0  0  0  0  0  0  0
2010 12 27   80     14       50      1    -999   A3.6   0  0  0  0  0  0  0
2010 12 28   81     31       70      0    -999   A4.5   0  0  0  0  0  0  0
2010 12 29   83     37       60      1    -999   A5.5   0  0  0  0  0  0  0
2010 12 30   83     24       20      0    -999   A6.5   0  0  0  0  0  0  0
2010 12 31   91     23      190      1    -999   A8.9   1  0  0  0  0  0  0

:Product: Daily Solar Data         2011_DSD.txt
:Issued: 1900 UT 03 Jan 2011
#
#  Prepared by the U.S. Dept. of Commerce, NOAA, Space Weather Prediction Center
#  Please send comments and suggestions to SWPC.Webmaster@noaa.gov
#
#                         2011 Daily Solar Data
#
#                         Sunspot       Stanford GOES15
#           Radio  SESC     Area          Solar  X-Ray  ------ Flares ------
#           Flux  Sunspot  10E-6   New     Mean  Bkgd    X-Ray      Optical
#  Date     10.7cm Number  Hemis. Regions Field  Flux   C  M  X  S  1  2  3
#--------------------------------------------------------------------------- 
2011 01 01   91     65      350      2    -999   B1.0   0  0  0  1  0  0  0
2011 01 02   91     38      260      0    -999   A8.8   0  0  0  0  0  0  0
2011 01 03   92     51      320      0    -999   A8.7   1  0  0  1  0  0  0
2011 01 04   91     54      360      0    -999   B1.0   1  0  0  0  0  0  0
2011 01 05   88     50      250      0    -999   A8.4   0  0  0  0  0  0  0
2011 01 06   87     28      230      0    -999   A7.4   0  0  0  0  0  0  0
2011 01 07   86     52      170      1    -999   A7.7   0  0  0  0  0  0  0
2011 01 08   85     52      180      0    -999   A7.2   0  0  0  0  0  0  0
2011 01 09   83     50      150      2    -999   A7.2   0  0  0  0  0  0  0
2011 01 10   83     35      140      1    -999   A7.2   0  0  0  0  0  0  0
2011 01 11   83     26      130      0    -999   A6.5   0  0  0  0  0  0  0
2011 01 12   80     23       80      0    -999   A6.8   0  0  0  0  0  0  0
2011 01 13   80     14       10      0    -999   A7.3   0  0  0  0  0  0  0
2011 01 14   79     11        0      0    -999   A9.3   2  0  0  0  0  0  0
2011 01 15   80     11      120      1    -999   B1.0   1  0  0  0  0  0  0
2011 01 16   80     15      120      0    -999   A7.3   0  0  0  0  0  0  0
2011 01 17   82     36      170      1    -999   A9.0   0  0  0  0  0  0  0
2011 01 18   81     34      190      0    -999   A5.7   0  0  0  0  0  0  0
2011 01 19   81     28      140      0    -999   A5.7   0  0  0  0  0  0  0
2011 01 20   82     32      190      0    -999   A6.8   0  0  0  0  0  0  0
2011 01 21   88     42      160      1    -999   B1.1   7  0  0  3  0  0  0
2011 01 22   88     36      240      0    -999   B1.0   1  0  0  0  0  0  0
2011 01 23   84     38      260      0    -999   A7.7   0  0  0  0  0  0  0
2011 01 24   83     28      270      0    -999   A6.4   1  0  0  0  0  0  0
2011 01 25   81     27      230      0    -999   A5.7   0  0  0  0  0  0  0
2011 01 26   80     25      400      0    -999   A6.1   0  0  0  1  0  0  0
2011 01 27   81      0        0      0    -999   A7.2   2  0  0  0  0  0  0
2011 01 28   81     27       30      2    -999   A9.3   2  1  0  2  0  0  0
2011 01 29   81     27       25      0    -999   A6.1   0  0  0  1  0  0  0
2011 01 30   83     22       50      0    -999   A5.3   0  0  0  0  0  0  0
2011 01 31   81     21       70      0    -999   A5.8   0  0  0  0  0  0  0
2011 02 01   80     22       80      0    -999   A4.9   0  0  0  0  0  0  0
2011 02 02   79     22       80      0    -999   A4.3   0  0  0  0  0  0  0
2011 02 03   80     32       20      1    -999   A3.9   0  0  0  1  0  0  0
2011 02 04   82     45       90      1    -999   A4.6   0  0  0  1  0  0  0
2011 02 05   81     26       25      0    -999   A4.4   0  0  0  5  0  0  0
2011 02 06   80     41       30      0    -999   A4.4   0  0  0  0  0  0  0
2011 02 07   82     28       30      0    -999   A5.6   0  0  0  0  0  0  0
2011 02 08   90     71      120      4    -999   B1.0   2  0  0  3  0  0  0
2011 02 09   89     67      230      0    -999   B1.4   1  1  0  1  0  0  0
2011 02 10   91     38       40      0    -999   B2.3   4  0  0  0  0  0  0
2011 02 11   91     54      100      2    -999   B1.6   0  0  0  0  0  0  0
2011 02 12   96     63       90      1    -999   B1.2   1  0  0  0  0  0  0
2011 02 13  107     84      180      0    -999   B4.4   4  1  0  3  1  0  0
2011 02 14  113     90      530      1    -999   B5.0  11  1  0  6  1  0  0
2011 02 15  113    100      785      0    -999   B5.2   7  0  1  5  1  0  0
2011 02 16  114     51      430      0    -999   B4.2  12  3  0  4  1  0  0
2011 02 17  111     51      430      0    -999   B5.8  12  0  0  5  0  0  0
2011 02 18  125    101      770      1    -999   B8.1  15  5  0  2  0  0  0
2011 02 19  109     79      680      0    -999   B5.7  12  0  0  2  0  0  0
2011 02 20  105    103      620      0    -999   B3.3   3  0  0  0  0  0  0
2011 02 21   97     60      340      0    -999   B2.6  10  0  0  0  0  0  0
2011 02 22   91     34      350      0    -999   B1.7   0  0  0  0  0  0  0
2011 02 23   89     27      200      0    -999   B1.8   1  0  0  0  0  0  0
2011 02 24   89     23      260      1    -999   B2.6   2  1  0  0  0  0  0
2011 02 25   88     31      370      1    -999   B2.7   3  0  0  0  0  0  0
2011 02 26   90     49      330      1    -999   B2.2   1  0  0  0  0  0  0
2011 02 27   90     44      190      0    -999   B1.7   1  0  0  3  0  0  0
2011 02 28   96     54      380      0    -999   B2.6   9  1  0  3  0  0  0
2011 03 01  111     72      620      0    -999   B3.7   7  0  0  2  0  0  0
2011 03 02  113     83      440      1    -999   B4.5   1  0  0  1  0  0  0
2011 03 03  121     71      630      1    -999   B4.2   6  0  0  5  1  0  0
2011 03 04  127    104     1100      1    -999   B4.8   2  0  0  2  0  0  0
2011 03 05  135    114     1590      0    -999   B6.6  15  0  0  4  0  0  0
2011 03 06  143    118     1250      1    -999   B9.6  23  0  0 13  0  0  0
2011 03 07  153    122     1650      0    -999   C1.7   6  7  0 12  2  0  0
2011 03 08  155    137     1540      2    -999   C1.7   5  5  0  6  2  0  0
2011 03 09  143    132     1250      0    -999   C1.8   9  2  1 12  0  1  0
2011 03 10  131     88      940      0    -999   B9.1   7  1  0  5  0  0  0
2011 03 11  123    105      950      1    -999   B4.9  12  0  0  8  0  0  0
2011 03 12  121     78     1050      0    -999   B5.1   9  1  0  9  1  1  0
2011 03 13  113     64      950      0    -999   B3.8   3  0  0  1  0  0  0
2011 03 14  107     51      820      0    -999   B3.8   5  1  0  8  1  0  0
2011 03 15  102     47      500      0    -999   B3.5   6  1  0  4  1  0  0
2011 03 16   95     50      300      1    -999   B2.9   3  0  0  3  0  0  0
2011 03 17   90     45      170      1    -999   B2.5   0  0  0  0  0  0  0
2011 03 18   88     35       50      1    -999   B1.4   0  0  0  0  0  0  0
2011 03 19   89     48       80      0    -999   B1.2   0  0  0  1  0  0  0
2011 03 20   92     47      150      0    -999   B2.2   0  0  0  0  0  0  0
2011 03 21  101     34      320      1    -999   B3.8   3  0  0  0  0  0  0
2011 03 22  100     31      470      0    -999   B4.5   4  0  0  2  0  0  0
2011 03 23  105     46      580      1    -999   B3.3   1  1  0  1  0  0  0
2011 03 24  108     73      400      2    -999   B3.2   4  1  0  3  2  0  0
2011 03 25  113    104      590      2    -999   B4.0   3  1  0  2  0  0  0
2011 03 26  115    104      670      0    -999   B4.3   1  0  0  1  0  0  0
2011 03 27  117    132      710      2    -999   B3.4   3  0  0  2  0  0  0
2011 03 28  119    103      590      0    -999   B3.3   1  0  0  7  0  0  0
2011 03 29  116    108      470      0    -999   B3.6   2  0  0  0  0  0  0
2011 03 30  118     91      600      0    -999   B3.1   1  0  0  0  0  0  0
2011 03 31  113     76      300      0    -999   B2.5   3  0  0  3  0  0  0
2011 04 01  109     62      330      1    -999   B2.3   2  0  0  1  0  0  0
2011 04 02  108     66      280      0    -999   B2.2   0  0  0  1  0  0  0
2011 04 03  114     70      290      0    -999   B3.9   0  0  0  0  0  0  0
2011 04 04  113     83      340      1    -999   B3.3   0  0  0  1  0  0  0
2011 04 05  109     65      380      0    -999   B2.8   0  0  0  0  0  0  0
2011 04 06  117     56      230      1    -999   B3.1   3  0  0  0  0  0  0
2011 04 07  112     73      290      1    -999   B3.1   3  0  0  0  0  0  0
2011 04 08  109     97      330      2    -999   B2.6   0  0  0  1  0  0  0
2011 04 09  105     84      150      0    -999   B2.9   1  0  0  2  0  0  0
2011 04 10  105     56      150      0    -999   B2.2   0  0  0  0  0  0  0
2011 04 11  106     80      190      1    -999   B3.0   3  0  0  5  0  0  0
2011 04 12  110    114      340      2    -999   B3.9   3  0  0 11  1  0  0
2011 04 13  118    153      650      1    -999   B5.5   8  0  0 14  1  0  0
2011 04 14  119    131      660      1    -999   B5.8  11  0  0 29  0  0  0
2011 04 15  129    124      930      0    -999   B6.2   9  1  0 20  1  0  0
2011 04 16  119     97      910      0    -999   B5.5  11  0  0 12  0  0  0
2011 04 17  114     67      810      0    -999   B4.1   2  0  0  1  0  0  0
2011 04 18  111     67      680      0    -999   B3.8   4  0  0  6  0  0  0
2011 04 19  111     76      680      1    -999   B4.2   1  0  0  7  0  0  0
2011 04 20  117     90      555      1    -999   B4.1   3  0  0  6  0  0  0
2011 04 21  113    100      610      2    -999   B4.5   4  0  0 11  2  0  0
2011 04 22  115    103      600      0    -999   B8.4  15  2  0 25  3  0  0
2011 04 23  119     80      590      0    -999   B3.7   6  0  0  8  0  0  0
2011 04 24  117     78      520      0    -999   B3.8   1  0  0  2  0  0  0
2011 04 25  112     67      680      0    -999   B3.1   0  0  0  0  0  0  0
2011 04 26  109     57      245      2    -999   B2.8   0  0  0  0  0  0  0
2011 04 27  108     39      350      1    -999   B2.7   1  0  0  2  0  0  0
2011 04 28  110     71      450      2    -999   B2.4   3  0  0  1  0  0  0
2011 04 29  110     70      440      0    -999   B2.6   3  0  0  2  0  0  0
2011 04 30  110     76      530      0    -999   B3.4   5  0  0  6  0  0  0
2011 05 01  106     57      500      0    -999   B2.9   2  0  0  2  0  0  0
2011 05 02  110     51      160      2    -999   B2.9   1  0  0  4  0  0  0
2011 05 03  107     77      300      1    -999   B2.1   1  0  0  1  0  0  0
2011 05 04  107     72      280      0    -999   B2.0   0  0  0  0  0  0  0
2011 05 05  105     95      285      1    -999   B1.8   0  0  0  1  0  0  0
2011 05 06  102     71      240      0    -999   B1.8   0  0  0  0  0  0  0
2011 05 07  102     38      200      0    -999   B1.8   0  0  0  0  0  0  0
2011 05 08  102     61      230      2    -999   B1.8   0  0  0  1  0  0  0
2011 05 09  104     93      370      2    -999   B2.9   3  0  0  3  0  0  0
2011 05 10   98     80      260      0    -999   B1.9   0  0  0  0  0  0  0
2011 05 11   94     84      230      1    -999   B1.5   0  0  0  0  0  0  0
2011 05 12   93     29       70      0    -999   B1.3   1  0  0  1  1  0  0
2011 05 13   92     29       40      0    -999   B1.2   0  0  0  1  0  0  0
2011 05 14   91     64      120      3    -999   B1.1   0  0  0  1  0  0  0
2011 05 15   95     54      230      1    -999   B1.3   2  0  0  4  0  0  0
2011 05 16   92     63      210      1    -999   B1.4   0  0  0  1  0  0  0
2011 05 17   92     57      160      1    -999   B1.4   0  0  0  1  0  0  0
2011 05 18   91     65      230      1    -999   B1.3   2  0  0  0  0  0  0
2011 05 19   84     36      220      0    -999   A9.7   0  0  0  0  0  0  0
2011 05 20   84     33      190      0    -999   A7.5   0  0  0  0  0  0  0
2011 05 21   84     44      170      1    -999   A6.8   0  0  0  0  0  0  0
2011 05 22   85     47      130      1    -999   A7.5   0  0  0  1  0  0  0
2011 05 23   84     37      140      1    -999   A9.1   0  0  0  0  0  0  0
2011 05 24   82     23      100      0    -999   A7.4   0  0  0  0  0  0  0
2011 05 25   80     23       70      1    -999   A7.3   2  0  0  2  0  0  0
2011 05 26   83     40      130      1    -999   A7.2   0  0  0  1  0  0  0
2011 05 27   90     65      180      3    -999   B2.2   5  0  0  1  0  0  0
2011 05 28  101     91      540      0    -999   B5.5  18  1  0 10  0  0  0
2011 05 29  111     89      730      2    -999   B5.3  12  1  0 15  1  0  0
2011 05 30  112    105     1000      1    -999   B4.5   4  0  0  7  0  0  0
2011 05 31  112    132      800      1    -999   B3.6   2  0  0  1  0  0  0
2011 06 01  114    107      440      1    -999   B3.1   4  0  0  3  1  0  0
2011 06 02  112    118      650      1    -999   B4.4   5  0  0  3  1  1  0
2011 06 03  107    122      720      0    -999   B2.7   2  0  0  2  0  0  0
2011 06 04  103    116      390      0    -999   B2.2   0  0  0  1  0  0  0
2011 06 05  103     74      230      1    -999   B2.1   0  0  0  0  0  0  0
2011 06 06  100     67      220      0    -999   B2.0   2  0  0  4  0  0  0
2011 06 07   96     58      160      0    -999   B1.6   0  1  0  1  0  1  0
2011 06 08   90     45       90      0    -999   B1.3   0  0  0  1  0  0  0
2011 06 09   88     46       50      1    -999   B1.2   3  0  0  4  0  0  0
2011 06 10   87     35       40      0    -999   B1.2   1  0  0  0  0  0  0
2011 06 11   85     37       30      1    -999   B1.2   0  0  0  0  0  0  0
2011 06 12   85     16       10      0    -999   B1.7   0  0  0  1  0  0  0
2011 06 13   87     16       20      0    -999   B2.6   1  0  0  0  0  0  0
2011 06 14   99     48      230      1    -999   B2.4   2  1  0  1  0  0  0
2011 06 15  102     48      450      0    -999   B2.4   2  0  0  7  1  0  0
2011 06 16  103     62      450      0    -999   B3.0   4  0  0  4  1  0  0
2011 06 17  104     65      360      1    -999   B2.9   3  0  0  3  0  0  0
2011 06 18   99     67      350      0    -999   B2.3   0  0  0  3  0  0  0
2011 06 19   99     47      270      1    -999   B2.0   2  0  0  5  0  0  0
2011 06 20   96     43      250      2    -999   B2.1   0  0  0  0  0  0  0
2011 06 21   95     57      210      0    -999   B2.1   1  0  0  2  0  0  0
2011 06 22   93     44      160      0    -999   B1.5   0  0  0  0  0  0  0
2011 06 23   96     47      210      1    -999   B1.7   0  0  0  1  0  0  0
2011 06 24   96     62      280      0    -999   B1.6   0  0  0  0  0  0  0
2011 06 25   94     47      105      0    -999   B1.7   0  0  0  0  0  0  0
2011 06 26   90     26       40      0    -999   B1.6   0  0  0  0  0  0  0
2011 06 27   89     30       15      0    -999   B1.6   0  0  0  2  0  0  0
2011 06 28   87     37       40      2    -999   B1.5   0  0  0  0  0  0  0
2011 06 29   87     45      140      0    -999   B1.3   0  0  0  4  0  0  0
2011 06 30   89     34      110      0    -999   B1.0   0  0  0  0  0  0  0
2011 07 01   88     51      120      1    -999   B1.1   0  0  0 11  0  0  0
2011 07 02   86     54      110      0    -999   A9.1   0  0  0  1  0  0  0
2011 07 03   86     42      120      0    -999   B1.1   1  0  0 10  0  0  0
2011 07 04   85     44      165      0    -999   B1.0   0  0  0  0  0  0  0
2011 07 05   85     30      130      0    -999   B1.0   0  0  0  0  0  0  0
2011 07 06   85     36      150      0    -999   A9.9   0  0  0  0  0  0  0
2011 07 07   86     42      150      1    -999   B1.1   1  0  0  8  0  0  0
2011 07 08   86     65      110      3    -999   B1.1   4  0  0  5  2  0  0
2011 07 09   86     55       70      1    -999   B1.1   0  0  0  0  0  0  0
2011 07 10   91     67       90      1    -999   B1.7   0  0  0  1  0  0  0
2011 07 11   90     72      290      1    -999   B1.9   1  0  0  0  1  0  0
2011 07 12   92     62      300      0    -999   B2.1   1  0  0  2  0  0  0
2011 07 13   95     90      400      2    -999   B1.8   0  0  0  0  0  0  0
2011 07 14   94     79      265      2    -999   B1.6   0  0  0  6  0  0  0
2011 07 15   94     90      260      1    -999   B1.5   0  0  0  0  0  0  0
2011 07 16   94     75      230      0    -999   B1.5   0  0  0  1  0  0  0
2011 07 17  104    101      280      1    -999   B2.1   0  0  0 26  0  0  0
2011 07 18  102    127      400      2    -999   B2.4   1  0  0  3  0  0  0
2011 07 19  100     96      660      0    -999   B2.2   0  0  0  1  0  0  0
2011 07 20  100     79      310      0    -999   B2.1   0  0  0  2  0  0  0
2011 07 21   96     56      290      0    -999   B1.8   0  0  0  1  0  0  0
2011 07 22   92     54      180      0    -999   B1.6   0  0  0  0  0  0  0
2011 07 23   88     41      160      0    -999   B1.5   0  0  0  0  0  0  0
2011 07 24   86     46       40      1    -999   B1.4   0  0  0  0  0  0  0
2011 07 25   87     38       35      0    -999   B1.7   0  0  0  4  0  0  0
2011 07 26   94     30      320      1    -999   B2.7   2  0  0  7  0  0  0
2011 07 27   99     54      380      1    -999   B4.8   9  1  0 12  1  0  0
2011 07 28  107     84      770      2    -999   B5.4  13  0  0 16  1  0  0
2011 07 29  112     88      930      0    -999   B5.0  13  0  0 19  1  0  0
2011 07 30  113    101     1170      1    -999   B3.0   1  1  0  5  0  0  0
2011 07 31  119    128     1130      0    -999   B3.6   9  0  0 12  1  0  0
2011 08 01  125    130     1120      0    -999   B4.7   8  0  0 19  3  0  0
2011 08 02  122     98     1255      0    -999   B4.1   5  1  0 29  1  0  0
2011 08 03  120     66     1100      0    -999   B4.5   6  3  0 20  1  1  0
2011 08 04  116     81     1380      1    -999   B4.3  13  1  0 31  0  1  0
2011 08 05  109     94     1040      1    -999   B3.2   6  0  0  9  0  0  0
2011 08 06  110     85      660      1    -999   B3.9   5  0  0 12  0  0  0
2011 08 07  105     89      670      0    -999   B4.3   7  0  0 16  0  0  0
2011 08 08  102     80      510      0    -999   B3.1   4  1  0  7  1  0  0
2011 08 09   98     54      420      0    -999   B4.3   5  1  1 11  1  1  0
2011 08 10   90     43      250      0    -999   B3.0   5  0  0  5  0  0  0
2011 08 11   84     36       50      2    -999   B2.4   2  0  0  0  0  0  0
2011 08 12   83     25       20      0    -999   A9.0   0  0  0  0  0  0  0
2011 08 13   83     35       25      0    -999   A8.2   0  0  0  0  0  0  0
2011 08 14   88      0        0      0    -999   B2.2   0  0  0  0  0  0  0
2011 08 15   90     13      120      1    -999   B2.6   3  0  0  0  0  0  0
2011 08 16   93     26      250      1    -999   B2.0   0  0  0  0  0  0  0
2011 08 17   98     44      310      1    -999   B2.3   4  0  0  6  0  0  0
2011 08 18   98     53      360      0    -999   B1.9   3  0  0  7  0  0  0
2011 08 19   98     46      280      0    -999   B1.6   0  0  0  0  0  0  0
2011 08 20  101     59      340      1    -999   B2.3   1  0  0  4  0  0  0
2011 08 21  101     66      390      1    -999   B2.0   2  0  0  8  0  0  0
2011 08 22  108     82      380      0    -999   B2.5   1  0  0  0  0  0  0
2011 08 23  104     81      370      1    -999   B2.4   0  0  0  2  0  0  0
2011 08 24  104     79      790      1    -999   B2.5   1  0  0  8  0  0  0
2011 08 25  104     97      340      3    -999   B2.9   0  0  0  4  0  0  0
2011 08 26  105     76      330      1    -999   B2.7   2  0  0  5  0  0  0
2011 08 27  104     63      310      0    -999   B2.5   0  0  0  0  0  0  0
2011 08 28  101     73      200      1    -999   B2.2   0  0  0  5  0  0  0
2011 08 29  101     66      195      0    -999   B2.9   4  0  0  1  0  0  0
2011 08 30  101     89      230      3    -999   B2.4   5  0  0  3  1  0  0
2011 08 31  109    121      450      1    -999   B2.6   1  0  0  8  0  0  0
2011 09 01  112    119      590      0    -999   B2.9   2  0  0  5  0  0  0
2011 09 02  115    103      650      0    -999   B3.3   1  0  0 12  0  0  0
2011 09 03  119    139      580      2    -999   B4.9   8  0  0 18  0  0  0
2011 09 04  119    114      540      0    -999   B6.3   6  1  0  4  0  0  0
2011 09 05  119    102      440      1    -999   C1.6   1  2  0  2  0  0  0
2011 09 06  112     93      560      1    -999   B5.7   0  1  1  1  1  1  0
2011 09 07  113     60      620      0    -999   B3.8   2  0  1  0  1  0  1
2011 09 08  110     47      630      0    -999   B3.6   3  1  0  4  1  0  0
2011 09 09  112     65      680      1    -999   B4.2   3  2  0  7  2  0  0
2011 09 10  116     77      780      1    -999   B4.7   1  1  0  2  0  0  0
2011 09 11  121     94      750      1    -999   B4.8   4  0  0  3  0  0  0
2011 09 12  124     97      490      3    -999   B6.0   4  0  0  0  0  0  0
2011 09 13  129    118      660      1    -999   B5.3   3  0  0  3  0  0  0
2011 09 14  143    144      890      2    -999   B5.6   8  0  0 13  1  0  0
2011 09 15  141    167      810      0    -999   B6.0  11  0  0  8  0  0  0
2011 09 16  143    173      990      1    -999   B8.0  14  0  0 19  3  0  0
2011 09 17  145    138      910      0    -999   B8.2   2  0  0  2  0  0  0
2011 09 18  150    144     1000      2    -999   B9.2   6  0  0  6  0  0  0
2011 09 19  141    128      730      0    -999   B8.0   4  0  0  7  0  0  0
2011 09 20  144    101      600      0    -999   B7.1  11  0  0  9  1  0  0
2011 09 21  144    108      670      0    -999   C1.0   9  1  0 17  0  1  0
2011 09 22  151     86      970      2    -999   C1.4   5  1  1  8  2  1  0
2011 09 23  158     90     1520      0    -999   C1.3   9  3  0 24  2  0  0
2011 09 24  190     88     1930      2    -999   C1.6   4  8  1 15  1  1  0
2011 09 25  169    108     1400      1    -999   C2.7   4  6  0 35  2  2  0
2011 09 26  148    103     1170      1    -999   C1.4   9  2  0 20  1  1  0
2011 09 27  139     82     1110      0    -999   B5.2   8  0  0 10  0  0  0
2011 09 28  133    116     1240      1    -999   B3.8   3  1  0  4  2  0  0
2011 09 29  137     99      920      0    -999   B4.0   3  0  0  7  0  0  0
2011 09 30  138     89      970      0    -999   B4.0   4  1  0  7  1  0  0
2011 10 01  137     86      950      1    -999   B5.6   3  1  0  6  1  0  0
2011 10 02  131     92      760      1    -999   B4.9   6  2  0 11  3  0  0
2011 10 03  129     85      785      1    -999   B3.9   2  0  0  3  0  1  0
2011 10 04  130    126     1015      2    -999   B4.3   1  0  0  1  0  0  0
2011 10 05  127    100      850      1    -999   B5.6   5  0  0  4  0  0  0
2011 10 06  124     99      880      0    -999   B4.4   3  0  0  6  0  0  0
2011 10 07  122     88      790      0    -999   B3.9   4  0  0  3  1  0  0
2011 10 08  118     61      450      0    -999   B3.3   1  0  0  0  0  0  0
2011 10 09  121     71      600      1    -999   B3.0   1  0  0  0  0  0  0
2011 10 10  126     87      650      1    -999   B3.0   4  0  0  2  0  0  0
2011 10 11  130    113      840      2    -999   B3.3   1  0  0  6  0  0  0
2011 10 12  134    149     1040      2    -999   B4.0  11  0  0  9  0  0  0
2011 10 13  138    147     1200      1    -999   B4.1   8  0  0  7  1  0  0
2011 10 14  136    157     1250      0    -999   B3.9   7  0  0  7  0  0  0
2011 10 15  138    166     1290      2    -999   B4.5  10  0  0  5  0  0  0
2011 10 16  151    158     1240      0    -999   B8.6  11  0  0 10  0  0  0
2011 10 17  153    165     1170      2    -999   B9.8   4  0  0  3  0  0  0
2011 10 18  147    144      940      0    -999   B8.6   1  0  0  0  0  0  0
2011 10 19  147    140     1270      1    -999   B7.8   6  0  0  9  0  0  0
2011 10 20  159    161     1330      3    -999   B8.6   2  1  0  2  0  0  0
2011 10 21  168    184     1370      1    -999   B9.9   3  1  0  2  0  0  0
2011 10 22  164    164     1010      1    -999   B9.3   3  1  0  7  0  0  0
2011 10 23  156    102      680      1    -999   B7.6   3  0  0  2  0  0  0
2011 10 24  145    125     1110      1    -999   B5.4   0  0  0  0  0  0  0
2011 10 25  139    121      860      0    -999   B4.8   1  0  0  1  0  0  0
2011 10 26  132     91      660      0    -999   B4.3   1  0  0  0  0  0  0
2011 10 27  132     85      700      1    -999   B3.4   1  0  0  0  0  0  0
2011 10 28  134     91      620      0    -999   B5.0   3  0  0  2  0  0  0
2011 10 29  123     73      530      0    -999   B4.3   5  0  0  1  0  0  0
2011 10 30  127     80      500      1    -999   B5.0   8  0  0  2  0  0  0
2011 10 31  138    112      620      3    -999   B8.8   4  2  0  0  0  0  0
2011 11 01  139    129      870      2    -999   B9.2   6  0  0  0  0  0  0
2011 11 02  154    109     1120      0    -999   C1.0   7  1  0  8  0  0  0
2011 11 03  160    149     1985      0    -999   B8.9  13  2  1 10  1  1  0
2011 11 04  164     88     1860      0    -999   B8.8   6  1  0  4  0  0  0
2011 11 05  172    123     1820      3    -999   B8.1   4  3  0  1  2  0  0
2011 11 06  177    132     1890      1    -999   B8.4   9  2  0  8  0  0  0
2011 11 07  182    154     2100      1    -999   B7.6   4  0  0  2  0  0  0
2011 11 08  181    148     1520      0    -999   B6.7   3  0  0  2  0  0  0
2011 11 09  180    208     2102      1    -999   B6.5   1  1  0  1  0  0  0
2011 11 10  179    152     1910      0    -999   B6.9   3  0  0  3  1  0  0
2011 11 11  174    127     1240      0    -999   B7.7   4  0  0  3  0  0  0
2011 11 12  169    155     1560      1    -999   B7.2   5  0  0  4  0  0  0
2011 11 13  155    142     1230      1    -999   B6.8   8  0  0  3  0  0  0
2011 11 14  161    176      900      4    -999   B8.4   4  0  0 12  0  0  0
2011 11 15  148    137      840      0    -999   C1.0   6  3  0  5  1  0  0
2011 11 16  142    126     1020      1    -999   B9.5  11  0  0  3  1  0  0
2011 11 17  148    122      760      2    -999   B7.6   9  0  0  6  0  0  0
2011 11 18  144    137      700      1    -999   B6.9   5  0  0  9  0  0  0
2011 11 19  140    149      690      1    -999   B6.5   8  0  0  4  0  0  0
2011 11 20  140    101      620      1    -999   B6.0  11  0  0  4  2  0  0
2011 11 21  141    101      780      0    -999   B5.1   3  0  0  4  0  0  0
2011 11 22  142    132      730      1    -999   B4.8   8  0  0 12  0  0  0
2011 11 23  140    123      670      0    -999   B4.4   4  0  0  6  0  0  0
2011 11 24  137    139      750      1    -999   B3.9   3  0  0  1  0  0  0
2011 11 25  135    171      700      2    -999   B4.5   3  0  0  5  1  0  0
2011 11 26  133    133      650      0    -999   B3.9   5  0  0  2  0  0  0
2011 11 27  135    123      630      1    -999   B4.0   2  0  0  9  0  0  0
2011 11 28  138     90      350      0    -999   B5.3   7  0  0  5  1  0  0
2011 11 29  141    106      510      2    -999   B5.1   4  0  0  4  0  0  0
2011 11 30  144    111      620      0    -999   B5.1   5  0  0  4  0  0  0
2011 12 01  155     89      540      0    -999   B5.7   2  0  0  2  0  0  0
2011 12 02  157    106      630      1    -999   B5.8   3  0  0  0  0  0  0
2011 12 03  160    138      870      1    -999   B6.0   2  0  0  3  0  0  0
2011 12 04  164    154      960      1    -999   B5.4   3  0  0  1  0  0  0
2011 12 05  158    185     1175      2    -999   B5.2   8  0  0  7  0  0  0
2011 12 06  151    143      630      0    -999   B4.7   0  0  0  0  0  0  0
2011 12 07  149    122      750      3    -999   B4.5   3  0  0  3  0  0  0
2011 12 08  145    142      720      3    -999   B4.4   2  0  0  1  0  0  0
2011 12 09  144    116      880      0    -999   B3.8   1  0  0  3  0  0  0
2011 12 10  140     90      620      0    -999   B4.2   3  0  0  1  0  0  0
2011 12 11  134    103      730      0    -999   B4.7   0  0  0  2  0  0  0
2011 12 12  132     70      530      0    -999   B5.0   2  0  0  4  0  0  0
2011 12 13  133     77      280      1    -999   B5.1   5  0  0  1  0  0  0
2011 12 14  132     65      280      1    -999   B8.3  13  0  0  3  0  0  0
2011 12 15  124     44      280      0    -999   B3.2   1  0  0  0  0  0  0
2011 12 16  121     60      250      1    -999   B2.5   0  0  0  0  0  0  0
2011 12 17  120     95      250      2    -999   B2.3   3  0  0  1  0  0  0
2011 12 18  128    103      270      2    -999   B3.2   2  0  0  3  0  0  0
2011 12 19  128    133      400      1    -999   B3.6   0  0  0  0  0  0  0
2011 12 20  137    139      510      1    -999   B5.1   6  0  0  9  0  0  0
2011 12 21  145     93      530      0    -999   B7.8  16  0  0 19  0  0  0
2011 12 22  146    105      990      0    -999   B7.0   2  0  0  6  0  0  0
2011 12 23  138    123     1040      2    -999   B4.7   4  0  0  1  0  0  0
2011 12 24  143    101      840      0    -999   B5.7   4  0  0  2  0  0  0
2011 12 25  144     66      590      1    -999   B5.8   5  1  0  5  1  0  0
2011 12 26  146    110      800      0    -999   B6.5   2  2  0 10  1  0  0
2011 12 27  140    126     1030      1    -999   B5.5   8  0  0  9  1  0  0
2011 12 28  145    122     1135      2    -999   B5.7  13  0  0  6  1  0  0
2011 12 29  147    105     1025      0    -999   B6.5  15  2  0 13  1  0  0
2011 12 30  141    104     1180      0    -999   B5.6  12  1  0  6  0  0  0
2011 12 31  133     68      790      0    -999   B3.8   1  2  0  3  1  0  0

:Product: Daily Solar Data         2012_DSD.txt
:Issued: 1900 UTC 02 Jan 2013
#
#  Prepared by the U.S. Dept. of Commerce, NOAA, Space Weather Prediction Center
#  Please send comments and suggestions to SWPC.Webmaster@noaa.gov
#
#                Quarterly Daily Solar Data
#
#                         Sunspot       Stanford GOES15
#           Radio  SESC     Area          Solar  X-Ray  ------ Flares ------
#           Flux  Sunspot  10E-6   New     Mean  Bkgd    X-Ray      Optical
#  Date     10.7cm Number  Hemis. Regions Field  Flux   C  M  X  S  1  2  3
#--------------------------------------------------------------------------- 
2012 01 01  130     61      810      0    -999   B4.4   2  0  0  2  0  0  0
2012 01 02  135     83      570      1    -999   B4.1   3  0  0  2  0  0  0
2012 01 03  135     95      650      1    -999   B4.1   0  0  0  2  0  0  0
2012 01 04  136    101      960      0    -999   B3.9   2  0  0  1  0  0  0
2012 01 05  141     99      890      1    -999   B4.3   2  0  0  1  0  0  0
2012 01 06  136    118     1000      1    -999   B4.8   4  0  0  5  0  0  0
2012 01 07  141    110     1000      0    -999   B6.1   2  0  0  2  0  0  0
2012 01 08  136     90      900      1    -999   B6.1   7  0  0  4  0  0  0
2012 01 09  142     90     1180      0    -999   B4.8   4  0  0  8  0  0  0
2012 01 10  129     63      980      0    -999   B4.0   2  0  0  2  0  0  0
2012 01 11  120     64      920      0    -999   B5.4   5  0  0  2  1  0  0
2012 01 12  117     57      380      1    -999   B5.1   3  0  0  1  0  0  0
2012 01 13  124     81      285      2    -999   B4.9   1  0  0  2  0  0  0
2012 01 14  132    145      510      4    -999   B5.9   5  1  0  1  0  0  0
2012 01 15  134    141      665      1    -999   B6.2   5  0  0  1  0  0  0
2012 01 16  140    120     1070      2    -999   C1.0   5  0  0  4  0  0  0
2012 01 17  139    152     1270      1    -999   B5.2   3  1  0  3  1  0  0
2012 01 18  148    122     1130      1    -999   B5.7   3  1  0  1  1  0  0
2012 01 19  157    117     1140      0    -999   B5.9   2  1  0  4  0  1  0
2012 01 20  141     88      780      0    -999   B6.0   2  0  0  0  0  0  0
2012 01 21  142    102      930      2    -999   B4.9   2  0  0  2  0  0  0
2012 01 22  141    103      790      0    -999   B5.5   4  0  0 10  1  0  0
2012 01 23  144    108      740      0    -999   B6.0   1  1  0  7  3  1  0
2012 01 24  136    105      880      0    -999   B5.8   3  0  0  5  0  0  0
2012 01 25  126     68      350      0    -999   B4.9   0  0  0  1  0  0  0
2012 01 26  128     55      510      1    -999   B7.3   7  0  0  1  0  0  0
2012 01 27  142     39      290      0    -999   B5.2   5  0  1  1  1  0  0
2012 01 28  115     34      210      1    -999   B5.9   1  0  0  0  0  0  0
2012 01 29  110     74      290      2    -999   B2.7   0  0  0  0  0  0  0
2012 01 30  114     76      330      0    -999   B2.1   1  0  0  0  0  0  0
2012 01 31  117     71      340      0    -999   B2.5   0  0  0  0  0  0  0
2012 02 01  118     85      420      0    -999   B2.2   1  0  0  0  0  0  0
2012 02 02  118     85      420      0    -999   B2.6   0  0  0  0  0  0  0
2012 02 03  111     39      280      0    -999   B2.1   0  0  0  0  0  0  0
2012 02 04  107     43      270      1    -999   B1.8   0  0  0  0  0  0  0
2012 02 05  103     37      170      0    -999   B1.5   0  0  0  0  0  0  0
2012 02 06  112     27      210      0    -999   B2.2   1  1  0  4  0  0  0
2012 02 07  107     24      210      0    -999   B2.5   5  0  0  2  1  0  0
2012 02 08   97     28       90      1    -999   B3.1   1  0  0  3  0  0  0
2012 02 09   99     33      150      1    -999   B2.7   1  0  0  0  0  0  0
2012 02 10  111     51      120      1    -999   B2.7   2  0  0  4  0  0  0
2012 02 11  112     62      430      0    -999   B3.0   8  0  0  0  0  0  0
2012 02 12  110     80      550      3    -999   B2.4   3  0  0  1  0  0  0
2012 02 13  108     59      450      0    -999   B2.0   0  0  0  0  0  0  0
2012 02 14  107     64      420      0    -999   B1.7   0  0  0  0  0  0  0
2012 02 15  105     40      310      0    -999   B1.6   0  0  0  0  0  0  0
2012 02 16  103     41      300      0    -999   B1.6   0  0  0  0  0  0  0
2012 02 17  104     53      250      0    -999   B1.7   0  0  0  0  0  0  0
2012 02 18  104     63      260      1    -999   B1.8   0  0  0  0  0  0  0
2012 02 19  105     69      180      1    -999   B2.0   1  0  0  1  0  0  0
2012 02 20  111     72      370      0    -999   B2.4   3  0  0  4  0  0  0
2012 02 21  103     61      390      0    -999   B2.1   1  0  0  0  0  0  0
2012 02 22  104     31      270      0    -999   B1.8   0  0  0  0  0  0  0
2012 02 23  103     52      280      1    -999   B2.2   0  0  0  0  0  0  0
2012 02 24  109     47      300      1    -999   B2.7   0  0  0  0  0  0  0
2012 02 25  108     47      310      0    -999   B2.5   0  0  0  0  0  0  0
2012 02 26  107     58      290      2    -999   B2.3   2  0  0  1  0  0  0
2012 02 27  106     45      130      0    -999   B2.0   0  0  0  1  0  0  0
2012 02 28  103     35      130      0    -999   B1.6   0  0  0  0  0  0  0
2012 02 29  102     22      130      0    -999   B1.5   0  0  0  3  0  0  0
2012 03 01  103     24      110      1    -999   B1.7   1  0  0  0  1  0  0
2012 03 02  108     24      100      0    -999   B3.0   0  1  0  1  0  0  0
2012 03 03  116     52      430      2    -999   B2.6   6  0  0  3  0  0  0
2012 03 04  120     70      870      1    -999   B4.5   4  1  0 14  1  0  0
2012 03 05  132    105     1240      1    -999   C1.0  15  3  1 21  2  1  0
2012 03 06  138    109     1540      0    -999   B7.7  12  7  0 10  3  0  0
2012 03 07  136    102     1800      0    -999   C1.1   1  0  2 11  0  0  1
2012 03 08  140     86     1330      0    -999   B6.5   6  0  0  4  0  0  0
2012 03 09  146     96     1240      1    -999   B8.8  10  1  0  1  0  0  0
2012 03 10  149     89     1120      0    -999   B7.0   9  1  0  4  0  0  0
2012 03 11  131    103     1260      2    -999   B5.6   4  0  0  1  0  0  0
2012 03 12  115     89      650      0    -999   B4.7   4  0  0  2  0  0  0
2012 03 13  141     80      650      0    -999   B4.4   2  1  0  1  1  0  0
2012 03 14  119     75      530      0    -999   B7.6   0  1  0  3  1  0  0
2012 03 15  111     85      370      1    -999   B4.7   2  1  0  2  1  0  0
2012 03 16   99    104      330      1    -999   B2.4   3  0  0  5  0  0  0
2012 03 17  102     89      210      1    -999   B2.0   1  1  0  1  0  0  0
2012 03 18  102     54      260      0    -999   B2.4   1  0  0  2  0  0  0
2012 03 19  102     58      320      0    -999   B1.8   2  0  0  6  0  0  0
2012 03 20  100     74      400      2    -999   B2.0   1  0  0  1  0  0  0
2012 03 21  100     62      240      1    -999   B2.3   3  0  0  2  0  0  0
2012 03 22  102     86      180      3    -999   Unk    1  0  0  2  0  0  0
2012 03 23  105     74      180      2    -999   B3.3   1  1  0  2  0  0  0
2012 03 24  103     65      200      0    -999   B1.9   1  0  0  3  0  0  0
2012 03 25  101     84      390      1    -999   B2.2   3  0  0  4  1  0  0
2012 03 26  102     56      300      0    -999   B1.8   2  0  0  5  1  0  0
2012 03 27  106     63      330      1    -999   B2.6   2  0  0  3  1  0  0
2012 03 28  107     70      310      1    -999   B3.0   1  0  0  4  0  0  0
2012 03 29  112    100      370      1    -999   B2.5   5  0  0  3  0  0  0
2012 03 30  111     93      370      0    -999   B1.9   1  0  0  1  0  0  0
2012 03 31  110     96      290      2    -999   B2.6   0  0  0  1  0  0  0
2012 04 01  107     50      200      0    -999   B1.9   0  0  0  1  0  0  0
2012 04 02  106     67      250      2    -999   B2.4   0  0  0  2  0  0  0
2012 04 03  104     62      220      0    -999   B2.2   0  0  0  1  0  0  0
2012 04 04  102     60      220      0    -999   B1.5   1  0  0  1  0  0  0
2012 04 05  101     39      160      0    -999   B2.0   3  0  0  3  1  0  0
2012 04 06   97     39      210      0    -999   B1.6   0  0  0  1  0  0  0
2012 04 07   99     38      110      0    -999   B1.5   1  0  0  0  0  0  0
2012 04 08   93     25      130      0    -999   B1.2   0  0  0  7  0  0  0
2012 04 09   95     24      130      0    -999   B1.1   2  0  0  0  0  0  0
2012 04 10   93     24       15      1    -999   B1.1   0  0  0  0  0  0  0
2012 04 11   93     28       50      1    -999   B1.1   0  0  0  2  0  0  0
2012 04 12   95     50      100      1    -999   B1.2   0  0  0  1  0  0  0
2012 04 13   98     50      140      1    -999   B1.5   0  0  0  0  0  0  0
2012 04 14   98     65      220      2    -999   B1.5   0  0  0  0  0  0  0
2012 04 15  102     77      270      0    -999   B2.4   2  0  0  2  0  0  0
2012 04 16  108     86      500      1    -999   B2.7   1  1  0  2  0  0  0
2012 04 17  114     78      300      2    -999   B2.9   1  0  0  2  0  0  0
2012 04 18  122     96      590      1    -999   B4.0   7  0  0  7  1  0  0
2012 04 19  138    122      520      1    -999   B5.2   5  0  0  4  0  0  0
2012 04 20  142    162     1590      1    -999   B3.8   7  0  0 12  1  0  0
2012 04 21  149    147     1630      0    -999   B5.4   3  0  0  7  1  0  0
2012 04 22  148    118     1490      1    -999   B6.4   8  0  0 10  0  0  0
2012 04 23  142    158     1580      0    -999   B5.5   3  0  0  4  0  0  0
2012 04 24  134    169     1340      3    -999   B5.1   6  0  0  5  0  0  0
2012 04 25  127    137      920      0    -999   B4.7   3  0  0  3  0  0  0
2012 04 26  119    117      540      0    -999   B4.1   2  0  0  0  0  0  0
2012 04 27  118     99      480      0    -999   B5.8   7  1  0  8  1  0  0
2012 04 28  121    118      570      2    -999   B5.2   6  0  0 15  0  0  0
2012 04 29  116    114      660      1    -999   B3.7   5  0  0  6  0  0  0
2012 04 30  114    104      710      0    -999   B4.3   6  0  0  8  0  0  0
2012 05 01  110     99      610      1    -999   B3.3   3  0  0  7  1  0  0
2012 05 02  116     96      590      1    -999   B2.8   5  0  0  6  0  0  0
2012 05 03  114    107      540      1    -999   B3.4   3  0  0 11  0  0  0
2012 05 04  114    101      510      0    -999   B3.9   6  0  0  6  0  0  0
2012 05 05  116     88      610      1    -999   B6.7  17  2  0  8  1  0  0
2012 05 06  117    104     1055      0    -999   B5.4  15  2  0  9  1  0  0
2012 05 07  122     79     1050      0    -999   B5.9  12  1  0  2  1  0  0
2012 05 08  123     90     1160      1    -999   B3.5   4  1  0  4  1  0  0
2012 05 09  127     79     1320      0    -999   B4.1   9  3  0 11  2  0  0
2012 05 10  131     93     1320      1    -999   B6.5  17  2  0 15  1  1  0
2012 05 11  136    102     1280      2    -999   B6.1  21  0  0 20  0  0  0
2012 05 12  130     85     1190      0    -999   B4.9   8  0  0 16  0  0  0
2012 05 13  131    138     1110      4    -999   B4.2   3  0  0  3  1  0  0
2012 05 14  130    156      850      0    -999   B4.3   7  0  0  6  0  0  0
2012 05 15  129    125      550      1    -999   B4.9   3  0  0 10  0  0  0
2012 05 16  131    122      630      0    -999   B4.5   3  0  0  3  0  0  0
2012 05 17  136    114      720      0    -999   B6.5   5  1  0  0  1  0  0
2012 05 18  132    118      770      1    -999   B4.5   7  0  0  3  0  0  0
2012 05 19  131    110      840      0    -999   B3.5   2  0  0  2  0  0  0
2012 05 20  131    124      880      1    -999   B3.4   0  0  0  2  0  0  0
2012 05 21  125    109      840      0    -999   B3.1   0  0  0  3  0  0  0
2012 05 22  121     95      780      1    -999   B3.0   0  0  0  3  0  0  0
2012 05 23  117     91      650      1    -999   B3.1   1  0  0  2  0  0  0
2012 05 24  116     83      310      1    -999   B4.4   3  0  0  3  0  0  0
2012 05 25  117     86      530      2    -999   B4.4   7  0  0  4  0  0  0
2012 05 26  110     70      410      0    -999   B3.6   2  0  0  5  0  0  0
2012 05 27  111     83      400      0    -999   B2.8   1  0  0  2  0  0  0
2012 05 28  110     87      480      0    -999   B2.1   0  0  0  3  0  0  0
2012 05 29  106     73      460      0    -999   B2.4   0  0  0  0  0  0  0
2012 05 30  111     78      400      0    -999   B3.6   2  0  0  1  0  0  0
2012 05 31  117     76      310      3    -999   B5.4   8  0  0  9  0  0  0
2012 06 01  129    151      840      3    -999   B5.8   5  0  0  9  1  0  0
2012 06 02  129    113      630      0    -999   B4.3   2  0  0  3  0  0  0
2012 06 03  129    133      590      1    -999   B5.0   1  1  0  4  0  0  0
2012 06 04  128    155      590      3    -999   B3.7   2  0  0  3  1  0  0
2012 06 05  139    154      670      1    -999   B4.0   5  0  0  7  0  1  0
2012 06 06  140    131      580      0    -999   B4.9   8  1  0  7  1  0  0
2012 06 07  128     98      480      0    -999   B6.0  13  0  0  8  0  1  0
2012 06 08  124     90      300      0    -999   B4.7   2  0  0  2  0  0  0
2012 06 09  128    107      400      2    -999   B5.2   4  2  0  8  0  0  0
2012 06 10  128    127      550      2    -999   B5.0   5  1  0  3  0  0  0
2012 06 11  134     98      290      0    -999   B5.5   7  0  0  7  0  0  0
2012 06 12  141    132      670      0    -999   B6.1  13  0  0  8  0  0  0
2012 06 13  143    134      830      1    -999   B8.6  13  1  0  8  1  0  0
2012 06 14  149    114      840      0    -999   B9.7   9  1  0  8  3  0  0
2012 06 15  145    113      930      1    -999   B5.5   4  0  0 14  0  0  0
2012 06 16  135    110     1070      0    -999   B4.2   4  0  0  8  1  0  0
2012 06 17  124     96      978      0    -999   B4.6   7  0  0 12  0  0  0
2012 06 18  118     66      820      0    -999   B3.6   2  0  0  2  0  0  0
2012 06 19  110     64      680      1    -999   B3.2   3  0  0  2  0  0  0
2012 06 20  104     29      520      0    -999   B2.9   5  0  0  2  0  0  0
2012 06 21   98     13      210      0    -999   B2.1   0  0  0  0  0  0  0
2012 06 22   88     13       30      1    -999   B1.1   0  0  0  0  0  0  0
2012 06 23   84     13       30      0    -999   B1.0   1  0  0  0  0  0  0
2012 06 24   85     24       30      0    -999   A6.8   0  0  0  0  0  0  0
2012 06 25   89     14       60      1    -999   B1.3   2  0  0  2  0  0  0
2012 06 26   99     28      160      1    -999   B2.3   2  0  0  6  0  0  0
2012 06 27  106     79      570      2    -999   B3.6   4  0  0 18  0  0  0
2012 06 28  120     73      530      0    -999   B3.2   5  1  0 12  1  0  0
2012 06 29  117     97      790      1    -999   B3.9   9  1  0 16  1  0  0
2012 06 30  124     90      810      0    -999   B4.3   6  2  0 12  1  0  0
2012 07 01  133    137     1320      1    -999   B6.3   7  1  0 46  0  0  0
2012 07 02  166    165     1130      0    -999   B8.4  17  4  0 24  7  2  0
2012 07 03  146    136     1000      0    -999   C1.0  16  0  0 42  0  0  0
2012 07 04  163    129      990      2    -999   C2.0  11  7  0 16  5  2  0
2012 07 05  165    122     1050      0    -999   C2.6  12 10  0 21  5  2  1
2012 07 06  158    131     1240      0    -999   C2.4  11  6  1 24  3  0  0
2012 07 07  158    127     1590      1    -999   C1.5   9  3  0 18  0  0  0
2012 07 08  178    113     1910      0    -999   C2.0  12  4  0 47  4  0  0
2012 07 09  174    137     1860      1    -999   C2.0   5  1  0 22  0  0  0
2012 07 10  173    122     1640      0    -999   C1.4  10  2  0  5  3  0  0
2012 07 11  162     94     1510      0    -999   B9.0   5  0  0 11  2  0  0
2012 07 12  165    132     1750      2    -999   B7.0   4  0  1 10  3  1  0
2012 07 13  147    112     1270      0    -999   B8.2   6  0  0 19  0  0  0
2012 07 14  148    120     1390      0    -999   B8.7   5  1  0 12  2  0  0
2012 07 15  141    134     1440      0    -999   B6.5   8  0  0  9  1  0  0
2012 07 16  138     89      840      0    -999   C1.0   5  0  0  9  0  1  0
2012 07 17  128     87      920      2    -999   C1.0   2  1  0 15  1  0  0
2012 07 18  110     59      480      0    -999   B6.2   3  0  0  1  0  0  0
2012 07 19  100     39      140      0    -999   B5.8   4  1  0  3  0  0  0
2012 07 20   92     55      110      1    -999   B3.4   0  0  0  0  0  0  0
2012 07 21   90     50       60      0    -999   B1.7   1  0  0  0  0  0  0
2012 07 22   94     29       70      0    -999   B2.2   0  0  0  0  0  0  0
2012 07 23   97     60      180      3    -999   B2.8   3  0  0  0  1  0  0
2012 07 24  102     66      270      1    -999   B2.7   4  0  0  1  0  0  0
2012 07 25  105     66      310      0    -999   B3.2   0  0  0  1  0  0  0
2012 07 26  115     77      360      2    -999   B3.5   1  0  0  1  0  0  0
2012 07 27  123     91      370      1    -999   B4.8   8  1  0 11  0  0  0
2012 07 28  127    108      780      1    -999   B5.5   3  1  0  6  0  1  0
2012 07 29  131     79      810      0    -999   B7.0   6  1  0 16  2  0  0
2012 07 30  136    106      810      2    -999   B5.6  13  1  0 16  1  0  0
2012 07 31  140    116      790      2    -999   B5.8  12  0  0 27  0  0  0
2012 08 01  150    118      900      0    -999   B6.3  10  0  0 20  0  0  0
2012 08 02  135    126      890      1    -999   B4.8   2  0  0  1  0  0  0
2012 08 03  140    160      820      2    -999   B5.6   4  0  0 10  1  0  0
2012 08 04  139    140      880      0    -999   B6.0   4  0  0 10  1  0  0
2012 08 05  134    107      730      0    -999   B6.2   2  0  0  2  0  0  0
2012 08 06  134    108      530      1    -999   B6.1   9  1  0  2  0  0  0
2012 08 07  129     96      750      1    -999   B5.5  10  0  0 12  2  0  0
2012 08 08  133     99      690      0    -999   B5.6   7  0  0 12  0  0  0
2012 08 09  131    124      890      1    -999   B6.1   9  0  0 21  1  0  0
2012 08 10  125    105      790      0    -999   B3.6   4  0  0  9  0  0  0
2012 08 11  120     98      570      1    -999   B3.4   2  1  0  7  2  1  0
2012 08 12  112     76      390      0    -999   B2.9   0  0  0  5  0  0  0
2012 08 13  108     62      340      0    -999   B3.0   3  0  0  1  0  0  0
2012 08 14  106     46      350      0    -999   B2.4   5  0  0  4  1  0  0
2012 08 15  101     32      310      0    -999   B1.7   0  0  0  4  0  0  0
2012 08 16   98     34      410      1    -999   B1.8   1  0  0  2  1  0  0
2012 08 17   95     42      400      1    -999   B1.9   5  2  0  1  0  0  0
2012 08 18   97     56      500      1    -999   B3.7  13  5  0 24  1  0  0
2012 08 19   96     69      360      1    -999   B2.0   3  0  0 10  0  0  0
2012 08 20   96     52       90      0    -999   B1.9   0  0  0  1  0  0  0
2012 08 21   94     64      140      3    -999   B1.6   0  0  0  0  0  0  0
2012 08 22   95     65      110      0    -999   B1.4   0  0  0  1  0  0  0
2012 08 23   97     49      230      1    -999   B1.4   0  0  0  0  0  0  0
2012 08 24  104     69      200      1    -999   B1.6   0  0  0  1  0  0  0
2012 08 25  106     70      520      1    -999   B2.0   1  0  0  1  0  0  0
2012 08 26  113     78      590      0    -999   B2.7   1  0  0  1  0  0  0
2012 08 27  112     85      580      3    -999   B2.3   0  0  0  2  0  0  0
2012 08 28  111     73      340      1    -999   B2.2   0  0  0  3  0  0  0
2012 08 29  118     95      360      1    -999   B3.4   3  0  0  4  0  0  0
2012 08 30  128    118      370      3    -999   B6.7  11  1  0 20  0  0  0
2012 08 31  131    144      730      1    -999   B7.8   8  0  0 14  0  1  0
2012 09 01  146    120      740      0    -999   B9.8   5  0  0 24  1  0  0
2012 09 02  142    108      640      0    -999   B8.2   5  0  0 17  0  0  0
2012 09 03  142    156      860      2    -999   B6.7  10  0  0 18  0  0  0
2012 09 04  138    150      590      0    -999   B6.1   6  0  0  6  0  0  0
2012 09 05  133    105      670      0    -999   B5.4   8  0  0  9  0  0  0
2012 09 06  128    112      550      0    -999   B4.4   9  1  0  5  0  0  0
2012 09 07  133    110      640      1    -999   B5.3   6  0  0  6  0  0  0
2012 09 08  129     70      470      0    -999   B7.1   4  1  0  6  0  0  0
2012 09 09  123     87      420      1    -999   B5.4   2  1  0  2  1  0  0
2012 09 10  111     62      250      1    -999   B4.7   5  0  0  7  0  0  0
2012 09 11  105     73      390      0    -999   B4.8   6  0  0  2  0  0  0
2012 09 12  103     68      380      2    -999   B4.1   3  0  0  1  0  0  0
2012 09 13   99     44      390      0    -999   B3.1   7  0  0  2  0  0  0
2012 09 14  101     44      270      0    -999   B1.5   0  0  0  2  0  0  0
2012 09 15   98     53      300      1    -999   B1.7   0  0  0  1  0  0  0
2012 09 16   97     77      240      2    -999   B1.5   0  0  0  1  0  0  0
2012 09 17  102     51      220      0    -999   B2.3   3  0  0  0  0  0  0
2012 09 18  104     61      330      1    -999   B2.8   1  0  0  0  0  0  0
2012 09 19  110     62      420      1    -999   B2.5   2  0  0  4  0  0  0
2012 09 20  117     68      610      0    -999   B2.7   1  0  0 11  0  0  0
2012 09 21  117     74      420      0    -999   B2.5   0  0  0  2  0  0  0
2012 09 22  125     46      390      1    -999   B3.1   0  0  0  0  0  0  0
2012 09 23  134     57      410      0    -999   B3.7   1  0  0  0  0  0  0
2012 09 24  137     90      470      2    -999   B5.2   2  0  0  2  0  0  0
2012 09 25  140    121      560      2    -999   B4.6   6  0  0  6  0  0  0
2012 09 26  139    113      710      1    -999   B3.7   1  0  0  0  0  0  0
2012 09 27  133     97      600      0    -999   B3.2   2  0  0  1  1  0  0
2012 09 28  138     77      590      0    -999   B3.8   0  0  0  1  0  0  0
2012 09 29  136     70      830      1    -999   B5.6  11  0  0 13  0  0  0
2012 09 30  136     95      830      1    -999   B5.7  12  1  0 12  0  0  0
2012 10 01  128     59      580      0    -999   B7.6   8  0  0  0  0  0  0
2012 10 02  118     55      550      1    -999   B4.3   1  0  0  2  0  0  0
2012 10 03  113     58      710      0    -999   B2.1   0  0  0  3  0  0  0
2012 10 04  110     56      640      0    -999   B1.8   0  0  0  1  0  0  0
2012 10 05  106     55      560      0    -999   B2.1   0  0  0  0  0  0  0
2012 10 06   99     39      520      0    -999   B1.7   0  0  0  1  0  0  0
2012 10 07   98     37      480      1    -999   B1.9   1  0  0  0  0  0  0
2012 10 08  103     41      460      0    -999   B4.4   5  1  0  1  0  0  0
2012 10 09  106     63      410      3    -999   B4.5  10  1  0  3  0  0  0
2012 10 10  112     71      400      0    -999   B3.6   9  1  0  3  0  0  0
2012 10 11  117     82      500      1    -999   B5.0   5  0  0  5  0  0  0
2012 10 12  122     89      670      1    -999   B4.3   5  0  0  4  1  0  0
2012 10 13  125     85      610      0    -999   B4.3   1  0  0  1  0  0  0
2012 10 14  132     97      590      1    -999   B5.4   6  0  0  4  0  0  0
2012 10 15  137    119      550      2    -999   B5.5   5  0  0  2  0  0  0
2012 10 16  137    107      490      0    -999   B4.3   3  0  0  2  1  0  0
2012 10 17  135    100      390      1    -999   B4.5   6  0  0  3  0  0  0
2012 10 18  138    112      640      2    -999   B4.4   1  0  0  0  0  0  0
2012 10 19  141    110      690      0    -999   B5.4   4  0  0  5  1  0  0
2012 10 20  151    112      870      1    -999   B6.2   3  1  0  0  0  0  0
2012 10 21  144     75      930      0    -999   B6.1   9  1  0  2  0  0  0
2012 10 22  156     86      800      0    -999   B5.8   4  1  0  2  1  0  0
2012 10 23  142     84      910      1    -999   B5.8   6  0  1  4  0  0  0
2012 10 24  136     78      880      0    -999   B4.7   7  0  0  5  0  0  0
2012 10 25  130     58      700      0    -999   B3.8   2  0  0  6  0  0  0
2012 10 26  131     71      730      1    -999   B5.1   8  0  0  4  0  0  0
2012 10 27  122     59      630      0    -999   B3.9   1  0  0  1  0  0  0
2012 10 28  117     55      460      0    -999   B3.2   1  0  0  1  0  0  0
2012 10 29  108     75      450      2    -999   B2.4   0  0  0  0  0  0  0
2012 10 30  106     56      400      0    -999   B2.2   0  0  0  0  0  0  0
2012 10 31  104     35      370      0    -999   B2.4   2  0  0  0  0  0  0
2012 11 01   98     48      350      1    -999   B2.2   0  0  0  2  0  0  0
2012 11 02   97     34      320      0    -999   B1.9   0  0  0  0  0  0  0
2012 11 03   93     35      110      1    -999   B2.0   0  0  0  0  0  0  0
2012 11 04   95     46      130      2    -999   B1.7   0  0  0  0  0  0  0
2012 11 05   97     47       40      2    -999   B1.9   1  0  0  0  0  0  0
2012 11 06   99     61      130      1    -999   B2.1   0  0  0  0  0  0  0
2012 11 07  102     77      280      1    -999   B2.1   0  0  0  0  0  0  0
2012 11 08  104     71      410      2    -999   B2.2   0  1  0  0  1  0  0
2012 11 09  115     65      410      0    -999   B3.1   1  0  0  0  0  0  0
2012 11 10  122     68      350      0    -999   B4.3   8  0  0  0  0  0  0
2012 11 11  133    106      620      3    -999   B5.4   3  1  0  0  0  0  0
2012 11 12  144    188     1600      0    -999   B5.9   7  1  0  2  0  0  0
2012 11 13  146    108      850      0    -999   B5.1   8  3  0  3  0  0  0
2012 11 14  142    126      930      1    -999   B4.3   6  1  0  2  1  0  0
2012 11 15  141    132      910      0    -999   B4.2   5  0  0  2  0  0  0
2012 11 16  138    141      800      1    -999   B4.0   4  0  0  2  0  0  0
2012 11 17  135    163      650      0    -999   B3.9   4  0  0  1  0  0  0
2012 11 18  141    136      560      0    -999   B4.2   6  0  0  0  1  0  0
2012 11 19  134    122      670      0    -999   B4.1   3  0  0  2  0  0  0
2012 11 20  141    119      560      1    -999   B6.1   6  2  0 10  0  0  0
2012 11 21  140     75      510      0    -999   B6.0   5  2  0  5  1  0  0
2012 11 22  128     93      650      0    -999   B3.5   0  0  0  2  0  0  0
2012 11 23  126     85      750      0    -999   B3.1   8  0  0  0  0  0  0
2012 11 24  118     87      540      1    -999   B2.7   1  0  0  0  1  0  0
2012 11 25  121     64      420      0    -999   B2.7   2  0  0  5  1  0  0
2012 11 26  122     81      630      1    -999   B5.8  13  0  0 12  0  0  0
2012 11 27  117     76      730      1    -999   B4.8  12  2  0  6  0  0  0
2012 11 28  114     66      980      1    -999   B4.6   6  1  0  3  1  0  0
2012 11 29  113     89     1070      1    -999   B3.9  13  0  0 13  0  0  0
2012 11 30  111     67      660      0    -999   B3.4   3  0  0  7  0  0  0
2012 12 01  102     49      440      0    -999   B2.9   3  0  0  2  0  0  0
2012 12 02   98     43      270      0    -999   B1.6   0  0  0  0  0  0  0
2012 12 03   97     44      280      0    -999   B1.2   1  0  0  0  0  0  0
2012 12 04   96     58      280      1    -999   B1.2   0  0  0  0  0  0  0
2012 12 05   96     78      220      2    -999   B1.2   1  0  0  0  0  0  0
2012 12 06   97     49      130      0    -999   B1.2   0  0  0  0  0  0  0
2012 12 07   97     23      130      0    -999   B1.2   1  0  0  0  0  0  0
2012 12 08  101     35       80      1    -999   B1.3   0  0  0  1  0  0  0
2012 12 09  104     40      130      1    -999   B1.4   1  0  0  0  0  0  0
2012 12 10  104     49      140      0    -999   B1.8   1  0  0  2  0  0  0
2012 12 11  104     55      210      0    -999   B1.9   0  0  0  1  0  0  0
2012 12 12  112     82      190      2    -999   B1.9   1  0  0  3  0  0  0
2012 12 13  117     77      260      0    -999   B2.5   1  0  0  1  0  0  0
2012 12 14  119     71      290      0    -999   B3.5   1  0  0  0  0  0  0
2012 12 15  122     88      650      2    -999   B3.3   1  0  0  0  0  0  0
2012 12 16  120     74      570      0    -999   B3.0   2  0  0  4  0  0  0
2012 12 17  115     83      680      0    -999   B4.1   4  0  0  3  0  0  0
2012 12 18  116     66      600      1    -999   B4.5   2  0  0  1  0  0  0
2012 12 19  113     46      430      0    -999   B3.3   0  0  0  1  0  0  0
2012 12 20  114     53      570      0    -999   B2.4   0  0  0  0  0  0  0
2012 12 21  115     55      570      0    -999   B2.2   1  0  0  5  0  0  0
2012 12 22  115     67      430      0    -999   B2.6   5  0  0  2  0  0  0
2012 12 23  114     90      450      0    -999   B2.5   3  0  0  4  0  0  0
2012 12 24  113     53      330      0    -999   B2.1   2  0  0  0  0  0  0
2012 12 25  113     58      320      1    -999   B2.9   5  0  0  3  0  0  0
2012 12 26  110     82      210      1    -999   B3.0   6  0  0  2  0  0  0
2012 12 27  107     78      270      2    -999   B2.3   1  0  0  3  0  0  0
2012 12 28  106     54      300      0    -999   B2.0   0  0  0  0  0  0  0
2012 12 29  104     49      240      0    -999   B2.0   1  0  0  1  0  0  0
2012 12 30  107     37      220      1    -999   B2.2   0  0  0  0  0  0  0
2012 12 31  114     87      300      2    -999   B2.9   0  0  0  0  0  0  0

:Product: Daily Solar Data         2013_DSD.txt
:Issued: 2025 UT 07 Jan 2014
#
#  Prepared by the U.S. Dept. of Commerce, NOAA, Space Weather Prediction Center
#  Please send comments and suggestions to SWPC.Webmaster@noaa.gov
#
#                Quarterly Daily Solar Data
#
#                         Sunspot       Stanford GOES15
#           Radio  SESC     Area          Solar  X-Ray  ------ Flares ------
#           Flux  Sunspot  10E-6   New     Mean  Bkgd    X-Ray      Optical
#  Date     10.7cm Number  Hemis. Regions Field  Flux   C  M  X  S  1  2  3
#--------------------------------------------------------------------------- 
2013 01 01  118     99      480      0    -999   B3.1   1  0  0  2  0  0  0
2013 01 02  119     90      610      2    -999   B2.5   0  0  0  0  0  0  0
2013 01 03  129    116      640      2    -999   B3.5   1  0  0  0  0  0  0
2013 01 04  143    167      830      5    -999   B6.3   4  0  0  1  0  0  0
2013 01 05  145    181     1030      2    -999   B7.9   7  1  0  3  0  0  0
2013 01 06  142    186     1140      0    -999   B5.8   5  0  0  0  0  0  0
2013 01 07  150    196     1390      0    -999   B6.6   8  0  0  1  0  0  0
2013 01 08  156    144      940      1    -999   B7.6   9  0  0  0  0  0  0
2013 01 09  169    153      860      1    -999   C1.0   4  0  0  0  0  0  0
2013 01 10  174    145     1300      0    -999   B9.5  10  0  0  2  0  0  0
2013 01 11  172    166     1650      2    -999   B9.0  11  2  0  2  1  0  0
2013 01 12  169    156     1460      0    -999   B7.4  10  0  0  7  0  0  0
2013 01 13  156    126     1410      1    -999   B8.3  10  2  0  7  0  0  0
2013 01 14  154    128     1260      0    -999   B5.0   6  0  0  3  0  0  0
2013 01 15  140    120     1280      0    -999   B4.7   6  0  0  3  0  0  0
2013 01 16  137     91      850      0    -999   B3.9   1  0  0  0  0  0  0
2013 01 17  123     74      650      1    -999   B2.9   0  0  0  0  0  0  0
2013 01 18  115     56      560      0    -999   B2.7   5  0  0  3  0  0  0
2013 01 19  107     46      480      1    -999   B2.4   2  0  0  0  0  0  0
2013 01 20  107     48      410      0    -999   B2.2   1  0  0  0  0  0  0
2013 01 21  108     50      180      0    -999   B2.5   0  0  0  0  0  0  0
2013 01 22  110     53      270      1    -999   B2.6   0  0  0  1  0  0  0
2013 01 23  105     68      340      1    -999   B1.9   0  0  0  0  0  0  0
2013 01 24  103     60      320      0    -999   B1.6   0  0  0  0  0  0  0
2013 01 25  101     44      300      0    -999   B1.5   0  0  0  0  0  0  0
2013 01 26   99     55      190      1    -999   B1.4   0  0  0  0  0  0  0
2013 01 27   98     60      150      1    -999   B1.4   0  0  0  0  0  0  0
2013 01 28   98     52      150      0    -999   B1.4   1  0  0  0  0  0  0
2013 01 29   95     63      430      2    -999   B1.0   0  0  0  0  0  0  0
2013 01 30   97     56      330      0    -999   B1.0   0  0  0  0  0  0  0
2013 01 31  103     47      260      0    -999   B1.4   1  0  0  1  0  0  0
2013 02 01  104     65      260      1    -999   B1.8   0  0  0  3  0  0  0
2013 02 02  112     54      350      0    -999   B2.2   2  0  0  1  0  0  0
2013 02 03  111     79      400      1    -999   B2.9   4  0  0  8  0  0  0
2013 02 04  107     30      260      0    -999   B1.9   2  0  0  2  0  0  0
2013 02 05  105     41      210      0    -999   B1.7   1  0  0  1  0  0  0
2013 02 06  104     39      230      0    -999   B1.8   3  0  0  1  1  0  0
2013 02 07  103     58      270      1    -999   B1.4   0  0  0  0  0  0  0
2013 02 08  104     57      280      0    -999   B1.7   0  0  0  1  0  0  0
2013 02 09  108     58      300      0    -999   B1.9   1  0  0  2  0  0  0
2013 02 10  106     45      280      0    -999   B1.6   0  0  0  0  0  0  0
2013 02 11  105     60      370      1    -999   B1.8   0  0  0  1  0  0  0
2013 02 12  102     55      340      0    -999   B1.8   1  0  0  1  0  0  0
2013 02 13  100     26      210      0    -999   B1.6   0  0  0  0  0  0  0
2013 02 14  100     25      200      0    -999   B1.7   1  0  0  0  0  0  0
2013 02 15  100     59      220      2    -999   B2.1   0  0  0  1  0  0  0
2013 02 16  103     75      240      2    -999   B2.0   0  0  0  0  0  0  0
2013 02 17  106     74      250      1    -999   B2.3   3  1  0  7  0  0  0
2013 02 18  105     92      400      1    -999   B1.5   1  0  0  3  0  0  0
2013 02 19  112    117      460      1    -999   B3.6   1  0  0  1  0  0  0
2013 02 20  114    106      650      0    -999   B3.2   3  0  0  3  0  0  0
2013 02 21  109     75      660      0    -999   B2.7   3  0  0  2  0  0  0
2013 02 22  107     79      530      0    -999   B2.3   1  0  0  0  0  0  0
2013 02 23  100     56      440      0    -999   B3.8   2  0  0  1  0  0  0
2013 02 24   95     25       60      0    -999   B2.9   1  0  0  0  0  0  0
2013 02 25   95     59      110      3    -999   B2.2   0  0  0  0  0  0  0
2013 02 26   99     49      250      0    -999   B1.8   0  0  0  0  0  0  0
2013 02 27  102     61      250      1    -999   B2.0   0  0  0  1  0  0  0
2013 02 28  106     63      370      0    -999   B2.7   0  0  0  3  0  0  0
2013 03 01  113     88      460      2    -999   B2.7   0  0  0  2  0  0  0
2013 03 02  111     90      510      0    -999   B2.9   2  0  0  0  0  0  0
2013 03 03  112    115      520      2    -999   B2.7   0  0  0  0  0  0  0
2013 03 04  114    103      290      1    -999   B2.7   0  0  0  0  0  0  0
2013 03 05  118    106      300      0    -999   B3.2   1  1  0  2  0  0  0
2013 03 06  114     88      390      1    -999   B2.8   0  0  0  0  0  0  0
2013 03 07  114     80      320      0    -999   B2.4   1  0  0  0  0  0  0
2013 03 08  115     59      160      1    -999   B3.1   0  0  0  0  0  0  0
2013 03 09  116     63      430      1    -999   B3.2   0  0  0  0  0  0  0
2013 03 10  119     89      490      2    -999   B3.4   0  0  0  0  0  0  0
2013 03 11  120    105      490      2    -999   B2.5   1  0  0  1  0  0  0
2013 03 12  123     95      610      0    -999   B3.3   4  0  0  1  1  0  0
2013 03 13  123    103      630      0    -999   B4.7   2  0  0  2  0  0  0
2013 03 14  123    133      740      1    -999   B2.5   1  0  0  1  0  0  0
2013 03 15  123    105      650      0    -999   B4.0   2  1  0  3  2  0  0
2013 03 16  126     90      890      0    -999   B4.3   4  0  0  5  0  0  0
2013 03 17  126    126      980      2    -999   B3.6   3  0  0  1  0  0  0
2013 03 18  118    116      930      0    -999   B3.7   9  0  0  0  0  0  0
2013 03 19  110     68      630      0    -999   B2.6   5  0  0  1  0  0  0
2013 03 20  108     70      520      1    -999   B3.1   3  0  0  1  0  0  0
2013 03 21  106     60      460      1    -999   B2.8   4  1  0  0  0  0  0
2013 03 22  101     54      210      1    -999   B3.2   7  0  0  5  0  0  0
2013 03 23   98     56      250      1    -999   B2.1   0  0  0  1  0  0  0
2013 03 24   96     45      180      0    -999   B1.3   0  0  0  0  0  0  0
2013 03 25   93     56      170      1    -999   B1.0   0  0  0  2  0  0  0
2013 03 26   92     41      140      0    -999   B1.2   0  0  0  0  0  0  0
2013 03 27   93     35      100      1    -999   B1.0   0  0  0  0  0  0  0
2013 03 28   99     49      170      2    -999   B1.8   0  0  0  0  0  0  0
2013 03 29  105     73      280      2    -999   B2.6   0  0  0  0  0  0  0
2013 03 30  108     70      480      1    -999   B2.7   0  0  0  0  0  0  0
2013 03 31  113     83      630      1    -999   B2.6   0  0  0  0  0  0  0
2013 04 01  119     84      650      0    -999   B2.4   0  0  0  0  0  0  0
2013 04 02  122    103      700      2    -999   B2.5   0  0  0  3  0  0  0
2013 04 03  127    109      860      0    -999   B2.8   3  0  0  3  0  0  0
2013 04 04  129    119      820      1    -999   B3.1   1  0  0  0  0  0  0
2013 04 05  134    146      860      4    -999   B3.6   1  1  0  3  0  0  0
2013 04 06  137    117      880      0    -999   B4.2   8  0  0 10  0  0  0
2013 04 07  138    144      910      1    -999   B4.0   4  0  0  6  0  0  0
2013 04 08  139    162     1140      0    -999   B4.0   2  0  0  3  0  0  0
2013 04 09  147    116      960      0    -999   B6.4   8  0  0  8  0  0  0
2013 04 10  148    163     1080      2    -999   B7.0   8  0  0 10  0  0  0
2013 04 11  137    121      960      0    -999   B6.5   7  1  0 14  0  0  1
2013 04 12  138    128     1220      0    -999   B5.9   4  1  0 10  0  0  0
2013 04 13  125    148      790      2    -999   B3.7   4  0  0  5  0  0  0
2013 04 14  117    111      710      0    -999   B3.4   0  0  0  1  0  0  0
2013 04 15  113     99      590      0    -999   B3.1   3  0  0  2  0  0  0
2013 04 16  113     97      460      0    -999   B3.1   5  0  0 11  0  0  0
2013 04 17  108     89      500      0    -999   B2.8   3  0  0  3  0  0  0
2013 04 18  105     86      450      0    -999   B2.8   2  0  0  1  0  0  0
2013 04 19   99    101      300      3    -999   B2.5   2  0  0  3  0  0  0
2013 04 20  105    101      340      0    -999   B2.7   8  0  0 15  0  0  0
2013 04 21  109     76      360      0    -999   B5.1  13  0  0 30  1  0  0
2013 04 22  113     83      650      0    -999   B3.7   3  1  0  4  0  0  0
2013 04 23  118     95      710      2    -999   B4.9  11  0  0 11  1  0  0
2013 04 24  115     92      950      1    -999   B5.6   7  0  0 12  0  0  0
2013 04 25  119     93     1450      1    -999   B7.3  11  0  0  1  0  0  0
2013 04 26  122    104     1090      0    -999   B6.9  10  0  0  4  0  0  0
2013 04 27  127    100      650      2    -999   B8.4   9  0  0  0  0  0  0
2013 04 28  132     97      640      0    -999   B6.9  12  0  0 13  1  0  0
2013 04 29  142    136      860      2    -999   B7.3  12  0  0 17  0  0  0
2013 04 30  154    165     1380      0    -999   B6.7   7  0  0 14  0  0  0
2013 05 01  159    151     1220      1    -999   B7.8  13  0  0 16  0  0  0
2013 05 02  149    102     1110      0    -999   B6.0   6  1  0  5  2  0  0
2013 05 03  148    139     1150      3    -999   B6.5   5  2  0  4  0  1  0
2013 05 04  142    156     1080      1    -999   B6.4  11  0  0  8  0  0  0
2013 05 05  137    103      800      0    -999   B5.9  16  1  0 16  1  0  0
2013 05 06  131    122      670      1    -999   B5.5   6  0  0  6  0  0  0
2013 05 07  129    118      670      0    -999   B5.1   4  0  0  3  0  0  0
2013 05 08  127    112      740      0    -999   B4.3   4  0  0  2  0  0  0
2013 05 09  128    154      945      3    -999   B5.4   7  0  0  4  0  0  0
2013 05 10  125    149      890      1    -999   B6.7   8  2  0  4  1  0  0
2013 05 11  137    145     1050      1    -999   B7.8   7  0  0  6  0  0  0
2013 05 12  147    173     1280      1    -999   B8.5  13  2  0  1  0  0  0
2013 05 13  150    144     1380      1    -999   C1.1  10  1  2 19  1  0  0
2013 05 14  148    142     1200      0    -999   B7.1   3  0  1 11  0  0  0
2013 05 15  146    186     1180      3    -999   B7.7   4  0  1  3  0  1  0
2013 05 16  145    212     1290      1    -999   B6.0   4  1  0  1  1  0  0
2013 05 17  136    198      990      0    -999   B5.7   1  1  0  9  0  1  0
2013 05 18  132    146      700      0    -999   B4.8   5  0  0 10  0  0  0
2013 05 19  135    113      590      0    -999   B5.8   9  0  0 12  1  0  0
2013 05 20  132    113      590      2    -999   B7.0   7  1  0 21  1  0  0
2013 05 21  125    119      670      2    -999   B5.5   6  0  0 11  1  0  0
2013 05 22  133    107      780      0    -999   C1.0   4  1  0 15  0  0  1
2013 05 23  135    117      710      0    -999   B6.5   6  0  0 10  2  0  0
2013 05 24  127     99      570      0    -999   B4.5   3  0  0 12  0  0  0
2013 05 25  121    107      680      1    -999   B3.9   4  0  0  2  0  0  0
2013 05 26  120     92      550      1    -999   B3.8   2  0  0  6  0  0  0
2013 05 27  110     87      430      1    -999   B3.1   0  0  0  0  0  0  0
2013 05 28  105     75      320      0    -999   B2.6   0  0  0  0  0  0  0
2013 05 29  107     83      230      2    -999   B2.7   3  0  0  3  0  0  0
2013 05 30  104     71      140      0    -999   B2.7   0  0  0  2  0  0  0
2013 05 31  102     58      120      0    -999   B2.3   2  1  0  2  0  0  0
2013 06 01  106     60      130      2    -999   B2.2   0  0  0  1  0  0  0
2013 06 02  111     76      290      1    -999   B2.8   1  0  0  3  0  0  0
2013 06 03  112     99      460      0    -999   B2.7   2  0  0  2  0  0  0
2013 06 04  110     59      390      0    -999   B2.7   0  0  0  0  0  0  0
2013 06 05  109     81      680      2    -999   B2.6   0  1  0  2  1  0  0
2013 06 06  109     71      510      0    -999   B2.4   0  0  0  0  0  0  0
2013 06 07  110     76      460      0    -999   B2.5   3  1  0  1  0  0  0
2013 06 08  103     27      200      0    -999   B2.2   2  0  0  0  0  0  0
2013 06 09   96     41      220      1    -999   B1.7   1  0  0  2  0  0  0
2013 06 10   93     21      120      0    -999   B1.4   1  0  0  6  0  0  0
2013 06 11   90     14       50      0    -999   B1.3   0  0  0  0  0  0  0
2013 06 12   93     27       80      1    -999   B1.5   0  0  0  3  0  0  0
2013 06 13   99     45      130      2    -999   B2.2   1  0  0  4  0  0  0
2013 06 14  109     73      410      2    -999   B3.1   0  0  0  4  0  0  0
2013 06 15  111    101      510      3    -999   B3.3   1  0  0  0  0  0  0
2013 06 16  116    104      490      0    -999   B3.6   1  0  0  3  0  0  0
2013 06 17  124    110      990      0    -999   B4.6   4  0  0  6  0  0  0
2013 06 18  125    120      770      1    -999   B4.4   5  0  0  6  0  0  0
2013 06 19  123    126      810      0    -999   B4.2   5  0  0  6  0  0  0
2013 06 20  126    128      660      1    -999   B4.6   4  0  0 14  0  0  0
2013 06 21  133    135      850      0    -999   B5.5   8  1  0 17  1  0  0
2013 06 22  130    137     1200      1    -999   B5.0   3  0  0  9  0  0  0
2013 06 23  128    118      800      0    -999   B4.8   0  1  0  2  1  0  0
2013 06 24  121     82      740      0    -999   B4.7   4  0  0  6  1  0  0
2013 06 25  109     91      400      1    -999   B3.8   1  0  0  6  0  0  0
2013 06 26  107     77      320      1    -999   B3.4   2  0  0  1  0  0  0
2013 06 27  100     71      340      0    -999   B2.6   2  0  0  3  0  0  0
2013 06 28  101     83      230      2    -999   B2.0   3  0  0  4  0  0  0
2013 06 29  100     67      230      0    -999   B1.9   1  0  0  4  0  0  0
2013 06 30  103     85      280      1    -999   B3.4   5  0  0 12  0  0  0
2013 07 01  108    102      430      2    -999   B3.3   3  0  0  0  0  0  0
2013 07 02  114    101      620      1    -999   B5.0   4  0  0 16  1  0  0
2013 07 03  125     94      700      1    -999   B6.1  10  1  0 16  0  0  0
2013 07 04  138    109      870      0    -999   B7.7  14  0  0 11  2  0  0
2013 07 05  141    113      970      1    -999   B7.9  14  0  0 35  3  0  0
2013 07 06  134    115      870      0    -999   B5.1   6  0  0 17  0  0  0
2013 07 07  126    112      850      2    -999   B4.1   6  0  0  8  1  0  0
2013 07 08  119    143      790      0    -999   B4.0   2  0  0  1  0  0  0
2013 07 09  120     98      720      0    -999   B3.5   4  0  0  3  1  0  0
2013 07 10  118     76      440      0    -999   B3.9   3  0  0  7  1  0  0
2013 07 11  113     85      350      0    -999   B4.0   4  0  0  1  0  0  0
2013 07 12  118     87      230      2    -999   B4.1   2  0  0  3  0  0  0
2013 07 13  114     66      260      0    -999   B3.8   1  0  0  3  0  0  0
2013 07 14  113     88      310      3    -999   B4.0   1  0  0  2  0  0  0
2013 07 15  114     77      360      0    -999   B4.6   5  0  0 10  0  0  0
2013 07 16  114     61      530      0    -999   B3.7   2  0  0  3  0  0  0
2013 07 17  111     74      430      2    -999   B3.2   2  0  0  5  0  0  0
2013 07 18  115    112      440      3    -999   B3.4   2  0  0  0  0  0  0
2013 07 19  114     94      330      0    -999   B3.4   0  0  0  1  0  0  0
2013 07 20  113     57      260      0    -999   B3.0   2  0  0  3  0  0  0
2013 07 21  109     49      320      0    -999   B3.2   2  0  0  8  1  0  0
2013 07 22  110     53      240      0    -999   B2.8   0  0  0  0  0  0  0
2013 07 23  107     84      250      3    -999   B2.5   0  0  0  0  0  0  0
2013 07 24  108     65      320      1    -999   B2.8   2  0  0  6  0  0  0
2013 07 25  107     71      340      1    -999   B2.9   2  0  0  4  0  0  0
2013 07 26  110     58      330      0    -999   B3.3   3  0  0  3  0  0  0
2013 07 27  108     64      340      1    -999   B3.7   1  0  0  2  0  0  0
2013 07 28  109     68      470      0    -999   B3.8   7  0  0 14  0  0  0
2013 07 29  112     97      500      2    -999   B4.1   2  0  0  8  0  0  0
2013 07 30  113    105      490      1    -999   B4.7   2  0  0  2  0  0  0
2013 07 31  109     94      450      1    -999   B3.4   1  0  0  1  0  0  0
2013 08 01  112     88      380      1    -999   B3.0   0  0  0  3  0  0  0
2013 08 02  113    112      450      1    -999   B2.7   0  0  0  5  0  0  0
2013 08 03  107    104      390      0    -999   B2.2   0  0  0  1  0  0  0
2013 08 04  105     75      330      0    -999   B2.2   0  0  0  0  0  0  0
2013 08 05  104     59      200      0    -999   B2.0   0  0  0  0  0  0  0
2013 08 06  104     61      180      0    -999   B2.2   0  0  0  1  0  0  0
2013 08 07  106     99      190      4    -999   B2.0   0  0  0  1  0  0  0
2013 08 08  104     90      190      0    -999   B2.2   0  0  0  1  0  0  0
2013 08 09  104     51      130      0    -999   B2.1   1  0  0  1  0  0  0
2013 08 10  103     76      110      3    -999   B2.2   1  0  0  0  0  0  0
2013 08 11  110     90      180      0    -999   B3.3   7  0  0 11  0  0  0
2013 08 12  114     85      330      0    -999   B3.2   1  1  0  8  0  0  0
2013 08 13  122     98      670      1    -999   B4.8   7  0  0  3  0  0  0
2013 08 14  125    105      550      1    -999   B4.2   7  0  0  6  1  0  0
2013 08 15  123    129      770      2    -999   B4.1   4  0  0  4  0  0  0
2013 08 16  120    104      650      0    -999   B3.6   2  0  0  6  0  0  0
2013 08 17  125     96      630      1    -999   B3.9   2  2  0  3  0  1  0
2013 08 18  126    134      840      3    -999   B5.4   1  0  0  4  0  0  0
2013 08 19  128    161     1030      1    -999   B4.2   3  0  0  5  0  0  0
2013 08 20  132    115      740      0    -999   B4.8   3  0  0  1  0  0  0
2013 08 21  130    149      730      3    -999   B5.0   4  0  0  9  0  0  0
2013 08 22  132    125      480      1    -999   B5.9   8  0  0  4  0  0  0
2013 08 23  124    127      420      1    -999   B5.0   3  0  0  8  0  0  0
2013 08 24  117    101      350      2    -999   B3.9   0  0  0  1  0  0  0
2013 08 25  113     46      260      0    -999   B3.6   0  0  0  0  0  0  0
2013 08 26  111     35      210      0    -999   B3.1   0  0  0  0  0  0  0
2013 08 27  110     61      390      1    -999   B3.0   0  0  0  0  0  0  0
2013 08 28  108     44      440      0    -999   B2.4   0  0  0  0  0  0  0
2013 08 29  109     55      450      0    -999   B2.4   1  0  0  1  0  0  0
2013 08 30  108     62      390      0    -999   B3.1   1  0  0  3  1  0  0
2013 08 31  108     60      340      0    -999   B2.3   1  0  0  4  0  0  0
2013 09 01  104     71      320      0    -999   B2.0   1  0  0  3  0  0  0
2013 09 02  106     84      410      1    -999   B2.1   0  0  0  2  0  0  0
2013 09 03  106     74      360      0    -999   B2.9   1  0  0 12  0  0  0
2013 09 04  109     77      370      0    -999   B3.8   8  0  0 19  0  0  0
2013 09 05  110     75      320      1    -999   B3.7   2  0  0  4  0  0  0
2013 09 06  101     41      260      0    -999   B3.1   1  0  0  0  0  0  0
2013 09 07   99     35      170      0    -999   B2.5   0  0  0  1  0  0  0
2013 09 08   96     24       90      0    -999   B1.7   0  0  0  2  0  0  0
2013 09 09   94     13       10      0    -999   B1.4   0  0  0  0  0  0  0
2013 09 10   95     23       10      1    -999   B1.3   0  0  0  1  0  0  0
2013 09 11   93     53       80      2    -999   B1.2   0  0  0  0  0  0  0
2013 09 12   93     58       81      1    -999   A7.9   0  0  0  0  0  0  0
2013 09 13   92     40       90      0    -999   A9.5   0  0  0  0  0  0  0
2013 09 14   93     24       60      0    -999   A7.4   0  0  0  0  0  0  0
2013 09 15   93     12       30      0    -999   A8.3   0  0  0  0  0  0  0
2013 09 16   95     23       40      0    -999   B1.1   0  0  0  0  0  0  0
2013 09 17   99     80      140      5    -999   B1.5   0  0  0  1  0  0  0
2013 09 18  104     59      240      0    -999   B2.4   1  0  0  2  0  0  0
2013 09 19  108     85      290      3    -999   B3.0   2  0  0  2  0  0  0
2013 09 20  109     85      320      0    -999   B2.8   4  0  0  2  0  0  0
2013 09 21  110     79      390      0    -999   B2.7   2  0  0  4  1  0  0
2013 09 22  111     98      350      1    -999   B2.4   0  0  0  1  0  0  0
2013 09 23  108     65      290      1    -999   B1.9   0  0  0  2  0  0  0
2013 09 24  110     56      240      0    -999   B1.9   1  0  0  5  0  0  0
2013 09 25  111     61      270      0    -999   B2.1   0  0  0  3  0  0  0
2013 09 26  110     63      340      1    -999   B2.1   0  0  0  1  0  0  0
2013 09 27  108     54      280      0    -999   B2.2   0  0  0  1  0  0  0
2013 09 28  106     58      330      1    -999   B2.5   0  0  0  0  0  0  0
2013 09 29  103     39      190      0    -999   B3.0   3  0  0  1  0  0  0
2013 09 30  105     42       70      1    -999   B2.5   0  0  0  0  0  0  0
2013 10 01  107     49      120      0    -999   B3.0   0  0  0  1  0  0  0
2013 10 02  108     59      270      2    -999   B2.9   2  0  0  0  0  0  0
2013 10 03  114     61      310      1    -999   B2.9   1  0  0  3  0  0  0
2013 10 04  109     84      370      1    -999   B2.2   1  0  0  1  0  0  0
2013 10 05  106     69      320      0    -999   B2.0   0  0  0  0  0  0  0
2013 10 06  107     53      200      0    -999   B2.1   2  0  0  2  0  0  0
2013 10 07  112     76      170      3    -999   B3.0   4  0  0  2  2  0  0
2013 10 08  112     99      280      3    -999   B2.7   0  0  0  2  0  0  0
2013 10 09  113    111      490      1    -999   B3.1   1  1  0  2  0  0  0
2013 10 10  121    138      670      1    -999   B4.7   9  0  0 12  0  0  0
2013 10 11  129    115      780      0    -999   B8.7  11  1  0 17  0  1  0
2013 10 12  128    106      760      0    -999   B5.9   9  0  0  9  2  0  0
2013 10 13  129    125      920      2    -999   B5.0   5  1  0  3  0  1  0
2013 10 14  125    136      790      2    -999   B4.1   7  0  0  1  1  0  0
2013 10 15  125    148      800      1    -999   B6.3  12  2  0 12  1  0  0
2013 10 16  128    120      620      1    -999   B4.2  10  0  0  8  1  0  0
2013 10 17  136    166      760      3    -999   B8.6   5  1  0 16  0  0  0
2013 10 18  140    154      930      1    -999   C1.0   9  0  0  8  0  0  0
2013 10 19  133    149      890      0    -999   B9.2   7  0  0  0  0  0  0
2013 10 20  133    117      720      1    -999   B7.5   4  0  0  8  0  0  0
2013 10 21  136    179      870      2    -999   B5.7  10  0  0  9  0  0  0
2013 10 22  146    228      990      0    -999   B7.1  11  3  0 20  2  0  0
2013 10 23  153    141     1080      0    -999   B8.9   9  3  0 12  0  0  0
2013 10 24  161    148     1440      2    -999   B8.9  13  3  0  9  4  1  0
2013 10 25  161    148     1500      0    -999   C1.1   7  5  2 11  1  0  0
2013 10 26  165    171     1560      3    -999   C1.2  15  5  0 24  2  0  0
2013 10 27  167    206     1930      0    -999   C1.1   7  1  0 23  3  0  0
2013 10 28  160    155     1750      0    -999   C1.2   2  6  1  9  3  4  0
2013 10 29  153    171     1720      1    -999   C1.1  10  0  1 10  0  0  0
2013 10 30  142    132     1230      1    -999   B6.5   2  0  0  0  0  0  0
2013 10 31  143    128      900      1    -999   B5.9   5  1  0  2  0  0  0
2013 11 01  145     95      730      0    -999   B8.1   6  1  0  6  1  0  0
2013 11 02  142    123      710      2    -999   B6.5   8  1  0  6  2  0  0
2013 11 03  144    143     1280      0    -999   B6.1   3  1  0  2  0  1  0
2013 11 04  147    151     1370      0    -999   B6.4   8  0  0  7  0  0  0
2013 11 05  149    134     1400      0    -999   C1.0   9  2  1  6  2  0  0
2013 11 06  154    148     1250      2    -999   B8.8  12  2  0 13  1  0  0
2013 11 07  148    159     1170      0    -999   B6.0  11  2  0  9  1  0  0
2013 11 08  146    160     1270      2    -999   B6.0   3  1  1  4  1  1  0
2013 11 09  148     95      980      0    -999   B6.7  14  0  0  0  1  0  0
2013 11 10  154     90      890      2    -999   B8.8   8  0  1  1  0  1  0
2013 11 11  164    104     1060      2    -999   C1.0   7  1  0  6  0  0  0
2013 11 12  168    147     1810      1    -999   B8.8  12  0  0  9  0  0  0
2013 11 13  171    128     1670      0    -999   B9.3  12  1  0  3  0  0  0
2013 11 14  176    234     1580      2    -999   C1.0  16  0  0  6  0  0  0
2013 11 15  178    272     1640      1    -999   B9.3   7  1  0 11  1  0  0
2013 11 16  175    213     1450      0    -999   C1.0  13  2  0  6  2  0  0
2013 11 17  177    282     1640      1    -999   C1.0  10  1  0 14  0  0  0
2013 11 18  163    144     1550      0    -999   B8.4  13  0  0  4  0  0  0
2013 11 19  153    113     1540      0    -999   B6.7   6  0  1  2  0  0  0
2013 11 20  147     95     1180      0    -999   B6.5   7  0  0  0  0  0  0
2013 11 21  141     85      890      0    -999   B6.0   3  1  0  1  0  0  0
2013 11 22  143     51      740      0    -999   B5.3   5  0  0  2  0  0  0
2013 11 23  136     65      750      2    -999   B5.0  10  2  0  2  2  0  0
2013 11 24  127     69      880      0    -999   B5.5  10  0  0  2  0  0  0
2013 11 25  119     52      200      1    -999   B4.6   4  0  0  0  0  0  0
2013 11 26  116     47      140      1    -999   B4.5   1  0  0  0  0  0  0
2013 11 27  129     76      370      2    -999   B4.6   2  0  0  0  0  0  0
2013 11 28  133    100      800      1    -999   B5.0   4  0  0  5  0  0  0
2013 11 29  129     95      770      0    -999   B3.5   1  0  0  1  0  0  0
2013 11 30  131    102      630      1    -999   B3.5   1  0  0  0  0  0  0
2013 12 01  131    104      650      0    -999   B3.7   2  0  0  0  0  0  0
2013 12 02  134    124      640      3    -999   B4.6   2  0  0  0  0  0  0
2013 12 03  136     97      570      1    -999   B4.9   2  0  0  0  0  0  0
2013 12 04  138     98      620      1    -999   B6.2   4  0  0  1  0  0  0
2013 12 05  150    103      510      0    -999   C1.0   4  0  0  5  0  0  0
2013 12 06  151    105      550      0    -999   C1.0   5  0  0  4  0  0  0
2013 12 07  157    104      510      1    -999   B9.5   3  1  0  2  1  0  0
2013 12 08  166     83      680      1    -999   B8.4   2  0  0  3  0  0  0
2013 12 09  168    125      920      3    -999   B8.0   6  0  0  1  0  0  0
2013 12 10  175    169     1410      2    -999   B8.6   3  0  0  3  0  0  0
2013 12 11  171    166     1350      1    -999   B7.3   4  0  0  5  0  0  0
2013 12 12  165    156     1140      0    -999   B8.0   6  0  0  4  0  0  0
2013 12 13  163    141     1050      1    -999   B7.0   3  0  0  4  0  0  0
2013 12 14  164    163     1100      1    -999   B6.0   4  0  0  6  0  0  0
2013 12 15  156    158     1060      0    -999   B5.8   3  0  0  2  0  0  0
2013 12 16  154    114      780      1    -999   B7.1   5  0  0  2  0  0  0
2013 12 17  159     91      760      1    -999      *   3  0  0  7  0  0  0
2013 12 18  156    118     1130      3    -999   B7.8   4  0  0  4  0  0  0
2013 12 19  153    138     1150      1    -999   B8.0   7  1  0  2  0  0  0
2013 12 20  149    137     1070      2    -999   C1.1   8  1  0  1  0  0  0
2013 12 21  144    131     1190      0    -999   B7.8  10  0  0  2  1  0  0
2013 12 22  138    111      880      0    -999   B9.4  14  6  0 10  3  0  0
2013 12 23  136    108      860      2    -999   B5.7  13  1  0 13  1  0  0
2013 12 24  128     96      670      0    -999   B5.3   3  0  0  0  0  0  0
2013 12 25  123     81      490      0    -999   B4.2   9  0  0  2  0  0  0
2013 12 26  125     96      450      1    -999   B3.7   2  0  0  1  0  0  0
2013 12 27  131    107      570      1    -999   B3.7   7  0  0  5  0  0  0
2013 12 28  135     95      570      0    -999   B4.8   6  0  0  8  0  0  0
2013 12 29  137    119      520      1    -999   B6.3  11  1  0 11  1  0  0
2013 12 30  143     93      510      0    -999   B6.9   3  0  0  3  0  0  0
2013 12 31  145    136      490      4    -999   B9.9   8  1  0  6  0  1  0

:Product: Daily Solar Data         2014_DSD.txt
:Issued: 1800 UT 02 Jan 2015
#
#  Prepared by the U.S. Dept. of Commerce, NOAA, Space Weather Prediction Center
#  Please send comments and suggestions to SWPC.Webmaster@noaa.gov
#
#                2014 Daily Solar Data
#
#                         Sunspot       Stanford GOES15
#           Radio  SESC     Area          Solar  X-Ray  ------ Flares ------
#           Flux  Sunspot  10E-6   New     Mean  Bkgd    X-Ray      Optical
#  Date     10.7cm Number  Hemis. Regions Field  Flux   C  M  X  S  1  2  3
#--------------------------------------------------------------------------- 
2014 01 01  160    106      610      1    -999   C1.1   3  1  0  7  0  1  0
2014 01 02  161    133     1410      1    -999   C1.5   6  2  0  5  1  0  0
2014 01 03  182    162     1570      0    -999   C1.2   9  2  0 14  0  0  0
2014 01 04  215    178     1710      1    -999   C1.7   4  3  0 10  0  1  0
2014 01 05  218    225     1790      0    -999   C1.8   3  0  0 14  0  0  0
2014 01 06  204    245     1855      2    -999   C1.1   3  0  0  6  1  0  0
2014 01 07  237    196     1850      0    -999   B9.6   8  2  1 13  1  2  0
2014 01 08  195    178     1990      1    -999   C1.0   6  1  0  8  0  0  0
2014 01 09  184    106     1960      0    -999   B7.8   2  0  0  1  0  0  0
2014 01 10  175    138     2240      2    -999   B7.1   3  0  0  2  0  0  0
2014 01 11  166    134     1800      1    -999   B7.2  10  0  0  2  0  0  0
2014 01 12  155    118     1620      1    -999   B6.7   2  0  0  2  0  0  0
2014 01 13  143    102     1350      0    -999   B6.2   4  1  0  4  0  0  0
2014 01 14  137     95      480      1    -999   B7.7   2  0  0  3  0  0  0
2014 01 15  126     87      450      0    -999   B5.6   0  0  0  0  0  0  0
2014 01 16  121     77      330      1    -999   B4.5   4  0  0  0  0  0  0
2014 01 17  129     95      360      3    -999   B7.1  11  0  0  0  0  0  0
2014 01 18  130    114      500      2    -999   B4.9   7  0  0  3  0  0  0
2014 01 19  128     91      530      0    -999   B4.3   2  0  0  1  0  0  0
2014 01 20  137    131      850      2    -999   B4.6   5  0  0  3  0  0  0
2014 01 21  146    141      820      2    -999   B5.0   2  0  0  1  0  0  0
2014 01 22  143    144      670      1    -999   B4.8   1  0  0  2  0  0  0
2014 01 23  136    121      560      0    -999   B3.6   0  0  0  0  0  0  0
2014 01 24  136    150      680      0    -999   B3.8   1  0  0  0  0  0  0
2014 01 25  133    102      520      1    -999      *   1  0  0  0  0  0  0
2014 01 26  138    109      460      0    -999   B7.9   3  0  0  0  0  0  0
2014 01 27  144     62      490      2    -999   C1.2   7  3  0  0  0  0  0
2014 01 28  157     70      910      0    -999   C1.4   6  7  0  6  2  0  0
2014 01 29  156     96     1370      0    -999   C1.0  11  0  0  7  0  0  0
2014 01 30  161    112     1470      0    -999   C1.2   6  3  0  5  0  1  0
2014 01 31  166     87     1210      0    -999   C1.0   5  1  0  2  0  0  0
2014 02 01  177    147     1640      1    -999   C1.4   7  2  0  7  2  0  0
2014 02 02  190    163     1890      1    -999   C1.8  10  7  0 32  3  0  0
2014 02 03  188    168     1870      0    -999   C1.6  12  0  0 18  0  0  0
2014 02 04  188    183     1970      1    -999   C2.5  12  4  0 12  3  0  0
2014 02 05  194    234     2080      3    -999   C1.5  10  1  0 14  0  0  0
2014 02 06  191    223     2630      0    -999   C1.1   8  1  0  8  1  0  0
2014 02 07  178    241     2270      0    -999   C1.2   5  2  0 14  1  1  0
2014 02 08  172    186     1770      2    -999   B9.6   8  0  0  4  0  0  0
2014 02 09  169    180     1760      0    -999   C1.1   4  1  0  6  0  0  0
2014 02 10  161    122      940      1    -999   C1.1   5  0  0  4  0  0  0
2014 02 11  172    151     1100      1    -999   C1.3   2  2  0  6  3  1  0
2014 02 12  160    187     1260      1    -999   C1.5   5  3  0 12  1  2  0
2014 02 13  167    157     1710      0    -999   C1.8   9  5  0 16  4  1  0
2014 02 14  167    196     1785      1    -999   C1.0  11  4  0 19  2  1  0
2014 02 15  162    135     1410      0    -999   B8.3   6  0  0  6  0  0  0
2014 02 16  154    137     1410      0    -999   B7.2   9  1  0  9  0  0  0
2014 02 17  152    101     1090      2    -999   B7.8   7  0  0 11  1  0  0
2014 02 18  151    134     1300      2    -999   B9.4   5  0  0 18  0  0  0
2014 02 19  158    123      940      1    -999   B8.1   7  0  0  2  1  0  0
2014 02 20  156    140      880      1    -999   B7.5   2  1  0  7  0  0  0
2014 02 21  157    152      870      1    -999   B8.0   3  0  0  1  0  0  0
2014 02 22  163    179     1020      1    -999   B7.8   3  0  0  4  0  0  0
2014 02 23  172    185     1110      1    -999   B9.9   9  1  0  1  0  0  0
2014 02 24  171    205     1250      1    -999   B9.1   5  2  0  4  0  0  0
2014 02 25  174    157      910      0    -999   C1.0   4  0  1 11  1  1  0
2014 02 26  178    197     1060      3    -999   B9.5   3  1  0 11  1  0  0
2014 02 27  176    227     1170      0    -999   B9.8  12  0  0 15  0  0  0
2014 02 28  171    279     1220      2    -999   B9.7   6  1  0  9  0  1  0
2014 03 01  165    177     1060      0    -999   B9.7   3  1  0  6  0  0  0
2014 03 02  161    170      960      1    -999   B8.3   7  1  0 14  0  0  0
2014 03 03  161    191      930      0    -999   C1.0  10  1  0  4  1  0  0
2014 03 04  158    160      760      1    -999   B8.8  10  0  0  1  1  0  0
2014 03 05  149    191      920      2    -999   B7.6   7  1  0  5  0  0  0
2014 03 06  149    174      540      2    -999   B5.5   1  0  0  2  0  0  0
2014 03 07  148    161      740      0    -999   B5.4   2  0  0  0  0  0  0
2014 03 08  142    138      490      1    -999   B6.4   4  1  0  8  1  0  0
2014 03 09  146    123      340      0    -999   B9.3  14  2  0 27  1  0  0
2014 03 10  152    122      490      2    -999   C1.4   8  4  0 22  0  1  0
2014 03 11  165    108      540      0    -999   C1.4   7  2  0 11  2  0  0
2014 03 12  148    145      890      1    -999   B7.4   3  2  0 11  0  0  0
2014 03 13  148    130      850      0    -999   B7.3   2  1  0  4  0  0  0
2014 03 14  144    121      750      2    -999   B8.0   4  0  0  4  0  0  0
2014 03 15  139    141     1020      1    -999   B5.9   7  0  0  5  0  0  0
2014 03 16  136    139      930      1    -999   B6.0   4  0  0  2  0  0  0
2014 03 17  136    110      530      1    -999   B5.9   7  0  0  6  0  0  0
2014 03 18  138    125      520      3    -999   B5.6   5  0  0  4  0  0  0
2014 03 19  149    137      630      1    -999   B7.5  11  0  0 14  4  0  0
2014 03 20  151    137      880      0    -999   B8.2   6  1  0 13  6  0  0
2014 03 21  153    125      810      0    -999   B6.1   6  0  0  5  0  0  0
2014 03 22  155    159      980      3    -999   B6.1   6  1  0  7  2  0  0
2014 03 23  157    159      890      0    -999   B7.1  14  0  0  2  0  1  0
2014 03 24  159    132      740      1    -999   B6.8   4  0  0  4  1  0  0
2014 03 25  153    114      650      0    -999   Unk    4  0  0  2  0  0  0
2014 03 26  153    123      520      0    -999   Unk    6  0  0  5  1  0  0
2014 03 27  145    145      620      2    -999   B5.5   2  0  0  4  0  0  0
2014 03 28  146    135      680      2    -999   B5.0   6  2  0  7  0  0  0
2014 03 29  143    132      470      2    -999   B7.3  14  0  1 15  1  1  0
2014 03 30  148    122      550      2    -999   B8.9  11  1  0  2  1  0  0
2014 03 31  152    129      630      1    -999   B9.1   6  1  0 17  0  0  0
2014 04 01  153    124      540      2    -999   B6.5   7  0  0  3  0  0  0
2014 04 02  155    126      740      1    -999   B7.0   9  1  0 12  0  1  0
2014 04 03  153    137      800      0    -999   B4.8   4  0  0  5  0  0  0
2014 04 04  157    174     1180      0    -999   B5.4  10  0  0  2  1  1  0
2014 04 05  142    172      930      0    -999   B3.9   3  0  0  0  0  0  0
2014 04 06  141    127      560      1    -999   B3.9   2  0  0  1  0  0  0
2014 04 07  140    106      420      0    -999   B5.5   5  0  0  2  1  0  0
2014 04 08  132     94      440      1    -999   B3.5   1  0  0  0  0  0  0
2014 04 09  131     95      430      1    -999   B5.1   3  0  0  1  0  0  0
2014 04 10  137     78      420      1    -999   B8.0   4  0  0  3  0  0  0
2014 04 11  138     83      660      1    -999   B6.2   7  0  0  1  0  0  0
2014 04 12  136     74      710      0    -999   B5.7   2  0  0  0  0  0  0
2014 04 13  137     95      740      2    -999   B4.4   4  0  0  3  0  0  0
2014 04 14  150    105      790      0    -999   B6.0  11  0  0 15  0  0  0
2014 04 15  162    149      960      3    -999   B5.8  12  0  0 11  1  0  0
2014 04 16  184    245     1480      2    -999   B8.7  11  1  0 19  2  0  0
2014 04 17  179    296     1660      1    -999   B8.1   8  0  0  5  0  0  0
2014 04 18  172    263     1840      0    -999   B8.1   4  1  0  4  0  0  0
2014 04 19  169    259     1750      2    -999   B8.1  12  0  0  4  0  0  0
2014 04 20  163    192     1080      0    -999   B8.5  12  0  0  5  1  0  0
2014 04 21  159    168     1060      0    -999   B7.9   9  0  0  9  0  0  0
2014 04 22  145    136      760      0    -999   B2.8   9  0  0  6  1  0  0
2014 04 23  136    105      810      0    -999   B7.8   7  0  0  2  0  0  0
2014 04 24  130     71      450      1    -999   B5.1   2  0  0  0  0  0  0
2014 04 25  125     73      390      0    -999   B6.1   4  0  1  1  0  0  0
2014 04 26  121     46      300      0    -999   B4.4   3  0  0  0  0  0  0
2014 04 27  118     84      520      3    -999   B2.9   0  0  0  0  0  0  0
2014 04 28  121     79      620      0    -999   B2.5   1  0  0 11  0  0  0
2014 04 29  120     80      570      0    -999   B2.7   0  0  0  2  0  0  0
2014 04 30  124     81      540      0    -999   B2.7   2  0  0 10  0  0  0
2014 05 01  126     93      650      1    -999   B2.8   0  0  0  2  0  0  0
2014 05 02  135    114     1010      1    -999   B5.4   7  0  0  5  0  0  0
2014 05 03  133    121     1060      1    -999   B5.6   9  0  0  4  0  0  0
2014 05 04  132    128      780      1    -999   B5.5   8  0  0  7  0  0  0
2014 05 05  139    131      890      1    -999   B8.1   5  0  0  3  0  0  0
2014 05 06  139    137     1130      1    -999   B7.3   4  2  0  3  1  0  0
2014 05 07  146    105     1010      1    -999   B8.3   3  1  0  3  0  0  0
2014 05 08  148    124     1180      1    -999   B7.8   2  1  0  1  0  1  0
2014 05 09  152    123     1320      0    -999   B6.6   8  0  0 12  1  0  0
2014 05 10  152    125     1080      1    -999   B7.2   6  0  0 18  1  0  0
2014 05 11  164    161     1050      3    -999   B8.1   8  0  0 11  0  1  0
2014 05 12  163    164     1140      0    -999   B7.0   6  0  0 14  2  0  0
2014 05 13  159    138      880      0    -999   B6.4   3  0  0  5  1  0  0
2014 05 14  163    162     1000      2    -999   B6.5   7  0  0 13  1  0  0
2014 05 15  152    130      900      1    -999   B5.8   6  0  0  2  0  0  0
2014 05 16  139    136      770      1    -999   B5.1   7  0  0  4  1  0  0
2014 05 17  134    146      580      2    -999   B5.0   1  0  0  3  0  0  0
2014 05 18  128    138      470      1    -999   B4.4   2  0  0  3  0  0  0
2014 05 19  117    130      340      2    -999   B3.9   1  0  0  0  0  0  0
2014 05 20  117    126      230      1    -999   B3.4   2  0  0  4  0  0  0
2014 05 21  114    100      370      1    -999   B3.4   2  0  0 10  0  0  0
2014 05 22  111     70      280      0    -999   B2.8   3  0  0  5  0  0  0
2014 05 23  116    112      320      2    -999   B3.3   2  0  0  5  0  0  0
2014 05 24  118    130      440      0    -999   B4.9   8  1  0  9  2  0  0
2014 05 25  113    133      560      0    -999   B4.1   5  0  0  9  0  0  0
2014 05 26  108    110      510      0    -999   B3.8   5  0  0  0  0  0  0
2014 05 27  106     96      210      0    -999   B3.2   2  0  0  5  0  0  0
2014 05 28   99     72      150      1    -999   B2.5   1  0  0  1  0  0  0
2014 05 29  103     55      100      0    -999   B2.4   1  0  0  1  0  0  0
2014 05 30  102     56      110      1    -999   B2.4   0  0  0  1  0  0  0
2014 05 31  104     55      130      0    -999   B2.5   2  0  0  2  0  0  0
2014 06 01  103     68      260      2    -999   B2.5   2  0  0  3  0  0  0
2014 06 02  105     56      210      0    -999   B2.4   0  0  0  0  0  0  0
2014 06 03  107     61      200      1    -999   B2.8   0  1  0  2  0  1  0
2014 06 04  105     70      220      1    -999   B2.3   2  0  0  4  1  0  0
2014 06 05  111    102      330      2    -999   B2.7   0  0  0 10  0  0  0
2014 06 06  133    132      550      2    -999   B3.7   6  1  0  8  0  0  0
2014 06 07  137    155      950      0    -999   B4.3   2  0  0  8  0  0  0
2014 06 08  149    144     1130      0    -999   B5.1   4  0  0  4  0  0  0
2014 06 09  161    152     1510      1    -999   B6.6   6  0  0 11  1  0  0
2014 06 10  166    149     1240      1    -999   B9.4   6  0  2  6  1  0  0
2014 06 11  168    176     1490      3    -999   C1.0  10  3  1 19  0  2  0
2014 06 12  175    196     1590      2    -999   C1.1   8  7  0 32  4  0  0
2014 06 13  153    276     1800      0    -999   C1.1  11  1  0 31  3  0  0
2014 06 14  144    159     1120      0    -999   C1.2   4  1  0 14  0  0  0
2014 06 15  130     80      500      0    -999   C1.1   7  2  0  7  0  0  0
2014 06 16  117     81      630      2    -999   B7.0   9  0  0 15  1  0  0
2014 06 17  114     87      680      0    -999   B3.7   6  0  0  4  0  0  0
2014 06 18  111    108      690      1    -999   B4.0   5  0  0  6  1  0  0
2014 06 19  111    108      560      0    -999   B2.5   2  0  0  9  0  0  0
2014 06 20  102     75      340      0    -999   B2.9   4  0  0  5  1  0  0
2014 06 21  101     75      310      0    -999   B2.0   2  0  0 10  1  0  0
2014 06 22   94     95      320      2    -999   B1.6   0  0  0  1  0  0  0
2014 06 23   93     64      170      0    -999   B1.6   1  0  0  1  0  0  0
2014 06 24   94     37      130      1    -999   B1.7   2  0  0  1  0  0  0
2014 06 25   97     52      240      0    -999   B1.8   0  0  0  4  0  0  0
2014 06 26  100     72      240      0    -999   B2.3   2  0  0  2  0  0  0
2014 06 27  104     78      150      3    -999   B4.6   0  0  0  2  0  0  0
2014 06 28  115     89      230      3    -999   B6.2  11  0  0  2  0  0  0
2014 06 29  126    112      660      3    -999   B6.8  14  0  0  9  0  0  0
2014 06 30  141    124      750      0    -999   B7.7   6  0  0  8  0  0  0
2014 07 01  152    154      850      1    -999   B9.6   5  1  0 14  1  0  0
2014 07 02  169    180     1260      1    -999   B8.9   1  0  0 24  1  0  0
2014 07 03  178    179     1430      1    -999   B8.8   2  0  0 23  0  0  0
2014 07 04  188    199     1830      1    -999   C1.0   2  0  0 27  1  0  0
2014 07 05  193    213     2090      1    -999   B9.6   3  0  0 11  0  0  0
2014 07 06  201    256     2230      1    -999   C1.2   5  0  0 14  0  0  0
2014 07 07  198    197     1980      0    -999   B9.8   5  0  0 17  0  0  0
2014 07 08  201    209     2280      2    -999   C1.0   4  1  0 15  1  1  0
2014 07 09  198    183     2230      0    -999   C1.0   5  1  0 29  2  0  0
2014 07 10  177    159     1790      1    -999   B9.2   3  1  0 12  1  0  0
2014 07 11  166    166     1490      1    -999   B9.5   3  0  0 16  0  0  0
2014 07 12  145    145     1420      0    -999   B8.0   4  0  0 22  0  0  0
2014 07 13  127    102      660      0    -999   B5.9   5  0  0  3  1  0  0
2014 07 14  109     70      370      0    -999   B4.0   1  0  0  1  0  0  0
2014 07 15  101     25       20      0    -999   B2.7   1  0  0  0  0  0  0
2014 07 16   92     11       10      0    -999   B1.7   0  0  0  0  0  0  0
2014 07 17   89      0        0      0    -999   B1.3   0  0  0  0  0  0  0
2014 07 18   89     26       30      2    -999   B1.2   0  0  0  0  0  0  0
2014 07 19   86     27       30      0    -999   B1.1   0  0  0  0  0  0  0
2014 07 20   87     17       40      1    -999   B1.5   0  0  0  0  0  0  0
2014 07 21   90     16       70      0    -999   B2.1   0  0  0  0  0  0  0
2014 07 22   93     40      180      2    -999   B1.8   0  0  0  0  0  0  0
2014 07 23   99     55      180      1    -999   B2.0   0  0  0  7  0  0  0
2014 07 24  104     55      280      0    -999   B2.5   1  0  0  3  1  0  0
2014 07 25  107     65      220      0    -999   B2.8   1  0  0  2  1  0  0
2014 07 26  117     76      240      3    -999   B4.2   4  0  0  6  0  0  0
2014 07 27  121    110      380      2    -999   B4.3   2  0  0  6  0  0  0
2014 07 28  132    143      540      1    -999   B5.0   2  0  0  5  1  0  0
2014 07 29  142    160      890      2    -999   B5.1   8  0  0  7  0  0  0
2014 07 30  152    145      900      0    -999   B7.1   5  0  0  2  1  0  0
2014 07 31  156    139      860      1    -999   B6.7   6  1  0  5  0  0  0
2014 08 01  168    165      890      0    -999   B8.2   2  2  0 15  2  0  0
2014 08 02  156    178      850      2    -999   B7.8   4  0  0 14  0  0  0
2014 08 03  152    152      680      0    -999   B6.3   7  0  0 13  1  0  0
2014 08 04  139    111      540      0    -999   B5.5   4  0  0  9  0  0  0
2014 08 05  139     93      450      0    -999   B5.4   4  0  0  7  0  0  0
2014 08 06  137    119      480      1    -999   B4.8   1  0  0  5  0  0  0
2014 08 07  136    158      570      0    -999   B6.0   3  0  0 21  0  0  0
2014 08 08  123    101      570      1    -999   B4.8   4  0  0  6  1  0  0
2014 08 09  113    111      460      1    -999   B3.9   1  0  0  9  0  0  0
2014 08 10  108     64      320      0    -999   B3.4   1  0  0  9  0  0  0
2014 08 11  105     82      400      2    -999   B3.0   1  0  0  6  0  0  0
2014 08 12  104     80      340      1    -999   B2.8   0  0  0  7  0  0  0
2014 08 13  103     68      290      0    -999   B3.2   0  0  0  8  0  0  0
2014 08 14  103    108      340      4    -999   B2.5   0  0  0 11  0  0  0
2014 08 15  113    119      420      1    -999   B3.3   4  0  0 25  1  0  0
2014 08 16  112     99      500      1    -999   B3.5   2  0  0  7  0  0  0
2014 08 17  115    121      640      1    -999   B3.3   1  0  0 10  0  0  0
2014 08 18  111     92      510      0    -999   B2.7   2  0  0  9  1  0  0
2014 08 19  111     84      460      0    -999   B2.6   1  0  0  5  0  0  0
2014 08 20  118     89      320      1    -999   B3.8   9  0  0  7  1  0  0
2014 08 21  128    128      450      1    -999   B5.8   9  1  0 10  0  0  0
2014 08 22  126    139      660      1    -999   B5.3   9  1  0 11  3  1  0
2014 08 23  132    124      800      1    -999   B5.0   7  0  0 18  2  0  0
2014 08 24  141    128      890      0    -999   B5.9   7  1  0 14  1  1  0
2014 08 25  135    112      810      0    -999   B4.8   4  2  0 10  1  0  0
2014 08 26  128     81      710      0    -999   B4.8   4  0  0  5  0  0  0
2014 08 27  123     82      670      0    -999   B4.2   3  0  0  9  0  0  0
2014 08 28  119     78      610      1    -999   B3.5   3  0  0 10  1  0  0
2014 08 29  120     73      470      1    -999   B3.5   6  0  0  5  0  0  0
2014 08 30  123     64      560      0    -999   B4.6   8  0  0 22  0  0  0
2014 08 31  125     90      680      0    -999   B5.1   9  0  0  9  1  0  0
2014 09 01  127     94      640      0    -999   B4.5   4  0  0  7  0  0  0
2014 09 02  136    105      650      1    -999   C1.2   5  0  0  7  0  0  0
2014 09 03  138     92      560      1    -999   C1.0   5  1  0  1  0  0  0
2014 09 04  146    136     1060      3    -999   C1.0   9  0  0  2  0  0  0
2014 09 05  144    124     1350      1    -999   B9.1   6  0  0  2  1  0  0
2014 09 06  157    170     1380      3    -999   C1.1   6  1  0  9  1  0  0
2014 09 07  151    154     1210      1    -999   B9.8   6  0  0  9  0  0  0
2014 09 08  164    158     1110      0    -999   B8.8   4  1  0 16  1  0  0
2014 09 09  159    162     1120      0    -999   C1.1   1  0  0  4  1  0  0
2014 09 10  160    161     1070      0    -999   B7.6   1  0  1 12  0  1  0
2014 09 11  151    164      870      2    -999   B8.7   4  2  0  6  0  0  0
2014 09 12  152    157      790      1    -999   B6.9   8  0  0  8  1  0  0
2014 09 13  145    165      550      0    -999   B6.5   9  0  0 12  0  0  0
2014 09 14  139    120      550      1    -999   B7.2   2  1  0  3  0  1  0
2014 09 15  133     92      350      0    -999   B5.7   4  0  0  9  0  0  0
2014 09 16  133     85      290      0    -999   B5.5   5  0  0  3  0  0  0
2014 09 17  125     91      330      3    -999   B6.1   7  0  0  5  0  0  0
2014 09 18  120     75      230      0    -999   B5.3   4  1  0  5  0  0  0
2014 09 19  122     91      250      1    -999   B4.8   4  0  0  2  0  0  0
2014 09 20  119     75      300      2    -999   B4.5   2  0  0  0  0  0  0
2014 09 21  124     72      590      0    -999   B4.9   3  0  0  0  1  0  0
2014 09 22  130     87      670      1    -999   B4.7   1  0  0  2  0  0  0
2014 09 23  138     90      830      0    -999   B5.7   1  1  0  4  0  1  0
2014 09 24  145     76      590      0    -999   B6.1   3  0  0  5  1  0  0
2014 09 25  158    139      690      3    -999   C1.0   3  0  0 25  0  0  0
2014 09 26  170    203     1020      0    -999   C1.1   7  0  0 22  2  0  0
2014 09 27  181    159     1180      1    -999   C1.0   4  1  0 12  0  0  0
2014 09 28  181    200     1370      1    -999   C1.3   4  2  0 19  1  1  0
2014 09 29  175    160     1560      0    -999   C1.2   6  0  0 15  0  0  0
2014 09 30  162    166     1250      2    -999   C1.0   1  0  0 11  0  0  0
2014 10 01  155    164      770      0    -999   C1.2   1  0  0 14  0  0  0
2014 10 02  149    105      430      0    -999   C1.0   1  2  0  3  1  0  0
2014 10 03  137    128      310      3    -999   C1.1   8  0  0  3  0  0  0
2014 10 04  128    125      370      0    -999   B4.5   4  0  0  4  0  0  0
2014 10 05  128    106      330      0    -999   B4.1   4  0  0  1  0  0  0
2014 10 06  130     86      300      1    -999   B5.0   4  0  0  3  0  0  0
2014 10 07  125     75      290      1    -999   B3.8   4  0  0  8  0  0  0
2014 10 08  126     61      320      0    -999   B3.5   5  0  0  8  0  0  0
2014 10 09  119     65      440      0    -999   B5.4   9  3  0 11  3  0  0
2014 10 10  121     54      350      0    -999   B3.0   1  0  0  0  0  0  0
2014 10 11  112     38      390      1    -999   B3.2   1  0  0  0  0  0  0
2014 10 12  111     28      320      0    -999   B2.9   2  0  0  0  0  0  0
2014 10 13  113     41      400      1    -999   B3.5   0  0  0  0  0  0  0
2014 10 14  120     70      420      1    -999   B3.7   0  2  0  0  0  0  0
2014 10 15  126     90      400      2    -999   C1.3   0  0  0  0  0  0  0
2014 10 16  139     66      420      0    -999   C1.1   4  1  0  0  0  0  0
2014 10 17  146     39      620      1    -999   C1.0   6  0  0  4  0  0  0
2014 10 18  160     60     1560      0    -999   B8.3   9  1  0  7  0  0  0
2014 10 19  173     86     1850      1    -999   C1.2   7  0  1 10  0  0  1
2014 10 20  185     93     2430      0    -999   C1.3  10  5  0 14  4  1  0
2014 10 21  199    120     2790      1    -999   C1.5   9  1  0 19  2  0  0
2014 10 22  216    123     3120      1    -999   C1.5   4  3  1  9  0  1  0
2014 10 23  227    126     3090      0    -999   C1.3   5  1  0  9  2  0  0
2014 10 24  218    147     2820      2    -999   C1.6   5  1  1 10  0  0  1
2014 10 25  219    115     2810      0    -999   C1.8   7  0  1  7  1  0  1
2014 10 26  217    138     3020      0    -999   C1.8  10  4  1  9  0  1  0
2014 10 27  188    120     2530      0    -999   C2.6   6  5  1  1  1  2  1
2014 10 28  167    109     2790      1    -999   C2.4   3  3  0 25  2  0  0
2014 10 29  150     84     1630      0    -999   C2.4   7  6  0  9  1  0  0
2014 10 30  140    121      560      4    -999   C1.3   7  3  0  5  2  0  0
2014 10 31  121     71      170      0    -999   B8.5   3  0  0  3  1  0  0
2014 11 01  120     82      180      2    -999   B4.9   6  0  0  9  1  0  0
2014 11 02  124     91      310      0    -999   B4.2   3  0  0 10  0  0  0
2014 11 03  125     93      330      1    -999   B5.1   5  2  0  5  2  0  0
2014 11 04  129     99      300      0    -999   B7.4   3  2  0 14  1  0  0
2014 11 05  135    113      470      1    -999   B7.4   4  2  0 14  2  0  0
2014 11 06  136    107      580      0    -999   B9.9   4  3  0  9  2  1  0
2014 11 07  146     96      510      0    -999   B9.6   6  3  1  7  0  1  1
2014 11 08  132     92      400      1    -999   B6.9   8  0  0 11  0  0  0
2014 11 09  132     78      420      1    -999   B7.1   9  1  0 32  2  0  0
2014 11 10  136     63      410      0    -999   B6.6  11  0  0 16  1  0  0
2014 11 11  142     70      330      0    -999   B9.4   5  0  0 15  2  0  0
2014 11 12  153     89      370      1    -999   B8.2   8  0  0  8  1  0  0
2014 11 13  154    104      300      2    -999   B9.3   5  0  0 11  0  0  0
2014 11 14  161    117      960      1    -999   B8.1   6  0  0 11  1  0  0
2014 11 15  161    100      960      1    -999   B7.2   2  2  0  8  1  0  0
2014 11 16  172     91     1040      1    -999   B9.5   7  1  0 14  0  0  0
2014 11 17  168     95     1050      1    -999   B7.9   3  0  0  5  0  0  0
2014 11 18  167     92     1140      0    -999   B8.9   6  0  0  2  0  0  0
2014 11 19  170     72      970      0    -999   B9.2   2  0  0  8  0  0  0
2014 11 20  168     83     1360      1    -999   B8.8   3  0  0  7  0  0  0
2014 11 21  163     68     1550      0    -999   B7.7   6  0  0 15  0  0  0
2014 11 22  167     64     1590      0    -999   B8.6  10  0  0  7  3  0  0
2014 11 23  173     66     1810      1    -999   B8.9   9  0  0  5  0  0  0
2014 11 24  172    111     2070      3    -999   B9.3   5  0  0 12  1  0  0
2014 11 25  169    120     2060      0    -999   B8.3   2  0  0 16  0  0  0
2014 11 26  171    170      940      2    -999   B8.7   5  0  0  9  0  0  0
2014 11 27  179    155      970      1    -999   C1.4   9  0  0 31  2  0  0
2014 11 28  181    166     1220      1    -999   C1.1   5  0  0 23  0  0  0
2014 11 29  177    156     1350      0    -999   B9.1  11  0  0 21  2  0  0
2014 11 30  177    153     1540      1    -999   B7.9   6  0  0  8  0  0  0
2014 12 01  168    160     1380      1    -999   B6.7   3  1  0  6  1  0  0
2014 12 02  168    146     1290      1    -999   C1.0  10  0  0 11  0  0  0
2014 12 03  154    128     1090      0    -999   B7.6   7  0  0 15  0  0  0
2014 12 04  158    137     1090      1    -999   B7.1   4  3  0  8  1  1  0
2014 12 05  137     97      820      0    -999   B5.2   8  1  0  9  1  0  0
2014 12 06  129     73      880      2    -999   B6.9   8  0  0 11  1  0  0
2014 12 07  132     58      860      2    -999   B5.6   6  0  0  5  0  0  0
2014 12 08  133     77      860      0    -999   B5.7   3  0  0  2  0  0  0
2014 12 09  140     80      510      1    -999   B8.3  12  0  0 14  3  0  0
2014 12 10  150     97      670      2    -999   B7.2   4  0  0  5  0  0  0
2014 12 11  148    115      780      1    -999   B7.2   7  0  0  7  0  0  0
2014 12 12  154    132      850      2    -999   B7.3   6  0  0  7  0  0  0
2014 12 13  160    121      890      0    -999      *   7  1  0 11  2  0  0
2014 12 14  166    175     1020      4    -999   B8.3  16  1  0 26  2  0  0
2014 12 15  169    152     1230      0    -999   B8.9   2  0  0 16  0  0  0
2014 12 16  185    169     1530      0    -999   B9.2  12  0  0 18  1  0  0
2014 12 17  192    154     1560      0    -999   C1.2   5  4  0 17  2  1  0
2014 12 18  213    168     1870      0    -999   C1.4   7  1  0 28  1  1  0
2014 12 19  216    156     2080      1    -999   C1.2  10  1  0 31  2  0  0
2014 12 20  203    120     1750      1    -999   C1.3   5  0  1 12  1  0  1
2014 12 21  206    159     1590      2    -999   C1.3   6  2  0  7  3  0  0
2014 12 22  179    113     1330      0    -999   C1.1   3  1  0 10  2  0  0
2014 12 23  166    128     1030      2    -999   B9.7   9  0  0  5  1  0  0
2014 12 24  151     86      480      0    -999   C1.0   5  0  0  7  0  1  0
2014 12 25  145    100      460      1    -999   C1.1   3  0  0  2  0  0  0
2014 12 26  137     92      280      1    -999   B6.9  10  0  0 11  0  0  0
2014 12 27  134    111      580      2    -999   B5.2   2  1  0  3  1  1  0
2014 12 28  133    108      520      0    -999   B4.3   5  0  0 10  1  0  0
2014 12 29  132    113      560      0    -999   B4.8   3  0  0 27  0  0  0
2014 12 30  130    102      510      1    -999   B4.4   4  0  0 23  0  0  0
2014 12 31  134     94      710      1    -999   B5.8   6  0  0 13  3  0  0

:Product: Daily Solar Data         2015_DSD.txt
:Issued: 1800 UT 02 Jan 2016
#
#  Prepared by the U.S. Dept. of Commerce, NOAA, Space Weather Prediction Center
#  Please send comments and suggestions to SWPC.Webmaster@noaa.gov
#
#                          2015 Daily Solar Data
#
#                         Sunspot       Stanford GOES15
#           Radio  SESC     Area          Solar  X-Ray  ------ Flares ------
#           Flux  Sunspot  10E-6   New     Mean  Bkgd    X-Ray      Optical
#  Date     10.7cm Number  Hemis. Regions Field  Flux   C  M  X  S  1  2  3
#--------------------------------------------------------------------------- 
2015 01 01  138    101      870      1    -999   B4.9   3  0  0  9  0  0  0
2015 01 02  146    113     1250      1    -999   B4.9   3  0  0  9  0  0  0
2015 01 03  149    122     1300      0    -999   B5.7  10  1  0 13  1  0  0
2015 01 04  150    124     1220      0    -999   B6.7   5  1  0 13  0  1  0
2015 01 05  142     89      920      0    -999   B7.2   6  0  0  8  1  1  0
2015 01 06  142    102      680      2    -999   B7.2   6  0  0  4  1  0  0
2015 01 07  147    106      490      0    -999   B7.0   6  0  0  6  1  0  0
2015 01 08  157    101      550      1    -999   B8.0   5  0  0  3  1  0  0
2015 01 09  151    125      980      2    -999   B7.7   5  0  0  2  1  0  0
2015 01 10  152    146      940      1    -999   B6.9   5  0  0  7  0  0  0
2015 01 11  154    133      980      0    -999   B8.2   8  0  0 15  0  0  0
2015 01 12  159    111      950      0    -999   C1.0   7  0  0 18  0  0  0
2015 01 13  146     93      840      0    -999   B7.5   3  2  0  5  0  1  0
2015 01 14  142     89      570      0    -999   B9.1  14  1  0 10  0  0  0
2015 01 15  131     62      270      1    -999   B6.5   5  0  0  5  0  0  0
2015 01 16  125     75      220      1    -999   B5.2   1  0  0  8  0  0  0
2015 01 17  122     49      120      0    -999   B4.6   0  0  0  5  0  0  0
2015 01 18  126     78      150      2    -999   B4.6   2  0  0  3  0  0  0
2015 01 19  130     62      250      1    -999   B5.1   3  0  0  2  0  0  0
2015 01 20  126     57      210      0    -999   B4.9   2  0  0  1  0  0  0
2015 01 21  124     50      160      0    -999   B6.0   7  0  0  2  0  0  0
2015 01 22  120     63      370      2    -999   B4.5   6  1  0  0  0  0  0
2015 01 23  121     70      530      1    -999   B4.1   6  0  0  7  0  0  0
2015 01 24  125     57      540      0    -999   B3.6   3  0  0  2  1  0  0
2015 01 25  127     65      460      1    -999   B4.3   4  0  0  0  0  0  0
2015 01 26  147    110      580      4    -999   B7.0   6  1  0 14  0  0  0
2015 01 27  158    119      840      0    -999   B9.6   5  0  0 16  0  0  0
2015 01 28  159    140      850      2    -999   B9.5   6  2  0  7  1  1  0
2015 01 29  165    181     1160      1    -999   B9.4  16  1  0 20  3  0  0
2015 01 30  159    193     1450      0    -999   B8.6   4  3  0  4  0  0  0
2015 01 31  154    153     1320      0    -999   B6.3   5  0  0  2  0  0  0
2015 02 01  142    132     1030      0    -999   B7.0   6  0  0  6  0  1  0
2015 02 02  144    117      680      2    -999   B6.8   3  0  0  9  1  0  0
2015 02 03  149    112      830      1    -999   B7.8   7  0  0 22  1  0  0
2015 02 04  145     85      700      0    -999   B7.5   2  1  0 13  0  1  0
2015 02 05  142     86      560      0    -999   B5.9   3  0  0  4  1  0  0
2015 02 06  143     71      440      0    -999   B6.2   3  0  0 10  0  0  0
2015 02 07  153     80      480      1    -999   B7.5   7  0  0  7  0  0  0
2015 02 08  153     94      510      0    -999   B7.3   7  0  0 16  2  0  0
2015 02 09  146     82      470      0    -999   B8.0   9  1  0 15  0  0  0
2015 02 10  141     82      610      0    -999   B9.1   5  0  0 10  1  0  0
2015 02 11  131     76      510      0    -999   B5.2   2  0  0  3  0  0  0
2015 02 12  128     50      400      1    -999   B4.6   2  0  0  4  1  0  0
2015 02 13  125     59      290      1    -999   B4.3   0  0  0  3  0  0  0
2015 02 14  120     49      250      0    -999   B3.8   0  0  0  1  0  0  0
2015 02 15  120     45      240      1    -999   B3.6   0  0  0  1  0  0  0
2015 02 16  118     44      220      0    -999   B3.6   0  0  0  0  0  0  0
2015 02 17  119     40      180      0    -999   B3.8   0  0  0  1  0  0  0
2015 02 18  121     95      250      5    -999   B4.0   2  0  0  7  1  0  0
2015 02 19  119     86      240      0    -999   B3.8   2  0  0  5  0  0  0
2015 02 20  120     53      100      0    -999   B4.2   3  0  0  6  0  0  0
2015 02 21  116     54      110      0    -999   B3.3   2  0  0  1  0  0  0
2015 02 22  118     49       70      1    -999   B3.0   0  0  0  0  0  0  0
2015 02 23  117     44       80      1    -999   B3.3   1  0  0  1  0  0  0
2015 02 24  114     63      120      0    -999   B2.8   1  0  0  1  0  0  0
2015 02 25  111     64      100      0    -999   B2.8   0  0  0  0  0  0  0
2015 02 26  111     39       70      1    -999   B2.5   0  0  0  0  0  0  0
2015 02 27  118     58      200      1    -999   B3.3   1  0  0  3  0  0  0
2015 02 28  123     70      220      0    -999   B4.4   7  0  0  7  0  0  0
2015 03 01  128     66      210      0    -999   B6.2   3  0  0 10  0  0  0
2015 03 02  130     65      170      0    -999   B9.4  14  4  0  4  1  0  0
2015 03 03  125     38      140      0    -999   B5.2   5  1  0  4  0  0  0
2015 03 04  124     43      250      0    -999   B5.1   3  0  0  4  1  0  0
2015 03 05  130     31       75      1    -999   B6.7   4  1  0  0  0  0  0
2015 03 06  127     37       50      2    -999   C1.0   6  2  0  1  0  0  0
2015 03 07  138     20      180      0    -999   B5.9   4  1  0  2  0  0  0
2015 03 08  124     23      260      0    -999   B6.6   2  0  0  6  2  0  0
2015 03 09  123     29      260      0    -999   B5.0  13  2  0 14  6  1  0
2015 03 10  121     42      280      0    -999   B5.4  13  2  0 21  0  1  0
2015 03 11  132     42      360      1    -999   B6.8  14  3  1  8  3  1  0
2015 03 12  127     56      360      1    -999   B9.5  10  5  0  0  0  1  0
2015 03 13  119     87      470      2    -999   B4.8   6  2  0  4  0  0  0
2015 03 14  116     56      350      0    -999   B4.1  12  1  0 13  1  1  0
2015 03 15  114     54      390      0    -999   B4.6   7  2  0 11  2  0  0
2015 03 16  117     57      390      0    -999   B3.6   6  1  0  9  2  1  0
2015 03 17  114     60      810      2    -999   B3.3   2  1  0  4  0  1  0
2015 03 18  115     44      470      0    -999   B6.0  18  0  0 18  1  0  0
2015 03 19  109     71      420      1    -999   B3.5   2  0  0  8  0  0  0
2015 03 20  113     27      120      0    -999   B4.8   1  0  0  0  0  0  0
2015 03 21  114     40      260      2    -999   B4.0   2  0  0  0  0  0  0
2015 03 22  122     88      380      3    -999   B4.0   2  0  0  0  0  0  0
2015 03 23  128    119      540      3    -999   B4.7   3  0  0  2  0  0  0
2015 03 24  133    127      580      1    -999   B4.8   2  0  0  8  0  0  0
2015 03 25  138    115      650      0    -999   B5.4   8  0  0  8  1  0  0
2015 03 26  136    103      590      1    -999   B4.5   4  0  0  5  0  0  0
2015 03 27  138    109      600      0    -999   B5.0   5  0  0  8  0  0  0
2015 03 28  146     82      580      1    -999   B7.9  10  0  0 12  0  0  0
2015 03 29  145     73      450      1    -999   B9.1   8  0  0 16  0  0  0
2015 03 30  134     56      490      0    -999   B6.6   5  0  0  0  0  0  0
2015 03 31  128     53      350      0    -999   B4.7   0  0  0  0  0  0  0
2015 04 01  124     69      520      1    -999   B3.9   0  0  0  0  0  0  0
2015 04 02  121     31      280      0    -999   B4.1   2  0  0  2  0  0  0
2015 04 03  120     29       70      1    -999   B4.1   1  0  0  0  0  0  0
2015 04 04  122     68      130      2    -999   B3.9   3  0  0  0  0  0  0
2015 04 05  122     66      230      0    -999   B4.8   2  0  0  1  0  0  0
2015 04 06  126     78      220      0    -999   B4.1   2  0  0  2  1  0  0
2015 04 07  111     39      280      0    -999   B3.3   1  0  0  6  0  0  0
2015 04 08  106     40      170      0    -999   B2.0   1  1  0  2  1  0  0
2015 04 09  113     37      150      0    -999   B2.5   5  0  0 13  3  0  0
2015 04 10  115     34      140      0    -999   B4.0   4  0  0  5  1  0  0
2015 04 11  123     74      330      3    -999   B6.3   4  0  0 10  0  0  0
2015 04 12  134     64      720      0    -999   B8.3  11  1  0  5  1  0  0
2015 04 13  141     68      740      0    -999   B7.8   9  0  0 16  1  0  0
2015 04 14  147     97     1290      2    -999   B6.6   0  0  0  1  0  0  0
2015 04 15  155     85     1150      0    -999   B6.7   2  0  0  4  0  1  0
2015 04 16  150     85      920      1    -999   B7.5   7  0  0 12  2  0  0
2015 04 17  150     93      880      1    -999   B5.4   6  0  0  7  0  0  0
2015 04 18  148    114      840      1    -999   B5.3   3  0  0  4  2  0  0
2015 04 19  152    142      880      1    -999   B5.4   3  0  0  0  0  0  0
2015 04 20  150    125      750      1    -999   B5.6   3  0  0  9  1  0  0
2015 04 21  154    153      670      2    -999   B9.0   4  7  0 16  0  1  0
2015 04 22  150    134      630      1    -999   B9.0   9  1  0 13  1  0  0
2015 04 23  141    110      630      0    -999   B8.6  10  1  0 17  0  0  0
2015 04 24  135     79      480      0    -999   B7.1  10  0  0 14  0  0  0
2015 04 25  126     77      550      0    -999   B5.1   1  0  0  5  0  0  0
2015 04 26  119     55      530      0    -999   B3.8   2  0  0  1  0  0  0
2015 04 27  108     42      240      0    -999   B2.7   0  0  0  0  0  0  0
2015 04 28  108     36      240      0    -999   B2.7   1  0  0  0  1  0  0
2015 04 29  104     26       30      0    -999   B2.8   1  0  0  0  0  0  0
2015 04 30  102     27       50      2    -999   B2.8   1  0  0  0  0  0  0
2015 05 01  100     13       70      0    -999   B2.2   1  0  0  1  0  0  0
2015 05 02  106     25      220      0    -999   B2.7   0  0  0  6  0  0  0
2015 05 03  111     67      200      3    -999   B4.5   6  0  0 12  0  0  0
2015 05 04  125     85      370      0    -999   B5.6   8  0  0 11  1  0  0
2015 05 05  128     99      650      1    -999   B8.4  18  4  1 17  1  1  0
2015 05 06  136    110      940      0    -999   B8.6   9  1  0 18  1  0  0
2015 05 07  147    131     1080      2    -999   B7.0   8  0  0 17  1  0  0
2015 05 08  150    134     1230      0    -999   B6.1   9  0  0  6  1  0  0
2015 05 09  155    136     1060      1    -999   B6.1   5  0  0 13  0  0  0
2015 05 10  160    134     1060      2    -999   B6.9   7  0  0 11  0  0  0
2015 05 11  163    188     1130      3    -999   B7.4   7  0  0 23  1  0  0
2015 05 12  163    170      910      0    -999   B7.0   4  0  0 11  1  0  0
2015 05 13  157    135      590      0    -999   B7.0   7  0  0 17  2  0  0
2015 05 14  145    126      750      1    -999   B6.5   7  0  0  8  1  0  0
2015 05 15  137    113      640      0    -999   B5.1   7  0  0 13  0  0  0
2015 05 16  131    103      590      0    -999   B5.0   0  0  0  2  0  0  0
2015 05 17  120     75      510      0    -999   B4.0   0  0  0  2  0  0  0
2015 05 18  115     83      340      2    -999   B4.4   2  0  0  2  0  0  0
2015 05 19  110     84      220      1    -999   B3.4   1  0  0  4  0  0  0
2015 05 20  106     61      130      0    -999   B2.7   2  0  0  3  0  0  0
2015 05 21  102     36       70      0    -999   B2.0   1  0  0  8  0  0  0
2015 05 22   99     81      160      2    -999   B2.0   1  0  0  3  0  0  0
2015 05 23   98     69      150      1    -999   B1.9   3  0  0  5  0  0  0
2015 05 24   99     74      180      1    -999   B1.8   0  0  0  0  0  0  0
2015 05 25   97     63      180      0    -999   B1.7   0  0  0  0  0  0  0
2015 05 26   95     46       90      0    -999   B2.2   0  0  0  2  0  0  0
2015 05 27   95     24       40      0    -999   B2.0   1  0  0  1  0  0  0
2015 05 28   93     11       60      1    -999   B1.6   0  0  0  0  0  0  0
2015 05 29   92     23       70      1    -999   B1.5   0  0  0  0  0  0  0
2015 05 30   95     27       90      0    -999   B1.8   0  0  0  0  0  0  0
2015 05 31   94     47      140      1    -999   B2.0   0  0  0  2  0  0  0
2015 06 01  100     38      100      1    -999   B2.2   0  0  0  0  0  0  0
2015 06 02  101     39      110      0    -999   B2.4   1  0  0  2  0  0  0
2015 06 03  109     55      140      1    -999   B3.1   1  0  0  2  0  0  0
2015 06 04  118     80      340      2    -999   B4.4   2  0  0  8  0  0  0
2015 06 05  126    105      420      1    -999   B4.1   5  0  0  5  0  0  0
2015 06 06  133    129      580      2    -999   B4.0   2  0  0  3  0  0  0
2015 06 07  137    136      560      1    -999   B4.4   5  0  0  2  0  0  0
2015 06 08  134    122      420      0    -999   B4.3   0  0  0  1  0  0  0
2015 06 09  137    110      350      0    -999   B5.3   2  0  0  2  1  0  0
2015 06 10  135    105      250      0    -999   B6.0   9  0  0  4  0  0  0
2015 06 11  140    101      320      1    -999   B7.1  19  1  0 20  1  0  0
2015 06 12  137     96      630      0    -999   B8.1  10  0  0 20  3  0  0
2015 06 13  136     97      610      2    -999   B8.9  14  1  0 19  0  0  0
2015 06 14  132    117      550      1    -999   B7.5   5  1  0  1  0  0  0
2015 06 15  135    107      520      0    -999   B7.4   5  0  0  3  0  0  0
2015 06 16  136     87      680      1    -999   B8.6   8  0  0 13  0  0  0
2015 06 17  136     94      940      0    -999   B6.2   4  0  0 11  2  0  0
2015 06 18  151     82     1120      0    -999   B9.4   8  2  0 15  3  0  0
2015 06 19  137     74     1320      0    -999   B6.8   8  0  0 18  0  0  0
2015 06 20  135     89     1410      0    -999   B5.7   3  1  0 11  1  0  0
2015 06 21  136     79     1410      0    -999      *   5  4  0 19  2  1  0
2015 06 22  135     77     1320      1    -999   B6.3   4  1  0 10  1  1  0
2015 06 23  116     61     1070      0    -999   B5.0   2  0  0  5  0  0  0
2015 06 24  110     39      740      0    -999   B4.4   4  0  0  4  1  0  0
2015 06 25  102     33      580      0    -999   B4.2   1  1  0  3  0  0  1
2015 06 26  101     28      550      0    -999   B3.5   3  0  0 10  0  0  0
2015 06 27   97     25      430      0    -999   B3.3   1  0  0  0  0  0  0
2015 06 28   97     39      220      2    -999   B4.1   2  0  0  3  0  0  0
2015 06 29   97     36      180      1    -999   B4.1   6  0  0  3  1  0  0
2015 06 30  101     41      270      1    -999   B3.2   2  0  0  2  0  0  0
2015 07 01  109     49      380      0    -999   B3.6   1  0  0  1  0  0  0
2015 07 02  114     73      340      2    -999   B4.0   5  0  0  2  2  0  0
2015 07 03  112     91      340      1    -999   B3.7   7  1  0 17  1  0  0
2015 07 04  117    111      390      2    -999   B3.2   1  0  0  2  0  0  0
2015 07 05  125    131      420      1    -999   B4.4   0  0  0  9  0  0  0
2015 07 06  133    109      630      0    -999   B5.8  10  2  0 24  0  1  0
2015 07 07  133    118      700      1    -999   B5.2   7  0  0 13  1  0  0
2015 07 08  129    131      840      1    -999   B3.9   1  0  0  2  0  0  0
2015 07 09  122    120      820      0    -999   B3.5   1  0  0  3  0  0  0
2015 07 10  129    124      710      1    -999   B4.1   1  0  0  8  0  0  0
2015 07 11  120     91      730      0    -999   B3.9   1  0  0  8  0  0  0
2015 07 12  116     59      750      1    -999   B3.8   0  0  0  0  0  0  0
2015 07 13  110     44      590      0    -999   B3.5   0  0  0  2  0  0  0
2015 07 14  105     39      530      0    -999   B3.1   2  0  0  2  0  0  0
2015 07 15  101     39      280      0    -999   B2.5   0  0  0  0  0  0  0
2015 07 16  100     55      210      2    -999   B2.1   0  0  0  0  0  0  0
2015 07 17   97     40      190      0    -999   B2.2   0  0  0  2  0  0  0
2015 07 18   96     52      310      0    -999   B2.0   1  0  0  1  0  0  0
2015 07 19   99     46      220      0    -999   B3.0   1  0  0  0  0  0  0
2015 07 20   93     39      160      0    -999   B2.2   0  0  0  0  0  0  0
2015 07 21   91     37      150      0    -999   B1.7   0  0  0  0  0  0  0
2015 07 22   89     35       90      0    -999   B1.5   0  0  0  1  0  0  0
2015 07 23   89     27       40      0    -999   B1.7   0  0  0  1  0  0  0
2015 07 24   92     54       70      2    -999   B2.2   3  0  0 10  1  0  0
2015 07 25   94     41      130      0    -999   B2.2   0  0  0  1  0  0  0
2015 07 26   97     38      190      0    -999   B2.3   1  0  0  6  0  0  0
2015 07 27  100     53      240      1    -999   B2.2   0  0  0  2  0  0  0
2015 07 28  101     56      210      0    -999   B2.3   0  0  0  0  0  0  0
2015 07 29  101     66      200      1    -999   B2.2   0  0  0  0  0  0  0
2015 07 30  102     83      270      2    -999   B2.0   0  0  0  0  0  0  0
2015 07 31  101     71      360      0    -999   B2.3   0  0  0  0  0  0  0
2015 08 01  103     70      290      0    -999   B2.4   1  0  0  3  0  0  0
2015 08 02  102     51      230      0    -999   B2.4   0  0  0  0  0  0  0
2015 08 03  106     62      181      2    -999   B3.1   0  0  0  1  0  0  0
2015 08 04  107     68      270      0    -999   B2.5   0  0  0  2  0  0  0
2015 08 05  112     87      450      1    -999   B2.7   0  0  0 10  0  0  0
2015 08 06  122     80      700      0    -999   B3.4   3  0  0 11  0  0  0
2015 08 07  122     95      850      1    -999   B4.6  11  0  0 15  0  0  0
2015 08 08  121     92      920      0    -999   B4.3   4  0  0  4  0  0  0
2015 08 09  115     87      900      0    -999   B3.5   1  0  0  1  0  0  0
2015 08 10  106     67      790      0    -999   B2.4   0  0  0  2  0  0  0
2015 08 11  103     87      770      2    -999   B2.2   1  0  0  3  0  0  0
2015 08 12   99     68      590      0    -999   B2.3   0  0  0  0  0  0  0
2015 08 13   95     51      290      1    -999   B2.1   0  0  0  4  0  0  0
2015 08 14   93     46      160      0    -999   B2.4   4  0  0  4  0  0  0
2015 08 15   89     33       60      0    -999   B1.7   1  0  0  3  0  0  0
2015 08 16   86     32       80      0    -999   B1.3   0  0  0  1  0  0  0
2015 08 17   87     20       30      0    -999   B1.4   0  0  0  0  0  0  0
2015 08 18   89     44      110      2    -999   B1.4   0  0  0  1  0  0  0
2015 08 19   98     36      150      0    -999   B2.0   0  0  0  6  0  0  0
2015 08 20  103     68      410      1    -999   B4.2   6  0  0 17  0  1  0
2015 08 21  110     78      380      0    -999   B5.0   3  3  0 19  2  1  0
2015 08 22  117     72      420      0    -999   B9.6  13  2  0  8  4  0  0
2015 08 23  133     93      790      0    -999   B6.2   5  0  0 10  1  0  0
2015 08 24  128     71      950      0    -999   B6.2  17  2  0 18  2  0  0
2015 08 25  121     61     1190      0    -999   B4.9  12  0  0 22  0  0  0
2015 08 26  126     45     1100      0    -999   B6.5   7  0  0 11  0  1  0
2015 08 27  110     46      900      1    -999   B4.8   6  1  0  9  1  0  0
2015 08 28  109     52      850      0    -999   B5.7  17  2  0 10  2  0  0
2015 08 29  100     50      550      1    -999   B4.5   4  0  0  1  0  0  0
2015 08 30   92     50      130      1    -999   B3.5   2  1  0  1  0  0  0
2015 08 31   91     50       40      1    -999   B2.8   1  0  0  1  0  0  0
2015 09 01   89     49       90      1    -999   B2.1   0  0  0  4  0  0  0
2015 09 02   88     41       70      0    -999   B1.8   0  0  0  1  0  0  0
2015 09 03   87     27       40      1    -999   B1.7   1  0  0  0  0  0  0
2015 09 04   90     36       60      1    -999   B1.2   0  0  0  1  0  0  0
2015 09 05   85     24       50      0    -999   B1.0   0  0  0  0  0  0  0
2015 09 06   86     38       70      1    -999   B1.0   0  0  0  0  0  0  0
2015 09 07   84     47       80      1    -999   A6.3   0  0  0  0  0  0  0
2015 09 08   84     40       60      0    -999   A5.3   0  0  0  1  0  0  0
2015 09 09   82     49       70      1    -999   A5.9   0  0  0  0  0  0  0
2015 09 10   84     42       60      0    -999   A7.9   0  0  0  0  0  0  0
2015 09 11   93     79      230      2    -999   B1.6   1  0  0 10  0  0  0
2015 09 12   99     87      350      1    -999   B2.7   0  0  0  5  0  0  0
2015 09 13   99     75      500      1    -999   B2.1   0  0  0  2  0  0  0
2015 09 14   97     52      520      0    -999   B2.0   0  0  0  5  0  0  0
2015 09 15  101     66      530      1    -999   B2.7   6  0  0 12  0  0  0
2015 09 16  109     67      680      0    -999   B3.4  10  0  0  8  0  0  0
2015 09 17  107     72      540      0    -999   B2.9  12  1  0 18  2  0  0
2015 09 18  103     62      490      0    -999   B3.4   4  0  0 11  0  0  0
2015 09 19  106     61      520      0    -999   B3.0   2  0  0  1  0  0  0
2015 09 20  110     74      750      1    -999   B3.4   2  2  0  2  0  1  0
2015 09 21  103     68      650      0    -999   B2.9   4  0  0  3  0  0  0
2015 09 22  107     79      630      2    -999   B2.6   0  0  0  6  0  0  0
2015 09 23  111     95      500      1    -999   B3.1   7  0  0  7  0  0  0
2015 09 24  107     86      550      0    -999   B2.8   2  0  0  9  0  0  0
2015 09 25  120    145      640      3    -999   B3.6   1  0  0  7  0  0  0
2015 09 26  120    138      720      0    -999   B4.0   3  0  0 15  0  0  0
2015 09 27  128    154     1010      1    -999   B6.3  13  2  0 43  4  0  0
2015 09 28  124    120     1050      1    -999   C1.0  13  4  0 25  4  0  0
2015 09 29  129    125     1170      0    -999   C1.2   8  9  0 31  4  1  0
2015 09 30  131     78     1090      0    -999   C1.2   8  2  0 20  3  0  0
2015 10 01  120     73      950      0    -999   B8.6   7  1  0 12  3  0  0
2015 10 02  107     58      670      0    -999   B8.9  13  3  0 13  1  0  0
2015 10 03   97     47      480      0    -999   B5.3  10  0  0  0  0  0  0
2015 10 04   88     18      150      0    -999   B2.9   0  1  0  0  0  0  0
2015 10 05   83     15      110      0    -999   B1.1   0  0  0  0  0  0  0
2015 10 06   81     24      110      1    -999   B1.0   0  0  0  0  0  0  0
2015 10 07   81     24      110      0    -999   A9.4   0  0  0  1  0  0  0
2015 10 08   80     24       40      1    -999   A9.4   0  0  0  0  0  0  0
2015 10 09   81     11       30      0    -999   A7.5   0  0  0  1  0  0  0
2015 10 10   81     22       50      1    -999   A7.4   0  0  0  0  0  0  0
2015 10 11   85     36       80      1    -999   A9.4   1  0  0  0  0  0  0
2015 10 12   89     51      100      1    -999   B2.6   1  0  0  1  0  0  0
2015 10 13   96     58      120      1    -999   B2.8   5  0  0  0  0  0  0
2015 10 14  101     56      110      0    -999   B2.9   2  0  0  3  0  0  0
2015 10 15  107     49      100      0    -999   B3.5  14  1  0  7  0  0  0
2015 10 16  109     68      200      1    -999   B4.6   7  1  0  2  0  0  0
2015 10 17  117     83      400      1    -999   B7.1  13  2  0  7  1  0  0
2015 10 18  120     81      530      1    -999   B5.1   3  0  0  2  0  0  0
2015 10 19  124     94      580      0    -999   B4.1   7  0  0 10  0  0  0
2015 10 20  123     77      520      0    -999   B4.3   4  0  0  2  0  0  0
2015 10 21  129     73      510      0    -999   B4.8   8  0  0  8  2  0  0
2015 10 22  121     94      470      2    -999   B4.1   1  0  0  2  0  0  0
2015 10 23  115     91      410      0    -999   B3.6   0  0  0  4  0  0  0
2015 10 24  106     74      320      0    -999   B3.2   3  0  0  4  0  0  0
2015 10 25  106     63      280      0    -999   B3.4   0  0  0  1  0  0  0
2015 10 26  106     72      250      1    -999   B3.6   1  0  0  2  0  0  0
2015 10 27  110     78      290      1    -999   B7.9   6  0  0  0  1  0  0
2015 10 28  112     71      190      1    -999   B6.6   5  0  0  6  1  0  0
2015 10 29  113    101      520      2    -999   B6.4  12  0  0 13  0  0  0
2015 10 30  121     88      620      0    -999   C1.1  15  0  0  4  1  0  0
2015 10 31  119     73      670      0    -999   B8.3  14  1  0 10  1  0  0
2015 11 01  124     88      730      2    -999   B6.6  14  0  0 27  2  0  0
2015 11 02  122     94      850      0    -999   B6.2   9  0  0 20  1  0  0
2015 11 03  124     95      780      1    -999   B5.0   5  0  0 15  0  0  0
2015 11 04  114     93      580      1    -999   B5.7   7  3  0  7  2  1  0
2015 11 05  110     75      420      0    -999   B3.7   0  0  0  1  0  0  0
2015 11 06  115     86      410      1    -999   B5.1   6  0  0  6  0  0  0
2015 11 07  115     79      460      2    -999      *   4  0  0  7  0  0  0
2015 11 08  108     70      360      0    -999   B3.3   0  0  0  0  0  0  0
2015 11 09  108     67      360      0    -999   B3.1   1  1  0  1  1  1  0
2015 11 10  105     65      250      0    -999   B3.1   3  0  0  5  0  0  0
2015 11 11  105     64      110      1    -999   B3.2   0  0  0  1  0  0  0
2015 11 12  104     29       40      0    -999   B2.6   0  0  0  1  0  0  0
2015 11 13  103     50       50      2    -999   B2.4   1  0  0  2  0  0  0
2015 11 14  106     48       60      1    -999   B2.2   0  0  0  1  0  0  0
2015 11 15  106     63       80      0    -999   B2.3   0  0  0  0  0  0  0
2015 11 16  106     44       40      0    -999   B2.3   0  0  0  0  0  0  0
2015 11 17  107     33       40      0    -999   B2.5   1  0  0  1  0  0  0
2015 11 18  108     36       60      1    -999   B3.5   1  0  0  0  0  0  0
2015 11 19  108     51       80      1    -999   B3.5   0  0  0  0  0  0  0
2015 11 20  111     52      150      0    -999   B3.2   0  0  0  3  0  0  0
2015 11 21  122     59      250      0    -999   B4.0   6  0  0  2  0  0  0
2015 11 22  123     76      330      1    -999   B4.5   9  0  0 18  0  0  0
2015 11 23  120     77      400      0    -999   B4.2   3  0  0  1  1  0  0
2015 11 24  113     66      290      1    -999   B3.7   0  0  0  0  0  0  0
2015 11 25  109     58      200      1    -999   B3.1   1  0  0  0  0  0  0
2015 11 26  104     56      170      0    -999   B2.8   0  0  0  0  0  0  0
2015 11 27   99     48      110      0    -999   B2.0   0  0  0  0  0  0  0
2015 11 28   97     36      110      0    -999   B1.6   0  0  0  0  0  0  0
2015 11 29   96     47       70      1    -999   B1.6   0  0  0  2  0  0  0
2015 11 30   96     51      120      0    -999   B1.9   1  0  0  3  1  0  0
2015 12 01   95     27       70      0    -999   B1.9   2  0  0  2  0  0  0
2015 12 02   95     26       60      0    -999   B1.8   1  0  0  2  0  0  0
2015 12 03   95     47       50      2    -999   B1.9   1  0  0  1  0  0  0
2015 12 04   98     25      120      0    -999   B2.3   2  0  0  6  0  0  0
2015 12 05  101     41      170      1    -999   B2.5   2  0  0  5  0  0  0
2015 12 06  102     38      130      0    -999   B2.4   1  0  0  4  0  0  0
2015 12 07  101     50      130      1    -999   B2.4   2  0  0  1  0  0  0
2015 12 08  111     58      160      1    -999   B2.3   3  0  0  1  0  0  0
2015 12 09  109     77      190      1    -999   B3.0   3  0  0  4  0  0  0
2015 12 10  109     86      280      1    -999   B2.5   1  0  0  2  0  0  0
2015 12 11  114     77      170      0    -999   B3.8   2  0  0  2  1  0  0
2015 12 12  117     89      290      2    -999   B5.0  12  0  0  2  0  0  0
2015 12 13  123     74      430      0    -999   B4.3   1  0  0  2  1  0  0
2015 12 14  124     81      480      1    -999   B3.7   1  0  0  6  0  0  0
2015 12 15  119     64      660      0    -999   B3.2   1  0  0  2  0  0  0
2015 12 16  126     49      580      0    -999   B3.9   1  0  0  3  1  0  0
2015 12 17  118     52      650      0    -999   B2.8   2  0  0  3  0  0  0
2015 12 18  117     49      570      0    -999   B2.8   2  0  0 10  1  0  0
2015 12 19  119     44      460      0    -999   B3.5   5  0  0  1  0  0  0
2015 12 20  117     33      430      0    -999   B5.8   8  0  0  1  0  0  0
2015 12 21  122     38      500      2    -999   B6.7  10  2  0  9  2  0  0
2015 12 22  130     68      790      1    -999   B7.4   3  1  0 16  1  0  0
2015 12 23  134     63      910      0    -999   B5.2   2  1  0 12  1  0  0
2015 12 24  133     51      880      0    -999   B6.9   3  1  0 13  0  0  0
2015 12 25  126     71      880      1    -999   B4.9   6  0  0  3  0  0  0
2015 12 26  117     63      620      0    -999   B4.0   4  0  0  6  0  0  0
2015 12 27  110     67      560      0    -999   B3.3   2  0  0  6  0  0  0
2015 12 28  112     64      530      0    -999   B5.8   4  1  0  3  0  0  0
2015 12 29  105     54      480      0    -999   B3.9   4  0  0  1  1  0  0
2015 12 30  102     34      250      0    -999   B3.0   2  0  0  3  1  0  0
2015 12 31   96     18      130      0    -999   B2.8   2  0  0  1  0  0  0

:Product: Daily Solar Data         2016_DSD.txt
:Issued: 02 Jan 2017
#
#  Prepared by the U.S. Dept. of Commerce, NOAA, Space Weather Prediction Center
#  Please send comments and suggestions to SWPC.Webmaster@noaa.gov
#
#                          2016 Daily Solar Data
#
#                         Sunspot       Stanford GOES15
#           Radio  SESC     Area          Solar  X-Ray  ------ Flares ------
#           Flux  Sunspot  10E-6   New     Mean  Bkgd    X-Ray      Optical
#  Date     10.7cm Number  Hemis. Regions Field  Flux   C  M  X  S  1  2  3
#--------------------------------------------------------------------------- 
2016 01 01   98     40      140      2    -999   B3.4   3  1  0  2  0  0  0
2016 01 02  100     52      140      1    -999   B5.8   0  0  0  1  0  0  0
2016 01 03  102     50      170      0    -999   B3.1   0  0  0  1  0  0  0
2016 01 04   95     60      160      0    -999   B2.2   0  0  0  0  0  0  0
2016 01 05   95     29      100      0    -999   B2.2   0  0  0  0  0  0  0
2016 01 06  100     38      160      1    -999   B3.0   1  0  0  0  0  0  0
2016 01 07  103     57      300      1    -999   B2.8   1  0  0  1  0  0  0
2016 01 08  109     80      340      2    -999   B2.4   0  0  0  1  0  0  0
2016 01 09  107     84      390      0    -999   B2.2   0  0  0  0  0  0  0
2016 01 10  109     73      270      1    -999   B2.4   0  0  0  0  0  0  0
2016 01 11  108     41      350      0    -999   B2.1   0  0  0  1  0  0  0
2016 01 12  106     29      280      0    -999   B2.0   0  0  0  1  0  0  0
2016 01 13  104     26      280      0    -999   B1.8   0  0  0  0  0  0  0
2016 01 14  103     36      260      1    -999   B1.8   0  0  0  2  0  0  0
2016 01 15  104     38      250      0    -999   B2.1   4  0  0  1  0  0  0
2016 01 16  100     38      210      0    -999   B2.0   0  0  0  0  0  0  0
2016 01 17  101     48      260      1    -999   B1.7   0  0  0  0  0  0  0
2016 01 18  100     48      280      0    -999   B1.8   0  0  0  0  0  0  0
2016 01 19   98     55      110      1    -999   B1.8   0  0  0  2  0  0  0
2016 01 20  100     59      180      1    -999   B2.4   2  0  0 11  0  0  0
2016 01 21  104     56      200      0    -999   B2.5   4  0  0  0  0  0  0
2016 01 22  101     50      180      0    -999   B2.0   0  0  0  1  0  0  0
2016 01 23   99     54      170      0    -999   B2.2   0  0  0  1  0  0  0
2016 01 24  104     47      230      0    -999   B2.9   1  0  0  1  0  0  0
2016 01 25  108     58      330      2    -999   B2.6   2  0  0  7  0  0  0
2016 01 26  115     61      360      0    -999   B2.4   1  0  0  3  0  0  0
2016 01 27  113     75      500      0    -999   B3.1   1  0  0  8  0  0  0
2016 01 28  110     64      540      0    -999   B2.5   4  0  0  2  1  0  0
2016 01 29  107     49      460      0    -999   B2.7   4  0  0  2  0  0  0
2016 01 30  105     30      390      0    -999   B2.7   0  0  0  0  0  0  0
2016 01 31  101     39      260      1    -999   B2.5   0  0  0  0  0  0  0
2016 02 01  100     42      320      0    -999   B2.4   1  0  0  0  0  0  0
2016 02 02  102     52      300      1    -999   B2.2   1  0  0  3  0  0  0
2016 02 03  112     78      380      1    -999   B3.8   5  0  0  4  0  0  0
2016 02 04  123     95      500      1    -999   B4.5   7  0  0  4  0  0  0
2016 02 05  120    113      400      2    -999   B3.9   5  0  0  1  0  0  0
2016 02 06  117     71      390      1    -999   B3.8   3  0  0 12  0  0  0
2016 02 07  117     84      460      0    -999   B3.8   3  0  0  7  1  0  0
2016 02 08  115     82      650      0    -999   B3.3   1  0  0  3  0  0  0
2016 02 09  117     79      350      1    -999   B3.7   1  0  0  5  0  0  0
2016 02 10  112     82      350      0    -999   B2.8   1  0  0  3  0  0  0
2016 02 11  113     68      250      0    -999   B2.8   3  0  0  3  1  0  0
2016 02 12  112     74      290      1    -999   B4.4   4  1  0  6  0  0  0
2016 02 13  110     46      230      1    -999   B3.7   6  1  0  9  1  0  0
2016 02 14  108     52      280      1    -999   B4.1   7  1  0  6  1  0  0
2016 02 15  107     48      310      0    -999   B5.4  15  1  0 12  4  0  0
2016 02 16  104     49      260      1    -999   B3.9   9  0  0  1  0  0  0
2016 02 17  100     60      300      1    -999   B4.3  16  0  0  5  0  0  0
2016 02 18   95     35       70      0    -999   B4.0   5  0  0  1  0  0  0
2016 02 19   94     42      110      1    -999   B2.4   6  0  0  0  0  0  0
2016 02 20  100     46      210      1    -999   B1.9   0  0  0  0  0  0  0
2016 02 21   96     47      260      0    -999   B1.7   0  0  0  3  0  0  0
2016 02 22   94     29      220      0    -999   B1.6   0  0  0  1  0  0  0
2016 02 23   91     27      230      0    -999   B1.5   0  0  0  0  0  0  0
2016 02 24   88     39      230      1    -999   B1.3   1  0  0  2  0  0  0
2016 02 25   92     26       50      0    -999   B1.4   0  0  0  1  0  0  0
2016 02 26   89     41       60      1    -999   B1.2   1  0  0  1  0  0  0
2016 02 27   90     37       70      0    -999   B1.5   1  0  0  4  0  0  0
2016 02 28   93     38      120      1    -999   B1.7   0  0  0  0  0  0  0
2016 02 29   91     44      160      1    -999   B1.5   0  0  0  1  0  0  0
2016 03 01   97     39      140      0    -999   B1.6   0  0  0  0  0  0  0
2016 03 02   98     65      220      4    -999   B1.7   0  0  0  0  0  0  0
2016 03 03   99     50      150      0    -999   B1.2   0  0  0  0  0  0  0
2016 03 04  101     95      190      3    -999   B1.5   1  0  0  1  0  0  0
2016 03 05   96     68      180      0    -999   B1.2   0  0  0  1  0  0  0
2016 03 06   96     68      140      1    -999   B1.4   0  0  0  2  0  0  0
2016 03 07   94     61      120      0    -999   B1.4   0  0  0  0  0  0  0
2016 03 08   96     48       90      0    -999   B1.6   1  0  0  1  0  0  0
2016 03 09   97     61      190      2    -999   B1.8   2  0  0  0  0  0  0
2016 03 10   95     61      160      0    -999   B1.6   0  0  0  0  0  0  0
2016 03 11   94     48      110      0    -999   B1.4   0  0  0  0  0  0  0
2016 03 12   95     56      210      2    -999   B1.4   1  0  0  2  0  0  0
2016 03 13   93     43      200      0    -999   B1.0   0  0  0  1  0  0  0
2016 03 14   93     57      220      1    -999   B1.5   0  0  0  3  0  0  0
2016 03 15   94     44      170      0    -999   B1.9   2  0  0  3  0  0  0
2016 03 16   91     53      190      2    -999   B1.8   1  0  0  0  0  0  0
2016 03 17   92     66      320      1    -999   B1.6   0  0  0  0  0  0  0
2016 03 18   90     29      300      0    -999   B1.2   0  0  0  2  0  0  0
2016 03 19   89     26      410      0    -999   B1.2   0  0  0  1  0  0  0
2016 03 20   88     25      310      0    -999   A9.3   2  0  0  1  0  0  0
2016 03 21   89     25      220      0    -999   A8.3   0  0  0  0  0  0  0
2016 03 22   87     13      240      0    -999   B1.3   0  0  0  0  0  0  0
2016 03 23   87     14      210      0    -999   B1.3   1  0  0  0  0  0  0
2016 03 24   87     25      310      1    -999   A8.6   0  0  0  0  0  0  0
2016 03 25   86     24      280      0    -999   A7.5   0  0  0  1  0  0  0
2016 03 26   86     23      270      0    -999   A6.4   0  0  0  1  0  0  0
2016 03 27   88     23      270      0    -999   A7.6   0  0  0  1  0  0  0
2016 03 28   88     23      250      0    -999   A7.4   1  0  0  1  0  0  0
2016 03 29   88     13      200      0    -999   A7.5   0  0  0  0  0  0  0
2016 03 30   84     12      190      0    -999   A5.6   0  0  0  0  0  0  0
2016 03 31   82     11      200      0    -999   A3.7   0  0  0  0  0  0  0
2016 04 01   82     11      180      0    -999   A3.7   0  0  0  0  0  0  0
2016 04 02   82     11      190      0    -999   A3.5   0  0  0  0  0  0  0
2016 04 03   82     38      170      2    -999   A4.3   0  0  0  0  0  0  0
2016 04 04   83     23      160      0    -999   A9.3   0  0  0  1  0  0  0
2016 04 05   83     27      150      0    -999   A7.6   0  0  0  1  0  0  0
2016 04 06   87     13       20      0    -999   B2.2   2  0  0  0  0  0  0
2016 04 07   92     26      370      1    -999   B3.5   3  0  0  0  0  0  0
2016 04 08   98     27      360      0    -999   B3.2   1  0  0  0  0  0  0
2016 04 09  106     29      830      0    -999   B3.9   8  0  0 14  0  0  0
2016 04 10  111     26      820      0    -999   B5.2   2  0  0  3  0  0  0
2016 04 11  117     41      880      1    -999   B4.2   4  0  0  5  0  0  0
2016 04 12  111     34      820      0    -999   B3.0   1  0  0  2  0  0  0
2016 04 13  108     41      810      1    -999   B2.5   1  0  0  2  0  0  0
2016 04 14  111     45      810      0    -999   B2.6   2  0  0  4  0  0  0
2016 04 15  112     69      760      0    -999   B2.9   1  0  0  7  1  0  0
2016 04 16  113     51      750      1    -999   B3.0   3  0  0  5  0  0  0
2016 04 17  102     35      830      0    -999   B2.8   1  0  0  2  0  0  0
2016 04 18   95     28      640      0    -999   B2.5   0  1  0  0  1  0  0
2016 04 19   89     28      640      0    -999   B2.2   1  0  0  1  0  0  0
2016 04 20   83     24       90      1    -999   B2.1   0  0  0  0  0  0  0
2016 04 21   77     35      160      0    -999   B1.4   0  0  0  0  0  0  0
2016 04 22   77     22       70      0    -999   A8.8   0  0  0  0  0  0  0
2016 04 23   79     11       80      0    -999   A8.2   0  0  0  0  0  0  0
2016 04 24   82     46      210      2    -999   B1.0   0  0  0  0  0  0  0
2016 04 25   82     38      140      0    -999   A9.8   0  0  0  0  0  0  0
2016 04 26   85     65      200      2    -999   B1.4   0  0  0  7  0  0  0
2016 04 27   93     86      280      1    -999   B2.1   0  0  0  9  0  0  0
2016 04 28   95     84      300      1    -999   B2.2   4  0  0  6  0  0  0
2016 04 29   92     82      300      0    -999   B2.0   0  0  0  3  0  0  0
2016 04 30   94     82      300      1    -999   B2.1   1  0  0  1  0  0  0
2016 05 01   92     76      380      0    -999   B1.7   2  0  0  0  0  0  0
2016 05 02   90     75      210      1    -999   B1.3   1  0  0  1  0  0  0
2016 05 03   90     57      160      0    -999   B2.4   0  0  0  1  0  0  0
2016 05 04   90     67      370      1    -999   B2.6   2  0  0  3  1  0  0
2016 05 05   87     55      190      0    -999   B2.5   0  0  0  1  0  0  0
2016 05 06   90     56      180      0    -999   B2.2   0  0  0  2  0  0  0
2016 05 07   88     51      200      0    -999   B2.1   1  0  0  3  1  0  0
2016 05 08   84     42      110      1    -999   B2.1   0  0  0  0  0  0  0
2016 05 09   89     68      210      1    -999   B2.1   0  0  0  4  0  0  0
2016 05 10   89     70      270      1    -999   B2.6   0  0  0  2  0  0  0
2016 05 11   94     72      300      0    -999   B2.5   0  0  0  1  0  0  0
2016 05 12   92     67      350      0    -999   B1.9   0  0  0  2  0  0  0
2016 05 13   93     76      290      0    -999   B2.3   0  0  0  6  0  0  0
2016 05 14  101     88      510      1    -999   B2.8   3  0  0  5  1  0  0
2016 05 15  108     78      770      0    -999   B3.7   8  0  0 15  0  0  0
2016 05 16  102     76      760      0    -999   B2.8   2  0  0  7  0  0  0
2016 05 17  103     36      660      0    -999   B2.6   1  0  0  0  0  0  0
2016 05 18  102     28      590      0    -999   B2.2   0  0  0  0  0  0  0
2016 05 19   99     38      530      1    -999   B1.9   0  0  0  0  0  0  0
2016 05 20  100     43      610      0    -999   B1.8   0  0  0  2  0  0  0
2016 05 21   98     17      550      0    -999   B1.7   1  0  0  5  0  0  0
2016 05 22   97     15      480      0    -999   B1.6   0  0  0  1  0  0  0
2016 05 23   97     13      460      0    -999   B1.5   0  0  0  1  0  0  0
2016 05 24   94     24      460      1    -999   B1.6   1  0  0  4  0  0  0
2016 05 25   94     27      380      0    -999   B1.5   0  0  0  2  0  0  0
2016 05 26   92     30      420      0    -999   B1.5   2  0  0  4  0  0  0
2016 05 27   90     19      130      0    -999   B1.8   0  0  0  0  0  0  0
2016 05 28   88     31      140      1    -999   B1.7   0  0  0  1  0  0  0
2016 05 29   83     25       80      0    -999   B1.3   0  0  0  1  0  0  0
2016 05 30   86     56       80      2    -999   B1.4   2  0  0  6  0  0  0
2016 05 31   87     40       60      0    -999   B1.5   0  0  0  0  0  0  0
2016 06 01   86     30       70      0    -999   B1.4   0  0  0  0  0  0  0
2016 06 02   85     27      100      0    -999   B1.6   0  0  0  0  0  0  0
2016 06 03   83      0        0      0    -999   B1.3   0  0  0  0  0  0  0
2016 06 04   80      0        0      0    -999   B1.1   0  0  0  0  0  0  0
2016 06 05   79      0        0      0    -999   B1.0   0  0  0  0  0  0  0
2016 06 06   79      0        0      0    -999   A9.9   0  0  0  0  0  0  0
2016 06 07   79     12       10      1    -999   B1.1   0  0  0  0  0  0  0
2016 06 08   80     15       20      0    -999   B1.3   0  0  0  0  0  0  0
2016 06 09   85     22      140      0    -999   B1.2   2  0  0  4  0  0  0
2016 06 10   85     28      180      1    -999   B1.5   0  0  0  1  0  0  0
2016 06 11   88     40      440      1    -999   B1.7   1  0  0  2  0  0  0
2016 06 12   94     39      500      0    -999   B1.7   1  0  0  0  0  0  0
2016 06 13   91     27      420      0    -999   B1.8   1  0  0  1  0  0  0
2016 06 14   88     26      390      0    -999   B1.2   0  0  0  0  0  0  0
2016 06 15   87     22      350      0    -999   B1.0   0  0  0  0  0  0  0
2016 06 16   88     26      340      1    -999   B1.1   0  0  0  7  0  0  0
2016 06 17   87     36      410      1    -999   B1.0   0  0  0  1  0  0  0
2016 06 18   84     46      310      1    -999   B1.1   0  0  0  1  0  0  0
2016 06 19   85     48      330      1    -999   A9.7   1  0  0  0  0  0  0
2016 06 20   84     35      310      0    -999   A8.4   0  0  0  0  0  0  0
2016 06 21   80     22      200      0    -999   A8.6   0  0  0  0  0  0  0
2016 06 22   78     22      160      0    -999   A8.0   0  0  0  0  0  0  0
2016 06 23   78      0        0      0    -999   A8.2   0  0  0  0  0  0  0
2016 06 24   76      0        0      0    -999   A8.3   0  0  0  0  0  0  0
2016 06 25   77      0        0      0    -999   A9.3   0  0  0  0  0  0  0
2016 06 26   77      0        0      0    -999   A7.7   0  0  0  1  0  0  0
2016 06 27   75      0        0      0    -999   A7.2   0  0  0  1  0  0  0
2016 06 28   73      0        0      0    -999   A6.5   0  0  0  0  0  0  0
2016 06 29   74      0        0      0    -999   A6.0   0  0  0  0  0  0  0
2016 06 30   73      0        0      0    -999   A5.5   0  0  0  0  0  0  0
2016 07 01   72      0        0      0    -999   A5.3   0  0  0  0  0  0  0
2016 07 02   71      0        0      0    -999   A5.3   0  0  0  0  0  0  0
2016 07 03   72      0        0      0    -999   A7.2   0  0  0  1  0  0  0
2016 07 04   74      0        0      0    -999   A7.8   0  0  0  0  0  0  0
2016 07 05   72     23       20      2    -999   A7.9   0  0  0  0  0  0  0
2016 07 06   77     11       10      0    -999   B1.2   0  0  0  0  0  0  0
2016 07 07   83     25       60      2    -999   B1.6   1  0  0  2  0  0  0
2016 07 08   87     55      120      2    -999   B2.2   1  0  0  3  0  0  0
2016 07 09   92     63      170      0    -999   B2.2   1  0  0  9  0  0  0
2016 07 10   94     46      190      0    -999   B2.5   1  0  0  2  0  1  0
2016 07 11   95     62      240      1    -999   B2.0   0  0  0  1  0  0  0
2016 07 12   92     63      300      0    -999   B1.8   0  0  0  4  0  0  0
2016 07 13   97     54      240      0    -999   B1.7   0  0  0  3  0  0  0
2016 07 14   95     54      250      0    -999   B1.7   0  0  0  0  0  0  0
2016 07 15  102     73      510      3    -999   B2.4   1  0  0 12  0  0  0
2016 07 16  107     47      530      0    -999   B3.5  11  0  0 14  0  0  0
2016 07 17  105     51      680      0    -999   B3.4   4  0  0  5  0  0  0
2016 07 18  107     68      660      1    -999   B2.4   1  0  0  4  0  0  0
2016 07 19  101     58      720      0    -999   B2.6   2  0  0  9  1  0  0
2016 07 20  108     56      850      0    -999   B2.8   7  0  0 10  0  0  0
2016 07 21  100     49      640      0    -999   B4.1   9  2  0  8  1  0  0
2016 07 22   90     36      580      0    -999   B2.5   3  0  0  4  0  0  0
2016 07 23   86     34      460      0    -999   B4.0   6  3  0 12  0  0  1
2016 07 24   82     16      150      0    -999   B3.5   9  2  0  2  0  0  0
2016 07 25   74      0        0      0    -999   B1.3   1  0  0  0  0  0  0
2016 07 26   74      0        0      0    -999   A7.8   0  0  0  0  0  0  0
2016 07 27   72      0        0      0    -999   A5.5   0  0  0  0  0  0  0
2016 07 28   70     13       10      1    -999   A5.0   0  0  0  0  0  0  0
2016 07 29   71     13       10      0    -999   A5.9   0  0  0  0  0  0  0
2016 07 30   71     13       10      0    -999   A5.2   0  0  0  1  0  0  0
2016 07 31   72     12       10      0    -999   A5.4   0  0  0  0  0  0  0
2016 08 01   72     13       10      0    -999   A5.3   0  0  0  0  0  0  0
2016 08 02   75     11       10      0    -999   A5.2   0  0  0  0  0  0  0
2016 08 03   75      0        0      0    -999   A5.7   0  0  0  0  0  0  0
2016 08 04   76      0        0      0    -999   A6.2   0  0  0  1  0  0  0
2016 08 05   80     36       80      1    -999   A8.6   1  0  0  7  0  0  0
2016 08 06   83     33      120      0    -999   B1.1   0  0  0  0  0  0  0
2016 08 07   93     63      380      2    -999   B2.5   7  1  0  7  0  0  0
2016 08 08   96     91      490      2    -999   B4.3   6  0  0 17  1  0  0
2016 08 09   92     72      580      0    -999   B2.1   2  0  0  4  0  0  0
2016 08 10   95     69      550      0    -999   B1.6   0  0  0  1  0  0  0
2016 08 11   95     82      520      1    -999   B1.4   1  0  0  2  0  0  0
2016 08 12   95     86      590      0    -999   B1.5   0  0  0  4  0  0  0
2016 08 13   91     73      480      0    -999   B1.2   0  0  0  0  0  0  0
2016 08 14   87     61      440      0    -999   B1.0   1  0  0  3  0  0  0
2016 08 15   88     70      440      1    -999   A9.9   1  0  0  0  0  0  0
2016 08 16   87     81      310      0    -999   A9.1   0  0  0  1  0  0  0
2016 08 17   83     64      270      0    -999   A8.2   0  0  0  1  0  0  0
2016 08 18   82     54      250      0    -999   A8.2   0  0  0  0  0  0  0
2016 08 19   81     37      130      0    -999   A8.6   0  0  0  0  0  0  0
2016 08 20   78     12       10      0    -999   A9.4   0  0  0  1  0  0  0
2016 08 21   77     11       10      0    -999   A8.3   0  0  0  0  0  0  0
2016 08 22   80     33       80      2    -999   A7.7   0  0  0  3  0  0  0
2016 08 23   81     47      120      0    -999   A9.6   0  0  0  0  0  0  0
2016 08 24   78     43      120      0    -999   A8.5   0  0  0  0  0  0  0
2016 08 25   79     39      120      1    -999   A8.7   0  0  0  0  0  0  0
2016 08 26   82     44      110      0    -999   B1.0   0  0  0  5  0  0  0
2016 08 27   84     52      130      1    -999   B1.0   0  0  0  0  0  0  0
2016 08 28   85     64      200      1    -999   B1.1   1  0  0  2  0  0  0
2016 08 29   88     67      350      0    -999   B2.7   3  0  0  8  0  0  0
2016 08 30  100     64      290      0    -999   B5.0   2  0  0  1  0  0  0
2016 08 31   98     91      575      2    -999   B4.2   2  0  0  3  0  0  0
2016 09 01   95     66      730      1    -999   B3.0   0  0  0  3  0  0  0
2016 09 02   95     50      620      0    -999   B3.4   0  0  0 10  0  0  0
2016 09 03   99     46      690      0    -999   B2.1   0  0  0  2  0  0  0
2016 09 04   97     59      560      1    -999   B1.9   0  0  0  2  0  0  0
2016 09 05   94     22      420      0    -999   B1.4   0  0  0  1  0  0  0
2016 09 06   92     32      410      1    -999   B1.3   0  0  0  1  0  0  0
2016 09 07   93     50      470      0    -999   B1.4   0  0  0  0  0  0  0
2016 09 08   95     49      400      1    -999   B1.0   0  0  0  1  0  0  0
2016 09 09   91     65      430      1    -999   B1.1   0  0  0  3  0  0  0
2016 09 10   93     66      450      1    -999   B1.5   0  0  0  2  0  0  0
2016 09 11   86     63      340      0    -999   B1.0   0  0  0  0  0  0  0
2016 09 12   87     57      290      0    -999   A8.3   0  0  0  0  0  0  0
2016 09 13   86     27       60      0    -999   B1.1   0  0  0  0  0  0  0
2016 09 14   85     24       30      0    -999   B1.3   0  0  0  0  0  0  0
2016 09 15   84     12       10      1    -999   B1.0   0  0  0  0  0  0  0
2016 09 16   84     13       10      0    -999   A7.4   0  0  0  0  0  0  0
2016 09 17   80     14       10      0    -999   A9.0   0  0  0  1  0  0  0
2016 09 18   83     47       40      2    -999   A9.2   0  0  0  4  2  0  0
2016 09 19   83     56      100      1    -999   B1.2   0  0  0  3  0  0  0
2016 09 20   85     32      170      0    -999   B1.5   0  0  0  6  0  0  0
2016 09 21   86     35      170      0    -999   B2.0   2  0  0  5  0  0  0
2016 09 22   85     30      100      1    -999   B1.6   5  0  0  0  0  0  0
2016 09 23   86     49      130      1    -999   B1.2   0  0  0  0  0  0  0
2016 09 24   85     47      180      0    -999   B1.0   0  0  0  3  0  0  0
2016 09 25   85     18       60      0    -999   A9.8   1  0  0  4  0  0  0
2016 09 26   87     23       70      0    -999   B1.6   0  0  0  3  0  0  0
2016 09 27   86     21      110      0    -999   B1.5   1  0  0  4  0  0  0
2016 09 28   84     20      100      0    -999   A8.5   0  0  0  1  0  0  0
2016 09 29   83     17      100      0    -999   B1.5   0  0  0  0  0  0  0
2016 09 30   81     12       60      0    -999   B1.6   0  0  0  0  0  0  0
2016 10 01   81      0        0      0    -999   B1.1   0  0  0  0  0  0  0
2016 10 02   82     13       10      1    -999   B1.1   0  0  0  4  0  0  0
2016 10 03   88     32      320      1    -999   B1.7   0  0  0  4  0  0  0
2016 10 04   93     33      480      0    -999   B1.6   0  0  0  0  0  0  0
2016 10 05   99     38      540      0    -999   B1.8   0  0  0  3  0  0  0
2016 10 06  102     55      560      1    -999   B1.9   0  0  0  2  0  0  0
2016 10 07  104     50      570      0    -999   B1.9   0  0  0  0  0  0  0
2016 10 08  104     62      600      0    -999   B2.2   0  0  0  0  0  0  0
2016 10 09  105     58      630      0    -999   B1.9   0  0  0  0  0  0  0
2016 10 10  102     64      440      1    -999   B1.8   0  0  0  0  0  0  0
2016 10 11   99     56      400      0    -999   B2.0   0  0  0  1  0  0  0
2016 10 12   98     40      300      1    -999   B1.8   1  0  0  3  0  0  0
2016 10 13   95     41      270      0    -999   B2.2   1  0  0  1  0  0  0
2016 10 14   93     38      260      0    -999   B2.2   1  0  0  2  0  0  0
2016 10 15   85     35      190      0    -999   B1.6   0  0  0  0  0  0  0
2016 10 16   81     25      130      0    -999   B1.4   0  0  0  1  0  0  0
2016 10 17   76     23       80      0    -999   A9.0   1  0  0  0  0  0  0
2016 10 18   77     24      120      0    -999   A7.1   0  0  0  1  0  0  0
2016 10 19   77     31       80      1    -999   A6.9   0  0  0  0  0  0  0
2016 10 20   75     16       50      0    -999   A6.7   0  0  0  1  0  0  0
2016 10 21   78     29       50      0    -999   A7.3   0  0  0  1  0  0  0
2016 10 22   78     27       40      0    -999   A7.1   0  0  0  0  0  0  0
2016 10 23   77     14       20      0    -999   A7.8   0  0  0  0  0  0  0
2016 10 24   75     13       20      0    -999   A7.0   0  0  0  0  0  0  0
2016 10 25   78     17       70      0    -999   A7.6   0  0  0  0  0  0  0
2016 10 26   78     15       80      0    -999   A8.1   0  0  0  0  0  0  0
2016 10 27   79     12       60      0    -999   A8.3   0  0  0  0  0  0  0
2016 10 28   79      0        0      1    -999   A8.9   0  0  0  0  0  0  0
2016 10 29   79     16       10      0    -999   A9.7   0  0  0  0  0  0  0
2016 10 30   76     12       10      0    -999   A8.4   0  0  0  0  0  0  0
2016 10 31   77     12       30      1    -999   A7.6   0  0  0  0  0  0  0
2016 11 01   77     12       10      0    -999   A7.2   0  0  0  0  0  0  0
2016 11 02   76      0        0      0    -999   A6.7   0  0  0  0  0  0  0
2016 11 03   76     23       20      1    -999   A6.6   0  0  0  0  0  0  0
2016 11 04   77     25       30      0    -999   A6.2   0  0  0  0  0  0  0
2016 11 05   77     24       20      0    -999   A6.4   0  0  0  0  0  0  0
2016 11 06   76     23       20      0    -999   A6.5   0  0  0  0  0  0  0
2016 11 07   77     24       20      0    -999   A6.7   0  0  0  0  0  0  0
2016 11 08   77      0        0      0    -999   A7.1   0  0  0  0  0  0  0
2016 11 09   80     12       10      1    -999   A9.8   0  0  0  0  0  0  0
2016 11 10   80     13       50      0    -999   B1.2   0  0  0  0  0  0  0
2016 11 11   78     26      120      1    -999   A8.2   0  0  0  0  0  0  0
2016 11 12   78     51      190      2    -999   A8.6   0  0  0  1  0  0  0
2016 11 13   78     38       40      0    -999   A8.2   0  0  0  1  0  0  0
2016 11 14   77     26       30      0    -999   A7.0   0  0  0  1  0  0  0
2016 11 15   77     29       30      0    -999   A7.9   0  0  0  1  0  0  0
2016 11 16   81     18       40      0    -999   A7.9   0  0  0  0  0  0  0
2016 11 17   79     27       60      1    -999   A7.3   0  0  0  0  0  0  0
2016 11 18   78     28       30      0    -999   A6.8   0  0  0  0  0  0  0
2016 11 19   77     22       20      0    -999   A6.8   0  0  0  1  0  0  0
2016 11 20   76     11       10      0    -999   A6.6   0  0  0  0  0  0  0
2016 11 21   75      0        0      0    -999   A7.1   0  0  0  0  0  0  0
2016 11 22   77      0        0      0    -999   A9.2   0  0  0  0  0  0  0
2016 11 23   78     11      120      1    -999   A8.7   0  0  0  1  0  0  0
2016 11 24   79     12      180      0    -999   A9.0   0  0  0  0  0  0  0
2016 11 25   81     12      230      0    -999   A9.1   0  0  0  0  0  0  0
2016 11 26   81     13      160      0    -999   A9.3   0  0  0  0  0  0  0
2016 11 27   83     31      200      1    -999   A9.4   0  0  0  0  0  0  0
2016 11 28   85     44      230      1    -999   B1.3   1  0  0  2  0  0  0
2016 11 29   86     43      260      1    -999   B1.6   4  2  0 11  0  0  0
2016 11 30   84     75      230      0    -999   B1.1   4  0  0  9  0  0  0
2016 12 01   85     49      260      0    -999   B1.0   0  0  0  0  0  0  0
2016 12 02   84     59      230      1    -999   B1.0   0  0  0  0  0  0  0
2016 12 03   85     62      230      0    -999   B1.1   0  0  0  0  0  0  0
2016 12 04   82     37      190      0    -999   B1.2   3  0  0  5  0  0  0
2016 12 05   83     37      220      0    -999   B1.1   1  0  0  2  0  0  0
2016 12 06   80     24      170      0    -999   B1.0   0  0  0  0  0  0  0
2016 12 07   77     18      170      0    -999   A9.1   0  0  0  0  0  0  0
2016 12 08   75     14       60      0    -999   A8.7   0  0  0  0  0  0  0
2016 12 09   73     12       60      0    -999   A8.0   0  0  0  0  0  0  0
2016 12 10   72      0        0      0    -999   A8.0   1  0  0  0  0  0  0
2016 12 11   71     13       10      1    -999   A6.3   0  0  0  1  0  0  0
2016 12 12   71     13       10      0    -999   A5.7   0  0  0  0  0  0  0
2016 12 13   71     14       70      0    -999   A5.5   0  0  0  0  0  0  0
2016 12 14   72     25       80      1    -999   A5.4   0  0  0  0  0  0  0
2016 12 15   73     12       10      0    -999   A5.9   0  0  0  1  0  0  0
2016 12 16   73      0        0      0    -999   A6.7   0  0  0  0  0  0  0
2016 12 17   72      0        0      0    -999   A5.6   0  0  0  0  0  0  0
2016 12 18   72     13       20      1    -999   A5.2   0  0  0  0  0  0  0
2016 12 19   73     12       10      0    -999   A5.2   0  0  0  0  0  0  0
2016 12 20   75     25       10      1    -999   A5.4   0  0  0  0  0  0  0
2016 12 21   75     15       50      0    -999   A6.7   0  0  0  0  0  0  0
2016 12 22   75     12       20      0    -999   A6.2   0  0  0  0  0  0  0
2016 12 23   74      0        0      0    -999   A6.3   0  0  0  0  0  0  0
2016 12 24   73      0        0      0    -999   A6.3   0  0  0  0  0  0  0
2016 12 25   73      0        0      0    -999   A5.7   0  0  0  0  0  0  0
2016 12 26   74     13       10      1    -999   A6.3   0  0  0  0  0  0  0
2016 12 27   74     14       30      0    -999   A6.4   0  0  0  2  0  0  0
2016 12 28   73     14       10      0    -999   A6.4   0  0  0  0  0  0  0
2016 12 29   73      0        0      0    -999   A6.9   0  0  0  0  0  0  0
2016 12 30   74     11       10      1    -999   A7.1   0  0  0  0  0  0  0
2016 12 31   74     11       10      0    -999   A6.4   0  0  0  0  0  0  0

:Product: Daily Solar Data         2017_DSD.txt
:Issued: 2025 UT 07 Apr 2017
#
#  Prepared by the U.S. Dept. of Commerce, NOAA, Space Weather Prediction Center
#  Please send comments and suggestions to SWPC.Webmaster@noaa.gov
#
#                     2017 Daily Solar Data
#
#                         Sunspot       Stanford GOES15
#           Radio  SESC     Area          Solar  X-Ray  ------ Flares ------
#           Flux  Sunspot  10E-6   New     Mean  Bkgd    X-Ray      Optical
#  Date     10.7cm Number  Hemis. Regions Field  Flux   C  M  X  S  1  2  3
#--------------------------------------------------------------------------- 
2017 01 01   73      0        0      1    -999   A5.7   0  0  0  0  0  0  0
2017 01 02   73      0        0      0    -999   A5.7   0  0  0  0  0  0  0
2017 01 03   73     11        0      1    -999   A5.5   0  0  0  0  0  0  0
2017 01 04   72      0        0      0    -999   A5.4   0  0  0  0  0  0  0
2017 01 05   73      0        0      0    -999   A5.5   0  0  0  0  0  0  0
2017 01 06   72      0        0      0    -999   A5.6   0  0  0  0  0  0  0
2017 01 07   72      0        0      0    -999   A5.8   0  0  0  0  0  0  0
2017 01 08   72      0        0      0    -999   A5.5   0  0  0  0  0  0  0
2017 01 09   71      0        0      0    -999   A5.5   0  0  0  0  0  0  0
2017 01 10   73      0        0      0    -999   A6.2   0  0  0  3  0  0  0
2017 01 11   75      0        0      0    -999   A8.3   0  0  0  0  0  0  0
2017 01 12   76     11       30      1    -999   A8.5   1  0  0  0  0  0  0
2017 01 13   75     24       70      1    -999   A6.5   0  0  0  0  0  0  0
2017 01 14   77     25      190      0    -999   A6.4   0  0  0  0  0  0  0
2017 01 15   78     23      180      0    -999   A6.3   0  0  0  0  0  0  0
2017 01 16   78     24      180      0    -999   A6.9   0  0  0  0  0  0  0
2017 01 17   79     26      140      0    -999   A7.0   0  0  0  0  0  0  0
2017 01 18   79     25      100      0    -999   A7.0   0  0  0  0  0  0  0
2017 01 19   80     26       90      0    -999   A7.1   0  0  0  0  0  0  0
2017 01 20   83     61      180      2    -999   B1.0   0  0  0  8  0  0  0
2017 01 21   86     67      270      0    -999   B1.4   6  0  0  5  1  0  0
2017 01 22   87     61      350      0    -999   B1.3   0  0  0  0  0  0  0
2017 01 23   84     53      320      0    -999   B1.0   0  0  0  0  0  0  0
2017 01 24   82     55      320      1    -999   B1.0   0  0  0  4  0  0  0
2017 01 25   85     46      410      0    -999   B1.4   0  0  0  6  0  0  0
2017 01 26   83     31      270      0    -999   B1.1   0  0  0  2  0  0  0
2017 01 27   80     33      270      0    -999   A9.1   0  0  0  0  0  0  0
2017 01 28   79     28      240      0    -999   A8.5   1  0  0  0  0  0  0
2017 01 29   77     24      230      0    -999   A8.2   0  0  0  0  0  0  0
2017 01 30   77     35       80      2    -999   A7.7   0  0  0  0  0  0  0
2017 01 31   76     42       60      1    -999   A7.4   0  0  0  0  0  0  0
2017 02 01   76     28       90      0    -999   A7.9   0  0  0  0  0  0  0
2017 02 02   75     40      110      1    -999   A7.7   0  0  0  0  0  0  0
2017 02 03   75     39       80      0    -999   A7.3   0  0  0  0  0  0  0
2017 02 04   74     22       40      0    -999   A8.0   0  0  0  0  0  0  0
2017 02 05   73     22       20      1    -999   A7.3   0  0  0  0  0  0  0
2017 02 06   73     15       10      0    -999   A6.7   0  0  0  0  0  0  0
2017 02 07   72     11       10      0    -999   A6.3   0  0  0  0  0  0  0
2017 02 08   73      0        0      0    -999   A5.8   0  0  0  2  0  0  0
2017 02 09   73     15       70      1    -999   A6.4   3  0  0  1  0  0  0
2017 02 10   74     18      110      0    -999   A5.9   0  0  0  0  0  0  0
2017 02 11   76     18      110      0    -999   A6.2   0  0  0  0  0  0  0
2017 02 12   76     18       90      0    -999   A6.4   0  0  0  0  0  0  0
2017 02 13   75     16       60      0    -999   A6.3   0  0  0  0  0  0  0
2017 02 14   75     15       50      0    -999   A6.2   0  0  0  0  0  0  0
2017 02 15   75     23       30      1    -999   A5.9   0  0  0  0  0  0  0
2017 02 16   74     23       10      0    -999   A5.7   0  0  0  0  0  0  0
2017 02 17   75     14       20      0    -999   A7.6   0  0  0  0  0  0  0
2017 02 18   77     13       20      0    -999   B1.0   0  0  0  0  0  0  0
2017 02 19   78     23       30      1    -999   B1.4   0  0  0  0  0  0  0
2017 02 20   81     25       90      1    -999   B1.2   0  0  0  1  0  0  0
2017 02 21   83     19      140      0    -999   B1.3   0  0  0  3  0  0  0
2017 02 22   83     17      150      0    -999   B1.1   1  0  0  1  1  0  0
2017 02 23   83     18      150      0    -999   B1.1   1  0  0  4  0  0  0
2017 02 24   82     27      140      1    -999   A9.0   1  0  0  2  0  0  0
2017 02 25   80     25      120      0    -999   A8.4   0  0  0  0  0  0  0
2017 02 26   79     35      120      1    -999   A6.7   0  0  0  1  0  0  0
2017 02 27   82     40      150      1    -999   A7.8   0  0  0  2  0  0  0
2017 02 28   82     39      210      0    -999   A6.2   0  0  0  3  0  0  0
2017 03 01   81     55      190      1    -999   A6.5   0  0  0  2  0  0  0
2017 03 02   79     52      140      0    -999   A5.1   0  0  0  0  0  0  0
2017 03 03   78     36      100      0    -999   A4.7   0  0  0  0  0  0  0
2017 03 04   75      0        0      0    -999   A3.0   0  0  0  0  0  0  0
2017 03 05   73     11       10      0    -999   A1.7   0  0  0  0  0  0  0
2017 03 06   72      0        0      0    -999   A1.6   0  0  0  0  0  0  0
2017 03 07   72      0        0      0    -999   A1.1   0  0  0  0  0  0  0
2017 03 08   71      0        0      0    -999   A1.2   0  0  0  0  0  0  0
2017 03 09   71      0        0      0    -999   A3.1   0  0  0  0  0  0  0
2017 03 10   71      0        0      0    -999   A1.5   0  0  0  0  0  0  0
2017 03 11   70      0        0      0    -999   A0.0   0  0  0  0  0  0  0
2017 03 12   70      0        0      0    -999   A0.0   0  0  0  0  0  0  0
2017 03 13   70      0        0      0    -999   A0.0   0  0  0  0  0  0  0
2017 03 14   70      0        0      0    -999   A0.0   0  0  0  0  0  0  0
2017 03 15   70      0        0      0    -999   A0.0   0  0  0  0  0  0  0
2017 03 16   71      0        0      0    -999   A0.0   0  0  0  0  0  0  0
2017 03 17   71      0        0      0    -999   A0.0   0  0  0  0  0  0  0
2017 03 18   70      0        0      0    -999   A0.0   0  0  0  0  0  0  0
2017 03 19   71      0        0      0    -999   A0.0   0  0  0  0  0  0  0
2017 03 20   73      0        0      0    -999   A1.9   0  0  0  1  0  0  0
2017 03 21   71     12       40      1    -999   A2.8   0  0  0  0  0  0  0
2017 03 22   73     12       30      0    -999   A1.8   0  0  0  0  0  0  0
2017 03 23   72     12       20      0    -999   A1.6   0  0  0  0  0  0  0
2017 03 24   72     12       10      0    -999   A1.2   0  0  0  0  0  0  0
2017 03 25   74     11       10      0    -999   A0.0   0  0  0  1  0  0  0
2017 03 26   77     20       50      1    -999   A3.0   1  0  0  5  0  0  0
2017 03 27   83     49      200      2    -999   B1.0   3  0  0 15  0  0  0
2017 03 28   84     51      320      0    -999   B1.3   5  0  0 13  0  0  0
2017 03 29   83     53      400      0    -999   B1.1   0  0  0  4  0  0  0
2017 03 30   86     33      450      0    -999   B1.3   0  0  0  0  0  0  0
2017 03 31   91     65      580      1    -999   B1.1   2  0  0  5  0  0  0
2017 04 01  101     79      740      1    -999   B2.0   2  1  0  5  1  0  0
2017 04 02  112     75     1070      0    -999   B7.9   7  4  0 19  0  1  0
2017 04 03  108     97     1270      1    -999   C1.2  14  2  0 28  0  1  0
2017 04 04   94     75      890      0    -999   B5.5  13  0  0  9  0  0  0
2017 04 05   85     37      550      0    -999   B2.7   2  0  0  5  0  0  0
2017 04 06   76     38      400      0    -999   B1.6   2  0  0  4  0  0  0
2017 04 07   74     27       70      0    -999   A9.4   2  0  0  1  0  0  0
2017 04 08   73      0        0      0    -999   B1.0   2  0  0  0  0  0  0
2017 04 09   74     13       20      1    -999   A7.2   0  0  0  0  0  0  0
2017 04 10   74     13       40      0    -999   A5.8   0  0  0  2  0  0  0
2017 04 11   75     12       40      0    -999   A4.5   0  0  0  0  0  0  0
2017 04 12   71     13       20      0    -999   A4.7   0  0  0  1  0  0  0
2017 04 13   74     12       20      0    -999   A4.8   0  0  0  1  0  0  0
2017 04 14   73     11       10      0    -999   A4.6   0  0  0  0  0  0  0
2017 04 15   73     11       10      0    -999   A4.5   0  0  0  0  0  0  0
2017 04 16   75      0        0      0    -999   A7.7   0  0  0  0  0  0  0
2017 04 17   75      0        0      0    -999   B1.1   1  0  0  0  0  0  0
2017 04 18   80     12       20      1    -999   A9.7   2  0  0  2  0  0  0
2017 04 19   81     14      110      0    -999   B1.3   0  0  0  0  0  0  0
2017 04 20   81     26      140      1    -999   B1.1   0  0  0  2  0  0  0
2017 04 21   82     39      180      1    -999   B1.1   0  0  0  4  0  0  0
2017 04 22   84     29      240      0    -999   B1.0   0  0  0  2  0  0  0
2017 04 23   83     43      260      0    -999   A9.9   0  0  0  0  0  0  0
2017 04 24   80     41      210      0    -999   B1.0   0  0  0  0  0  0  0
2017 04 25   81     36      150      0    -999   A9.2   0  0  0  0  0  0  0
2017 04 26   80     36      140      0    -999   A9.5   0  0  0  1  0  0  0
2017 04 27   78     23      110      0    -999   A9.0   0  0  0  0  0  0  0
2017 04 28   78     35      100      1    -999   A8.5   0  0  0  0  0  0  0
2017 04 29   77     34       80      0    -999   A7.3   0  0  0  0  0  0  0
2017 04 30   77     33       60      0    -999   A7.3   0  0  0  0  0  0  0
2017 05 01   75     11       20      0    -999   A6.2   0  0  0  2  0  0  0
2017 05 02   77     25       70      0    -999   A7.2   0  0  0  0  0  0  0
2017 05 03   75     15       70      0    -999   A6.1   0  0  0  0  0  0  0
2017 05 04   74     29       90      1    -999   A5.8   0  0  0  0  0  0  0
2017 05 05   74     31       70      0    -999   A6.2   0  0  0  7  0  0  0
2017 05 06   73     26       50      0    -999   A4.4   0  0  0  1  0  0  0
2017 05 07   72     23       30      0    -999   A3.6   0  0  0  0  0  0  0
2017 05 08   71     11       20      0    -999   A3.6   0  0  0  0  0  0  0
2017 05 09   69      0        0      0    -999   A3.5   0  0  0  0  0  0  0
2017 05 10   69      0        0      0    -999   A3.4   0  0  0  0  0  0  0
2017 05 11   69      0        0      0    -999   A3.5   0  0  0  0  0  0  0
2017 05 12   69      0        0      0    -999   A3.9   0  0  0  0  0  0  0
2017 05 13   70      0        0      0    -999   A4.2   0  0  0  0  0  0  0
2017 05 14   71      0        0      0    -999   A4.1   0  0  0  0  0  0  0
2017 05 15   71      0        0      0    -999   A3.9   0  0  0  0  0  0  0
2017 05 16   72     11       30      2    -999   A4.2   0  0  0  0  0  0  0
2017 05 17   71     13       30      0    -999   A4.8   0  0  0  0  0  0  0
2017 05 18   72     24       30      1    -999   A5.4   0  0  0  0  0  0  0
2017 05 19   72     24       30      0    -999   A5.0   0  0  0  0  0  0  0
2017 05 20   72     22       30      0    -999   A5.0   0  0  0  0  0  0  0
2017 05 21   74     35       70      1    -999   A5.6   0  0  0  1  0  0  0
2017 05 22   74     55       52      1    -999   A6.0   0  0  0  0  0  0  0
2017 05 23   76     47       50      0    -999   A7.0   0  0  0  1  0  0  0
2017 05 24   78     15       30      0    -999   A8.0   0  0  0  1  0  0  0
2017 05 25   76     19       80      0    -999   A8.7   0  0  0  0  0  0  0
2017 05 26   80     22      170      0    -999   B1.0   0  0  0  2  0  0  0
2017 05 27   82     21      180      0    -999   B1.3   0  0  0 11  0  0  0
2017 05 28   79     20      220      0    -999   B1.1   2  0  0  6  0  0  0
2017 05 29   76     16      180      0    -999   B1.0   0  0  0  0  0  0  0
2017 05 30   74      0        0      0    -999   A8.7   0  0  0  0  0  0  0
2017 05 31   74     11       30      1    -999   B1.2   3  0  0  3  0  0  0
2017 06 01   76     18       60      0    -999   B2.7   7  0  0  8  0  0  0
2017 06 02   78     19      200      0    -999   B1.9   3  0  0 10  0  0  0
2017 06 03   78     22      180      0    -999   A8.8   3  0  0  1  0  0  0
2017 06 04   78     23      130      0    -999   A7.3   0  0  0  0  0  0  0
2017 06 05   79     22      170      0    -999   A9.0   2  0  0 19  0  0  0
2017 06 06   75     18      130      0    -999   A9.2   0  0  0  1  0  0  0
2017 06 07   76     13       40      0    -999   A8.1   2  0  0  1  0  0  0
2017 06 08   74     12       10      0    -999   A6.0   0  0  0  1  0  0  0
2017 06 09   74      0        0      0    -999   A5.8   0  0  0  0  0  0  0
2017 06 10   75      0        0      0    -999   A6.6   0  0  0  0  0  0  0
2017 06 11   74      0        0      0    -999   A6.6   0  0  0  0  0  0  0
2017 06 12   75      0        0      0    -999   A7.2   0  0  0  0  0  0  0
2017 06 13   75     11      170      1    -999   A6.2   0  0  0  0  0  0  0
2017 06 14   74     11      160      0    -999   A6.3   0  0  0  0  0  0  0
2017 06 15   77     28      150      1    -999   A7.0   0  0  0  1  0  0  0
2017 06 16   74     28      140      0    -999   A5.5   0  0  0  0  0  0  0
2017 06 17   75     28      170      0    -999   A5.6   0  0  0  0  0  0  0
2017 06 18   75     27      160      0    -999   A5.9   0  0  0  1  0  0  0
2017 06 19   74     26      140      0    -999   A5.8   0  0  0  0  0  0  0
2017 06 20   74     34      170      1    -999   A6.4   0  0  0  0  0  0  0
2017 06 21   74     35      120      0    -999   A5.9   0  0  0  0  0  0  0
2017 06 22   74     23       80      0    -999   A5.2   0  0  0  0  0  0  0
2017 06 23   74     22       90      0    -999   A5.1   0  0  0  0  0  0  0
2017 06 24   74     28       80      0    -999   A4.5   0  0  0  0  0  0  0
2017 06 25   74     20       90      0    -999   A4.6   0  0  0  0  0  0  0
2017 06 26   74     19       90      0    -999   A5.2   0  0  0  0  0  0  0
2017 06 27   74     17      100      0    -999   A5.3   0  0  0  2  0  0  0
2017 06 28   72     13       60      0    -999   A5.2   0  0  0  0  0  0  0
2017 06 29   72     12       50      0    -999   A4.3   0  0  0  0  0  0  0
2017 06 30   72     11       50      0    -999   A3.7   0  0  0  0  0  0  0
2017 07 01   71     11       20      0    -999   A3.4   0  0  0  0  0  0  0
2017 07 02   71     11       20      0    -999   A3.5   0  0  0  0  0  0  0
2017 07 03   72      0        0      0    -999   A6.5   0  1  0  4  0  0  0
2017 07 04   72      0        0      0    -999   A9.3   1  0  0  0  0  0  0
2017 07 05   73     11       70      1    -999   A9.0   0  0  0  2  0  0  0
2017 07 06   76     16      140      0    -999   A8.4   0  0  0  3  0  0  0
2017 07 07   80     25      310      0    -999   B1.4   1  0  0 19  1  0  0
2017 07 08   87     24      480      0    -999   B1.7   1  0  0 23  0  2  0
2017 07 09   91     31      710      0    -999   B2.1   4  1  0 16  1  1  0
2017 07 10   95     32      690      0    -999   B1.3   1  0  0  2  0  0  0
2017 07 11   91     27      620      0    -999   B1.3   1  0  0  5  0  0  0
2017 07 12   90     43      590      1    -999   B1.6   0  0  0  0  0  0  0
2017 07 13   92     55      470      0    -999   B1.4   4  0  0  4  0  0  0
2017 07 14   94     58      490      1    -999   B5.6   2  1  0 11  2  0  0
2017 07 15   92     34      390      0    -999   B1.9   5  0  0  6  0  0  0
2017 07 16   87     26      350      0    -999   B2.1   5  0  0  3  0  0  0
2017 07 17   86     13      450      0    -999   B2.0   2  0  0  0  0  0  0
2017 07 18   78      0        0      0    -999   B2.4   6  0  0  0  0  0  0
2017 07 19   73      0        0      0    -999   B1.5   1  0  0  0  0  0  0
2017 07 20   70      0        0      0    -999   A8.8   0  0  0  0  0  0  0
2017 07 21   69      0        0      0    -999   A4.8   0  0  0  0  0  0  0
2017 07 22   70      0        0      0    -999   A4.2   0  0  0  0  0  0  0
2017 07 23   71      0        0      0    -999   A5.0   0  0  0  0  0  0  0
2017 07 24   70      0        0      0    -999   A4.8   0  0  0  0  0  0  0
2017 07 25   70     12       10      1    -999   A4.5   0  0  0  0  0  0  0
2017 07 26   69      0        0      0    -999   A3.8   0  0  0  1  0  0  0
2017 07 27   68      0        0      0    -999   A3.9   0  0  0  0  0  0  0
2017 07 28   70      0        0      0    -999   A3.7   0  0  0  0  0  0  0
2017 07 29   70     12        5      1    -999   A4.0   0  0  0  0  0  0  0
2017 07 30   70     11       10      0    -999   A4.6   0  0  0  0  0  0  0
2017 07 31   72      0        0      0    -999   A7.4   0  0  0  0  0  0  0
2017 08 01   74      0        0      0    -999   A7.4   1  0  0  0  0  0  0
2017 08 02   74     12      160      1    -999   A6.5   0  0  0  0  0  0  0
2017 08 03   75     13      150      0    -999   A6.1   0  0  0  1  0  0  0
2017 08 04   74     13      150      0    -999   A5.2   0  0  0  0  0  0  0
2017 08 05   74     13      150      0    -999   A5.4   0  0  0  1  0  0  0
2017 08 06   74     13      140      0    -999   A5.3   0  0  0  0  0  0  0
2017 08 07   73     11      140      0    -999   A5.2   0  0  0  0  0  0  0
2017 08 08   71     11      140      0    -999   A3.9   0  0  0  0  0  0  0
2017 08 09   72     11      130      0    -999   A3.5   0  0  0  0  0  0  0
2017 08 10   71     11      110      0    -999   A3.3   0  0  0  0  0  0  0
2017 08 11   70     11      110      0    -999   A3.0   0  0  0  0  0  0  0
2017 08 12   70     11      100      0    -999   A2.7   0  0  0  0  0  0  0
2017 08 13   68     11      110      0    -999   A2.9   0  0  0  0  0  0  0
2017 08 14   73     12       70      1    -999   B1.0   5  0  0  9  1  0  0
2017 08 15   74     21      170      0    -999   B1.0   2  0  0 25  0  0  0
2017 08 16   77     30      380      0    -999   B1.3   0  0  0 12  0  0  0
2017 08 17   77     30      280      0    -999   A8.3   0  0  0 10  0  0  0
2017 08 18   80     41      410      0    -999   B1.3   2  0  0  3  1  0  0
2017 08 19   87     33      360      0    -999   B3.3   9  0  0  5  0  0  0
2017 08 20   86     44      530      1    -999   B3.3   4  1  0  7  0  0  0
2017 08 21   87     43      590      0    -999   B2.6   4  0  0 10  1  0  0
2017 08 22   90     48      520      0    -999   B1.7   3  0  0 14  0  0  0
2017 08 23   85     40      460      0    -999   B1.1   4  0  0  5  1  0  0
2017 08 24   79     43      440      0    -999   Unk    2  0  0  6  0  0  0
2017 08 25   81     39      280      0    -999   B1.2   1  0  0  5  1  0  0
2017 08 26   78     35      250      0    -999   B1.1   0  0  0  2  0  0  0
2017 08 27   78     22      150      0    -999   B1.1   1  0  0  1  1  0  0
2017 08 28   82     17      100      0    -999   B2.0   1  0  0  0  0  0  0
2017 08 29   84     35      390      2    -999   B2.2   3  0  0 10  0  0  0
2017 08 30   87     42      630      0    -999   B1.9   4  0  0 12  1  0  0
2017 08 31   92     59      950      1    -999   B1.8   0  0  0  5  0  0  0
2017 09 01   93     62      940      0    -999   B2.4   3  0  0  7  0  0  0
2017 09 02  100     71      920      1    -999   B2.3   4  0  0  9  0  0  0
2017 09 03  120     96     1140      1    -999   B3.3   2  0  0 18  0  0  0
2017 09 04  140    122     1470      0    -999   C1.6   8  7  0 17  4  0  1
2017 09 05  121    122     1630      1    -999   C1.2   7  5  0 16  2  0  0
2017 09 06  133     79     1690      0    -999   C1.9   2  3  2  8  1  1  1
2017 09 07  129     94     1660      1    -999   C1.2   8  4  1 11  3  1  0
2017 09 08  117     89     1760      0    -999   B8.6  16  5  0 12  2  2  0
2017 09 09  107     49     1110      0    -999   B6.7  10  3  0 14  1  0  0
2017 09 10  100     38      420      1    -999   B4.9   4  0  1  2  0  0  0
2017 09 11   80     23      110      0    -999   B2.6   0  0  0  0  0  0  0
2017 09 12   76     11      140      0    -999   A8.3   2  0  0  6  0  0  0
2017 09 13   75     11      120      0    -999   A1.6   0  0  0  1  0  0  0
2017 09 14   74     11      120      0    -999   A0.0   0  0  0  0  0  0  0
2017 09 15   73     13       80      0    -999   A1.4   0  0  0  0  0  0  0
2017 09 16   72     13       90      0    -999   A0.0   0  0  0  0  0  0  0
2017 09 17   72     13       80      0    -999   A0.0   0  0  0  0  0  0  0
2017 09 18   72     12       80      0    -999   A0.0   0  0  0  0  0  0  0
2017 09 19   71     11       50      0    -999   A2.0   0  0  0  0  0  0  0
2017 09 20   74     22      120      1    -999   A5.2   0  0  0  0  0  0  0
2017 09 21   73     22      140      0    -999   A1.1   0  0  0  0  0  0  0
2017 09 22   78     22      140      0    -999   A3.7   0  0  0  0  0  0  0
2017 09 23   81     12       90      0    -999   A7.6   0  0  0  0  0  0  0
2017 09 24   87     22      270      1    -999   A9.7   0  0  0  0  0  0  0
2017 09 25   90     36      560      1    -999   B1.1   0  0  0  1  0  0  0
2017 09 26   91     40      460      0    -999   B1.3   1  0  0  1  0  0  0
2017 09 27   91     35      530      0    -999   A8.1   1  0  0  0  1  0  0
2017 09 28   91     40      480      0    -999   A9.1   0  0  0  0  0  0  0
2017 09 29   90     39      460      0    -999   A8.1   0  0  0  1  0  0  0
2017 09 30   89     38      440      0    -999   A7.3   0  0  0  1  0  0  0
2017 10 01   86     34      430      0    -999   A5.4   0  0  0  0  0  0  0
2017 10 02   86     25      400      0    -999   A6.9   0  0  0  0  0  0  0
2017 10 03   86     25      450      0    -999   A5.5   0  0  0  0  0  0  0
2017 10 04   87     27      430      0    -999   A5.8   0  0  0  0  0  0  0
2017 10 05   85     26      400      0    -999   A5.9   1  0  0  0  0  0  0
2017 10 06   84     22      390      0    -999   B1.3   0  0  0  2  0  0  0
2017 10 07   80     11      220      0    -999   A7.5   0  0  0  0  0  0  0
2017 10 08   77      0        0      0    -999   A8.7   0  0  0  0  0  0  0
2017 10 09   72      0        0      0    -999   A7.7   0  0  0  0  0  0  0
2017 10 10   71      0        0      0    -999   A2.1   0  0  0  0  0  0  0
2017 10 11   70      0        0      0    -999   A1.1   0  0  0  0  0  0  0
2017 10 12   70      0        0      0    -999   A1.4   0  0  0  0  0  0  0
2017 10 13   70      0        0      0    -999   A0.0   0  0  0  0  0  0  0
2017 10 14   69      0        0      0    -999   A1.8   0  0  0  0  0  0  0
2017 10 15   70     12       10      1    -999   A2.5   0  0  0  0  0  0  0
2017 10 16   71      0        0      0    -999   A3.4   0  0  0  0  0  0  0
2017 10 17   70      0        0      0    -999   A4.1   0  0  0  0  0  0  0
2017 10 18   73      0        0      0    -999   A5.7   0  0  0  0  0  0  0
2017 10 19   73      0        0      0    -999   A5.3   0  0  0  0  0  0  0
2017 10 20   76      0        0      0    -999   A6.6   0  1  0  0  0  0  0
2017 10 21   77     11       50      1    -999   A7.8   0  0  0  0  0  0  0
2017 10 22   77     13       70      0    -999   A7.4   0  0  0  0  0  0  0
2017 10 23   78     23       90      1    -999   A7.3   0  0  0  0  0  0  0
2017 10 24   78     23       90      0    -999   A7.1   0  0  0  0  0  0  0
2017 10 25   79     24       70      0    -999   A7.7   0  0  0  0  0  0  0
2017 10 26   77     23       50      0    -999   A7.5   0  0  0  0  0  0  0
2017 10 27   76     23       60      0    -999   A6.6   0  0  0  0  0  0  0
2017 10 28   75     22       20      0    -999   A6.0   0  0  0  0  0  0  0
2017 10 29   75     23       20      0    -999   A5.8   0  0  0  0  0  0  0
2017 10 30   76     22       10      0    -999   A5.7   0  0  0  0  0  0  0
2017 10 31   75     11        0      0    -999   A5.5   0  0  0  0  0  0  0
2017 11 01   73      0        0      0    -999   A5.3   0  0  0  0  0  0  0
2017 11 02   74      0        0      0    -999   A5.2   0  0  0  0  0  0  0
2017 11 03   73      0        0      0    -999   A5.4   0  0  0  0  0  0  0
2017 11 04   72      0        0      0    -999   A5.0   0  0  0  0  0  0  0
2017 11 05   71      0        0      0    -999   A4.2   0  0  0  0  0  0  0
2017 11 06   69      0        0      0    -999   A3.7   0  0  0  0  0  0  0
2017 11 07   68      0        0      0    -999   A3.4   0  0  0  0  0  0  0
2017 11 08   68      0        0      0    -999   A3.6   0  0  0  0  0  0  0
2017 11 09   66      0        0      0    -999   A3.9   0  0  0  0  0  0  0
2017 11 10   69      0        0      0    -999   A3.9   0  0  0  0  0  0  0
2017 11 11   67      0        0      0    -999   A4.1   0  0  0  0  0  0  0
2017 11 12   69      0        0      0    -999   A5.4   0  0  0  0  0  0  0
2017 11 13   72      0        0      0    -999   A6.9   0  0  0  0  0  0  0
2017 11 14   74     14       50      1    -999   A6.7   0  0  0  3  0  0  0
2017 11 15   74     14       90      0    -999   A6.5   0  0  0  0  0  0  0
2017 11 16   73     15       90      0    -999   A5.9   0  0  0  0  0  0  0
2017 11 17   76     26       70      1    -999   A6.3   0  0  0  0  0  0  0
2017 11 18   76     14       30      0    -999   A6.0   0  0  0  0  0  0  0
2017 11 19   74      0        0      0    -999   A5.7   0  0  0  0  0  0  0
2017 11 20   74      0        0      0    -999   A5.2   0  0  0  0  0  0  0
2017 11 21   73      0        0      0    -999   A5.2   0  0  0  0  0  0  0
2017 11 22   73      0        0      0    -999   A5.2   0  0  0  0  0  0  0
2017 11 23   72      0        0      0    -999   A5.0   0  0  0  0  0  0  0
2017 11 24   74      0        0      0    -999   A4.8   0  0  0  0  0  0  0
2017 11 25   74     13       20      1    -999   A5.4   0  0  0  0  0  0  0
2017 11 26   76     15       60      0    -999   A5.9   0  0  0  0  0  0  0
2017 11 27   74     15       60      0    -999   A5.2   0  0  0  0  0  0  0
2017 11 28   72     14       60      0    -999   A4.6   0  0  0  0  0  0  0
2017 11 29   73     12       40      0    -999   A4.5   0  0  0  0  0  0  0
2017 11 30   72     11       40      0    -999   A4.2   0  0  0  0  0  0  0
2017 12 01   70      0        0      0    -999   A4.0   0  0  0  0  0  0  0
2017 12 02   72      0        0      0    -999   A3.8   0  0  0  0  0  0  0
2017 12 03   70      0        0      0    -999   A3.4   0  0  0  0  0  0  0
2017 12 04   68      0        0      0    -999   A3.1   0  0  0  0  0  0  0
2017 12 05   68      0        0      0    -999   A3.1   0  0  0  0  0  0  0
2017 12 06   68     13       10      1    -999   A3.3   0  0  0  0  0  0  0
2017 12 07   68     11       10      0    -999   A3.5   0  0  0  0  0  0  0
2017 12 08   70      0        0      0    -999   A3.3   0  0  0  0  0  0  0
2017 12 09   71      0        0      0    -999   A3.7   0  0  0  0  0  0  0
2017 12 10   72     11       10      1    -999   A4.5   0  0  0  0  0  0  0
2017 12 11   72     13       10      0    -999   A4.3   0  0  0  0  0  0  0
2017 12 12   71     13       10      0    -999   A4.1   0  0  0  0  0  0  0
2017 12 13   72      0        0      0    -999   A4.0   0  0  0  0  0  0  0
2017 12 14   72      0        0      0    -999   A4.1   0  0  0  0  0  0  0
2017 12 15   72      0        0      0    -999   A3.9   0  0  0  0  0  0  0
2017 12 16   71      0        0      0    -999   A3.8   0  0  0  0  0  0  0
2017 12 17   71      0        0      0    -999   A3.9   0  0  0  0  0  0  0
2017 12 18   72      0        0      0    -999   A4.0   0  0  0  0  0  0  0
2017 12 19   69      0        0      0    -999   A4.1   0  0  0  0  0  0  0
2017 12 20   74     16       70      1    -999   A5.6   0  0  0  0  0  0  0
2017 12 21   76     18       70      0    -999   A5.8   0  0  0  0  0  0  0
2017 12 22   75     18       70      0    -999   A6.0   0  0  0  0  0  0  0
2017 12 23   76     22       90      0    -999   A5.7   0  0  0  1  0  0  0
2017 12 24   76     22      160      0    -999   A5.7   0  0  0  0  0  0  0
2017 12 25   76     17      100      0    -999   A5.4   0  0  0  0  0  0  0
2017 12 26   72     14       30      0    -999   A5.0   0  0  0  0  0  0  0
2017 12 27   71     11       10      0    -999   A4.8   0  0  0  0  0  0  0
2017 12 28   71      0        0      0    -999   A4.5   0  0  0  0  0  0  0
2017 12 29   72      0        0      0    -999   A4.4   0  0  0  0  0  0  0
2017 12 30   70      0        0      0    -999   A4.0   0  0  0  0  0  0  0
2017 12 31   71      0        0      0    -999   A3.8   0  0  0  0  0  0  0

:Product: Daily Solar Data         2018_DSD.txt
:Issued: 1800 UT 28 Jan 2019
#
#  Prepared by the U.S. Dept. of Commerce, NOAA, Space Weather Prediction Center
#  Please send comments and suggestions to SWPC.Webmaster@noaa.gov
#
#                Quarterly Daily Solar Data
#
#                         Sunspot       Stanford GOES15
#           Radio  SESC     Area          Solar  X-Ray  ------ Flares ------
#           Flux  Sunspot  10E-6   New     Mean  Bkgd    X-Ray      Optical
#  Date     10.7cm Number  Hemis. Regions Field  Flux   C  M  X  S  1  2  3
#--------------------------------------------------------------------------- 
2018 01 01   69      0        0      0    -999   A3.5   0  0  0  0  0  0  0
2018 01 02   70      0        0      0    -999   A3.2   0  0  0  0  0  0  0
2018 01 03   71      0        0      0    -999   A3.1   0  0  0  0  0  0  0
2018 01 04   70     13       20      1    -999   A3.1   0  0  0  0  0  0  0
2018 01 05   69     11       10      0    -999   A2.8   0  0  0  0  0  0  0
2018 01 06   69     11       10      0    -999   A2.7   0  0  0  0  0  0  0
2018 01 07   70     11       10      0    -999   A2.7   0  0  0  0  0  0  0
2018 01 08   70     13       10      1    -999   A2.8   0  0  0  0  0  0  0
2018 01 09   71     13       10      0    -999   A3.0   0  0  0  0  0  0  0
2018 01 10   70     11       10      0    -999   A3.2   0  0  0  0  0  0  0
2018 01 11   71     12       10      1    -999   A3.1   0  0  0  0  0  0  0
2018 01 12   71      0        0      0    -999   A3.1   0  0  0  0  0  0  0
2018 01 13   71      0        0      0    -999   A3.0   0  0  0  0  0  0  0
2018 01 14   71      0        0      0    -999   A3.0   0  0  0  0  0  0  0
2018 01 15   70     12       20      1    -999   A3.3   0  0  0  0  0  0  0
2018 01 16   71     13       30      0    -999   A3.5   0  0  0  0  0  0  0
2018 01 17   71     12       20      0    -999   A3.5   0  0  0  0  0  0  0
2018 01 18   71     12       10      0    -999   A3.6   0  0  0  2  0  0  0
2018 01 19   71     11       10      0    -999   A3.2   0  0  0  0  0  0  0
2018 01 20   70      0        0      0    -999   A3.1   0  0  0  0  0  0  0
2018 01 21   68      0        0      0    -999   A2.9   0  0  0  0  0  0  0
2018 01 22   70      0        0      0    -999   A2.7   0  0  0  1  0  0  0
2018 01 23   71      0        0      0    -999   A2.7   0  0  0  0  0  0  0
2018 01 24   70      0        0      0    -999   A2.5   0  0  0  0  0  0  0
2018 01 25   70      0        0      0    -999   A2.3   0  0  0  0  0  0  0
2018 01 26   70      0        0      0    -999   A2.4   0  0  0  0  0  0  0
2018 01 27   69      0        0      0    -999   A2.3   0  0  0  0  0  0  0
2018 01 28   69      0        0      0    -999   A2.1   0  0  0  0  0  0  0
2018 01 29   68      0        0      0    -999   A2.0   0  0  0  0  0  0  0
2018 01 30   69     13       10      1    -999   A2.1   0  0  0  0  0  0  0
2018 01 31   69     13        0      0    -999   A2.1   0  0  0  0  0  0  0
2018 02 01   69      0        0      0    -999   A2.3   0  0  0  0  0  0  0
2018 02 02   69     11       10      1    -999   A2.4   0  0  0  0  0  0  0
2018 02 03   69      0        0      0    -999   A3.4   0  0  0  0  0  0  0
2018 02 04   73     11       80      1    -999   A3.7   1  0  0  3  1  0  0
2018 02 05   74     13      130      0    -999   A9.5   0  0  0  9  0  0  0
2018 02 06   77     17      160      0    -999   A6.6   1  0  0  5  0  0  0
2018 02 07   77     20      200      0    -999   A6.1   2  0  0  8  0  0  0
2018 02 08   78     22      200      0    -999   A6.1   0  0  0  6  1  0  0
2018 02 09   78     23      210      0    -999   A5.5   0  0  0  4  0  0  0
2018 02 10   78     35      240      0    -999   A6.4   1  0  0  1  0  0  0
2018 02 11   78     24      230      0    -999   A6.3   0  0  0  0  0  0  0
2018 02 12   79     26      230      0    -999   B1.0   1  0  0  0  0  0  0
2018 02 13   76     20      180      0    -999   A5.8   0  0  0  0  0  0  0
2018 02 14   75     18      140      0    -999   A5.0   0  0  0  0  0  0  0
2018 02 15   73     15      100      0    -999   A4.7   0  0  0  0  0  0  0
2018 02 16   72     12       40      0    -999   A4.3   0  0  0  0  0  0  0
2018 02 17   69     12       40      0    -999   A4.3   0  0  0  0  0  0  0
2018 02 18   70      0        0      0    -999   A3.6   0  0  0  0  0  0  0
2018 02 19   69      0        0      0    -999   A2.9   0  0  0  0  0  0  0
2018 02 20   68      0        0      0    -999   A2.4   0  0  0  0  0  0  0
2018 02 21   68      0        0      0    -999   A2.4   0  0  0  0  0  0  0
2018 02 22   68      0        0      0    -999   A2.2   0  0  0  0  0  0  0
2018 02 23   68      0        0      0    -999   A2.2   0  0  0  0  0  0  0
2018 02 24   68      0        0      0    -999   A2.1   0  0  0  0  0  0  0
2018 02 25   67      0        0      0    -999   A2.0   0  0  0  0  0  0  0
2018 02 26   70     16       30      1    -999   A2.3   0  0  0  1  0  0  0
2018 02 27   68     15       10      0    -999   A0.0   0  0  0  0  0  0  0
2018 02 28   69     11       10      0    -999   A0.0   0  0  0  1  0  0  0
2018 03 01   67      0        0      0    -999   A0.0   0  0  0  0  0  0  0
2018 03 02   68     11       10      0    -999   A0.0   1  0  0  1  0  0  0
2018 03 03   68      0        0      0    -999   A0.0   0  0  0  0  0  0  0
2018 03 04   68      0        0      0    -999   A0.0   0  0  0  0  0  0  0
2018 03 05   68      0        0      0    -999   A0.0   0  0  0  0  0  0  0
2018 03 06   68      0        0      0    -999   A0.0   0  0  0  0  0  0  0
2018 03 07   68      0        0      0    -999   A0.0   0  0  0  0  0  0  0
2018 03 08   67      0        0      0    -999   A0.0   0  0  0  0  0  0  0
2018 03 09   68      0        0      0    -999   A0.0   0  0  0  0  0  0  0
2018 03 10   68      0        0      0    -999   A0.0   0  0  0  0  0  0  0
2018 03 11   68      0        0      0    -999   A0.0   0  0  0  0  0  0  0
2018 03 12   68      0        0      0    -999   A0.0   0  0  0  0  0  0  0
2018 03 13   69      0        0      0    -999   A0.0   0  0  0  0  0  0  0
2018 03 14   68      0        0      0    -999   A0.0   0  0  0  0  0  0  0
2018 03 15   69     11       10      1    -999   A0.0   0  0  0  0  0  0  0
2018 03 16   69      0        0      0    -999   A0.0   0  0  0  0  0  0  0
2018 03 17   70     15       10      1    -999   A0.0   0  0  0  0  0  0  0
2018 03 18   69     13       10      0    -999   A0.0   0  0  0  0  0  0  0
2018 03 19   70      0        0      0    -999   A0.0   0  0  0  0  0  0  0
2018 03 20   69      0        0      0    -999   A0.0   0  0  0  0  0  0  0
2018 03 21   69      0        0      0    -999   A0.0   0  0  0  0  0  0  0
2018 03 22   69      0        0      0    -999   A0.0   0  0  0  0  0  0  0
2018 03 23   68      0        0      0    -999   A0.0   0  0  0  0  0  0  0
2018 03 24   68      0        0      0    -999   A0.0   0  0  0  0  0  0  0
2018 03 25   68      0        0      0    -999   A0.0   0  0  0  0  0  0  0
2018 03 26   68      0        0      0    -999   A0.0   0  0  0  0  0  0  0
2018 03 27   68      0        0      0    -999   A0.0   0  0  0  0  0  0  0
2018 03 28   69      0        0      0    -999   A0.0   0  0  0  0  0  0  0
2018 03 29   69      0        0      0    -999   A0.0   0  0  0  0  0  0  0
2018 03 30   69     11       10      1    -999   A0.0   1  0  0  4  0  0  0
2018 03 31   69     12       10      0    -999   A2.0   0  0  0  1  0  0  0
2018 04 01   69      0        0      0    -999   A0.0   0  0  0  1  0  0  0
2018 04 02   68      0        0      0    -999   A0.0   0  0  0  0  0  0  0
2018 04 03   68      0        0      0    -999   A0.0   0  0  0  3  0  0  0
2018 04 04   69      0        0      0    -999   A0.0   0  0  0  0  0  0  0
2018 04 05   66      0        0      0    -999   A0.0   0  0  0  0  0  0  0
2018 04 06   67      0        0      0    -999   A0.0   0  0  0  0  0  0  0
2018 04 07   67      0        0      0    -999   A0.0   0  0  0  0  0  0  0
2018 04 08   68      0        0      0    -999   A0.0   0  0  0  0  0  0  0
2018 04 09   69      0        0      0    -999   A0.0   0  0  0  0  0  0  0
2018 04 10   69      0        0      0    -999   A0.0   0  0  0  0  0  0  0
2018 04 11   68      0        0      0    -999   A1.2   0  0  0  0  0  0  0
2018 04 12   70     13       30      1    -999   A1.9   0  0  0  0  0  0  0
2018 04 13   70     14       30      0    -999   A2.1   0  0  0  0  0  0  0
2018 04 14   70     11       10      0    -999   A1.7   0  0  0  0  0  0  0
2018 04 15   71      0        0      0    -999   A1.9   0  0  0  0  0  0  0
2018 04 16   69      0        0      1    -999   A1.5   0  0  0  0  0  0  0
2018 04 17   69      0        0      0    -999   A1.6   0  0  0  0  0  0  0
2018 04 18   71      0        0      0    -999   A2.7   0  0  0  0  0  0  0
2018 04 19   71     14       20      1    -999   A3.7   0  0  0  0  0  0  0
2018 04 20   73     14       40      0    -999   A5.7   0  0  0  1  0  0  0
2018 04 21   77     34      120      1    -999   A6.2   0  0  0  1  0  0  0
2018 04 22   76     20      130      0    -999   A5.3   0  0  0  0  0  0  0
2018 04 23   74     22       80      0    -999   A4.7   0  0  0  0  0  0  0
2018 04 24   73     19       50      0    -999   A4.3   0  0  0  1  0  0  0
2018 04 25   71     17       50      0    -999   A3.4   0  0  0  0  0  0  0
2018 04 26   69     14       20      0    -999   A3.1   0  0  0  0  0  0  0
2018 04 27   69     11       10      0    -999   A2.5   0  0  0  0  0  0  0
2018 04 28   70      0        0      0    -999   A2.6   0  0  0  0  0  0  0
2018 04 29   71      0        0      0    -999   A2.6   0  0  0  0  0  0  0
2018 04 30   70      0        0      0    -999   A2.5   0  0  0  0  0  0  0
2018 05 01   68      0        0      0    -999   A2.2   0  0  0  0  0  0  0
2018 05 02   67      0        0      0    -999   A1.7   0  0  0  0  0  0  0
2018 05 03   67      0        0      0    -999   A1.3   0  0  0  0  0  0  0
2018 05 04   68     13       30      1    -999   A1.5   0  0  0  0  0  0  0
2018 05 05   68     14       10      0    -999   A1.7   0  0  0  0  0  0  0
2018 05 06   67     14       10      0    -999   A2.2   0  0  0  0  0  0  0
2018 05 07   70     14       10      0    -999   A2.6   0  0  0  0  0  0  0
2018 05 08   70     25       20      1    -999   A2.4   0  0  0  0  0  0  0
2018 05 09   70     22       20      0    -999   A2.7   0  0  0  0  0  0  0
2018 05 10   70     11       10      0    -999   A2.9   0  0  0  0  0  0  0
2018 05 11   70     11       10      0    -999   A2.2   0  0  0  0  0  0  0
2018 05 12   70     12       10      0    -999   A2.0   0  0  0  0  0  0  0
2018 05 13   71     11       10      0    -999   A1.9   0  0  0  0  0  0  0
2018 05 14   70      0        0      0    -999   A1.8   0  0  0  0  0  0  0
2018 05 15   70      0        0      0    -999   A1.5   0  0  0  0  0  0  0
2018 05 16   70      0        0      0    -999   A1.0   0  0  0  0  0  0  0
2018 05 17   69      0        0      0    -999   A0.0   0  0  0  0  0  0  0
2018 05 18   69      0        0      0    -999   A0.0   0  0  0  0  0  0  0
2018 05 19   70      0        0      0    -999   A0.0   0  0  0  0  0  0  0
2018 05 20   69      0        0      0    -999   A0.0   0  0  0  0  0  0  0
2018 05 21   70     12       20      1    -999   A1.0   0  0  0  1  0  0  0
2018 05 22   71     12       20      0    -999   A2.4   0  0  0  0  0  0  0
2018 05 23   73     30       50      1    -999   A5.1   1  0  0  0  0  0  0
2018 05 24   74     39      140      1    -999   A4.4   0  0  0  3  0  0  0
2018 05 25   76     32       80      0    -999   A5.3   0  0  0  3  0  0  0
2018 05 26   73     26       70      0    -999   A4.5   0  0  0  0  0  0  0
2018 05 27   75     27       50      0    -999   A4.1   0  0  0  1  0  0  0
2018 05 28   77     20       80      0    -999   A4.8   1  0  0  7  0  0  0
2018 05 29   75     22       70      0    -999   A4.1   0  0  0  2  0  0  0
2018 05 30   75     18       30      0    -999   A3.7   0  0  0  0  0  0  0
2018 05 31   77     21       50      0    -999   A6.0   0  0  0  2  0  0  0
2018 06 01   75     22       60      0    -999   A6.7   0  0  0  1  0  0  0
2018 06 02   74     20       30      0    -999   A5.0   0  0  0  1  0  0  0
2018 06 03   74     16       10      0    -999   A4.4   0  0  0  1  0  0  0
2018 06 04   71     11       10      0    -999   A4.1   0  0  0  0  0  0  0
2018 06 05   71      0        0      0    -999   A4.2   0  0  0  0  0  0  0
2018 06 06   71      0        0      0    -999   A2.8   1  0  0  0  0  0  0
2018 06 07   69      0        0      0    -999   A0.0   0  0  0  0  0  0  0
2018 06 08   68      0        0      0    -999   A0.0   0  0  0  0  0  0  0
2018 06 09   67      0        0      0    -999   A0.0   0  0  0  0  0  0  0
2018 06 10   70      0        0      0    -999   A1.0   0  0  0  0  0  0  0
2018 06 11   70      0        0      0    -999   A2.3   0  0  0  0  0  0  0
2018 06 12   70     12       10      1    -999   A2.6   0  0  0  0  0  0  0
2018 06 13   71     16       60      0    -999   A3.0   0  0  0  0  0  0  0
2018 06 14   72     16       30      0    -999   A2.7   0  0  0  0  0  0  0
2018 06 15   71     13       10      0    -999   A2.5   0  0  0  1  0  0  0
2018 06 16   71     13       10      0    -999   A2.1   0  0  0  0  0  0  0
2018 06 17   71     15       20      0    -999   A2.5   0  0  0  0  0  0  0
2018 06 18   74     28       20      1    -999   A3.5   0  0  0  1  0  0  0
2018 06 19   77     41       80      1    -999   A5.1   0  0  0  2  0  0  0
2018 06 20   82     54      180      0    -999   A8.1   0  0  0  9  0  0  0
2018 06 21   82     41      190      0    -999   A8.5   1  0  0  1  0  0  0
2018 06 22   80     41      180      0    -999   A9.3   0  0  0  0  0  0  0
2018 06 23   77     34      190      0    -999   A9.3   0  0  0  4  0  0  0
2018 06 24   75     16      100      0    -999   B1.0   0  0  0  2  0  0  0
2018 06 25   73     14       40      0    -999   A6.4   0  0  0  0  0  0  0
2018 06 26   71     12       20      0    -999   A3.8   0  0  0  0  0  0  0
2018 06 27   70      0        0      0    -999   A2.9   0  0  0  1  0  0  0
2018 06 28   70      0        0      0    -999   A2.2   0  0  0  0  0  0  0
2018 06 29   69      0        0      0    -999   A1.8   0  0  0  0  0  0  0
2018 06 30   69      0        0      0    -999   A1.5   0  0  0  0  0  0  0
2018 07 01   68      0        0      0    -999   A1.4   0  0  0  0  0  0  0
2018 07 02   67      0        0      0    -999   A1.5   0  0  0  0  0  0  0
2018 07 03   68      0        0      0    -999   A1.4   0  0  0  0  0  0  0
2018 07 04   68      0        0      0    -999   A1.0   0  0  0  0  0  0  0
2018 07 05   68      0        0      0    -999   A0.0   0  0  0  0  0  0  0
2018 07 06   71      0        0      0    -999   A1.8   1  0  0  0  0  0  0
2018 07 07   72      0        0      0    -999   A3.7   0  0  0  0  0  0  0
2018 07 08   72      0        0      0    -999   A3.7   0  0  0  0  0  0  0
2018 07 09   73      0        0      0    -999   A3.2   0  0  0  0  0  0  0
2018 07 10   72      0        0      0    -999   A2.7   0  0  0  0  0  0  0
2018 07 11   73      0        0      0    -999   A2.9   0  0  0  0  0  0  0
2018 07 12   72      0        0      0    -999   A2.2   0  0  0  0  0  0  0
2018 07 13   73      0        0      0    -999   A3.1   0  0  0  0  0  0  0
2018 07 14   72      0        0      0    -999   A3.2   0  0  0  0  0  0  0
2018 07 15   72      0        0      0    -999   A2.9   0  0  0  0  0  0  0
2018 07 16   72      0        0      0    -999   A2.8   0  0  0  0  0  0  0
2018 07 17   71      0        0      0    -999   A2.5   0  0  0  0  0  0  0
2018 07 18   71      0        0      0    -999   A2.4   0  0  0  0  0  0  0
2018 07 19   71      0        0      0    -999   A2.4   0  0  0  0  0  0  0
2018 07 20   71      0        0      0    -999   A2.1   0  0  0  0  0  0  0
2018 07 21   70     11       10      1    -999   A2.2   0  0  0  0  0  0  0
2018 07 22   68      0        0      0    -999   A1.7   0  0  0  0  0  0  0
2018 07 23   67      0        0      0    -999   A1.0   0  0  0  0  0  0  0
2018 07 24   67      0        0      0    -999   A0.0   0  0  0  0  0  0  0
2018 07 25   66      0        0      0    -999   A1.0   0  0  0  0  0  0  0
2018 07 26   66      0        0      0    -999   A0.0   0  0  0  0  0  0  0
2018 07 27   67      0        0      0    -999   A0.0   0  0  0  0  0  0  0
2018 07 28   68      0        0      0    -999   A0.0   0  0  0  0  0  0  0
2018 07 29   68      0        0      0    -999   A0.0   0  0  0  0  0  0  0
2018 07 30   68      0        0      0    -999   A0.0   0  0  0  0  0  0  0
2018 07 31   69      0        0      0    -999   A0.0   0  0  0  0  0  0  0
2018 08 01   70     11       10      1    -999   A0.0   0  0  0  0  0  0  0
2018 08 02   70     11       10      0    -999   A0.0   0  0  0  0  0  0  0
2018 08 03   70      0        0      0    -999   A1.5   0  0  0  0  0  0  0
2018 08 04   70      0        0      0    -999   A1.6   0  0  0  0  0  0  0
2018 08 05   69      0        0      0    -999   A1.2   0  0  0  0  0  0  0
2018 08 06   69      0        0      0    -999   A1.2   0  0  0  0  0  0  0
2018 08 07   70      0        0      0    -999   A1.2   0  0  0  0  0  0  0
2018 08 08   70      0        0      0    -999   A1.3   0  0  0  0  0  0  0
2018 08 09   70      0        0      0    -999   A1.1   0  0  0  0  0  0  0
2018 08 10   70      0        0      0    -999   A1.2   0  0  0  0  0  0  0
2018 08 11   67      0        0      0    -999   A1.1   0  0  0  0  0  0  0
2018 08 12   68      0        0      0    -999   A1.0   0  0  0  0  0  0  0
2018 08 13   68      0        0      0    -999   A1.0   0  0  0  0  0  0  0
2018 08 14   69     12       10      1    -999   A1.6   0  0  0  0  0  0  0
2018 08 15   69     12       10      0    -999   A1.4   0  0  0  0  0  0  0
2018 08 16   68     12       10      0    -999   A1.4   0  0  0  0  0  0  0
2018 08 17   67     11       20      0    -999   A1.3   0  0  0  0  0  0  0
2018 08 18   67     11       10      0    -999   A1.3   0  0  0  0  0  0  0
2018 08 19   67     15       10      1    -999   A1.2   0  0  0  0  0  0  0
2018 08 20   68     15       10      0    -999   A1.0   0  0  0  0  0  0  0
2018 08 21   68     15       10      0    -999   A1.3   0  0  0  0  0  0  0
2018 08 22   67     12       10      0    -999   A0.0   0  0  0  0  0  0  0
2018 08 23   70     15       40      0    -999   A0.0   0  0  0  0  0  0  0
2018 08 24   72     29       60      1    -999   A0.0   0  0  0  1  0  0  0
2018 08 25   72     31      130      0    -999   A1.9   0  0  0  2  0  0  0
2018 08 26   71     26       70      0    -999   A1.2   0  0  0  0  0  0  0
2018 08 27   70     12       50      0    -999   A1.2   0  0  0  0  0  0  0
2018 08 28   70     11       10      0    -999   A1.5   0  0  0  0  0  0  0
2018 08 29   71      0        0      0    -999   A1.2   0  0  0  0  0  0  0
2018 08 30   68      0        0      0    -999   A1.2   0  0  0  0  0  0  0
2018 08 31   68      0        0      0    -999   A0.0   0  0  0  0  0  0  0
2018 09 01   68      0        0      0    -999   A0.0   0  0  0  0  0  0  0
2018 09 02   68      0        0      0    -999   A0.0   0  0  0  0  0  0  0
2018 09 03   68      0        0      0    -999   A0.0   0  0  0  0  0  0  0
2018 09 04   68      0        0      0    -999   A0.0   0  0  0  0  0  0  0
2018 09 05   68      0        0      0    -999   A0.0   0  0  0  0  0  0  0
2018 09 06   67      0        0      0    -999   A0.0   0  0  0  0  0  0  0
2018 09 07   68      0        0      0    -999   A0.0   0  0  0  0  0  0  0
2018 09 08   69     16       10      1    -999   A0.0   0  0  0  0  0  0  0
2018 09 09   68     12       10      0    -999   A0.0   0  0  0  0  0  0  0
2018 09 10   69      0        0      0    -999   A0.0   0  0  0  0  0  0  0
2018 09 11   69     14       10      1    -999   A0.0   0  0  0  0  0  0  0
2018 09 12   70     11        0      0    -999   A0.0   0  0  0  0  0  0  0
2018 09 13   70      0        0      0    -999   A0.0   0  0  0  0  0  0  0
2018 09 14   69      0        0      0    -999   A0.0   0  0  0  0  0  0  0
2018 09 15   69      0        0      0    -999   A0.0   0  0  0  0  0  0  0
2018 09 16   69      0        0      0    -999   A0.0   0  0  0  0  0  0  0
2018 09 17   68      0        0      0    -999   A0.0   0  0  0  0  0  0  0
2018 09 18   68      0        0      0    -999   A0.0   0  0  0  0  0  0  0
2018 09 19   68      0        0      0    -999   A0.0   0  0  0  0  0  0  0
2018 09 20   67      0        0      0    -999   A0.0   0  0  0  0  0  0  0
2018 09 21   67      0        0      0    -999   A0.0   0  0  0  0  0  0  0
2018 09 22   68      0        0      0    -999   A0.0   0  0  0  0  0  0  0
2018 09 23   68      0        0      0    -999   A0.0   0  0  0  0  0  0  0
2018 09 24   69      0        0      0    -999   A0.0   0  0  0  0  0  0  0
2018 09 25   68      0        0      0    -999   A0.0   0  0  0  0  0  0  0
2018 09 26   69      0        0      0    -999   A0.0   0  0  0  0  0  0  0
2018 09 27   67      0        0      0    -999   A0.0   0  0  0  0  0  0  0
2018 09 28   69      0        0      0    -999   A0.0   0  0  0  0  0  0  0
2018 09 29   69     13       10      1    -999   A0.0   0  0  0  0  0  0  0
2018 09 30   68     14       30      0    -999   A0.0   0  0  0  0  0  0  0
2018 10 01   70     14       30      0    -999   A0.0   0  0  0  0  0  0  0
2018 10 02   67     14       30      0    -999   A0.0   0  0  0  0  0  0  0
2018 10 03   68     12       10      0    -999   A0.0   0  0  0  0  0  0  0
2018 10 04   67     11       10      0    -999   A0.0   0  0  0  0  0  0  0
2018 10 05   69      0        0      0    -999   A0.0   0  0  0  0  0  0  0
2018 10 06   69      0        0      0    -999   A0.0   0  0  0  0  0  0  0
2018 10 07   68      0        0      0    -999   A0.0   0  0  0  0  0  0  0
2018 10 08   69      0        0      0    -999   A0.0   0  0  0  0  0  0  0
2018 10 09   70      0        0      0    -999   A0.0   0  0  0  0  0  0  0
2018 10 10   70      0        0      0    -999   A0.0   0  0  0  0  0  0  0
2018 10 11   71      0        0      0    -999   A0.0   0  0  0  0  0  0  0
2018 10 12   72     11       20      1    -999   A0.0   0  0  0  1  0  0  0
2018 10 13   72     22       20      1    -999   A0.0   0  0  0  1  0  0  0
2018 10 14   72     22       20      0    -999   A0.0   0  0  0  0  0  0  0
2018 10 15   70     11        0      0    -999   A0.0   0  0  0  0  0  0  0
2018 10 16   70     11        0      0    -999   A0.0   0  0  0  0  0  0  0
2018 10 17   70     11        0      0    -999   A0.0   0  0  0  0  0  0  0
2018 10 18   70      0        0      0    -999   A0.0   0  0  0  0  0  0  0
2018 10 19   70      0        0      0    -999   A0.0   0  0  0  0  0  0  0
2018 10 20   70      0        0      0    -999   A0.0   0  0  0  0  0  0  0
2018 10 21   71      0        0      0    -999   A0.0   0  0  0  0  0  0  0
2018 10 22   71      0        0      0    -999   A0.0   0  0  0  0  0  0  0
2018 10 23   72      0        0      0    -999   A0.0   0  0  0  0  0  0  0
2018 10 24   70      0        0      0    -999   A0.0   0  0  0  0  0  0  0
2018 10 25   69      0        0      0    -999   A0.0   0  0  0  0  0  0  0
2018 10 26   69      0        0      0    -999   A0.0   0  0  0  0  0  0  0
2018 10 27   69      0        0      0    -999   A0.0   0  0  0  0  0  0  0
2018 10 28   68      0        0      0    -999   A0.0   0  0  0  0  0  0  0
2018 10 29   69      0        0      0    -999   A0.0   0  0  0  0  0  0  0
2018 10 30   67      0        0      0    -999   A0.0   0  0  0  0  0  0  0
2018 10 31   68      0        0      0    -999   A0.0   0  0  0  0  0  0  0
2018 11 01   67      0        0      0    -999   A0.0   0  0  0  0  0  0  0
2018 11 02   68      0        0      0    -999   A0.0   0  0  0  0  0  0  0
2018 11 03   67      0        0      0    -999   A0.0   0  0  0  0  0  0  0
2018 11 04   67      0        0      0    -999   A0.0   0  0  0  0  0  0  0
2018 11 05   68      0        0      0    -999   A0.0   0  0  0  0  0  0  0
2018 11 06   69      0        0      0    -999   A1.2   0  0  0  0  0  0  0
2018 11 07   69      0        0      0    -999   A1.1   0  0  0  0  0  0  0
2018 11 08   70      0        0      0    -999   A1.1   0  0  0  0  0  0  0
2018 11 09   69      0        0      0    -999   A1.1   0  0  0  0  0  0  0
2018 11 10   69      0        0      0    -999   A0.0   0  0  0  0  0  0  0
2018 11 11   69      0        0      0    -999   A1.0   0  0  0  0  0  0  0
2018 11 12   68      0        0      1    -999   A0.0   0  0  0  0  0  0  0
2018 11 13   67     11       10      0    -999   A0.0   0  0  0  0  0  0  0
2018 11 14   68     11       10      0    -999   A0.0   0  0  0  0  0  0  0
2018 11 15   68     13       20      1    -999   A0.0   0  0  0  0  0  0  0
2018 11 16   71     14       20      0    -999   A1.0   0  0  0  0  0  0  0
2018 11 17   73     13       60      0    -999   A1.7   0  0  0  0  0  0  0
2018 11 18   72     14       60      0    -999   A1.5   0  0  0  0  0  0  0
2018 11 19   71     12       10      0    -999   A1.2   0  0  0  0  0  0  0
2018 11 20   71      0        0      0    -999   A1.1   0  0  0  0  0  0  0
2018 11 21   69      0        0      0    -999   A1.2   0  0  0  0  0  0  0
2018 11 22   69      0        0      0    -999   A1.1   0  0  0  0  0  0  0
2018 11 23   69      0        0      0    -999   A1.0   0  0  0  0  0  0  0
2018 11 24   70     14       20      1    -999   A1.0   0  0  0  0  0  0  0
2018 11 25   70     15       20      0    -999   A1.0   0  0  0  0  0  0  0
2018 11 26   69      0        0      0    -999   A1.1   0  0  0  0  0  0  0
2018 11 27   68      0        0      0    -999   A1.0   0  0  0  0  0  0  0
2018 11 28   68      0        0      0    -999   A0.0   0  0  0  0  0  0  0
2018 11 29   68      0        0      0    -999   A0.0   0  0  0  0  0  0  0
2018 11 30   68      0        0      0    -999   A0.0   0  0  0  0  0  0  0
2018 12 01   69      0        0      0    -999   A0.0   0  0  0  0  0  0  0
2018 12 02   69      0        0      0    -999   A0.0   0  0  0  0  0  0  0
2018 12 03   68      0        0      0    -999   A0.0   0  0  0  0  0  0  0
2018 12 04   69      0        0      0    -999   A0.0   0  0  0  0  0  0  0
2018 12 05   71     16       30      1    -999   A1.9   0  0  0  0  0  0  0
2018 12 06   70     17       50      0    -999   A1.9   0  0  0  0  0  0  0
2018 12 07   70     16       50      0    -999   A1.7   0  0  0  0  0  0  0
2018 12 08   71     12       10      0    -999   A2.3   0  0  0  0  0  0  0
2018 12 09   72     12       10      0    -999   A4.6   0  0  0  0  0  0  0
2018 12 10   71      0        0      0    -999   A2.4   0  0  0  0  0  0  0
2018 12 11   71     11       10      1    -999   A1.3   0  0  0  0  0  0  0
2018 12 12   71      0        0      0    -999   A1.2   0  0  0  0  0  0  0
2018 12 13   70      0        0      0    -999   A1.0   0  0  0  0  0  0  0
2018 12 14   71     12       10      1    -999   A1.1   0  0  0  0  0  0  0
2018 12 15   71     12       10      0    -999   A1.2   0  0  0  0  0  0  0
2018 12 16   70      0        0      0    -999   A1.1   0  0  0  0  0  0  0
2018 12 17   70      0        0      0    -999   A0.0   0  0  0  0  0  0  0
2018 12 18   70      0        0      0    -999   A1.0   0  0  0  0  0  0  0
2018 12 19   70      0        0      0    -999   A1.0   0  0  0  0  0  0  0
2018 12 20   70      0        0      0    -999   A1.2   0  0  0  0  0  0  0
2018 12 21   71      0        0      0    -999   A1.0   0  0  0  0  0  0  0
2018 12 22   71      0        0      0    -999   A0.0   0  0  0  0  0  0  0
2018 12 23   70      0        0      0    -999   A0.0   0  0  0  0  0  0  0
2018 12 24   70      0        0      0    -999   A0.0   0  0  0  0  0  0  0
2018 12 25   70      0        0      0    -999   A0.0   0  0  0  0  0  0  0
2018 12 26   69      0        0      0    -999   A0.0   0  0  0  0  0  0  0
2018 12 27   69      0        0      0    -999   A0.0   0  0  0  0  0  0  0
2018 12 28   69      0        0      0    -999   A1.0   0  0  0  0  0  0  0
2018 12 29   69      0        0      0    -999   A1.1   0  0  0  0  0  0  0
2018 12 30   69      0        0      0    -999   A1.1   0  0  0  0  0  0  0
2018 12 31   69      0        0      0    -999   A1.0   0  0  0  0  0  0  0

:Product: Daily Solar Data         quar_DSD.txt
:Issued: 2025 UT 07 Apr 2019
#
#  Prepared by the U.S. Dept. of Commerce, NOAA, Space Weather Prediction Center
#  Please send comments and suggestions to SWPC.Webmaster@noaa.gov
#
#                Quarterly Daily Solar Data
#
#                         Sunspot       Stanford GOES15
#           Radio  SESC     Area          Solar  X-Ray  ------ Flares ------
#           Flux  Sunspot  10E-6   New     Mean  Bkgd    X-Ray      Optical
#  Date     10.7cm Number  Hemis. Regions Field  Flux   C  M  X  S  1  2  3
#--------------------------------------------------------------------------- 
2019 01 01   72     13       10      1    -999   A1.0   0  0  0  0  0  0  0
2019 01 02   75     16       30      0    -999   A1.9   0  0  0  1  0  0  0
2019 01 03   73     16       90      0    -999   A2.3   0  0  0  0  0  0  0
2019 01 04   72     13       50      0    -999   A1.5   0  0  0  0  0  0  0
2019 01 05   71     13       10      0    -999   A1.8   0  0  0  0  0  0  0
2019 01 06   72     12       10      0    -999   A2.5   1  0  0  0  0  0  0
2019 01 07   72      0        0      0    -999   A1.6   0  0  0  0  0  0  0
2019 01 08   71      0        0      0    -999   A0.0   0  0  0  0  0  0  0
2019 01 09   72      0        0      0    -999   A0.0   0  0  0  0  0  0  0
2019 01 10   70      0        0      0    -999   A0.0   0  0  0  0  0  0  0
2019 01 11   68      0        0      0    -999   A0.0   0  0  0  0  0  0  0
2019 01 12   70      0        0      0    -999   A0.0   0  0  0  0  0  0  0
2019 01 13   69      0        0      0    -999   A0.0   0  0  0  0  0  0  0
2019 01 14   70      0        0      0    -999   A0.0   0  0  0  0  0  0  0
2019 01 15   70      0        0      0    -999   A0.0   0  0  0  0  0  0  0
2019 01 16   70      0        0      0    -999   A0.0   0  0  0  0  0  0  0
2019 01 17   69      0        0      0    -999   A0.0   0  0  0  0  0  0  0
2019 01 18   69      0        0      0    -999   A0.0   0  0  0  0  0  0  0
2019 01 19   70      0        0      0    -999   A0.0   0  0  0  0  0  0  0
2019 01 20   69      0        0      0    -999   A0.0   0  0  0  0  0  0  0
2019 01 21   70      0        0      0    -999   A0.0   0  0  0  0  0  0  0
2019 01 22   71     18       20      1    -999   A1.6   0  0  0  0  0  0  0
2019 01 23   72     19       30      0    -999   A1.9   0  0  0  0  0  0  0
2019 01 24   72     19       30      0    -999   A2.3   0  0  0  0  0  0  0
2019 01 25   75     27       50      0    -999   A4.5   0  0  0  0  0  0  0
2019 01 26   77     26       80      0    -999   A5.9   1  0  0  1  0  0  0
2019 01 27   74     22       90      0    -999   A3.5   0  0  0  1  0  0  0
2019 01 28   76     16       80      0    -999   A3.8   0  0  0  1  0  0  0
2019 01 29   73     15       90      0    -999   A5.1   2  0  0  1  0  0  0
2019 01 30   74     12       90      0    -999   A5.5   2  0  0  0  0  0  0
2019 01 31   72      0        0      0    -999   A3.6   0  0  0  0  0  0  0
2019 02 01   72      0        0      0    -999   A1.2   0  0  0  0  0  0  0
2019 02 02   71      0        0      0    -999   A0.0   0  0  0  0  0  0  0
2019 02 03   71      0        0      0    -999   A0.0   0  0  0  0  0  0  0
2019 02 04   71      0        0      0    -999   A0.0   0  0  0  0  0  0  0
2019 02 05   71      0        0      0    -999   A0.0   0  0  0  0  0  0  0
2019 02 06   70      0        0      0    -999   A0.0   0  0  0  0  0  0  0
2019 02 07   70      0        0      0    -999   A0.0   0  0  0  0  0  0  0
2019 02 08   71      0        0      0    -999   A0.0   0  0  0  0  0  0  0
2019 02 09   70      0        0      0    -999   A0.0   0  0  0  0  0  0  0
2019 02 10   70      0        0      0    -999   A0.0   0  0  0  0  0  0  0
2019 02 11   70      0        0      0    -999   A0.0   0  0  0  0  0  0  0
2019 02 12   70      0        0      0    -999   A0.0   0  0  0  0  0  0  0
2019 02 13   70      0        0      0    -999   A0.0   0  0  0  0  0  0  0
2019 02 14   71      0        0      0    -999   A0.0   0  0  0  0  0  0  0
2019 02 15   71      0        0      0    -999   A0.0   0  0  0  0  0  0  0
2019 02 16   71      0        0      0    -999   A0.0   0  0  0  0  0  0  0
2019 02 17   70      0        0      0    -999   A0.0   0  0  0  0  0  0  0
2019 02 18   70      0        0      0    -999   A0.0   0  0  0  0  0  0  0
2019 02 19   70      0        0      0    -999   A0.0   0  0  0  0  0  0  0
2019 02 20   71      0        0      0    -999   A0.0   0  0  0  0  0  0  0
2019 02 21   71      0        0      0    -999   A0.0   0  0  0  0  0  0  0
2019 02 22   71      0        0      0    -999   A0.0   0  0  0  0  0  0  0
2019 02 23   71      0        0      0    -999   A0.0   0  0  0  0  0  0  0
2019 02 24   71      0        0      0    -999   A0.0   0  0  0  0  0  0  0
2019 02 25   70      0        0      0    -999   A0.0   0  0  0  0  0  0  0
2019 02 26   71      0        0      0    -999   A0.0   0  0  0  0  0  0  0
2019 02 27   71      0        0      0    -999   A0.0   0  0  0  0  0  0  0
2019 02 28   70      0        0      0    -999   A0.0   0  0  0  0  0  0  0
2019 03 01   70      0        0      0    -999   A0.0   0  0  0  0  0  0  0
2019 03 02   69      0        0      0    -999   A0.0   0  0  0  0  0  0  0
2019 03 03   70      0        0      0    -999   A0.0   0  0  0  0  0  0  0
2019 03 04   71      0        0      0    -999   A0.0   0  0  0  0  0  0  0
2019 03 05   72     14       20      1    -999   A0.0   0  0  0  0  0  0  0
2019 03 06   73     17       30      0    -999   A0.0   0  0  0  0  0  0  0
2019 03 07   71     14       20      0    -999   A0.0   0  0  0  0  0  0  0
2019 03 08   72     11       10      0    -999   A0.0   1  0  0  1  0  0  0
2019 03 09   71     11       10      0    -999   A0.0   0  0  0  1  0  0  0
2019 03 10   71     11       10      0    -999   A0.0   0  0  0  0  0  0  0
2019 03 11   70     11       10      0    -999   A0.0   0  0  0  0  0  0  0
2019 03 12   71     11       10      0    -999   A0.0   0  0  0  0  0  0  0
2019 03 13   71      0        0      0    -999   A0.0   0  0  0  0  0  0  0
2019 03 14   70      0        0      0    -999   A0.0   0  0  0  0  0  0  0
2019 03 15   70      0        0      0    -999   A0.0   0  0  0  0  0  0  0
2019 03 16   70      0        0      0    -999   A0.0   0  0  0  0  0  0  0
2019 03 17   69      0        0      0    -999   A0.0   0  0  0  0  0  0  0
2019 03 18   70     13       10      1    -999   A0.0   0  0  0  2  0  0  0
2019 03 19   70     15       20      0    -999   A0.0   0  0  0  0  0  0  0
2019 03 20   77     28       60      1    -999   A1.5   1  0  0  6  1  0  0
2019 03 21   80     49      220      0    -999   A5.5   5  0  0  4  1  0  0
2019 03 22   82     27      420      0    -999   B1.7   6  0  0 17  1  0  0
2019 03 23   79     22      280      0    -999   B1.2   0  0  0 11  0  0  0
2019 03 24   75     14       60      0    -999   A9.6   0  0  0  4  0  0  0
2019 03 25   71      0        0      0    -999   A7.2   0  0  0  0  0  0  0
2019 03 26   69      0        0      0    -999   A0.0   0  0  0  0  0  0  0
2019 03 27   69      0        0      0    -999   A0.0   0  0  0  0  0  0  0
2019 03 28   68      0        0      0    -999   A0.0   0  0  0  0  0  0  0
2019 03 29   69      0        0      0    -999   A0.0   0  0  0  0  0  0  0
2019 03 30   69      0        0      0    -999   A0.0   0  0  0  0  0  0  0
2019 03 31   70     14       10      1    -999   A0.0   0  0  0  0  0  0  0

:Product: Daily Solar Data         quar_DSD.txt
:Issued: 2025 UT 07 Jul 2019
#
#  Prepared by the U.S. Dept. of Commerce, NOAA, Space Weather Prediction Center
#  Please send comments and suggestions to SWPC.Webmaster@noaa.gov
#
#                Quarterly Daily Solar Data
#
#                         Sunspot       Stanford GOES15
#           Radio  SESC     Area          Solar  X-Ray  ------ Flares ------
#           Flux  Sunspot  10E-6   New     Mean  Bkgd    X-Ray      Optical
#  Date     10.7cm Number  Hemis. Regions Field  Flux   C  M  X  S  1  2  3
#--------------------------------------------------------------------------- 
2019 04 01   69     17       30      0    -999   A0.0   0  0  0  0  0  0  0
2019 04 02   71     18       40      0    -999   A0.0   0  0  0  0  0  0  0
2019 04 03   71     17       10      0    -999   A0.0   0  0  0  0  0  0  0
2019 04 04   70      0        0      0    -999   A0.0   0  0  0  0  0  0  0
2019 04 05   72      0        0      0    -999   A0.0   0  0  0  0  0  0  0
2019 04 06   74      0        0      0    -999   A2.1   0  0  0  0  0  0  0
2019 04 07   77     11      300      1    -999   A6.8   0  0  0  0  0  0  0
2019 04 08   79     12      250      0    -999   A6.0   0  0  0  2  0  0  0
2019 04 09   79     12      300      0    -999   A6.0   0  0  0  1  0  0  0
2019 04 10   78     13      350      0    -999   A2.2   0  0  0  0  0  0  0
2019 04 11   79     13      260      0    -999   A4.1   0  0  0  0  0  0  0
2019 04 12   77     14      300      0    -999   A2.4   0  0  0  1  0  0  0
2019 04 13   78     14      300      0    -999   A2.8   0  0  0  0  0  0  0
2019 04 14   75     11      250      0    -999   A0.0   0  0  0  0  0  0  0
2019 04 15   75     11      300      0    -999   A0.0   0  0  0  1  0  0  0
2019 04 16   74     11      330      0    -999   A0.0   0  0  0  0  0  0  0
2019 04 17   76     24      410      1    -999   A0.0   0  0  0  0  0  0  0
2019 04 18   75     23      280      0    -999   A0.0   0  0  0  0  0  0  0
2019 04 19   73     23      270      0    -999   A8.2   0  0  0  0  0  0  0
2019 04 20   70     11       10      0    -999   A8.1   0  0  0  0  0  0  0
2019 04 21   69      0        0      0    -999   A7.2   0  0  0  0  0  0  0
2019 04 22   69      0        0      0    -999   A6.6   0  0  0  0  0  0  0
2019 04 23   69      0        0      0    -999   A6.0   0  0  0  0  0  0  0
2019 04 24   69      0        0      0    -999   A5.9   0  0  0  0  0  0  0
2019 04 25   68      0        0      0    -999   A5.9   0  0  0  0  0  0  0
2019 04 26   67      0        0      0    -999      *   0  0  0  0  0  0  0
2019 04 27   67      0        0      0    -999   A5.9   0  0  0  0  0  0  0
2019 04 28   68      0        0      0    -999   A6.0   0  0  0  0  0  0  0
2019 04 29   67      0        0      0    -999   A5.9   0  0  0  0  0  0  0
2019 04 30   69      0        0      0    -999   A5.7   0  0  0  0  0  0  0
2019 05 01   68      0        0      0    -999   A5.9   0  0  0  0  0  0  0
2019 05 02   69      0        0      0    -999   A6.5   0  0  0  0  0  0  0
2019 05 03   70     11      260      1    -999   A7.7   1  0  0  0  0  0  0
2019 05 04   72     12      270      0    -999   B1.2   1  0  0  1  0  0  0
2019 05 05   74     14      280      0    -999   B1.0   0  0  0  5  0  0  0
2019 05 06   76     25      300      1    -999   B1.4   7  0  0 10  1  0  0
2019 05 07   79     27      410      0    -999   B1.2   2  0  0  6  1  0  0
2019 05 08   75     24      320      0    -999   B1.0   0  0  0  0  0  0  0
2019 05 09   76     25      280      0    -999   A9.4   1  0  0  2  0  0  0
2019 05 10   76     24      270      0    -999   A9.3   0  0  0  0  0  0  0
2019 05 11   78     26      260      0    -999   B1.0   0  0  0  0  0  0  0
2019 05 12   76     24      280      0    -999   A9.9   0  0  0  0  0  0  0
2019 05 13   75     23      160      0    -999   A8.8   0  0  0  1  0  0  0
2019 05 14   74     24      170      0    -999   A8.7   0  0  0  0  0  0  0
2019 05 15   74     13      150      0    -999   A8.9   1  0  0  2  0  0  0
2019 05 16   74     13      150      0    -999   A8.3   0  0  0  0  0  0  0
2019 05 17   72     13      150      0    -999   A8.0   0  0  0  0  0  0  0
2019 05 18   71     11      140      0    -999   A7.9   0  0  0  0  0  0  0
2019 05 19   68      0        0      0    -999   A7.3   0  0  0  0  0  0  0
2019 05 20   69      0        0      0    -999   A6.7   0  0  0  0  0  0  0
2019 05 21   68      0        0      0    -999   A6.3   0  0  0  0  0  0  0
2019 05 22   67      0        0      0    -999   A6.3   0  0  0  0  0  0  0
2019 05 23   67      0        0      0    -999   A6.2   0  0  0  0  0  0  0
2019 05 24   66      0        0      0    -999   A6.3   0  0  0  0  0  0  0
2019 05 25   67      0        0      0    -999   A6.3   0  0  0  0  0  0  0
2019 05 26   68      0        0      0    -999   A6.3   0  0  0  0  0  0  0
2019 05 27   68      0        0      0    -999   A6.2   0  0  0  0  0  0  0
2019 05 28   68      0        0      0    -999   A6.5   0  0  0  0  0  0  0
2019 05 29   68      0        0      0    -999   A6.8   0  0  0  0  0  0  0
2019 05 30   69      0        0      0    -999   A7.3   0  0  0  0  0  0  0
2019 05 31   69      0        0      0    -999   A7.5   0  0  0  0  0  0  0
2019 06 01   70      0        0      0    -999   A7.8   0  0  0  0  0  0  0
2019 06 02   70      0        0      0    -999   A7.7   0  0  0  0  0  0  0
2019 06 03   70      0        0      0    -999   A7.3   0  0  0  0  0  0  0
2019 06 04   70      0        0      0    -999   A7.3   0  0  0  0  0  0  0
2019 06 05   70      0        0      0    -999   A7.3   0  0  0  0  0  0  0
2019 06 06   69      0        0      0    -999   A7.1   0  0  0  0  0  0  0
2019 06 07   69      0        0      0    -999   A7.1   0  0  0  0  0  0  0
2019 06 08   68      0        0      0    -999   A7.1   0  0  0  0  0  0  0
2019 06 09   68      0        0      0    -999   A6.8   0  0  0  0  0  0  0
2019 06 10   69      0        0      0    -999   A6.8   0  0  0  0  0  0  0
2019 06 11   70      0        0      0    -999   A7.0   0  0  0  0  0  0  0
2019 06 12   70      0        0      0    -999   A6.9   0  0  0  0  0  0  0
2019 06 13   68      0        0      0    -999   A6.9   0  0  0  0  0  0  0
2019 06 14   68      0        0      0    -999   A6.9   0  0  0  0  0  0  0
2019 06 15   67      0        0      0    -999   A6.8   0  0  0  0  0  0  0
2019 06 16   66      0        0      0    -999   A6.5   0  0  0  0  0  0  0
2019 06 17   66      0        0      0    -999   A6.3   0  0  0  0  0  0  0
2019 06 18   67      0        0      0    -999   A6.3   0  0  0  0  0  0  0
2019 06 19   68      0        0      0    -999   A6.3   0  0  0  0  0  0  0
2019 06 20   68      0        0      0    -999   A6.3   0  0  0  0  0  0  0
2019 06 21   67      0        0      0    -999   A6.2   0  0  0  0  0  0  0
2019 06 22   66      0        0      0    -999   A6.3   0  0  0  0  0  0  0
2019 06 23   67      0        0      0    -999   A6.5   0  0  0  0  0  0  0
2019 06 24   68     24       20      2    -999   A6.7   0  0  0  0  0  0  0
2019 06 25   68     12       10      0    -999   A6.8   0  0  0  0  0  0  0
2019 06 26   68     11        0      0    -999   A6.8   0  0  0  0  0  0  0
2019 06 27   67     11       10      0    -999   A6.9   0  0  0  0  0  0  0
2019 06 28   68      0        0      0    -999   A6.9   0  0  0  0  0  0  0
2019 06 29   68      0        0      0    -999   A6.8   0  0  0  0  0  0  0
2019 06 30   67      0        0      0    -999   A6.9   0  0  0  0  0  0  0

:Product: Daily Solar Data         quar_DSD.txt
:Issued: 2025 UT 07 Oct 2019
#
#  Prepared by the U.S. Dept. of Commerce, NOAA, Space Weather Prediction Center
#  Please send comments and suggestions to SWPC.Webmaster@noaa.gov
#
#                Quarterly Daily Solar Data
#
#                         Sunspot       Stanford GOES15
#           Radio  SESC     Area          Solar  X-Ray  ------ Flares ------
#           Flux  Sunspot  10E-6   New     Mean  Bkgd    X-Ray      Optical
#  Date     10.7cm Number  Hemis. Regions Field  Flux   C  M  X  S  1  2  3
#--------------------------------------------------------------------------- 
2019 07 01   68      0        0      0    -999   A7.0   0  0  0  0  0  0  0
2019 07 02   67      0        0      0    -999   A7.0   0  0  0  0  0  0  0
2019 07 03   67      0        0      0    -999   A7.1   0  0  0  0  0  0  0
2019 07 04   68      0        0      0    -999   A7.0   0  0  0  0  0  0  0
2019 07 05   67      0        0      0    -999   A6.8   0  0  0  0  0  0  0
2019 07 06   67      0        0      0    -999   A6.9   0  0  0  0  0  0  0
2019 07 07   67     12       20      1    -999   A6.9   0  0  0  0  0  0  0
2019 07 08   67      0        0      0    -999   A6.9   0  0  0  0  0  0  0
2019 07 09   68      0        0      0    -999   A6.7   0  0  0  0  0  0  0
2019 07 10   68      0        0      0    -999   A7.1   0  0  0  0  0  0  0
2019 07 11   67      0        0      0    -999   A7.2   0  0  0  0  0  0  0
2019 07 12   67      0        0      0    -999   A7.1   0  0  0  0  0  0  0
2019 07 13   66      0        0      0    -999   A6.8   0  0  0  0  0  0  0
2019 07 14   67      0        0      0    -999   A6.7   0  0  0  0  0  0  0
2019 07 15   67      0        0      0    -999   A6.7   0  0  0  0  0  0  0
2019 07 16   67      0        0      0    -999   A6.5   0  0  0  0  0  0  0
2019 07 17   68      0        0      0    -999   A6.4   0  0  0  0  0  0  0
2019 07 18   67      0        0      0    -999   A6.5   0  0  0  0  0  0  0
2019 07 19   67      0        0      0    -999   A6.3   0  0  0  0  0  0  0
2019 07 20   67      0        0      0    -999   A6.3   0  0  0  0  0  0  0
2019 07 21   68      0        0      0    -999   A6.5   0  0  0  0  0  0  0
2019 07 22   67     11        0      1    -999   A6.4   0  0  0  0  0  0  0
2019 07 23   67      0        0      0    -999   A6.4   0  0  0  0  0  0  0
2019 07 24   68      0        0      0    -999   A6.4   0  0  0  0  0  0  0
2019 07 25   68      0        0      0    -999   A6.3   0  0  0  0  0  0  0
2019 07 26   68      0        0      0    -999   A6.3   0  0  0  0  0  0  0
2019 07 27   67      0        0      0    -999   A6.2   0  0  0  0  0  0  0
2019 07 28   67      0        0      0    -999   A6.4   0  0  0  0  0  0  0
2019 07 29   66      0        0      0    -999   A6.4   0  0  0  0  0  0  0
2019 07 30   66      0        0      0    -999   A6.4   0  0  0  0  0  0  0
2019 07 31   67      0        0      0    -999   A6.4   0  0  0  0  0  0  0
2019 08 01   67      0        0      0    -999   A6.3   0  0  0  0  0  0  0
2019 08 02   67      0        0      0    -999   A6.3   0  0  0  0  0  0  0
2019 08 03   66      0        0      0    -999   A6.3   0  0  0  0  0  0  0
2019 08 04   67      0        0      0    -999   A6.3   0  0  0  0  0  0  0
2019 08 05   68     12       10      0    -999   A6.5   0  0  0  0  0  0  0
2019 08 06   68     11        0      1    -999   A7.0   0  0  0  0  0  0  0
2019 08 07   68      0        0      0    -999   A7.0   0  0  0  0  0  0  0
2019 08 08   69      0        0      0    -999   A6.9   0  0  0  0  0  0  0
2019 08 09   67      0        0      0    -999   A6.8   0  0  0  0  0  0  0
2019 08 10   67      0        0      0    -999   A6.5   0  0  0  0  0  0  0
2019 08 11   68      0        0      0    -999   A6.5   0  0  0  0  0  0  0
2019 08 12   67      0        0      0    -999   A6.2   0  0  0  0  0  0  0
2019 08 13   67      0        0      0    -999   A6.1   0  0  0  0  0  0  0
2019 08 14   67      0        0      0    -999   A6.2   0  0  0  0  0  0  0
2019 08 15   67      0        0      0    -999   A6.2   0  0  0  0  0  0  0
2019 08 16   68      0        0      0    -999   A6.0   0  0  0  0  0  0  0
2019 08 17   68      0        0      0    -999   A6.0   0  0  0  0  0  0  0
2019 08 18   68      0        0      0    -999   A5.9   0  0  0  0  0  0  0
2019 08 19   68      0        0      0    -999   A6.0   0  0  0  0  0  0  0
2019 08 20   67      0        0      0    -999   A6.1   0  0  0  0  0  0  0
2019 08 21   67      0        0      0    -999   A5.8   0  0  0  0  0  0  0
2019 08 22   66      0        0      0    -999   A5.7   0  0  0  0  0  0  0
2019 08 23   67      0        0      0    -999   A5.9   0  0  0  0  0  0  0
2019 08 24   66      0        0      0    -999   A6.0   0  0  0  0  0  0  0
2019 08 25   66      0        0      0    -999   A6.0   0  0  0  0  0  0  0
2019 08 26   67      0        0      0    -999   A6.0   0  0  0  0  0  0  0
2019 08 27   66      0        0      0    -999   A6.0   0  0  0  0  0  0  0
2019 08 28   66      0        0      0    -999   A6.1   0  0  0  0  0  0  0
2019 08 29   66      0        0      0    -999   A6.1   0  0  0  0  0  0  0
2019 08 30   67      0        0      0    -999   A6.0   0  0  0  0  0  0  0
2019 08 31   66      0        0      0    -999   A6.1   0  0  0  0  0  0  0
2019 09 01   67     12       10      1    -999   A6.3   0  0  0  0  0  0  0
2019 09 02   69     12       20      0    -999   A5.7   0  0  0  0  0  0  0
2019 09 03   69      0        0      0    -999   A6.1   0  0  0  0  0  0  0
2019 09 04   69      0        0      0    -999   A5.5   0  0  0  0  0  0  0
2019 09 05   68      0        0      0    -999   A4.7   0  0  0  0  0  0  0
2019 09 06   69      0        0      0    -999   A4.8   0  0  0  0  0  0  0
2019 09 07   74      0        0      0    -999   A4.5   0  0  0  0  0  0  0
2019 09 08   68      0        0      0    -999   A4.0   0  0  0  0  0  0  0
2019 09 09   69      0        0      0    -999   A3.8   0  0  0  0  0  0  0
2019 09 10   70      0        0      0    -999   A4.0   0  0  0  0  0  0  0
2019 09 11   68      0        0      0    -999   A4.0   0  0  0  0  0  0  0
2019 09 12   69      0        0      0    -999   A3.9   0  0  0  0  0  0  0
2019 09 13   68      0        0      0    -999   A3.7   0  0  0  0  0  0  0
2019 09 14   69      0        0      0    -999   A3.5   0  0  0  0  0  0  0
2019 09 15   68      0        0      0    -999   A3.5   0  0  0  0  0  0  0
2019 09 16   69      0        0      0    -999   A3.7   0  0  0  0  0  0  0
2019 09 17   68      0        0      0    -999   A3.5   0  0  0  0  0  0  0
2019 09 18   66      0        0      0    -999   A3.7   0  0  0  0  0  0  0
2019 09 19   67      0        0      0    -999   A3.6   0  0  0  0  0  0  0
2019 09 20   67      0        0      0    -999   A3.4   0  0  0  0  0  0  0
2019 09 21   68      0        0      0    -999   A3.7   0  0  0  0  0  0  0
2019 09 22   68      0        0      0    -999   A3.5   0  0  0  0  0  0  0
2019 09 23   66      0        0      0    -999   A3.8   0  0  0  0  0  0  0
2019 09 24   67      0        0      0    -999   A3.5   0  0  0  0  0  0  0
2019 09 25   68      0        0      0    -999   A3.8   0  0  0  0  0  0  0
2019 09 26   67      0        0      0    -999   A3.6   0  0  0  0  0  0  0
2019 09 27   66      0        0      0    -999   A3.6   0  0  0  0  0  0  0
2019 09 28   67      0        0      0    -999   A4.7   0  0  0  0  0  0  0
2019 09 29   67      0        0      0    -999   A4.7   0  0  0  0  0  0  0
2019 09 30   68      0        0      0    -999   A2.6   0  0  0  0  0  0  0

:Product: Daily Solar Data         quar_DSD.txt
:Issued: 2025 UT 07 Jan 2020
#
#  Prepared by the U.S. Dept. of Commerce, NOAA, Space Weather Prediction Center
#  Please send comments and suggestions to SWPC.Webmaster@noaa.gov
#
#                Quarterly Daily Solar Data
#
#                         Sunspot       Stanford GOES15
#           Radio  SESC     Area          Solar  X-Ray  ------ Flares ------
#           Flux  Sunspot  10E-6   New     Mean  Bkgd    X-Ray      Optical
#  Date     10.7cm Number  Hemis. Regions Field  Flux   C  M  X  S  1  2  3
#--------------------------------------------------------------------------- 
2019 10 01   69     11        0      1    -999   A2.3   0  0  0  0  0  0  0
2019 10 02   68     11        0      0    -999   A2.4   0  0  0  0  0  0  0
2019 10 03   68      0        0      0    -999   A2.4   0  0  0  0  0  0  0
2019 10 04   68      0        0      0    -999   A2.1   0  0  0  0  0  0  0
2019 10 05   68      0        0      0    -999   A2.2   0  0  0  0  0  0  0
2019 10 06   67      0        0      0    -999   A2.0   0  0  0  0  0  0  0
2019 10 07   68      0        0      0    -999   A2.1   0  0  0  0  0  0  0
2019 10 08   67      0        0      0    -999   A2.1   0  0  0  0  0  0  0
2019 10 09   68      0        0      0    -999   A2.3   0  0  0  0  0  0  0
2019 10 10   68      0        0      0    -999   A2.5   0  0  0  0  0  0  0
2019 10 11   69      0        0      0    -999   A2.7   0  0  0  0  0  0  0
2019 10 12   68      0        0      0    -999   A3.0   0  0  0  0  0  0  0
2019 10 13   67      0        0      0    -999   A3.4   0  0  0  0  0  0  0
2019 10 14   66      0        0      0    -999   A3.8   0  0  0  0  0  0  0
2019 10 15   67      0        0      0    -999   A4.3   0  0  0  0  0  0  0
2019 10 16   66      0        0      0    -999   A5.7   0  0  0  0  0  0  0
2019 10 17   66      0        0      0    -999   A6.3   0  0  0  0  0  0  0
2019 10 18   66      0        0      0    -999   A6.4   0  0  0  0  0  0  0
2019 10 19   66      0        0      0    -999   A6.5   0  0  0  0  0  0  0
2019 10 20   65      0        0      0    -999   A6.4   0  0  0  0  0  0  0
2019 10 21   64      0        0      0    -999   A6.4   0  0  0  0  0  0  0
2019 10 22   66      0        0      0    -999   A6.4   0  0  0  0  0  0  0
2019 10 23   65      0        0      0    -999   A6.4   0  0  0  0  0  0  0
2019 10 24   65      0        0      0    -999   A6.5   0  0  0  0  0  0  0
2019 10 25   69      0        0      0    -999   A6.8   0  0  0  0  0  0  0
2019 10 26   69      0        0      0    -999   A6.9   0  0  0  0  0  0  0
2019 10 27   69      0        0      0    -999   A7.3   0  0  0  0  0  0  0
2019 10 28   69      0        0      0    -999   A7.1   0  0  0  0  0  0  0
2019 10 29   69      0        0      0    -999   A6.7   0  0  0  0  0  0  0
2019 10 30   70      0        0      0    -999   A6.5   0  0  0  0  0  0  0
2019 10 31   71      0        0      0    -999   A6.4   0  0  0  0  0  0  0
2019 11 01   71     11       10      1    -999   A6.6   0  0  0  0  0  0  0
2019 11 02   71     13       10      1    -999   A6.7   0  0  0  0  0  0  0
2019 11 03   69      0        0      0    -999   A6.7   0  0  0  0  0  0  0
2019 11 04   71      0        0      0    -999   A6.6   0  0  0  0  0  0  0
2019 11 05   70      0        0      0    -999   A6.7   0  0  0  0  0  0  0
2019 11 06   69      0        0      0    -999   A6.7   0  0  0  0  0  0  0
2019 11 07   70      0        0      0    -999   A6.7   0  0  0  0  0  0  0
2019 11 08   70      0        0      0    -999   A6.9   0  0  0  0  0  0  0
2019 11 09   70      0        0      0    -999   A6.9   0  0  0  0  0  0  0
2019 11 10   71      0        0      0    -999   A7.0   0  0  0  0  0  0  0
2019 11 11   70      0        0      0    -999   A7.3   0  0  0  0  0  0  0
2019 11 12   71      0        0      0    -999   A7.8   0  0  0  0  0  0  0
2019 11 13   71      0        0      1    -999   A7.7   0  0  0  0  0  0  0
2019 11 14   70      0        0      0    -999   A7.5   0  0  0  0  0  0  0
2019 11 15   70      0        0      0    -999   A7.4   0  0  0  0  0  0  0
2019 11 16   70      0        0      0    -999   A7.5   0  0  0  0  0  0  0
2019 11 17   70      0        0      0    -999   A7.5   0  0  0  0  0  0  0
2019 11 18   70      0        0      0    -999   A7.4   0  0  0  0  0  0  0
2019 11 19   69      0        0      0    -999   A7.2   0  0  0  0  0  0  0
2019 11 20   70      0        0      0    -999   A7.2   0  0  0  0  0  0  0
2019 11 21   71      0        0      0    -999   A7.4   0  0  0  0  0  0  0
2019 11 22   70      0        0      0    -999   A7.8   0  0  0  0  0  0  0
2019 11 23   70      0        0      0    -999   A7.9   0  0  0  0  0  0  0
2019 11 24   71      0        0      0    -999   A8.1   0  0  0  0  0  0  0
2019 11 25   70      0        0      0    -999   A8.2   0  0  0  0  0  0  0
2019 11 26   70      0        0      0    -999   A8.0   0  0  0  0  0  0  0
2019 11 27   72      0        0      0    -999   A7.1   0  0  0  0  0  0  0
2019 11 28   70      0        0      0    -999   A7.8   0  0  0  0  0  0  0
2019 11 29   70      0        0      0    -999   A7.8   0  0  0  0  0  0  0
2019 11 30   70      0        0      0    -999   A7.9   0  0  0  0  0  0  0
2019 12 01   71      0        0      0    -999   A7.8   0  0  0  0  0  0  0
2019 12 02   70      0        0      0    -999   A7.8   0  0  0  0  0  0  0
2019 12 03   71      0        0      0    -999   A7.8   0  0  0  0  0  0  0
2019 12 04   70      0        0      0    -999   A7.8   0  0  0  0  0  0  0
2019 12 05   71      0        0      0    -999   A7.8   0  0  0  0  0  0  0
2019 12 06   70      0        0      0    -999   A7.8   0  0  0  0  0  0  0
2019 12 07   70      0        0      0    -999   A7.8   0  0  0  0  0  0  0
2019 12 08   72      0        0      0    -999   A7.8   0  0  0  0  0  0  0
2019 12 09   71      0        0      0    -999   A7.9   0  0  0  0  0  0  0
2019 12 10   71      0        0      0    -999   A7.8   0  0  0  0  0  0  0
2019 12 11   71      0        0      0    -999   A7.7   0  0  0  0  0  0  0
2019 12 12   71      0        0      0    -999   A7.6   0  0  0  0  0  0  0
2019 12 13   69      0        0      0    -999   A7.5   0  0  0  0  0  0  0
2019 12 14   70      0        0      0    -999   A7.6   0  0  0  0  0  0  0
2019 12 15   71      0        0      0    -999   A7.8   0  0  0  0  0  0  0
2019 12 16   70      0        0      0    -999   A7.9   0  0  0  0  0  0  0
2019 12 17   71      0        0      0    -999   A8.0   0  0  0  0  0  0  0
2019 12 18   70      0        0      0    -999   A8.3   0  0  0  0  0  0  0
2019 12 19   70      0        0      0    -999   A8.5   0  0  0  0  0  0  0
2019 12 20   70      0        0      0    -999   A8.5   0  0  0  0  0  0  0
2019 12 21   71      0        0      0    -999   A8.4   0  0  0  0  0  0  0
2019 12 22   71      0        0      0    -999   A8.4   0  0  0  0  0  0  0
2019 12 23   73      0        0      0    -999   A8.4   0  0  0  0  0  0  0
2019 12 24   73     24       20      2    -999   A8.5   0  0  0  0  0  0  0
2019 12 25   72     23       20      0    -999   A8.5   0  0  0  0  0  0  0
2019 12 26   72     11       10      0    -999   A8.4   0  0  0  0  0  0  0
2019 12 27   72      0        0      0    -999   A8.3   0  0  0  0  0  0  0
2019 12 28   72      0        0      0    -999   A8.3   0  0  0  0  0  0  0
2019 12 29   72      0        0      0    -999   A8.2   0  0  0  0  0  0  0
2019 12 30   71      0        0      0    -999   A8.0   0  0  0  0  0  0  0
2019 12 31   71      0        0      0    -999   A7.9   0  0  0  0  0  0  0

:Product: Daily Solar Data         quar_DSD.txt
:Issued: 2025 UT 07 Apr 2020
#
#  Prepared by the U.S. Dept. of Commerce, NOAA, Space Weather Prediction Center
#  Please send comments and suggestions to SWPC.Webmaster@noaa.gov
#
#                Quarterly Daily Solar Data
#
#                         Sunspot       Stanford GOES15
#           Radio  SESC     Area          Solar  X-Ray  ------ Flares ------
#           Flux  Sunspot  10E-6   New     Mean  Bkgd    X-Ray      Optical
#  Date     10.7cm Number  Hemis. Regions Field  Flux   C  M  X  S  1  2  3
#--------------------------------------------------------------------------- 
2020 01 01   72      0        0      0    -999   A8.0   0  0  0  0  0  0  0
2020 01 02   72     13       20      1    -999   A8.3   0  0  0  0  0  0  0
2020 01 03   71     13       20      0    -999   A8.6   0  0  0  0  0  0  0
2020 01 04   72     11       10      0    -999   A8.5   0  0  0  0  0  0  0
2020 01 05   72     11       10      0    -999   A8.5   0  0  0  0  0  0  0
2020 01 06   71     11       10      0    -999   A8.7   0  0  0  0  0  0  0
2020 01 07   72      0        0      0    -999   A8.8   0  0  0  0  0  0  0
2020 01 08   74      0        0      0    -999   A8.9   0  0  0  0  0  0  0
2020 01 09   74     14       30      1    -999   A9.2   0  0  0  0  0  0  0
2020 01 10   73     11       10      0    -999   A9.0   0  0  0  0  0  0  0
2020 01 11   74      0        0      0    -999   A8.7   0  0  0  0  0  0  0
2020 01 12   72      0        0      0    -999   A8.5   0  0  0  0  0  0  0
2020 01 13   72      0        0      0    -999   A8.2   0  0  0  0  0  0  0
2020 01 14   72      0        0      0    -999   A8.2   0  0  0  0  0  0  0
2020 01 15   71      0        0      0    -999   A8.1   0  0  0  0  0  0  0
2020 01 16   72      0        0      0    -999   A8.0   0  0  0  0  0  0  0
2020 01 17   70      0        0      0    -999   A8.0   0  0  0  0  0  0  0
2020 01 18   71      0        0      0    -999   A8.0   0  0  0  0  0  0  0
2020 01 19   72      0        0      0    -999   A7.9   0  0  0  1  0  0  0
2020 01 20   71      0        0      0    -999   A7.8   0  0  0  0  0  0  0
2020 01 21   71      0        0      0    -999   A7.8   0  0  0  0  0  0  0
2020 01 22   72      0        0      0    -999   A8.1   0  0  0  0  0  0  0
2020 01 23   71      0        0      0    -999   A7.6   0  0  0  0  0  0  0
2020 01 24   71     12       10      1    -999   A7.5   0  0  0  0  0  0  0
2020 01 25   73     14       20      0    -999   A7.5   0  0  0  1  0  0  0
2020 01 26   75     18       60      0    -999   A8.0   0  0  0  1  0  0  0
2020 01 27   73     12      100      0    -999   A8.1   0  0  0  0  0  0  0
2020 01 28   74     11       70      0    -999   A8.1   0  0  0  0  0  0  0
2020 01 29   74     11       60      0    -999   A8.1   0  0  0  0  0  0  0
2020 01 30   74     11       60      0    -999   A8.2   0  0  0  0  0  0  0
2020 01 31   74     11       20      0    -999   A8.1   0  0  0  0  0  0  0
2020 02 01   73     11       10      0    -999   A7.9   0  0  0  0  0  0  0
2020 02 02   72      0        0      0    -999   A7.9   0  0  0  0  0  0  0
2020 02 03   72      0        0      0    -999   A8.1   0  0  0  0  0  0  0
2020 02 04   70      0        0      0    -999   A7.9   0  0  0  0  0  0  0
2020 02 05   71      0        0      0    -999   A7.9   0  0  0  0  0  0  0
2020 02 06   71      0        0      0    -999   A8.0   0  0  0  0  0  0  0
2020 02 07   71      0        0      0    -999   A8.3   0  0  0  0  0  0  0
2020 02 08   72      0        0      0    -999   A8.4   0  0  0  0  0  0  0
2020 02 09   71      0        0      0    -999   A8.2   0  0  0  0  0  0  0
2020 02 10   70      0        0      0    -999   A8.1   0  0  0  0  0  0  0
2020 02 11   71      0        0      0    -999   A7.9   0  0  0  0  0  0  0
2020 02 12   72      0        0      0    -999   A7.9   0  0  0  0  0  0  0
2020 02 13   71      0        0      0    -999   A7.8   0  0  0  0  0  0  0
2020 02 14   71      0        0      0    -999   A7.7   0  0  0  0  0  0  0
2020 02 15   71      0        0      0    -999   A7.7   0  0  0  0  0  0  0
2020 02 16   71      0        0      0    -999   A7.7   0  0  0  0  0  0  0
2020 02 17   71      0        0      0    -999   A7.6   0  0  0  0  0  0  0
2020 02 18   71      0        0      0    -999   A7.7   0  0  0  0  0  0  0
2020 02 19   71      0        0      0    -999   A8.0   0  0  0  0  0  0  0
2020 02 20   71      0        0      0    -999   A8.1   0  0  0  0  0  0  0
2020 02 21   71      0        0      0    -999   A8.1   0  0  0  0  0  0  0
2020 02 22   72      0        0      0    -999   A8.8   0  0  0  0  0  0  0
2020 02 23   70      0        0      0    -999   A8.7   0  0  0  0  0  0  0
2020 02 24   70      0        0      0    -999   A8.4   0  0  0  0  0  0  0
2020 02 25   71      0        0      0    -999   A8.4   0  0  0  0  0  0  0
2020 02 26   70      0        0      0    -999   A8.3   0  0  0  0  0  0  0
2020 02 27   71      0        0      0    -999   A8.3   0  0  0  0  0  0  0
2020 02 28   71      0        0      0    -999   A7.2   0  0  0  0  0  0  0
2020 02 29   70      0        0      0    -999   A6.7   0  0  0  0  0  0  0
2020 03 01   69      0        0      0    -999   A6.3   0  0  0  0  0  0  0
2020 03 02   69      0        0      0    -999   A5.6   0  0  0  0  0  0  0
2020 03 03   70      0        0      0    -999   A5.1   0  0  0  0  0  0  0
2020 03 04   70      0        0      0    -999   A4.9   0  0  0  0  0  0  0
2020 03 05   70      0        0      0    -999   A4.8   0  0  0  0  0  0  0
2020 03 06   70      0        0      0    -999   A4.5   0  0  0  0  0  0  0
2020 03 07   70      0        0      0    -999   A4.6   0  0  0  0  0  0  0
2020 03 08   70     13       20      1    -999   A4.5   0  0  0  0  0  0  0
2020 03 09   71     12       10      0    -999   A3.6   0  0  0  0  0  0  0
2020 03 10   71      0        0      0    -999      *   0  0  0  0  0  0  0
2020 03 11   71      0        0      0    -999      *   0  0  0  0  0  0  0
2020 03 12   70      0        0      0    -999      *   0  0  0  0  0  0  0
2020 03 13   69      0        0      0    -999      *   0  0  0  0  0  0  0
2020 03 14   68      0        0      0    -999      *   0  0  0  0  0  0  0
2020 03 15   70      0        0      0    -999      *   0  0  0  0  0  0  0
2020 03 16   70      0        0      0    -999      *   0  0  0  0  0  0  0
2020 03 17   72      0        0      0    -999      *   0  0  0  0  0  0  0
2020 03 18   72      0        0      0    -999      *   0  0  0  0  0  0  0
2020 03 19   72      0        0      0    -999      *   0  0  0  0  0  0  0
2020 03 20   72      0        0      0    -999      *   0  0  0  0  0  0  0
2020 03 21   71      0        0      0    -999      *   0  0  0  0  0  0  0
2020 03 22   70      0        0      0    -999      *   0  0  0  0  0  0  0
2020 03 23   70      0        0      0    -999      *   0  0  0  0  0  0  0
2020 03 24   71      0        0      0    -999      *   0  0  0  0  0  0  0
2020 03 25   71      0        0      0    -999      *   0  0  0  0  0  0  0
2020 03 26   70      0        0      0    -999      *   0  0  0  0  0  0  0
2020 03 27   69      0        0      0    -999      *   0  0  0  0  0  0  0
2020 03 28   69      0        0      0    -999      *   0  0  0  0  0  0  0
2020 03 29   68      0        0      0    -999      *   0  0  0  0  0  0  0
2020 03 30   69      0        0      0    -999      *   0  0  0  0  0  0  0
2020 03 31   70     12       10      1    -999      *   0  0  0  0  0  0  0

:Product: Daily Solar Data         quar_DSD.txt
:Issued: 2025 UT 07 Jul 2020
#
#  Prepared by the U.S. Dept. of Commerce, NOAA, Space Weather Prediction Center
#  Please send comments and suggestions to SWPC.Webmaster@noaa.gov
#
#                Quarterly Daily Solar Data
#
#                         Sunspot       Stanford GOES15
#           Radio  SESC     Area          Solar  X-Ray  ------ Flares ------
#           Flux  Sunspot  10E-6   New     Mean  Bkgd    X-Ray      Optical
#  Date     10.7cm Number  Hemis. Regions Field  Flux   C  M  X  S  1  2  3
#--------------------------------------------------------------------------- 
2020 04 01   69     13       20      0    -999      *   0  0  0  0  0  0  0
2020 04 02   69     12       30      0    -999      *   0  0  0  0  0  0  0
2020 04 03   70     13       30      0    -999      *   0  0  0  0  0  0  0
2020 04 04   70     11       10      0    -999      *   0  0  0  0  0  0  0
2020 04 05   71      0        0      0    -999      *   0  0  0  0  0  0  0
2020 04 06   70      0        0      0    -999      *   0  0  0  1  0  0  0
2020 04 07   70      0        0      0    -999      *   0  0  0  1  0  0  0
2020 04 08   70      0        0      0    -999      *   0  0  0  0  0  0  0
2020 04 09   70      0        0      0    -999      *   0  0  0  1  0  0  0
2020 04 10   69      0        0      0    -999      *   0  0  0  0  0  0  0
2020 04 11   71      0        0      0    -999      *   0  0  0  0  0  0  0
2020 04 12   71      0        0      0    -999      *   0  0  0  0  0  0  0
2020 04 13   70      0        0      0    -999      *   0  0  0  0  0  0  0
2020 04 14   69      0        0      0    -999      *   0  0  0  0  0  0  0
2020 04 15   68      0        0      0    -999      *   0  0  0  0  0  0  0
2020 04 16   69      0        0      0    -999      *   0  0  0  0  0  0  0
2020 04 17   68      0        0      0    -999      *   0  0  0  0  0  0  0
2020 04 18   70      0        0      0    -999      *   0  0  0  0  0  0  0
2020 04 19   69      0        0      0    -999      *   0  0  0  0  0  0  0
2020 04 20   68      0        0      0    -999      *   0  0  0  0  0  0  0
2020 04 21   69      0        0      0    -999      *   0  0  0  0  0  0  0
2020 04 22   71      0        0      0    -999      *   0  0  0  0  0  0  0
2020 04 23   69      0        0      0    -999      *   0  0  0  0  0  0  0
2020 04 24   71      0        0      0    -999      *   0  0  0  0  0  0  0
2020 04 25   69     11       10      1    -999      *   0  0  0  0  0  0  0
2020 04 26   69     14       10      0    -999      *   0  0  0  0  0  0  0
2020 04 27   69     12       10      0    -999      *   0  0  0  0  0  0  0
2020 04 28   69      0        0      1    -999      *   0  0  0  0  0  0  0
2020 04 29   70     24       30      1    -999      *   0  0  0  0  0  0  0
2020 04 30   70     35       40      1    -999      *   0  0  0  0  0  0  0
2020 05 01   70      0        0      0    -999      *   0  0  0  0  0  0  0
2020 05 02   69      0        0      0    -999      *   0  0  0  0  0  0  0
2020 05 03   69      0        0      0    -999      *   0  0  0  0  0  0  0
2020 05 04   69      0        0      0    -999      *   0  0  0  0  0  0  0
2020 05 05   69      0        0      0    -999      *   0  0  0  0  0  0  0
2020 05 06   70      0        0      0    -999      *   0  0  0  0  0  0  0
2020 05 07   69      0        0      0    -999      *   0  0  0  0  0  0  0
2020 05 08   68      0        0      0    -999      *   0  0  0  0  0  0  0
2020 05 09   71      0        0      0    -999      *   0  0  0  0  0  0  0
2020 05 10   68      0        0      0    -999      *   0  0  0  0  0  0  0
2020 05 11   66      0        0      0    -999      *   0  0  0  0  0  0  0
2020 05 12   69      0        0      0    -999      *   0  0  0  0  0  0  0
2020 05 13   69      0        0      0    -999      *   0  0  0  0  0  0  0
2020 05 14   68      0        0      0    -999      *   0  0  0  0  0  0  0
2020 05 15   68      0        0      0    -999      *   0  0  0  0  0  0  0
2020 05 16   69      0        0      0    -999      *   0  0  0  0  0  0  0
2020 05 17   70      0        0      0    -999      *   0  0  0  0  0  0  0
2020 05 18   70      0        0      0    -999      *   0  0  0  0  0  0  0
2020 05 19   69      0        0      0    -999      *   0  0  0  0  0  0  0
2020 05 20   70      0        0      0    -999      *   0  0  0  0  0  0  0
2020 05 21   70      0        0      0    -999      *   0  0  0  0  0  0  0
2020 05 22   71      0        0      0    -999      *   0  0  0  0  0  0  0
2020 05 23   69      0        0      0    -999      *   0  0  0  0  0  0  0
2020 05 24   69      0        0      0    -999      *   0  0  0  0  0  0  0
2020 05 25   70      0        0      0    -999      *   0  0  0  0  0  0  0
2020 05 26   70      0        0      0    -999      *   0  0  0  0  0  0  0
2020 05 27   68      0        0      0    -999      *   0  0  0  0  0  0  0
2020 05 28   68      0        0      0    -999      *   0  0  0  0  0  0  0
2020 05 29   70      0        0      0    -999      *   2  1  0  0  0  0  0
2020 05 30   70      0        0      0    -999      *   0  0  0  0  0  0  0
2020 05 31   71      0        0      0    -999      *   0  0  0  0  0  0  0
2020 06 01   69     11        0      1    -999      *   0  0  0  0  0  0  0
2020 06 02   70      0        0      0    -999      *   0  0  0  0  0  0  0
2020 06 03   70     12       70      1    -999      *   0  0  0  0  0  0  0
2020 06 04   70     12      100      0    -999      *   0  0  0  0  0  0  0
2020 06 05   71     13      130      0    -999      *   0  0  0  0  0  0  0
2020 06 06   72     15      110      0    -999      *   0  0  0  0  0  0  0
2020 06 07   73     16      100      0    -999      *   0  0  0  1  0  0  0
2020 06 08   71     17      100      0    -999      *   0  0  0  0  0  0  0
2020 06 09   72     14       70      0    -999      *   0  0  0  0  0  0  0
2020 06 10   71     11       50      0    -999      *   0  0  0  0  0  0  0
2020 06 11   72     11       50      0    -999      *   0  0  0  0  0  0  0
2020 06 12   71     11       50      0    -999      *   0  0  0  0  0  0  0
2020 06 13   69     11       60      0    -999      *   0  0  0  0  0  0  0
2020 06 14   70     11       20      0    -999      *   0  0  0  0  0  0  0
2020 06 15   70     11       10      0    -999      *   0  0  0  0  0  0  0
2020 06 16   69      0        0      0    -999      *   0  0  0  0  0  0  0
2020 06 17   69      0        0      0    -999      *   0  0  0  0  0  0  0
2020 06 18   68      0        0      0    -999      *   0  0  0  0  0  0  0
2020 06 19   69      0        0      0    -999      *   0  0  0  0  0  0  0
2020 06 20   68      0        0      0    -999      *   0  0  0  0  0  0  0
2020 06 21   68      0        0      0    -999      *   0  0  0  0  0  0  0
2020 06 22   68      0        0      0    -999      *   0  0  0  0  0  0  0
2020 06 23   67      0        0      0    -999      *   0  0  0  0  0  0  0
2020 06 24   67      0        0      0    -999      *   0  0  0  0  0  0  0
2020 06 25   69      0        0      0    -999      *   0  0  0  0  0  0  0
2020 06 26   68      0        0      0    -999      *   0  0  0  0  0  0  0
2020 06 27   69      0        0      0    -999      *   0  0  0  0  0  0  0
2020 06 28   69      0        0      0    -999      *   0  0  0  0  0  0  0
2020 06 29   69      0        0      0    -999      *   0  0  0  0  0  0  0
2020 06 30   68      0        0      0    -999      *   0  0  0  0  0  0  0

:Product: Daily Solar Data         quar_DSD.txt
:Issued: 2025 UT 07 Oct 2020
#
#  Prepared by the U.S. Dept. of Commerce, NOAA, Space Weather Prediction Center
#  Please send comments and suggestions to SWPC.Webmaster@noaa.gov
#
#                Quarterly Daily Solar Data
#
#                         Sunspot       Stanford GOES15
#           Radio  SESC     Area          Solar  X-Ray  ------ Flares ------
#           Flux  Sunspot  10E-6   New     Mean  Bkgd    X-Ray      Optical
#  Date     10.7cm Number  Hemis. Regions Field  Flux   C  M  X  S  1  2  3
#--------------------------------------------------------------------------- 
2020 07 01   68      0        0      0    -999      *   0  0  0  0  0  0  0
2020 07 02   68      0        0      0    -999      *   0  0  0  0  0  0  0
2020 07 03   69      0        0      0    -999      *   0  0  0  0  0  0  0
2020 07 04   70     12       10      1    -999      *   0  0  0  0  0  0  0
2020 07 05   69     11       10      0    -999      *   0  0  0  0  0  0  0
2020 07 06   69      0        0      0    -999      *   0  0  0  0  0  0  0
2020 07 07   68      0        0      0    -999      *   0  0  0  0  0  0  0
2020 07 08   67      0        0      0    -999      *   0  0  0  0  0  0  0
2020 07 09   69      0        0      0    -999      *   0  0  0  0  0  0  0
2020 07 10   69     12       10      0    -999      *   0  0  0  0  0  0  0
2020 07 11   69      0        0      0    -999      *   0  0  0  0  0  0  0
2020 07 12   68      0        0      0    -999      *   0  0  0  0  0  0  0
2020 07 13   68      0        0      0    -999      *   0  0  0  0  0  0  0
2020 07 14   69      0        0      0    -999      *   0  0  0  0  0  0  0
2020 07 15   68      0        0      0    -999      *   0  0  0  0  0  0  0
2020 07 16   69      0        0      0    -999      *   0  0  0  0  0  0  0
2020 07 17   68      0        0      0    -999      *   0  0  0  0  0  0  0
2020 07 18   68      0        0      0    -999      *   0  0  0  0  0  0  0
2020 07 19   69      0        0      0    -999      *   0  0  0  0  0  0  0
2020 07 20   69      0        0      0    -999      *   0  0  0  0  0  0  0
2020 07 21   70     11       80      1    -999      *   0  0  0  0  0  0  0
2020 07 22   70     11      120      0    -999      *   0  0  0  0  0  0  0
2020 07 23   70     11      120      0    -999      *   0  0  0  0  0  0  0
2020 07 24   70     11      120      0    -999      *   0  0  0  0  0  0  0
2020 07 25   70     11      120      0    -999      *   0  0  0  0  0  0  0
2020 07 26   71     11      120      0    -999      *   0  0  0  0  0  0  0
2020 07 27   71     11       70      0    -999      *   0  0  0  0  0  0  0
2020 07 28   72     22       50      1    -999      *   0  0  0  0  0  0  0
2020 07 29   73     22       85      0    -999      *   0  0  0  0  0  0  0
2020 07 30   73     22      110      0    -999      *   0  0  0  0  0  0  0
2020 07 31   72     23       70      0    -999      *   0  0  0  0  0  0  0
2020 08 01   72     22       60      0    -999      *   0  0  0  0  0  0  0
2020 08 02   73     22       60      1    -999      *   0  0  0  0  0  0  0
2020 08 03   73     23       70      1    -999      *   0  0  0  0  0  0  0
2020 08 04   73     12       50      0    -999      *   0  0  0  0  0  0  0
2020 08 05   73     13      160      0    -999      *   0  0  0  0  0  0  0
2020 08 06   73     14       70      0    -999      *   0  0  0  0  0  0  0
2020 08 07   74     14       70      0    -999      *   0  0  0  0  0  0  0
2020 08 08   75     11       50      0    -999      *   1  0  0  1  0  0  0
2020 08 09   74     13       30      0    -999      *   0  0  0  0  0  0  0
2020 08 10   74     12       20      0    -999      *   0  0  0  0  0  0  0
2020 08 11   74     12       10      0    -999      *   0  0  0  2  0  0  0
2020 08 12   73     24       20      1    -999      *   0  0  0  0  0  0  0
2020 08 13   72     11       10      0    -999      *   0  0  0  0  0  0  0
2020 08 14   71      0        0      0    -999      *   0  0  0  0  0  0  0
2020 08 15   71      0        0      0    -999      *   1  0  0  1  0  0  0
2020 08 16   71      0        0      0    -999      *   0  0  0  0  0  0  0
2020 08 17   71      0        0      0    -999      *   0  0  0  0  0  0  0
2020 08 18   71     12       10      1    -999      *   0  0  0  1  0  0  0
2020 08 19   71     15       30      0    -999      *   0  0  0  1  0  0  0
2020 08 20   70     13       10      0    -999      *   0  0  0  1  0  0  0
2020 08 21   71      0        0      0    -999      *   0  0  0  0  0  0  0
2020 08 22   70      0        0      0    -999      *   0  0  0  0  0  0  0
2020 08 23   71      0        0      0    -999      *   0  0  0  0  0  0  0
2020 08 24   70      0        0      0    -999      *   0  0  0  0  0  0  0
2020 08 25   71      0        0      0    -999      *   0  0  0  0  0  0  0
2020 08 26   70      0        0      0    -999      *   0  0  0  0  0  0  0
2020 08 27   70      0        0      0    -999      *   0  0  0  0  0  0  0
2020 08 28   70      0        0      0    -999      *   0  0  0  0  0  0  0
2020 08 29   70      0        0      0    -999      *   0  0  0  0  0  0  0
2020 08 30   70      0        0      0    -999      *   0  0  0  0  0  0  0
2020 08 31   70      0        0      0    -999      *   0  0  0  0  0  0  0
2020 09 01   70      0        0      0    -999      *   0  0  0  0  0  0  0
2020 09 02   68      0        0      0    -999      *   0  0  0  0  0  0  0
2020 09 03   70      0        0      0    -999      *   0  0  0  0  0  0  0
2020 09 04   70      0        0      0    -999      *   0  0  0  0  0  0  0
2020 09 05   69      0        0      0    -999      *   0  0  0  0  0  0  0
2020 09 06   70      0        0      0    -999      *   0  0  0  0  0  0  0
2020 09 07   70      0        0      0    -999      *   0  0  0  0  0  0  0
2020 09 08   70      0        0      0    -999      *   0  0  0  0  0  0  0
2020 09 09   70      0        0      0    -999      *   0  0  0  0  0  0  0
2020 09 10   69      0        0      0    -999      *   0  0  0  0  0  0  0
2020 09 11   69      0        0      0    -999      *   0  0  0  0  0  0  0
2020 09 12   69      0        0      0    -999      *   0  0  0  0  0  0  0
2020 09 13   70      0        0      0    -999      *   0  0  0  0  0  0  0
2020 09 14   69      0        0      0    -999      *   0  0  0  0  0  0  0
2020 09 15   69      0        0      0    -999      *   0  0  0  0  0  0  0
2020 09 16   70      0        0      0    -999      *   0  0  0  0  0  0  0
2020 09 17   70      0        0      0    -999      *   0  0  0  0  0  0  0
2020 09 18   70      0        0      0    -999      *   0  0  0  0  0  0  0
2020 09 19   71      0        0      0    -999      *   0  0  0  0  0  0  0
2020 09 20   70      0        0      0    -999      *   0  0  0  0  0  0  0
2020 09 21   71      0        0      0    -999      *   0  0  0  0  0  0  0
2020 09 22   72      0        0      0    -999      *   0  0  0  0  0  0  0
2020 09 23   73     13       10      1    -999      *   0  0  0  0  0  0  0
2020 09 24   74      0        0      0    -999      *   0  0  0  0  0  0  0
2020 09 25   73     11       10      0    -999      *   1  0  0  0  0  0  0
2020 09 26   73      0        0      0    -999      *   0  0  0  0  0  0  0
2020 09 27   74      0        0      0    -999      *   0  0  0  0  0  0  0
2020 09 28   74      0        0      0    -999      *   0  0  0  1  0  0  0
2020 09 29   73      0        0      0    -999      *   0  0  0  0  0  0  0
2020 09 30   73      0        0      0    -999      *   0  0  0  0  0  0  0

:Product: Daily Solar Data         quar_DSD.txt
:Issued: 2025 UT 07 Jan 2021
#
#  Prepared by the U.S. Dept. of Commerce, NOAA, Space Weather Prediction Center
#  Please send comments and suggestions to SWPC.Webmaster@noaa.gov
#
#                Quarterly Daily Solar Data
#
#                         Sunspot       Stanford GOES15
#           Radio  SESC     Area          Solar  X-Ray  ------ Flares ------
#           Flux  Sunspot  10E-6   New     Mean  Bkgd    X-Ray      Optical
#  Date     10.7cm Number  Hemis. Regions Field  Flux   C  M  X  S  1  2  3
#--------------------------------------------------------------------------- 
2020 10 01   73      0        0      0    -999      *   0  0  0  0  0  0  0
2020 10 02   72      0        0      0    -999      *   0  0  0  0  0  0  0
2020 10 03   72      0        0      0    -999      *   0  0  0  0  0  0  0
2020 10 04   71      0        0      0    -999      *   0  0  0  0  0  0  0
2020 10 05   72      0        0      0    -999      *   0  0  0  0  0  0  0
2020 10 06   72      0        0      0    -999      *   0  0  0  0  0  0  0
2020 10 07   71      0        0      0    -999      *   0  0  0  0  0  0  0
2020 10 08   72      0        0      0    -999      *   0  0  0  0  0  0  0
2020 10 09   73     24       20      2    -999      *   0  0  0  0  0  0  0
2020 10 10   74     26       60      0    -999      *   0  0  0  0  0  0  0
2020 10 11   73     15       30      0    -999      *   0  0  0  0  0  0  0
2020 10 12   74     15       30      0    -999      *   0  0  0  0  0  0  0
2020 10 13   72      0        0      0    -999      *   0  0  0  0  0  0  0
2020 10 14   75     12       10      1    -999      *   0  0  0  0  0  0  0
2020 10 15   74     14       30      0    -999      *   0  0  0  0  0  0  0
2020 10 16   75     14       60      0    -999      *   2  0  0  0  0  0  0
2020 10 17   73     15       80      0    -999      *   0  0  0  0  0  0  0
2020 10 18   76     28      110      1    -999      *   0  0  0  7  0  0  0
2020 10 19   75     12       80      0    -999      *   0  0  0  4  0  0  0
2020 10 20   75     11       60      0    -999      *   0  0  0  4  0  0  0
2020 10 21   74     11       70      0    -999      *   0  0  0  0  0  0  0
2020 10 22   75     11       60      0    -999      *   0  0  0  0  0  0  0
2020 10 23   72     11       60      0    -999      *   0  0  0  0  0  0  0
2020 10 24   72     11       40      0    -999      *   0  0  0  1  0  0  0
2020 10 25   74     11       40      0    -999      *   0  0  0  0  0  0  0
2020 10 26   75     17       80      1    -999      *   0  0  0  0  0  0  0
2020 10 27   82     22      140      0    -999      *   4  0  0  8  0  0  0
2020 10 28   88     36      230      1    -999      *   4  0  0  5  0  0  0
2020 10 29   85     35      440      0    -999      *   4  0  0 11  0  0  0
2020 10 30   80     32      260      0    -999      *   0  0  0  2  0  0  0
2020 10 31   77     26      120      0    -999      *   0  0  0  0  0  0  0
2020 11 01   77     12       10      0    -999      *   2  0  0  0  0  0  0
2020 11 02   82     11       10      1    -999      *   0  0  0  0  0  0  0
2020 11 03   83     15      150      1    -999      *   1  0  0  2  0  0  0
2020 11 04   88     18      410      0    -999      *   5  0  0 18  0  0  0
2020 11 05   91     28      460      0    -999      *  11  0  0 14  1  0  0
2020 11 06   94     35      485      0    -999      *   6  0  0 15  0  0  0
2020 11 07   91     37      290      0    -999      *   1  0  0  7  0  0  0
2020 11 08   90     40      260      0    -999      *   2  0  0  2  1  0  0
2020 11 09   90     27      230      0    -999      *   0  0  0  0  0  0  0
2020 11 10   87     27      230      0    -999      *   1  0  0  1  0  0  0
2020 11 11   88     24      120      1    -999      *   1  0  0  2  0  0  0
2020 11 12   85     27      110      0    -999      *   2  0  0  2  0  0  0
2020 11 13   82     24      100      0    -999      *   0  0  0  0  0  0  0
2020 11 14   80     11       50      0    -999      *   0  0  0  0  0  0  0
2020 11 15   79      0        0      0    -999      *   0  0  0  0  0  0  0
2020 11 16   77      0        0      0    -999      *   0  0  0  0  0  0  0
2020 11 17   79     11       30      1    -999      *   0  0  0  0  0  0  0
2020 11 18   77     11       80      0    -999      *   0  0  0  0  0  0  0
2020 11 19   77     11       70      0    -999      *   0  0  0  0  0  0  0
2020 11 20   82     11       70      0    -999      *   2  0  0  0  1  0  0
2020 11 21   85     23      110      1    -999      *   0  0  0  1  0  0  0
2020 11 22   88     35      160      1    -999      *   4  0  0  1  0  0  0
2020 11 23   96     38      330      1    -999      *   1  0  0  1  1  0  0
2020 11 24  100     37      620      0    -999      *   2  0  0  0  0  0  0
2020 11 25  104     40     1180      0    -999      *   1  0  0  3  0  0  0
2020 11 26  106     43     1020      0    -999      *   4  0  0  7  0  0  0
2020 11 27  106     60      980      1    -999      *   1  0  0  5  0  0  0
2020 11 28  110     67      960      0    -999      *   5  0  0  5  0  0  0
2020 11 29  116     84      930      2    -999      *   2  1  0  2  0  0  0
2020 11 30  109     62      710      0    -999      *   0  0  0  3  0  0  0
2020 12 01  104     46      620      1    -999      *   3  0  0  3  0  0  0
2020 12 02  105     41      530      0    -999      *   0  0  0  1  0  0  0
2020 12 03  103     40      680      0    -999      *   3  0  0  3  0  0  0
2020 12 04   96     38      680      0    -999      *   0  0  0  2  0  0  0
2020 12 05  100     42      440      1    -999      *   3  0  0  2  0  0  0
2020 12 06   91     25       80      0    -999      *   1  0  0  1  0  0  0
2020 12 07   90     35      170      0    -999      *   1  0  0  2  1  0  0
2020 12 08   82     11       70      0    -999      *   0  0  0  0  0  0  0
2020 12 09   82     11       50      0    -999      *   0  0  0  1  0  0  0
2020 12 10   82     11       80      0    -999      *   0  0  0  0  0  0  0
2020 12 11   83     11       60      0    -999      *   0  0  0  2  0  0  0
2020 12 12   82     24       30      1    -999      *   0  0  0  1  0  0  0
2020 12 13   81     14       10      0    -999      *   0  0  0  1  0  0  0
2020 12 14   83     25       20      1    -999      *   1  0  0  1  0  0  0
2020 12 15   83     25       30      0    -999      *   0  0  0  2  0  0  0
2020 12 16   82     12       30      0    -999      *   0  0  0  0  0  0  0
2020 12 17   82     12       10      0    -999      *   0  0  0  0  0  0  0
2020 12 18   80      0        0      0    -999      *   0  0  0  0  0  0  0
2020 12 19   82      0        0      0    -999      *   0  0  0  0  0  0  0
2020 12 20   84     11      120      1    -999      *   0  0  0  0  0  0  0
2020 12 21   80     11      170      0    -999      *   0  0  0  0  0  0  0
2020 12 22   86     11      170      0    -999      *   0  0  0  0  0  0  0
2020 12 23   86     27      220      1    -999      *   0  0  0  0  0  0  0
2020 12 24   87     25      350      0    -999      *   0  0  0  0  0  0  0
2020 12 25   88     30      400      0    -999      *   0  0  0  0  0  0  0
2020 12 26   88     31      390      0    -999      *   0  0  0  0  0  0  0
2020 12 27   88     26      360      0    -999      *   0  0  0  0  0  0  0
2020 12 28   87     26      300      0    -999      *   0  0  0  0  0  0  0
2020 12 29   84     26      310      0    -999      *   0  0  0  1  0  0  0
2020 12 30   83     26      210      0    -999      *   0  0  0  0  0  0  0
2020 12 31   81     25      210      0    -999      *   0  0  0  0  0  0  0

:Product: Daily Solar Data         quar_DSD.txt
:Issued: 2025 UT 07 Apr 2021
#
#  Prepared by the U.S. Dept. of Commerce, NOAA, Space Weather Prediction Center
#  Please send comments and suggestions to SWPC.Webmaster@noaa.gov
#
#                Quarterly Daily Solar Data
#
#                         Sunspot       Stanford GOES15
#           Radio  SESC     Area          Solar  X-Ray  ------ Flares ------
#           Flux  Sunspot  10E-6   New     Mean  Bkgd    X-Ray      Optical
#  Date     10.7cm Number  Hemis. Regions Field  Flux   C  M  X  S  1  2  3
#--------------------------------------------------------------------------- 
2021 01 01   80     23      190      0    -999      *   0  0  0  0  0  0  0
2021 01 02   82     22      120      0    -999      *   0  0  0  0  0  0  0
2021 01 03   80      0        0      0    -999      *   0  0  0  0  0  0  0
2021 01 04   78      0        0      0    -999      *   0  0  0  0  0  0  0
2021 01 05   75      0        0      0    -999      *   0  0  0  0  0  0  0
2021 01 06   74      0        0      0    -999      *   0  0  0  0  0  0  0
2021 01 07   75      0        0      0    -999      *   0  0  0  0  0  0  0
2021 01 08   75      0        0      0    -999      *   0  0  0  0  0  0  0
2021 01 09   74      0        0      0    -999      *   0  0  0  0  0  0  0
2021 01 10   73      0        0      0    -999      *   0  0  0  0  0  0  0
2021 01 11   73      0        0      0    -999      *   0  0  0  0  0  0  0
2021 01 12   73      0        0      0    -999      *   0  0  0  0  0  0  0
2021 01 13   73      0        0      0    -999      *   0  0  0  0  0  0  0
2021 01 14   74      0        0      0    -999      *   0  0  0  0  0  0  0
2021 01 15   73     13       20      1    -999      *   0  0  0  0  0  0  0
2021 01 16   78     15       10      0    -999      *   0  0  0  0  0  0  0
2021 01 17   77     23      100      1    -999      *   0  0  0  0  0  0  0
2021 01 18   75     13      120      0    -999      *   0  0  0  0  0  0  0
2021 01 19   78     14      120      0    -999      *   1  0  0  0  0  0  0
2021 01 20   77     25      110      1    -999      *   1  0  0  2  0  0  0
2021 01 21   78     26      110      0    -999      *   0  0  0  4  0  0  0
2021 01 22   78     39      100      1    -999      *   0  0  0  0  0  0  0
2021 01 23   78     34       70      0    -999      *   0  0  0  0  0  0  0
2021 01 24   78     23       60      0    -999      *   0  0  0  1  0  0  0
2021 01 25   77     26       40      0    -999      *   0  0  0  0  0  0  0
2021 01 26   76     23       10      0    -999      *   0  0  0  0  0  0  0
2021 01 27   76     26       20      1    -999      *   0  0  0  0  0  0  0
2021 01 28   76      0        0      0    -999      *   0  0  0  1  0  0  0
2021 01 29   76      0        0      0    -999      *   0  0  0  0  0  0  0
2021 01 30   74      0        0      0    -999      *   0  0  0  0  0  0  0
2021 01 31   73      0        0      0    -999      *   0  0  0  0  0  0  0
2021 02 01   74      0        0      0    -999      *   0  0  0  0  0  0  0
2021 02 02   73     12       10      1    -999      *   0  0  0  0  0  0  0
2021 02 03   74     11        0      0    -999      *   0  0  0  0  0  0  0
2021 02 04   74      0        0      0    -999      *   0  0  0  0  0  0  0
2021 02 05   73      0        0      0    -999      *   0  0  0  0  0  0  0
2021 02 06   73      0        0      0    -999      *   0  0  0  0  0  0  0
2021 02 07   73      0        0      0    -999      *   0  0  0  0  0  0  0
2021 02 08   74      0        0      0    -999      *   0  0  0  0  0  0  0
2021 02 09   70      0        0      0    -999      *   0  0  0  0  0  0  0
2021 02 10   74      0        0      0    -999      *   0  0  0  0  0  0  0
2021 02 11   76      0        0      0    -999      *   0  0  0  0  0  0  0
2021 02 12   72      0        0      0    -999      *   0  0  0  0  0  0  0
2021 02 13   71      0        0      0    -999      *   0  0  0  0  0  0  0
2021 02 14   71      0        0      0    -999      *   0  0  0  0  0  0  0
2021 02 15   70      0        0      0    -999      *   0  0  0  0  0  0  0
2021 02 16   71      0        0      0    -999      *   0  0  0  0  0  0  0
2021 02 17   72      0        0      0    -999      *   0  0  0  0  0  0  0
2021 02 18   71     12       15      1    -999      *   0  0  0  0  0  0  0
2021 02 19   73     12       30      1    -999      *   0  0  0  0  0  0  0
2021 02 20   76     12       10      0    -999      *   0  0  0  0  0  0  0
2021 02 21   75     11       10      0    -999      *   0  0  0  0  0  0  0
2021 02 22   76     26       40      2    -999      *   0  0  0  3  0  0  0
2021 02 23   78     31      100      0    -999      *   0  0  0  1  0  0  0
2021 02 24   81     33      150      0    -999      *   0  0  0  2  0  0  0
2021 02 25   80     31      200      0    -999      *   0  0  0  1  0  0  0
2021 02 26   80     16      170      0    -999      *   0  0  0  2  0  0  0
2021 02 27   79     14      190      0    -999      *   1  0  0  1  0  0  0
2021 02 28   78     13      120      0    -999      *   1  0  0  1  0  0  0
2021 03 01   71      0        0      0    -999      *   0  0  0  0  0  0  0
2021 03 02   75     28       30      2    -999      *   1  0  0  0  0  0  0
2021 03 03   74     30       60      0    -999      *   0  0  0  1  0  0  0
2021 03 04   81     32       40      0    -999      *   0  0  0  0  0  0  0
2021 03 05   73     14       10      0    -999      *   0  0  0  0  0  0  0
2021 03 06   77     23       20      0    -999      *   0  0  0  0  0  0  0
2021 03 07   78     14       10      0    -999      *   0  0  0  1  0  0  0
2021 03 08   80     12       20      0    -999      *   0  0  0  0  0  0  0
2021 03 09   84     23       30      1    -999      *   1  0  0  0  0  0  0
2021 03 10   79     11       20      0    -999      *   0  0  0  0  0  0  0
2021 03 11   78     23       60      1    -999      *   0  0  0  0  0  0  0
2021 03 12   77     15       30      0    -999      *   0  0  0  0  0  0  0
2021 03 13   81     12       10      0    -999      *   0  0  0  0  0  0  0
2021 03 14   78     24       30      0    -999      *   0  0  0  0  0  0  0
2021 03 15   75     24       20      0    -999      *   0  0  0  0  0  0  0
2021 03 16   79     23       40      1    -999      *   0  0  0  0  0  0  0
2021 03 17   78     12       50      0    -999      *   0  0  0  0  0  0  0
2021 03 18   73     12      200      0    -999      *   0  0  0  0  0  0  0
2021 03 19   74     14       30      0    -999      *   0  0  0  0  0  0  0
2021 03 20   80     12       10      0    -999      *   0  0  0  0  0  0  0
2021 03 21   77     12       10      1    -999      *   0  0  0  0  0  0  0
2021 03 22   80     23       40      1    -999      *   0  0  0  2  0  0  0
2021 03 23   79     26       80      0    -999      *   0  0  0  0  0  0  0
2021 03 24   84     26       40      0    -999      *   0  0  0  0  0  0  0
2021 03 25   79     24       50      0    -999      *   0  0  0  1  0  0  0
2021 03 26   80     24       40      0    -999      *   0  0  0  0  0  0  0
2021 03 27   80     11       30      0    -999      *   0  0  0  0  0  0  0
2021 03 28   75     11       10      0    -999      *   0  0  0  0  0  0  0
2021 03 29   74     13       20      0    -999      *   0  0  0  0  0  0  0
2021 03 30   80      0        0      0    -999      *   0  0  0  1  0  0  0
2021 03 31   74      0        0      0    -999      *   0  0  0  0  0  0  0

:Product: Daily Solar Data         quar_DSD.txt
:Issued: 2025 UT 07 Jul 2021
#
#  Prepared by the U.S. Dept. of Commerce, NOAA, Space Weather Prediction Center
#  Please send comments and suggestions to SWPC.Webmaster@noaa.gov
#
#                Quarterly Daily Solar Data
#
#                         Sunspot       Stanford GOES15
#           Radio  SESC     Area          Solar  X-Ray  ------ Flares ------
#           Flux  Sunspot  10E-6   New     Mean  Bkgd    X-Ray      Optical
#  Date     10.7cm Number  Hemis. Regions Field  Flux   C  M  X  S  1  2  3
#--------------------------------------------------------------------------- 
2021 04 01   78      0        0      0    -999      *   0  0  0  0  0  0  0
2021 04 02   72      0        0      0    -999      *   0  0  0  0  0  0  0
2021 04 03   73     12       20      0    -999      *   0  0  0  0  0  0  0
2021 04 04   70     11       10      1    -999      *   0  0  0  0  0  0  0
2021 04 05   72     11        5      0    -999      *   0  0  0  0  0  0  0
2021 04 06   74     11        0      0    -999      *   0  0  0  0  0  0  0
2021 04 07   76      0        0      0    -999      *   0  0  0  0  0  0  0
2021 04 08   74      0        0      0    -999      *   0  0  0  0  0  0  0
2021 04 09   78      0        0      0    -999      *   0  0  0  0  0  0  0
2021 04 10   70      0        0      0    -999      *   0  0  0  0  0  0  0
2021 04 11   73      0        0      0    -999      *   0  0  0  0  0  0  0
2021 04 12   83     16       10      1    -999      *   0  0  0  2  0  0  0
2021 04 13   73     16       30      0    -999      *   0  0  0  0  0  0  0
2021 04 14   74     17       90      0    -999      *   0  0  0  0  0  0  0
2021 04 15   72     22       50      0    -999      *   0  0  0  0  0  0  0
2021 04 16   77     44      110      2    -999      *   0  0  0  0  0  0  0
2021 04 17   75     28       30      0    -999      *   0  0  0  0  0  0  0
2021 04 18   78     15       50      0    -999      *   0  0  0  2  0  0  0
2021 04 19   86     36      180      1    -999      *   0  1  0  6  0  0  0
2021 04 20   80     54      340      1    -999      *   0  0  0 12  0  0  0
2021 04 21   78     47      320      0    -999      *   1  0  0  4  0  0  0
2021 04 22   84     42      240      0    -999      *  11  0  0  4  1  0  0
2021 04 23   77     29      100      0    -999      *   6  0  0  2  0  0  0
2021 04 24   79     62      150      2    -999      *   0  0  0  1  0  0  0
2021 04 25   79     57      160      1    -999      *   1  0  0  2  0  0  0
2021 04 26   80     54      220      0    -999      *   1  0  0  4  0  0  0
2021 04 27   79     47      140      0    -999      *   0  0  0  0  0  0  0
2021 04 28   78     42       70      0    -999      *   0  0  0  0  0  0  0
2021 04 29   77     37       70      0    -999      *   0  0  0  0  0  0  0
2021 04 30   73     35       70      0    -999      *   0  0  0  0  0  0  0
2021 05 01   72     11       10      0    -999      *   0  0  0  0  0  0  0
2021 05 02   72      0        0      0    -999      *   0  0  0  0  0  0  0
2021 05 03   72      0        0      0    -999      *   0  0  0  0  0  0  0
2021 05 04   70      0        0      0    -999      *   0  0  0  0  0  0  0
2021 05 05   70      0        0      0    -999      *   0  0  0  0  0  0  0
2021 05 06   71      0        0      0    -999      *   0  0  0  0  0  0  0
2021 05 07   75     15      130      1    -999      *   0  1  0  2  1  0  0
2021 05 08   76     17      180      0    -999      *   2  0  0  4  0  0  0
2021 05 09   76     18      180      0    -999      *   3  0  0  4  0  0  0
2021 05 10   77     36      170      1    -999      *   0  0  0  1  0  0  0
2021 05 11   76     31      230      0    -999      *   0  0  0  0  0  0  0
2021 05 12   75     31      230      0    -999      *   1  0  0  2  0  0  0
2021 05 13   75     24      110      0    -999      *   0  0  0  2  0  0  0
2021 05 14   71     24       70      0    -999      *   0  0  0  1  0  0  0
2021 05 15   73     24       60      0    -999      *   0  0  0  0  0  0  0
2021 05 16   73     11       50      0    -999      *   0  0  0  0  0  0  0
2021 05 17   75     11       40      0    -999      *   0  0  0  2  0  0  0
2021 05 18   76     24      160      1    -999      *   1  0  0  2  0  0  0
2021 05 19   76     24      170      0    -999      *   0  0  0  0  0  0  0
2021 05 20   72     13      150      0    -999      *   0  0  0  1  0  0  0
2021 05 21   74     13      150      0    -999      *   1  0  0  5  0  0  0
2021 05 22   76     19      190      0    -999      *  10  2  0 13  4  0  0
2021 05 23   79     30      200      1    -999      *   4  1  0  9  2  1  0
2021 05 24   73     29      190      0    -999      *   0  0  0  2  0  0  0
2021 05 25   84     36      140      1    -999      *   0  0  0  3  0  0  0
2021 05 26   88     34      490      0    -999      *   7  0  0 16  1  0  0
2021 05 27   83     34      530      0    -999      *   3  0  0  4  0  0  0
2021 05 28   77     28      530      0    -999      *   2  0  0  0  1  0  0
2021 05 29   76     26      130      1    -999      *   3  0  0  1  0  0  0
2021 05 30   74     27       70      1    -999      *   0  0  0  1  0  0  0
2021 05 31   82     31      120      0    -999      *   0  0  0  2  0  0  0
2021 06 01   75     20      100      0    -999      *   1  0  0  1  0  0  0
2021 06 02   76     30       80      1    -999      *   0  0  0  0  0  0  0
2021 06 03   76     28       80      0    -999      *   0  0  0  0  0  0  0
2021 06 04   77     30       70      0    -999      *   0  0  0  2  0  0  0
2021 06 05   74     30      150      0    -999      *   0  0  0  0  0  0  0
2021 06 06   77     42      180      1    -999      *   0  0  0  0  0  0  0
2021 06 07   81     53      170      1    -999      *   0  0  0  2  0  0  0
2021 06 08   80     34       90      0    -999      *   3  0  0  0  0  0  0
2021 06 09   79     27       30      1    -999      *   1  0  0  0  0  0  0
2021 06 10   73     29       20      0    -999      *   1  0  0  0  0  0  0
2021 06 11   77     13       10      0    -999      *   0  0  0  0  0  0  0
2021 06 12   78      0        0      0    -999      *   0  0  0  0  0  0  0
2021 06 13   69     22      140      0    -999      *   0  0  0  0  0  0  0
2021 06 14   77     11      100      0    -999      *   0  0  0  0  0  0  0
2021 06 15   76     11       60      0    -999      *   0  0  0  0  0  0  0
2021 06 16   76     11      130      0    -999      *   0  0  0  0  0  0  0
2021 06 17   75     12      130      0    -999      *   0  0  0  0  0  0  0
2021 06 18   77     24      130      1    -999      *   0  0  0  0  0  0  0
2021 06 19   77     15      120      0    -999      *   0  0  0  0  0  0  0
2021 06 20   76     13       90      0    -999      *   0  0  0  0  0  0  0
2021 06 21   79     11      160      0    -999      *   0  0  0  0  0  0  0
2021 06 22   81     12      130      0    -999      *   0  0  0  0  0  0  0
2021 06 23   80     11      820      0    -999      *   1  0  0  0  0  0  0
2021 06 24   81     11      140      0    -999      *   0  0  0  0  0  0  0
2021 06 25   83     25      220      1    -999      *   1  0  0  2  0  0  0
2021 06 26   82     16      130      0    -999      *   0  0  0  2  0  0  0
2021 06 27   87     32      250      1    -999      *   0  0  0  0  0  0  0
2021 06 28   89     50      280      1    -999      *   2  0  0  3  0  0  0
2021 06 29   93     56      410      0    -999      *   0  0  0  2  0  0  0
2021 06 30   94     53      540      0    -999      *   2  0  0  3  0  0  0

:Product: Daily Solar Data         quar_DSD.txt
:Issued: 2025 UT 07 Oct 2021
#
#  Prepared by the U.S. Dept. of Commerce, NOAA, Space Weather Prediction Center
#  Please send comments and suggestions to SWPC.Webmaster@noaa.gov
#
#                Quarterly Daily Solar Data
#
#                         Sunspot       Stanford GOES15
#           Radio  SESC     Area          Solar  X-Ray  ------ Flares ------
#           Flux  Sunspot  10E-6   New     Mean  Bkgd    X-Ray      Optical
#  Date     10.7cm Number  Hemis. Regions Field  Flux   C  M  X  S  1  2  3
#--------------------------------------------------------------------------- 
2021 07 01   94     56      810      0    -999      *   0  0  0  1  0  0  0
2021 07 02   95     72      600      0    -999      *   0  0  0  0  0  0  0
2021 07 03   94     81      680      1    -999      *   3  2  1 11  0  0  0
2021 07 04   91     60      590      1    -999      *   4  1  0  8  0  0  0
2021 07 05   89     43      530      0    -999      *   2  0  0  2  0  0  0
2021 07 06   83     52      330      1    -999      *   2  0  0  0  0  0  0
2021 07 07   76     25       20      0    -999      *   0  0  0  0  0  0  0
2021 07 08   73     23       20      0    -999      *   0  0  0  0  0  0  0
2021 07 09   74     23       30      1    -999      *   3  0  0  0  0  0  0
2021 07 10   74     24       80      1    -999      *   0  0  0  0  0  0  0
2021 07 11   74     23       70      0    -999      *   0  0  0  1  0  0  0
2021 07 12   72     22       70      0    -999      *   0  0  0  0  0  0  0
2021 07 13   72     11       50      0    -999      *   0  0  0  0  0  0  0
2021 07 14   72     23       70      1    -999      *   0  0  0  0  0  0  0
2021 07 15   74     22       30      0    -999      *   0  0  0  0  0  0  0
2021 07 16   75     35       70      1    -999      *   2  0  0  2  0  0  0
2021 07 17   77     53       90      1    -999      *   0  0  0  1  0  0  0
2021 07 18   80     42       80      0    -999      *   0  0  0  1  0  0  0
2021 07 19   83     45      130      1    -999      *   1  0  0  1  0  0  0
2021 07 20   87     59      250      1    -999      *   1  0  0  0  0  0  0
2021 07 21   94     86      260      2    -999      *   2  0  0  2  0  0  0
2021 07 22   89     77      290      0    -999      *   0  0  0  0  0  0  0
2021 07 23   87     46       80      0    -999      *   1  0  0  2  0  0  0
2021 07 24   84     35       40      0    -999      *   1  0  0  0  0  0  0
2021 07 25   82     24       30      0    -999      *   0  0  0  0  0  0  0
2021 07 26   81     25       20      0    -999      *   0  0  0  0  0  0  0
2021 07 27   80     25        0      0    -999      *   0  0  0  1  0  0  0
2021 07 28   79      0        0      0    -999      *   0  0  0  2  0  0  0
2021 07 29   76      0        0      0    -999      *   0  0  0  0  0  0  0
2021 07 30   76      0        0      0    -999      *   0  0  0  0  0  0  0
2021 07 31   76      0        0      0    -999      *   0  0  0  0  0  0  0
2021 08 01   75      0        0      0    -999      *   0  0  0  0  0  0  0
2021 08 02   75     13       20      1    -999      *   0  0  0  0  0  0  0
2021 08 03   76     15       40      0    -999      *   0  0  0  0  0  0  0
2021 08 04   71     14       10      0    -999      *   0  0  0  0  0  0  0
2021 08 05   74     36       30      2    -999      *   0  0  0  0  0  0  0
2021 08 06   74      0        0      0    -999      *   0  0  0  1  0  0  0
2021 08 07   74      0        0      0    -999      *   0  0  0  0  0  0  0
2021 08 08   74     11       10      0    -999      *   1  0  0  5  0  0  0
2021 08 09   73      0        0      1    -999      *   0  0  0  3  0  0  0
2021 08 10   73      0        0      0    -999      *   0  0  0  0  0  0  0
2021 08 11   74     22       20      2    -999      *   0  0  0  0  0  0  0
2021 08 12   74     11       10      0    -999      *   0  0  0  0  0  0  0
2021 08 13   73      0        0      0    -999      *   1  0  0  0  0  0  0
2021 08 14   73     47       40      2    -999      *   0  0  0  0  0  0  0
2021 08 15   75     23       20      0    -999      *   0  0  0  0  0  0  0
2021 08 16   74     14       30      0    -999      *   0  0  0  0  0  0  0
2021 08 17   73     13       10      0    -999      *   0  0  0  0  0  0  0
2021 08 18   75     16       20      1    -999      *   0  0  0  0  0  0  0
2021 08 19   75     25       40      0    -999      *   0  0  0  0  0  0  0
2021 08 20   78     14       10      0    -999      *   4  0  0  0  0  0  0
2021 08 21   77     25       90      1    -999      *   0  0  0  1  0  0  0
2021 08 22   77     16      140      0    -999      *   3  0  0  3  0  0  0
2021 08 23   78     14      160      0    -999      *   0  0  0  0  0  0  0
2021 08 24   81     29      260      1    -999      *   1  0  0  4  0  0  0
2021 08 25   84     29      240      0    -999      *   1  0  0  0  0  0  0
2021 08 26   89     47      210      1    -999      *   3  0  0  5  1  0  0
2021 08 27   90     73      440      1    -999      *   4  0  0  6  1  0  0
2021 08 28   90     77      400      0    -999      *   7  1  0 11  1  0  0
2021 08 29   89     44      330      0    -999      *   3  0  0  3  1  0  0
2021 08 30   91     41      240      0    -999      *   6  0  0  9  0  0  0
2021 08 31   84     37      250      0    -999      *   0  0  0  4  0  0  0
2021 09 01   84     35      230      0    -999      *   2  0  0  3  0  0  0
2021 09 02   86     33      290      1    -999      *   1  0  0  0  0  0  0
2021 09 03   84     33      190      1    -999      *   0  0  0  1  0  0  0
2021 09 04   87     68      200      3    -999      *   0  0  0  1  0  0  0
2021 09 05   94     66      270      0    -999      *   0  0  0 10  0  0  0
2021 09 06  100     80      720      0    -999      *   0  0  0  3  0  0  0
2021 09 07  101     85      970      0    -999      *   1  0  0  5  0  0  0
2021 09 08  100     87     1000      1    -999      *   4  0  0 10  1  0  0
2021 09 09  100    124     1030      1    -999      *   1  0  0  3  0  0  0
2021 09 10   96     99      920      0    -999      *   1  0  0  2  0  0  0
2021 09 11   92     93      780      0    -999      *   1  0  0  1  0  0  0
2021 09 12   88     47      390      0    -999      *   0  0  0  1  0  0  0
2021 09 13   83     32      200      0    -999      *   0  0  0  0  0  0  0
2021 09 14   78     13       60      0    -999      *   1  0  0  1  0  0  0
2021 09 15   75      0        0      0    -999      *   0  0  0  0  0  0  0
2021 09 16   73      0        0      0    -999      *   0  0  0  0  0  0  0
2021 09 17   73      0        0      0    -999      *   1  0  0  0  0  0  0
2021 09 18   74     11       30      1    -999      *   2  0  0  0  0  0  0
2021 09 19   75     13       60      0    -999      *   1  0  0  0  0  0  0
2021 09 20   80     51      280      2    -999      *   0  0  0  0  0  0  0
2021 09 21   85     50      430      0    -999      *   3  0  0  4  0  0  0
2021 09 22   89     76      420      2    -999      *   1  0  0  2  0  0  0
2021 09 23   90     75      350      0    -999      *   1  2  0  2  2  0  0
2021 09 24   88     75      250      1    -999      *   1  0  0  1  0  0  0
2021 09 25   88     38      200      0    -999      *   3  0  0  4  0  0  0
2021 09 26   86     67      170      2    -999      *   2  0  0  1  0  0  0
2021 09 27   85     30       90      1    -999      *   0  0  0  0  0  0  0
2021 09 28   89     57       80      2    -999      *   1  0  0  4  0  0  0
2021 09 29  102     74      540      0    -999      *   5  0  0 13  0  0  0
2021 09 30   95     46      410      0    -999      *   1  0  0  9  0  0  0

:Product: Daily Solar Data         quar_DSD.txt
:Issued: 2025 UT 07 Jan 2022
#
#  Prepared by the U.S. Dept. of Commerce, NOAA, Space Weather Prediction Center
#  Please send comments and suggestions to SWPC.Webmaster@noaa.gov
#
#                Quarterly Daily Solar Data
#
#                         Sunspot       Stanford GOES15
#           Radio  SESC     Area          Solar  X-Ray  ------ Flares ------
#           Flux  Sunspot  10E-6   New     Mean  Bkgd    X-Ray      Optical
#  Date     10.7cm Number  Hemis. Regions Field  Flux   C  M  X  S  1  2  3
#--------------------------------------------------------------------------- 
2021 10 01   91     28      460      0    -999      *   0  0  0  1  0  0  0
2021 10 02   87     25      380      0    -999      *   1  0  0  0  0  0  0
2021 10 03   86     38      440      1    -999      *   1  0  0  1  0  0  0
2021 10 04   84     29      410      0    -999      *   0  0  0  1  0  0  0
2021 10 05   82     27      320      0    -999      *   0  0  0  0  0  0  0
2021 10 06   85     22      260      0    -999      *   0  0  0  0  0  0  0
2021 10 07   86     13      230      0    -999      *   2  0  0  1  0  0  0
2021 10 08   92     13      240      0    -999      *   2  0  0  4  0  0  0
2021 10 09   81     14      280      0    -999      *   1  1  0  2  0  1  0
2021 10 10   85     38      300      2    -999      *   1  0  0  0  0  0  0
2021 10 11   89     35      270      0    -999      *   0  0  0  1  0  0  0
2021 10 12   84     26      280      0    -999      *   0  0  0  4  0  0  0
2021 10 13   84     27      270      1    -999      *   1  0  0  6  0  0  0
2021 10 14   83     24      260      0    -999      *   2  0  0  1  0  0  0
2021 10 15   84     11      250      0    -999      *   0  0  0  0  0  0  0
2021 10 16   78     11      120      0    -999      *   0  0  0  0  0  0  0
2021 10 17   77      0        0      0    -999      *   0  0  0  0  0  0  0
2021 10 18   76     11      170      1    -999      *   0  0  0  0  0  0  0
2021 10 19   76     11      185      0    -999      *   0  0  0  0  0  0  0
2021 10 20   76     11      130      0    -999      *   0  0  0  0  0  0  0
2021 10 21   82     11      100      0    -999      *   0  0  0  0  0  0  0
2021 10 22   87     28      250      1    -999      *   0  0  0  0  0  0  0
2021 10 23   87     32      540      0    -999      *   0  0  0  2  0  0  0
2021 10 24   93     46      570      1    -999      *   0  0  0  0  0  0  0
2021 10 25  101     81      470      2    -999      *   3  0  0  1  0  0  0
2021 10 26  109     95      820      1    -999      *  12  2  0  0  0  0  0
2021 10 27  111     91      660      0    -999      *  18  0  0  5  3  0  0
2021 10 28  112     96      700      0    -999      *   9  2  1 13  3  1  0
2021 10 29  108     82      710      0    -999      *   5  1  0  4  2  0  0
2021 10 30  107     76      470      1    -999      *   7  0  0  4  1  0  0
2021 10 31  103     83      480      1    -999      *   4  0  0  5  0  0  0
2021 11 01   98     53      570      0    -999      *   4  1  0  2  1  0  0
2021 11 02   97     42      400      0    -999      *   2  1  0  2  1  0  0
2021 11 03   89     41      300      0    -999      *   1  0  0  1  0  0  0
2021 11 04   94     28      210      0    -999      *   3  0  0  0  0  0  0
2021 11 05   93     40      280      1    -999      *   2  0  0  0  0  0  0
2021 11 06   82     41      330      0    -999      *   2  0  0  2  0  0  0
2021 11 07   88     28      240      0    -999      *   0  0  0  0  0  0  0
2021 11 08   88     41      310      1    -999      *   2  0  0  2  0  0  0
2021 11 09   92     40      410      0    -999      *   0  1  0  1  0  0  0
2021 11 10   88     37      410      0    -999      *   0  0  0  0  0  0  0
2021 11 11   85     39      300      0    -999      *   0  0  0  0  0  0  0
2021 11 12   83     39      220      0    -999      *   0  0  0  0  0  0  0
2021 11 13   81     24      110      0    -999      *   1  0  0  1  0  0  0
2021 11 14   78     23      170      1    -999      *   0  0  0  0  0  0  0
2021 11 15   79     23      130      0    -999      *   0  0  0  0  0  0  0
2021 11 16   80     35      330      1    -999      *   0  0  0  0  0  0  0
2021 11 17   79     33      270      0    -999      *   0  0  0  1  0  0  0
2021 11 18   82     22       40      0    -999      *   0  0  0  0  0  0  0
2021 11 19   79     22       40      0    -999      *   0  0  0  0  0  0  0
2021 11 20   80     22       40      0    -999      *   0  0  0  0  0  0  0
2021 11 21   79     22       20      0    -999      *   0  0  0  0  0  0  0
2021 11 22   78     22       30      0    -999      *   0  0  0  0  0  0  0
2021 11 23   80     39       80      1    -999      *   0  0  0  0  0  0  0
2021 11 24   83     39       50      0    -999      *   0  0  0  0  0  0  0
2021 11 25   94     20       90      0    -999      *   0  0  0  0  0  0  0
2021 11 26   92     52      190      2    -999      *   0  0  0  0  0  0  0
2021 11 27   92     53      320      0    -999      *   0  0  0  0  0  0  0
2021 11 28   92     53      270      1    -999      *   0  0  0  0  0  0  0
2021 11 29   90     47      360      0    -999      *   0  0  0  0  0  0  0
2021 11 30   90     61      390      2    -999      *   0  0  0  0  0  0  0
2021 12 01   86     37      350      0    -999      *   0  0  0  0  0  0  0
2021 12 02   87     45      200      0    -999      *   0  0  0  0  0  0  0
2021 12 03   85     29      140      0    -999      *   0  0  0  2  0  0  0
2021 12 04   88     35       40      1    -999      *  11  0  0  2  0  0  0
2021 12 05   83     36       50      0    -999      *   5  1  0  0  0  0  0
2021 12 06   80     14       10      0    -999      *   2  0  0  1  0  0  0
2021 12 07   79     13       10      0    -999      *   0  0  0  0  0  0  0
2021 12 08   77      0        0      0    -999      *   0  0  0  0  0  0  0
2021 12 09   77      0        0      0    -999      *   0  0  0  0  0  0  0
2021 12 10   76      0        0      0    -999      *   0  0  0  0  0  0  0
2021 12 11   76      0        0      0    -999      *   0  0  0  0  0  0  0
2021 12 12   80     12       30      1    -999      *   1  0  0  1  0  0  0
2021 12 13   81     40       40      2    -999      *   0  0  0  0  0  0  0
2021 12 14   89     40      110      0    -999      *   4  0  0  5  0  0  0
2021 12 15  103     79      830      2    -999      *   8  0  0  5  0  0  0
2021 12 16  118    127      650      2    -999      *   8  0  0  4  0  1  0
2021 12 17  121    119      920      0    -999      *   9  1  0  8  1  0  0
2021 12 18  121    117      900      0    -999      *   2  0  0  0  0  0  0
2021 12 19  115    109      740      1    -999      *   4  0  0  2  1  0  0
2021 12 20  123    115      430      1    -999      *  13  1  0  9  1  0  0
2021 12 21  137    147      600      3    -999      *  11  2  0  5  1  0  0
2021 12 22  140    137      730      2    -999      *  10  1  0  7  2  0  0
2021 12 23  130    143      800      0    -999      *  15  0  0 12  0  0  0
2021 12 24  126    145      950      0    -999      *  13  0  0  8  2  0  0
2021 12 25  131    117      850      1    -999      *  12  0  0  7  0  0  0
2021 12 26  125     95      750      1    -999      *   8  0  0  1  0  0  0
2021 12 27  124     85      740      0    -999      *   8  0  0  1  0  0  0
2021 12 28  121    107      860      1    -999      *   6  2  0  8  0  0  0
2021 12 29  111     79      670      0    -999      *   1  0  0  1  0  0  0
2021 12 30  102     77     1050      0    -999      *   0  0  0  3  0  0  0
2021 12 31  102     53      480      1    -999      *   5  0  0  2  0  0  0

:Product: Daily Solar Data         quar_DSD.txt
:Issued: 2025 UT 07 Apr 2022
#
#  Prepared by the U.S. Dept. of Commerce, NOAA, Space Weather Prediction Center
#  Please send comments and suggestions to SWPC.Webmaster@noaa.gov
#
#                Quarterly Daily Solar Data
#
#                         Sunspot       Stanford GOES15
#           Radio  SESC     Area          Solar  X-Ray  ------ Flares ------
#           Flux  Sunspot  10E-6   New     Mean  Bkgd    X-Ray      Optical
#  Date     10.7cm Number  Hemis. Regions Field  Flux   C  M  X  S  1  2  3
#--------------------------------------------------------------------------- 
2022 01 01   94     52      440      1    -999      *   1  1  0  1  0  0  0
2022 01 02   89     25      340      0    -999      *   1  0  0  0  0  0  0
2022 01 03   84     12      140      0    -999      *   0  0  0  0  0  0  0
2022 01 04   86     12       30      1    -999      *   0  0  0  0  0  0  0
2022 01 05   84     24      270      1    -999      *   0  0  0  0  0  0  0
2022 01 06   94     35      270      0    -999      *   1  0  0  6  0  0  0
2022 01 07  107     38      530      0    -999      *   2  0  0  3  0  0  0
2022 01 08  102     31      530      0    -999      *   0  0  0  1  0  0  0
2022 01 09  102     36      540      2    -999      *   0  0  0  0  0  0  0
2022 01 10  102     38      530      0    -999      *   0  0  0  0  0  0  0
2022 01 11  100     51      560      0    -999      *   1  0  0  1  0  0  0
2022 01 12  103     68      590      1    -999      *   0  0  0  0  0  0  0
2022 01 13  106    111      680      3    -999      *   3  0  0  1  0  0  0
2022 01 14  110    112      580      0    -999      *   4  1  0  1  1  0  0
2022 01 15  116    120      830      1    -999      *   5  0  0  0  0  0  1
2022 01 16  116    103      660      1    -999      *   3  0  0  2  0  0  0
2022 01 17  114     99      580      0    -999      *   3  0  0  1  0  0  0
2022 01 18  115     59      600      0    -999      *   2  1  0  2  0  0  0
2022 01 19  105     57      570      0    -999      *   1  0  0  0  0  0  0
2022 01 20   99     60      351      1    -999      *   2  1  0  0  1  0  0
2022 01 21   97     23      200      0    -999      *   0  0  0  0  0  0  0
2022 01 22   95     22      180      0    -999      *   0  0  0  0  0  0  0
2022 01 23   94     22      190      0    -999      *   0  0  0  0  0  0  0
2022 01 24   95     26      170      1    -999      *   2  0  0  0  0  0  0
2022 01 25  101     53      190      2    -999      *   5  0  0  0  0  0  0
2022 01 26  102     71      310      1    -999      *   6  0  0  0  0  0  0
2022 01 27  107     85      280      0    -999      *   2  0  0  2  0  0  0
2022 01 28  113     77      540      0    -999      *   9  0  0  7  0  0  0
2022 01 29  125     74      760      0    -999      *  17  2  0 13  0  0  0
2022 01 30  130     70      930      2    -999      *  12  0  0  5  0  0  0
2022 01 31  130    100     1320      0    -999      *   7  0  0 12  0  0  0
2022 02 01  129     88     1720      0    -999      *  11  0  0  1  0  0  0
2022 02 02  128     75     1400      0    -999      *  10  0  0  5  0  0  0
2022 02 03  127     84     1280      1    -999      *  10  0  0  3  0  0  0
2022 02 04  130     87     1180      0    -999      *   8  0  0  2  0  0  0
2022 02 05  126     91     1180      0    -999      *   8  0  0  1  0  0  0
2022 02 06  124     83      740      1    -999      *   4  0  0  1  0  0  0
2022 02 07  127     78      550      0    -999      *  11  0  0  2  0  0  0
2022 02 08  123     86      590      1    -999      *   2  0  0  1  0  0  0
2022 02 09  126     78      700      0    -999      *   4  0  0  4  0  0  0
2022 02 10  118     78      680      1    -999      *   4  0  0  2  0  0  0
2022 02 11  113     86      570      2    -999      *   3  0  0  2  0  0  0
2022 02 12  111     54      450      0    -999      *   5  1  0  2  0  0  0
2022 02 13  105     53      440      0    -999      *   6  0  0  1  0  0  0
2022 02 14  107     72      530      2    -999      *   1  1  0  3  0  0  0
2022 02 15  114     73      420      0    -999      *   3  1  0  1  0  0  0
2022 02 16  103    111      340      3    -999      *   1  0  0  0  0  0  0
2022 02 17   97    103      190      1    -999      *   3  0  0  1  0  0  0
2022 02 18   93     53      100      0    -999      *   0  0  0  1  0  0  0
2022 02 19   96     51       80      1    -999      *   1  0  0  0  0  0  0
2022 02 20   93     49      120      1    -999      *   1  0  0  0  0  0  0
2022 02 21   98     48      190      1    -999      *   0  0  0  0  0  0  0
2022 02 22   95     38      280      0    -999      *   0  0  0  0  0  0  0
2022 02 23   96     38      260      0    -999      *   0  0  0  1  0  0  0
2022 02 24   92     23      200      0    -999      *   0  0  0  1  0  0  0
2022 02 25   96     22      160      0    -999      *   1  0  0  0  0  0  0
2022 02 26   97     22      180      0    -999      *   0  0  0  0  0  0  0
2022 02 27   97     48      220      2    -999      *   1  0  0  1  0  0  0
2022 02 28   99     65      170      1    -999      *   3  0  0  2  0  0  0
2022 03 01   99     62      180      0    -999      *   0  0  0  2  0  0  0
2022 03 02  110     66      440      0    -999      *   7  1  0  5  1  0  0
2022 03 03  111     92      570      3    -999      *   3  0  0  1  0  0  0
2022 03 04  113     77      830      0    -999      *   2  0  0  2  0  0  0
2022 03 05  120     95      830      1    -999      *   6  0  0  4  0  0  0
2022 03 06  116     82      670      0    -999      *   4  0  0  3  0  0  0
2022 03 07  118     84      510      1    -999      *   2  0  0  1  0  0  0
2022 03 08  115     93      480      2    -999      *   2  0  0  1  0  0  0
2022 03 09  115     89      920      1    -999      *   2  0  0  0  0  0  0
2022 03 10  127     90     1170      0    -999      *   1  0  0  0  0  0  0
2022 03 11  127     81     1080      0    -999      *   6  1  0  2  0  0  0
2022 03 12  125     93     1040      1    -999      *   3  0  0  0  0  0  0
2022 03 13  123     64      940      1    -999      *   5  0  0  1  0  0  0
2022 03 14  115     82      670      2    -999      *   5  1  0  2  0  0  0
2022 03 15  110     71      490      0    -999      *   5  2  0 10  0  0  0
2022 03 16  107     41      290      0    -999      *   0  0  0  0  0  0  0
2022 03 17  103     53      280      1    -999      *   2  0  0  0  0  0  0
2022 03 18   98     27      230      0    -999      *   0  0  0  0  0  0  0
2022 03 19   94     29      190      1    -999      *   2  0  0  1  0  0  0
2022 03 20   95     39       80      1    -999      *   2  0  0  0  1  0  0
2022 03 21   98     30       60      0    -999      *   0  0  0  0  0  0  0
2022 03 22  106     29      100      1    -999      *   6  0  0  0  0  0  0
2022 03 23  106     27      250      1    -999      *   6  0  0  3  0  0  0
2022 03 24  112     44      620      1    -999      *   7  0  0  1  0  0  0
2022 03 25  112     50      640      0    -999      *   1  1  0  1  1  0  0
2022 03 26  119     48      590      0    -999      *   1  0  0  0  0  0  0
2022 03 27  130     97      780      2    -999      *   4  0  0  1  0  0  0
2022 03 28  156    125      980      2    -999      *  10  2  0  3  0  0  0
2022 03 29  149    124     1160      0    -999      *  17  4  0  8  1  1  0
2022 03 30  151     73     1560      0    -999      *  11  0  1  2  0  0  0
2022 03 31  149     84     1170      1    -999      *  12  1  0  6  1  0  0

:Product: Daily Solar Data         quar_DSD.txt
:Issued: 2025 UT 07 Jul 2022
#
#  Prepared by the U.S. Dept. of Commerce, NOAA, Space Weather Prediction Center
#  Please send comments and suggestions to SWPC.Webmaster@noaa.gov
#
#                Quarterly Daily Solar Data
#
#                         Sunspot       Stanford GOES15
#           Radio  SESC     Area          Solar  X-Ray  ------ Flares ------
#           Flux  Sunspot  10E-6   New     Mean  Bkgd    X-Ray      Optical
#  Date     10.7cm Number  Hemis. Regions Field  Flux   C  M  X  S  1  2  3
#--------------------------------------------------------------------------- 
2022 04 01  147    109     1220      2    -999      *  21  0  0  3  0  0  0
2022 04 02  143    118     1180      1    -999      *  12  3  0  6  2  0  0
2022 04 03  140    129     1230      1    -999      *   6  0  0  3  0  0  0
2022 04 04  128     86      860      0    -999      *   5  0  0  0  0  0  0
2022 04 05  122     75      480      1    -999      *   2  0  0  1  0  0  0
2022 04 06  117     61      380      0    -999      *   2  0  0  2  0  0  0
2022 04 07  111     52      320      1    -999      *   1  0  0  1  0  0  0
2022 04 08  109     55      330      0    -999      *   3  0  0  2  0  0  0
2022 04 09  107     37      110      0    -999      *   3  0  0  0  0  0  0
2022 04 10  101     13       40      0    -999      *   1  0  0  0  0  0  0
2022 04 11   99     24       20      1    -999      *   1  0  0  1  0  0  0
2022 04 12   96     23       20      1    -999      *   8  0  0  0  0  0  0
2022 04 13   99     37       60      1    -999      *   0  0  0  0  0  0  0
2022 04 14  103     37      120      1    -999      *   1  0  0  0  0  0  0
2022 04 15  110     35      160      0    -999      *   2  2  0  0  0  0  0
2022 04 16  122     78      730      3    -999      *   9  1  0  0  0  0  0
2022 04 17  135     74      970      0    -999      *  10  4  1  8  0  0  0
2022 04 18  141     79     1390      0    -999      *  13  3  0  5  0  0  0
2022 04 19  160     68     1820      1    -999      *  10  3  0  3  0  0  0
2022 04 20  160     80     1400      1    -999      *  13  3  1 13  1  0  0
2022 04 21  164    119     1760      0    -999      *   4  1  0 10  2  0  0
2022 04 22  163    101     1590      0    -999      *   7  2  0  2  0  1  0
2022 04 23  160    118     1430      2    -999      *   8  0  0  5  0  0  0
2022 04 24  159    112     1600      0    -999      *   3  0  0  2  0  0  0
2022 04 25  157     94     1320      1    -999      *   8  2  0  7  0  0  0
2022 04 26  150    126     1170      2    -999      *   7  0  0  3  0  0  0
2022 04 27  142     95      910      0    -999      *   4  0  0  7  1  0  0
2022 04 28  132    118      800      1    -999      *   7  0  0  2  0  0  0
2022 04 29  124     90      450      1    -999      *   7  2  0  2  1  0  0
2022 04 30  120     50      390      0    -999      *  15  4  1  0  0  0  0
2022 05 01  109     36      280      0    -999      *   5  0  0  1  0  0  0
2022 05 02  112     69      240      2    -999      *   2  0  0  0  0  0  0
2022 05 03  114     53      270      0    -999      *   7  1  1  4  0  0  0
2022 05 04  130     64      530      1    -999      *  15  5  0 19  3  0  0
2022 05 05  120     85      720      0    -999      *  30  2  0 11  0  0  0
2022 05 06  119     64      650      0    -999      *  15  0  0  2  0  0  0
2022 05 07  118     66      660      0    -999      *   4  0  0  1  0  0  0
2022 05 08  119     89      740      1    -999      *   6  0  0  1  0  0  0
2022 05 09  117     71      450      0    -999      *   6  0  0  2  0  0  0
2022 05 10  116     62      420      0    -999      *   9  0  1 17  2  0  0
2022 05 11  133     84      450      2    -999      *  17  3  0 24  3  0  0
2022 05 12  133    112      580      1    -999      *   9  1  0 11  0  0  0
2022 05 13  150    120      610      2    -999      *   8  0  0  6  0  0  0
2022 05 14  153    105      580      1    -999      *  10  1  0 10  0  0  0
2022 05 15  154    129      720      2    -999      *   2  0  0  1  0  0  0
2022 05 16  162    173      800      2    -999      *   4  1  0  4  0  0  0
2022 05 17  171    153      680      1    -999      *   8  0  0  2  0  0  0
2022 05 18  180    147     1350      0    -999      *   9  1  0  6  0  0  0
2022 05 19  173    154     1500      1    -999      *   5  3  0 17  1  0  0
2022 05 20  166    109     1400      0    -999      *   5  1  0  9  2  0  0
2022 05 21  167    110     1100      0    -999      *   6  0  0  5  0  0  0
2022 05 22  165    138     1040      2    -999      *   7  0  0  3  0  0  0
2022 05 23  158    132     1050      0    -999      *   2  0  0  1  0  0  0
2022 05 24  147    137      920      1    -999      *   3  0  0  4  0  0  0
2022 05 25  137     93      870      2    -999      *   2  1  0  3  1  0  0
2022 05 26  123     87      670      0    -999      *   9  0  0  3  0  0  0
2022 05 27  114     69      220      0    -999      *   6  0  0  6  0  0  0
2022 05 28  102     34      180      0    -999      *   2  0  0  1  0  0  0
2022 05 29   98     42      200      1    -999      *   0  0  0  5  0  0  0
2022 05 30  101     40      320      0    -999      *   2  0  0  3  0  0  0
2022 05 31   98     39      270      0    -999      *   0  0  0  0  0  0  0
2022 06 01  104     59      330      2    -999      *   0  0  0  9  0  0  0
2022 06 02  101     59      430      0    -999      *   1  0  0  7  0  0  0
2022 06 03  101     52      430      0    -999      *   0  0  0  0  0  0  0
2022 06 04  101     75      420      2    -999      *   0  0  0  0  0  0  0
2022 06 05   99     57      260      0    -999      *   2  0  0  0  0  0  0
2022 06 06   96     45      140      0    -999      *   0  0  0  1  0  0  0
2022 06 07  101     23       30      0    -999      *   0  0  0  1  0  0  0
2022 06 08  100      0        0      0    -999      *   0  0  0  0  0  0  0
2022 06 09  106     17       70      0    -999      *   4  0  0  1  0  0  0
2022 06 10  111     33      170      1    -999      *   4  1  0  2  0  0  0
2022 06 11  112     41      230      1    -999      *   2  0  0  0  0  0  0
2022 06 12  121     63      190      2    -999      *   2  0  0  0  0  0  0
2022 06 13  132     96      480      2    -999      *   1  1  0  3  2  0  0
2022 06 14  146    121      560      1    -999      *  10  0  0 13  0  0  0
2022 06 15  140    149      810      1    -999      *   4  0  0  6  0  0  0
2022 06 16  147    159      730      1    -999      *   6  1  0  6  0  0  0
2022 06 17  149    152      510      0    -999      *   7  0  0  7  0  0  0
2022 06 18  140    145      640      1    -999      *   6  0  0  9  1  0  0
2022 06 19  144    120      800      0    -999      *   7  0  0 24  1  0  0
2022 06 20  137    112      800      0    -999      *   7  0  0 21  0  0  0
2022 06 21  139    104      880      1    -999      *   5  0  0  9  0  0  0
2022 06 22  129     80      770      0    -999      *  17  0  0 17  0  0  0
2022 06 23  121     69      710      0    -999      *   5  0  0  0  0  0  0
2022 06 24  115     60      830      0    -999      *   2  0  0  5  0  0  0
2022 06 25  108     31      630      0    -999      *   2  0  0  9  0  0  0
2022 06 26  102     33      340      0    -999      *   4  0  0  9  0  0  0
2022 06 27   98     32      180      1    -999      *   1  0  0  2  0  0  0
2022 06 28   96     71      180      3    -999      *   0  0  0  2  0  0  0
2022 06 29   92     48       80      0    -999      *   1  0  0  1  0  0  0
2022 06 30   96     40       90      1    -999      *   0  0  0  0  0  0  0

:Product: Daily Solar Data         quar_DSD.txt
:Issued: 2025 UT 07 Oct 2022
#
#  Prepared by the U.S. Dept. of Commerce, NOAA, Space Weather Prediction Center
#  Please send comments and suggestions to SWPC.Webmaster@noaa.gov
#
#                Quarterly Daily Solar Data
#
#                         Sunspot       Stanford GOES15
#           Radio  SESC     Area          Solar  X-Ray  ------ Flares ------
#           Flux  Sunspot  10E-6   New     Mean  Bkgd    X-Ray      Optical
#  Date     10.7cm Number  Hemis. Regions Field  Flux   C  M  X  S  1  2  3
#--------------------------------------------------------------------------- 
2022 07 01   98     39      210      1    -999      *   0  0  0  0  0  0  0
2022 07 02  100     57      320      2    -999      *   0  0  0  0  0  0  0
2022 07 03  102     42      200      1    -999      *   1  0  0  2  0  0  0
2022 07 04  104     79      180      2    -999      *   5  0  0  2  1  0  0
2022 07 05  115     92      331      2    -999      *   6  0  0  7  1  0  0
2022 07 06  115     98      590      1    -999      *   2  0  0  2  0  0  0
2022 07 07  121     88     1000      1    -999      *   1  0  0  5  0  0  0
2022 07 08  130     81     1090      0    -999      *   6  1  0  2  0  0  0
2022 07 09  137     89     1260      0    -999      *   7  0  0 17  1  0  0
2022 07 10  153    113     1220      1    -999      *  16  1  0 23  2  0  0
2022 07 11  161    134     1820      1    -999      *  10  1  0 16  2  0  0
2022 07 12  165    117     1580      0    -999      *  13  0  0 13  0  0  0
2022 07 13  165    101     1520      0    -999      *   8  0  0 13  0  0  0
2022 07 14  169    133     1810      1    -999      *  13  2  0 26  0  0  0
2022 07 15  171    141     2110      1    -999      *  10  0  0 22  1  0  0
2022 07 16  176    153     1510      1    -999      *   6  2  0 24  3  0  0
2022 07 17  166    166     1660      1    -999      *   8  0  0 11  1  0  0
2022 07 18  152    125      740      0    -999      *   3  0  0  5  0  0  0
2022 07 19  144    114      570      1    -999      *   7  0  0 10  0  0  0
2022 07 20  133    129      560      2    -999      *   6  0  0  3  0  0  0
2022 07 21  122    124      530      1    -999      *   9  0  0  8  0  0  0
2022 07 22  114    107      430      0    -999      *   3  0  0  5  0  0  0
2022 07 23  111     96      360      0    -999      *   8  0  0  6  0  0  0
2022 07 24  107     80      240      0    -999      *   2  0  0  4  0  0  0
2022 07 25  102    100      280      1    -999      *   1  0  0  0  0  0  0
2022 07 26   99     78      290      0    -999      *   1  0  0  1  0  0  0
2022 07 27   98     52      210      0    -999      *   1  0  0  0  0  0  0
2022 07 28   93     50      130      1    -999      *   0  0  0  0  0  0  0
2022 07 29   93     40      180      0    -999      *   1  0  0  9  0  0  0
2022 07 30   91     27      170      0    -999      *   0  0  0  0  0  0  0
2022 07 31   94     39      180      1    -999      *   1  0  0  0  0  0  0
2022 08 01   95     32      120      1    -999      *   0  0  0  3  0  0  0
2022 08 02   98     31      280      1    -999      *   2  0  0  4  0  0  0
2022 08 03  100     37      300      0    -999      *   2  0  0  0  1  0  0
2022 08 04  109     52      300      1    -999      *   0  0  0  1  0  0  0
2022 08 05  114     69      510      2    -999      *   4  0  0  4  0  0  0
2022 08 06  116     69      500      0    -999      *   0  0  0  3  0  0  0
2022 08 07  116     87      510      2    -999      *   2  0  0  0  0  0  0
2022 08 08  113     63      520      0    -999      *   0  0  0  1  0  0  0
2022 08 09  109     58      390      1    -999      *   0  0  0  0  0  0  0
2022 08 10  108     60      390      1    -999      *   0  0  0  0  0  0  0
2022 08 11  115     58      440      0    -999      *   3  0  0  1  0  0  0
2022 08 12  120     97      540      2    -999      *   6  0  0 11  0  0  0
2022 08 13  124    116      790      1    -999      *  17  0  0  8  0  0  0
2022 08 14  126    104      670      0    -999      *  11  0  0 10  0  0  0
2022 08 15  131     92      740      0    -999      *  13  4  0  9  3  0  0
2022 08 16  129    119      560      2    -999      *  14  2  0  4  1  0  0
2022 08 17  123     83      530      0    -999      *  18  2  0 23  1  0  0
2022 08 18  117     83      410      1    -999      *  21  3  0 16  3  0  0
2022 08 19  105     74      390      0    -999      *  12  1  0  3  4  0  0
2022 08 20  102     56      140      0    -999      *   0  0  0  2  0  0  0
2022 08 21   97     56      160      1    -999      *   4  0  0  4  0  0  0
2022 08 22  103     44      280      0    -999      *  10  0  0 12  0  0  0
2022 08 23  101     52      380      2    -999      *   1  0  0  1  0  0  0
2022 08 24  108     46      400      0    -999      *   0  0  0  1  0  0  0
2022 08 25  118     94      840      3    -999      *  16  2  0 12  3  0  0
2022 08 26  119     88      830      0    -999      *  10  3  0 18  7  0  0
2022 08 27  128     84     1120      0    -999      *  13  4  0 35  2  0  0
2022 08 28  252     79      660      0    -999      *   9  3  0 15  1  0  0
2022 08 29  131     87      930      0    -999      *   5  4  0 13  1  0  0
2022 08 30  126     50      280      0    -999      *   5  2  0  4  0  0  0
2022 08 31  113     42      500      0    -999      *   5  0  0  6  0  0  0
2022 09 01  116     67      480      2    -999      *   6  0  0  0  0  0  0
2022 09 02  130     71      650      2    -999      *  12  0  0  7  0  0  0
2022 09 03  123     68      770      0    -999      *  15  0  0 11  0  0  0
2022 09 04  128     62      740      0    -999      *  16  0  0  5  2  0  0
2022 09 05  130     79      780      1    -999      *  15  1  0  3  1  0  0
2022 09 06  126     56      270      1    -999      *   8  0  0  0  0  0  0
2022 09 07  126     73      240      1    -999      *   4  0  0  3  0  0  0
2022 09 08  127     75      240      1    -999      *   5  0  0  5  0  0  0
2022 09 09  126     72      180      0    -999      *   5  0  0  3  0  0  0
2022 09 10  136    122      340      3    -999      *   9  0  0  4  1  0  0
2022 09 11  152    113      410      0    -999      *  10  0  0 21  0  0  0
2022 09 12  150    117      370      0    -999      *  14  1  0 22  0  0  0
2022 09 13  154     93      870      1    -999      *  16  0  0 24  0  0  0
2022 09 14  144     57     1240      0    -999      *  13  1  0 16  1  0  0
2022 09 15  140     71     1000      1    -999      *   7  0  0  2  2  0  0
2022 09 16  131     64     1080      0    -999      *  13  2  0  7  0  0  0
2022 09 17  132     76      520      0    -999      *   7  2  0  3  0  0  0
2022 09 18  136     51      470      0    -999      *  10  0  0  6  0  0  0
2022 09 19  128     74      440      2    -999      *   8  0  0  4  1  0  0
2022 09 20  137     70      720      1    -999      *   6  1  0  6  3  0  0
2022 09 21  137     70      650      2    -999      *   4  1  0  4  0  0  0
2022 09 22  137     99      980      1    -999      *  10  0  0  9  1  0  0
2022 09 23  146    111     1050      1    -999      *  15  1  0 27  0  0  0
2022 09 24  147    128      980      0    -999      *  13  0  0 29  0  0  0
2022 09 25  135     96      850      0    -999      *  12  0  0  5  0  0  0
2022 09 26  135    120      730      0    -999      *   5  0  0  1  1  0  0
2022 09 27  135    110      650      1    -999      *  10  0  0 11  0  0  0
2022 09 28  135     72      650      0    -999      *   8  0  0  6  0  0  0
2022 09 29  137     56      490      0    -999      *   7  0  0  2  0  0  0
2022 09 30  137     74      570      2    -999      *  10  3  0  4  0  0  0

:Product: Daily Solar Data         quar_DSD.txt
:Issued: 2025 UT 07 Jan 2023
#
#  Prepared by the U.S. Dept. of Commerce, NOAA, Space Weather Prediction Center
#  Please send comments and suggestions to SWPC.Webmaster@noaa.gov
#
#                Quarterly Daily Solar Data
#
#                         Sunspot       Stanford GOES15
#           Radio  SESC     Area          Solar  X-Ray  ------ Flares ------
#           Flux  Sunspot  10E-6   New     Mean  Bkgd    X-Ray      Optical
#  Date     10.7cm Number  Hemis. Regions Field  Flux   C  M  X  S  1  2  3
#--------------------------------------------------------------------------- 
2022 10 01  148    100      970      1    -999      *  11  1  0  1  1  0  0
2022 10 02  154    102     1130      0    -999      *  10  3  1 17  1  0  0
2022 10 03  155    144     1150      3    -999      *   9  6  0 15  1  2  0
2022 10 04  152    153     1220      0    -999      *   5  0  0  9  0  0  0
2022 10 05  161    151     1210      0    -999      *   6  0  0  7  0  0  0
2022 10 06  156    139     1140      1    -999      *   6  0  0  3  0  0  0
2022 10 07  160    146      850      2    -999      *   7  1  0  5  1  0  0
2022 10 08  157    137      790      0    -999      *   8  0  0 10  0  0  0
2022 10 09  161    114      740      0    -999      *  10  0  0 10  0  0  0
2022 10 10  163    134      860      0    -999      *   8  2  0  3  1  0  0
2022 10 11  150     72      600      0    -999      *   9  2  0  4  0  0  0
2022 10 12  141     62      580      0    -999      *   4  1  0  3  0  0  0
2022 10 13  130     57      480      1    -999      *   7  0  0  2  0  0  0
2022 10 14  121     51      260      0    -999      *   0  1  0  0  0  0  0
2022 10 15  115     50       80      2    -999      *   2  0  0  2  0  0  0
2022 10 16  119     59      110      1    -999      *   3  0  0  7  0  0  0
2022 10 17  126     84      190      1    -999      *   4  0  0  1  0  0  0
2022 10 18  114     50      240      0    -999      *   5  0  0  5  1  0  0
2022 10 19  113     50      230      1    -999      *   5  0  0  2  0  0  0
2022 10 20  116     33      100      1    -999      *  13  0  0 16  2  0  0
2022 10 21  109     60      110      1    -999      *   6  0  0  0  0  0  0
2022 10 22  105     55      110      1    -999      *   5  0  0  0  0  0  0
2022 10 23  108     65       90      1    -999      *   3  0  0  0  0  0  0
2022 10 24  115     46      130      1    -999      *   3  0  0  6  0  0  0
2022 10 25  116     72      340      2    -999      *   2  0  0  1  0  0  0
2022 10 26  122     78      430      0    -999      *   2  0  0  2  0  0  0
2022 10 27  130     72      370      0    -999      *   5  0  0  0  0  0  0
2022 10 28  129     87      410      2    -999      *   5  0  0  0  0  0  0
2022 10 29  134     97      460      0    -999      *   3  0  0  0  0  0  0
2022 10 30  131     68      390      0    -999      *   3  0  0  0  0  0  0
2022 10 31  128     56      390      1    -999      *   3  0  0  0  0  0  0
2022 11 01  128     63      360      2    -999      *   2  0  0  2  0  0  0
2022 11 02  130     49      280      0    -999      *   3  0  0  4  0  0  0
2022 11 03  125     65      340      1    -999      *   2  0  0  7  0  0  0
2022 11 04  118     81      510      2    -999      *   5  0  0  3  0  0  0
2022 11 05  131     82      480      0    -999      *   0  0  0  0  0  0  0
2022 11 06  131     78      690      1    -999      *   6  1  0  1  0  0  0
2022 11 07  135     80      860      1    -999      *   2  0  0  0  0  0  0
2022 11 08  132     85      730      0    -999      *   1  0  0  2  0  0  0
2022 11 09  138     81      685      1    -999      *   3  0  0  5  0  0  0
2022 11 10  139     79      750      1    -999      *   5  0  0  5  0  0  0
2022 11 11  138     57      750      0    -999      *  15  2  0 15  1  0  0
2022 11 12  138     65      750      0    -999      *   6  1  0  7  2  0  0
2022 11 13  137     74      540      1    -999      *  14  0  0  8  2  0  0
2022 11 14  142     77      890      0    -999      *  12  0  0 13  1  0  0
2022 11 15  134     69      810      0    -999      *  16  1  0  5  1  0  0
2022 11 16  133     85      850      2    -999      *   8  0  0  4  0  0  0
2022 11 17  119     64      370      1    -999      *   8  0  0  8  0  0  0
2022 11 18  116     55      410      1    -999      *   9  0  0  8  0  0  0
2022 11 19  115     59      440      0    -999      *   7  1  0  9  0  0  0
2022 11 20  119     72      520      0    -999      *   1  0  0 10  0  0  0
2022 11 21  117     83      410      1    -999      *   5  0  0  5  0  0  0
2022 11 22  116     61      410      0    -999      *  10  0  0  5  0  0  0
2022 11 23  113     68      440      1    -999      *   3  0  0  3  0  0  0
2022 11 24  110     61      410      0    -999      *   0  0  0  6  0  0  0
2022 11 25  109     55      210      0    -999      *   1  0  0  2  0  0  0
2022 11 26  107     60      350      0    -999      *   0  0  0  0  0  0  0
2022 11 27  107     56      150      0    -999      *   0  0  0  0  0  0  0
2022 11 28  107     52      170      0    -999      *   0  0  0  4  0  0  0
2022 11 29  108     25      100      0    -999      *   3  0  0  7  0  0  0
2022 11 30  111     12       10      0    -999      *   8  0  0  1  0  0  1
2022 12 01  119     49      330      3    -999      *   5  1  0  0  1  0  0
2022 12 02  124     66     1010      1    -999      *   5  0  0  1  0  0  0
2022 12 03  134     68     1170      1    -999      *  11  1  0  1  0  0  0
2022 12 04  144     93     1620      1    -999      *   6  0  0  3  0  0  0
2022 12 05  150     89     1160      0    -999      *  10  0  0 12  0  0  0
2022 12 06  144    123     1060      2    -999      *   2  0  0  0  0  0  0
2022 12 07  148    107      770      0    -999      *   8  0  0  3  0  0  0
2022 12 08  143    115     1140      1    -999      *   2  0  0  2  0  0  0
2022 12 09  149    116     1200      1    -999      *  16  0  0  0  0  0  0
2022 12 10  142    111     1290      1    -999      *   8  0  0 11  1  0  0
2022 12 11  148    141     1340      3    -999      *   8  0  0 10  0  0  0
2022 12 12  151    142     1410      0    -999      *   5  0  0  0  0  0  0
2022 12 13  153    159     1260      1    -999      *   3  0  0  3  1  0  0
2022 12 14  165    174     1240      1    -999      *  10 11  0  8  2  1  0
2022 12 15  166    140     1160      0    -999      *  14  6  0  9  2  0  0
2022 12 16  167    108     1020      0    -999      *  11  8  0 18  1  0  0
2022 12 17  155    139     1290      2    -999      *  10  1  0 17  1  0  0
2022 12 18  156    128      930      0    -999      *   9  0  0  5  0  0  0
2022 12 19  152    132      890      1    -999      *  13  0  0 10  0  0  0
2022 12 20  146    119      910      0    -999      *   8  1  0 17  1  0  0
2022 12 21  139    103      880      1    -999      *   7  0  0  4  3  0  0
2022 12 22  131    108      470      2    -999      *   8  0  0  8  0  0  0
2022 12 23  128    100      650      0    -999      *   9  0  0  9  0  0  0
2022 12 24  133     85      580      0    -999      *   7  0  0 11  0  0  0
2022 12 25  144    107      510      1    -999      *   8  0  0  5  1  0  0
2022 12 26  151     96      590      1    -999      *  17  0  0  4  1  0  0
2022 12 27  159     89     1110      0    -999      *  13  3  0 13  1  1  0
2022 12 28  160     88      750      1    -999      *   6  0  0  4  1  0  0
2022 12 29  163    113      710      2    -999      *   4  2  0  4  0  0  0
2022 12 30  162    121      860      1    -999      *  14  2  0 12  2  1  0
2022 12 31  165     82     1320      0    -999      *  10  0  0 12  0  0  0

:Product: Daily Solar Data         quar_DSD.txt
:Issued: 2025 UT 07 Apr 2023
#
#  Prepared by the U.S. Dept. of Commerce, NOAA, Space Weather Prediction Center
#  Please send comments and suggestions to SWPC.Webmaster@noaa.gov
#
#                Quarterly Daily Solar Data
#
#                         Sunspot       Stanford GOES15
#           Radio  SESC     Area          Solar  X-Ray  ------ Flares ------
#           Flux  Sunspot  10E-6   New     Mean  Bkgd    X-Ray      Optical
#  Date     10.7cm Number  Hemis. Regions Field  Flux   C  M  X  S  1  2  3
#--------------------------------------------------------------------------- 
2023 01 01  153     94     1220      1    -999      *   9  0  0 12  0  0  0
2023 01 02  146     94     1100      0    -999      *   9  0  0  7  1  0  0
2023 01 03  149     89      930      0    -999      *   5  0  0  1  0  0  0
2023 01 04  151     86      550      0    -999      *   3  0  0  4  0  1  0
2023 01 05  154    103      690      2    -999      *   7  0  0  6  0  0  0
2023 01 06  172    101      920      0    -999      *   9  0  1 18  0  1  0
2023 01 07  179    104     1210      0    -999      *  13  1  0  7  1  0  0
2023 01 08  184    117     1810      1    -999      *  13  4  0 23  1  0  0
2023 01 09  191    142     2290      1    -999      *  13  3  1 14  3  0  1
2023 01 10  193    201     2180      2    -999      *  15  6  1 21  0  2  0
2023 01 11  195    183     2060      0    -999      *   5  4  0 16  2  0  0
2023 01 12  212    151     1430      1    -999      *  11  3  0 19  2  0  0
2023 01 13  209    181     1650      4    -999      *   7  2  0 20  3  0  0
2023 01 14  228    170     1750      0    -999      *   5  3  0 15  2  0  0
2023 01 15  234    177     1820      2    -999      *   3  2  0 16  0  1  0
2023 01 16  228    186     2410      0    -999      *   5  0  0  9  0  0  0
2023 01 17  222    185     2290      1    -999      *   8  1  0  5  1  0  0
2023 01 18  220    164     2210      1    -999      *   7  1  0 10  0  0  0
2023 01 19  219    166     2020      2    -999      *   7  3  0 10  0  0  0
2023 01 20  218    197     1720      1    -999      *   6  0  0  6  0  0  0
2023 01 21  209    194     1390      0    -999      *   8  0  0  8  0  0  0
2023 01 22  199    166     1250      1    -999      *   7  2  0  7  2  0  0
2023 01 23  189    144     1240      0    -999      *   6  0  0  5  0  0  0
2023 01 24  180    127     1380      1    -999      *   9  0  0 15  0  0  0
2023 01 25  172    136     1320      2    -999      *   7  3  0 15  1  0  0
2023 01 26  151    104      280      0    -999      *  10  1  0  7  0  0  0
2023 01 27  145     84      170      0    -999      *   3  0  0  4  0  0  0
2023 01 28  138     76      120      2    -999      *   4  0  0  2  0  0  0
2023 01 29  137     80      160      1    -999      *   2  0  0  0  0  0  0
2023 01 30  136     67      290      1    -999      *  11  0  0  8  0  0  0
2023 01 31  137     65      360      0    -999      *   7  0  0  8  0  0  0
2023 02 01  134     89      320      1    -999      *   4  0  0  4  0  0  0
2023 02 02  135     56      180      0    -999      *   2  0  0  0  0  0  0
2023 02 03  135     74      190      2    -999      *   4  0  0  3  1  0  0
2023 02 04  139     66      180      1    -999      *   4  0  0  1  0  0  0
2023 02 05  144     79      200      1    -999      *   3  0  0  4  0  0  0
2023 02 06  158    139      260      4    -999      *   8  0  0  8  0  0  0
2023 02 07  185    110      425      0    -999      *  13  2  0 10  2  0  0
2023 02 08  192    131     1000      2    -999      *   6  4  0 15  2  1  0
2023 02 09  215    150     1190      3    -999      *   9  6  0 14  3  0  0
2023 02 10  208    190     1610      1    -999      *   8  5  0 29  3  1  0
2023 02 11  210    209     1720      2    -999      *   6  7  1 55  4  1  0
2023 02 12  200    197     1730      1    -999      *  10  4  0 10  2  0  0
2023 02 13  189    185     1165      3    -999      *  10  2  0 20  0  0  0
2023 02 14  180    206     1500      0    -999      *   9  2  0 13  1  0  0
2023 02 15  174    140     1290      0    -999      *  15  4  0 13  0  0  0
2023 02 16  163    101     1100      1    -999      *   7  1  0  3  1  0  0
2023 02 17  343     86     1260      0    -999      *   7  0  1 11  0  1  0
2023 02 18  167    109     1100      1    -999      *   4  0  0 25  1  0  0
2023 02 19  169    112     1080      1    -999      *  10  0  0 11  0  0  0
2023 02 20  160    135     1100      3    -999      *  14  1  0 13  1  0  0
2023 02 21  161    106      760      0    -999      *   9  2  0 17  0  0  0
2023 02 22  152    100      750      0    -999      *  10  2  0  6  0  0  0
2023 02 23  148    108      890      2    -999      *  11  2  0 13  0  0  0
2023 02 24  164    130      980      1    -999      *   6  2  0  8  1  1  0
2023 02 25  152    129      980      0    -999      *   5  2  0  0  0  0  1
2023 02 26  159    120      930      0    -999      *   6  0  0  0  0  0  0
2023 02 27  161    192     1030      1    -999      *   1  0  0  2  0  0  0
2023 02 28  161    100     1110      1    -999      *   6  1  0  4  0  0  0
2023 03 01  162    105     1110      2    -999      *  10  1  0 12  2  0  0
2023 03 02  169    103     1310      1    -999      *   7  1  0 17  1  0  0
2023 03 03  175    133     1430      3    -999      *   6  1  1 17  3  0  0
2023 03 04  182    122      620      0    -999      *  12  3  0 14  2  2  0
2023 03 05  180    137      770      1    -999      *   6  4  0 13  0  0  0
2023 03 06  188    173     1020      2    -999      *   5  3  0  4  0  1  0
2023 03 07  180    191     1220      1    -999      *   6  0  0  2  0  0  0
2023 03 08  182    146     1285      0    -999      *   6  2  0  7  1  0  0
2023 03 09  179    155      740      2    -999      *  14  0  0  8  1  0  0
2023 03 10  171    135      700      1    -999      *   5  0  0  6  2  0  0
2023 03 11  157    126      720      0    -999      *   6  0  0  4  0  0  0
2023 03 12  150    135      690      1    -999      *   2  0  0  2  0  0  0
2023 03 13  143     87      480      0    -999      *   1  0  0  2  0  0  0
2023 03 14  139     97      250      2    -999      *   5  0  0  3  0  0  0
2023 03 15  136     96      280      0    -999      *   2  0  0  0  0  0  0
2023 03 16  135     84      120      0    -999      *   2  0  0  0  0  0  0
2023 03 17  134     58      150      1    -999      *   5  1  0  7  0  0  0
2023 03 18  140     35      320      1    -999      *   2  0  0  2  1  0  0
2023 03 19  143     73      510      3    -999      *   9  0  0  6  0  0  0
2023 03 20  156     75      550      0    -999      *   3  1  0  1  1  0  0
2023 03 21  152     70      640      1    -999      *   5  0  0  0  0  0  0
2023 03 22  159     81      800      1    -999      *   5  0  0  1  0  0  0
2023 03 23  151     73      710      0    -999      *   0  0  0  2  0  0  0
2023 03 24  158    108      800      1    -999      *   6  0  0  5  0  0  0
2023 03 25  160    105      880      0    -999      *   3  0  0  3  0  0  0
2023 03 26  159    125      840      1    -999      *   6  0  0  9  0  0  0
2023 03 27  158    128      650      1    -999      *   7  0  0  7  1  0  0
2023 03 28  159    114      860      0    -999      *   7  0  0  7  0  0  0
2023 03 29  148    135      560      3    -999      *   1  2  1  5  1  0  0
2023 03 30  140     99      420      0    -999      *   3  1  0  2  3  0  0
2023 03 31  129     61      480      0    -999      *  11  0  0  2  1  0  0

:Product: Daily Solar Data         quar_DSD.txt
:Issued: 2025 UT 07 Jul 2023
#
#  Prepared by the U.S. Dept. of Commerce, NOAA, Space Weather Prediction Center
#  Please send comments and suggestions to SWPC.Webmaster@noaa.gov
#
#                Quarterly Daily Solar Data
#
#                         Sunspot       Stanford GOES15
#           Radio  SESC     Area          Solar  X-Ray  ------ Flares ------
#           Flux  Sunspot  10E-6   New     Mean  Bkgd    X-Ray      Optical
#  Date     10.7cm Number  Hemis. Regions Field  Flux   C  M  X  S  1  2  3
#--------------------------------------------------------------------------- 
2023 04 01  125     23      150      0    -999      *   1  0  0  1  0  0  0
2023 04 02  127     54      210      2    -999      *   5  0  0  6  0  0  0
2023 04 03  134     56      420      0    -999      *   2  0  0  1  0  0  0
2023 04 04  136     44      140      1    -999      *   2  0  0  0  0  0  0
2023 04 05  137     37      170      0    -999      *  10  0  0  0  0  0  0
2023 04 06  137     33      170      1    -999      *   5  1  0  1  0  0  0
2023 04 07  136     38      300      0    -999      *   6  0  0  4  0  0  0
2023 04 08  136     49      310      0    -999      *  11  1  0  9  1  0  0
2023 04 09  140     52      330      1    -999      *  15  0  0  8  0  0  0
2023 04 10  140     92      455      2    -999      *  21  1  0  6  0  0  0
2023 04 11  143    103      490      1    -999      *   9  1  0  7  2  0  0
2023 04 12  154    127      580      2    -999      *   7  0  0 16  0  0  0
2023 04 13  160    154      890      3    -999      *  12  0  0 15  0  0  0
2023 04 14  171    153     1120      0    -999      *  12  2  0 13  2  0  0
2023 04 15  176    151     1170      0    -999      *  16  0  0 23  2  0  0
2023 04 16  178    155     1340      1    -999      *   4  0  0  9  0  0  0
2023 04 17  167    162      890      1    -999      *   7  0  0 13  0  0  0
2023 04 18  153    140      760      0    -999      *   8  0  0  6  0  0  0
2023 04 19  147    113      770      0    -999      *   5  0  0  7  0  0  0
2023 04 20  147     97      520      0    -999      *   9  0  0  6  0  0  0
2023 04 21  151    114      630      1    -999      *   2  1  0  2  0  1  0
2023 04 22  141     87      550      0    -999      *   4  0  0  2  0  0  0
2023 04 23  135     86      540      0    -999      *   4  0  0  3  0  0  0
2023 04 24  134     88      540      2    -999      *   4  0  0  1  0  0  0
2023 04 25  131     87      530      2    -999      *   3  0  0  6  0  0  0
2023 04 26  137     81      480      2    -999      *   2  0  0 10  0  0  0
2023 04 27  141    136      860      1    -999      *  10  1  0  8  0  0  0
2023 04 28  150    111      850      0    -999      *  14  0  0  8  2  0  0
2023 04 29  156     82      820      0    -999      *   9  0  0 10  2  0  0
2023 04 30  154    105      850      1    -999      *   5  1  0  3  1  0  0
2023 05 01  148     87      840      0    -999      *  17  2  0  3  0  0  0
2023 05 02  157    134     1110      4    -999      *  12  0  0  1  0  0  0
2023 05 03  156    143     1170      0    -999      *  14  5  0 15  4  1  0
2023 05 04  162    139     1220      2    -999      *   9  1  0 11  0  0  0
2023 05 05  162     90     1020      0    -999      *   4  2  0  2  1  0  0
2023 05 06  152     99     1050      0    -999      *   7  0  0  4  0  0  0
2023 05 07  157     99     1050      0    -999      *   5  2  0  2  0  0  0
2023 05 08  172    103     1040      0    -999      *  10  1  0  6  1  1  0
2023 05 09  180    151     1180      4    -999      *  11  5  0 10  4  0  0
2023 05 10  170    154     1060      0    -999      *  10  1  0  9  1  0  0
2023 05 11  163    152      990      1    -999      *   8  2  0  7  3  0  0
2023 05 12  149    134      820      1    -999      *  10  0  0 13  0  0  0
2023 05 13  144    120      750      0    -999      *   9  0  0  0  0  0  0
2023 05 14  140    109      380      1    -999      *   4  0  0  3  0  0  0
2023 05 15  135    103      330      1    -999      *   3  0  0  0  0  0  0
2023 05 16  134    106      220      1    -999      *  10  1  0  0  0  0  0
2023 05 17  138    106      470      2    -999      *  10  0  0  2  0  0  0
2023 05 18  151    121      575      1    -999      *   6  7  0  3  0  0  0
2023 05 19  165    155     1100      2    -999      *  15  5  0 36  3  0  0
2023 05 20  170    138     1150      1    -999      *  19  8  0  5  2  0  0
2023 05 21  163    140     1110      0    -999      *  11  2  0 13  2  1  0
2023 05 22  162     97      930      0    -999      *   9  2  0 16  3  0  0
2023 05 23  155    130      820      1    -999      *  12  1  0 19  1  0  0
2023 05 24  164    153     1360      0    -999      *  10  3  0 25  1  0  0
2023 05 25  152    121     1120      0    -999      *  16  1  0 22  2  0  0
2023 05 26  149    127     1200      1    -999      *  11  0  0 13  0  0  0
2023 05 27  157    125     1320      0    -999      *   8  0  0 22  0  0  0
2023 05 28  151    119     1540      0    -999      *   9  1  0  5  1  0  0
2023 05 29  154    153     1320      4    -999      *   4  0  0 10  0  0  0
2023 05 30  162    144      990      2    -999      *   4  3  0  3  1  0  0
2023 05 31  161    147     1590      1    -999      *  16  3  0 10  0  0  0
2023 06 01  164    143     1160      0    -999      *   9  0  0 23  0  0  0
2023 06 02  162    147     1070      3    -999      *   4  1  0  9  0  0  0
2023 06 03  165    112      880      0    -999      *   9  0  0  7  0  0  0
2023 06 04  168    110      930      1    -999      *  11  0  0 16  1  0  0
2023 06 05  169    151      990      1    -999      *   5  0  0  6  0  0  0
2023 06 06  172    133      940      2    -999      *   6  0  0  2  0  0  0
2023 06 07  167    177     1000      1    -999      *   5  1  0  6  1  0  0
2023 06 08  169    149      980      1    -999      *   7  0  0  5  0  0  0
2023 06 09  164    152      750      0    -999      *   5  1  0  6  1  0  0
2023 06 10  161    116      640      0    -999      *   7  0  0  2  0  0  0
2023 06 11  154    116      630      0    -999      *   5  0  0  2  0  0  0
2023 06 12  146    116      360      0    -999      *   8  0  0  7  1  0  0
2023 06 13  146     98      430      2    -999      *   9  0  0  6  2  0  0
2023 06 14  144    107      690      2    -999      *   9  0  0 30  1  0  0
2023 06 15  153    112      540      2    -999      *   4  0  0  7  0  0  0
2023 06 16  157    120      910      0    -999      *   8  3  0  2  0  0  0
2023 06 17  158    110      950      1    -999      *   5  0  0  1  0  0  0
2023 06 18  164    133      990      1    -999      *   6  2  0  5  0  1  0
2023 06 19  169    181      850      3    -999      *   8  2  0 14  0  0  0
2023 06 20  180    155      750      2    -999      *  11  1  1 17  6  0  0
2023 06 21  176    190     1290      1    -999      *   5  2  0 19  1  0  0
2023 06 22  173    176      920      0    -999      *   5  2  0  6  1  0  0
2023 06 23  170    194      930      5    -999      *   8  0  0 11  0  0  0
2023 06 24  161    200      890      2    -999      *  15  1  0 14  0  0  0
2023 06 25  155    180      850      0    -999      *  15  0  0 15  1  0  0
2023 06 26  158    158      720      1    -999      *  13  1  0 14  3  0  0
2023 06 27  151    141      900      1    -999      *  15  1  0 21  1  1  0
2023 06 28  155    141     1160      0    -999      *   9  1  0 14  0  1  0
2023 06 29  162    112     1060      0    -999      *   8  1  0  6  0  1  0
2023 06 30  159     87      930      1    -999      *   8  0  0  5  1  0  0

:Product: Daily Solar Data         quar_DSD.txt
:Issued: 2025 UT 07 Oct 2023
#
#  Prepared by the U.S. Dept. of Commerce, NOAA, Space Weather Prediction Center
#  Please send comments and suggestions to SWPC.Webmaster@noaa.gov
#
#                Quarterly Daily Solar Data
#
#                         Sunspot       Stanford GOES15
#           Radio  SESC     Area          Solar  X-Ray  ------ Flares ------
#           Flux  Sunspot  10E-6   New     Mean  Bkgd    X-Ray      Optical
#  Date     10.7cm Number  Hemis. Regions Field  Flux   C  M  X  S  1  2  3
#--------------------------------------------------------------------------- 
2023 07 01  166    119     1290      3    -999      *   9  1  0 14  0  0  0
2023 07 02  170    126     1350      1    -999      *   8  1  1 17  0  0  0
2023 07 03  173    117     1400      0    -999      *  14  1  0 29  2  0  0
2023 07 04  167    121     1310      1    -999      *   9  1  0  8  0  0  0
2023 07 05  154    101      270      1    -999      *  10  1  0  6  1  0  0
2023 07 06  158    149      980      2    -999      *   7  1  0 14  1  0  0
2023 07 07  161    147      910      2    -999      *   4  1  0 24  0  1  0
2023 07 08  161    167      830      1    -999      *   9  0  0  6  1  0  0
2023 07 09  179    183      950      2    -999      *   8  0  0 22  0  0  0
2023 07 10  191    181     1290      1    -999      *  12  2  0 40  4  1  0
2023 07 11  214    227     1860      2    -999      *   8  6  0 45  0  0  0
2023 07 12  193    219     2140      0    -999      *  10  4  0 24  4  0  0
2023 07 13  203    146     1870      0    -999      *  13  1  0 13  3  1  0
2023 07 14  181    141     1960      2    -999      *  10  1  0 17  1  0  0
2023 07 15  179     96     1690      0    -999      *   7  3  0 17  1  1  0
2023 07 16  184     99     1700      0    -999      *  15  3  0 15  2  1  0
2023 07 17  180    149     1980      3    -999      *  18  2  0 19  0  0  0
2023 07 18  219    142     1850      0    -999      *   9  5  0 14  0  0  0
2023 07 19  189    141     1660      2    -999      *  15  2  0  8  0  0  0
2023 07 20  184    131     1570      0    -999      *   5  0  0  8  0  0  0
2023 07 21  173    121     1500      0    -999      *   2  0  0 11  0  0  0
2023 07 22  174    103     1320      0    -999      *   3  2  0  8  2  1  0
2023 07 23  173    117     1300      1    -999      *   5  0  0 15  2  1  0
2023 07 24  165    141     1145      3    -999      *   8  0  0 28  0  1  0
2023 07 25  169    137     1110      1    -999      *   7  2  0 15  1  1  0
2023 07 26  167    147      955      2    -999      *  10  3  0 14  4  1  0
2023 07 27  165    154     1010      3    -999      *  15  2  0 17  0  0  0
2023 07 28  168    148     1210      1    -999      *   9  1  0 13  0  0  0
2023 07 29  179    147     1140      1    -999      *   6  1  0 16  1  0  0
2023 07 30  174    139     1010      0    -999      *   4  2  0 23  3  0  0
2023 07 31  177    197     1290      2    -999      *   7  1  0 18  1  1  0
2023 08 01  175    160      550      0    -999      *   4  8  0 13  2  0  0
2023 08 02  173    135      900      0    -999      *   6  5  0 13  3  0  0
2023 08 03  163    124     1020      2    -999      *  18  1  0 15  1  0  0
2023 08 04  171    122     1100      0    -999      *   6  1  0 12  2  0  0
2023 08 05  176    100      880      0    -999      *   9  2  1 20  2  0  0
2023 08 06  174     97      860      0    -999      *   2  1  0 13  1  0  0
2023 08 07  170    101      430      3    -999      *   6  3  1  7  1  1  0
2023 08 08  159    115      315      0    -999      *   5  1  0  6  1  0  0
2023 08 09  153    103      540      1    -999      *   3  0  0  5  0  0  0
2023 08 10  156     83      460      0    -999      *   9  0  0  7  1  0  0
2023 08 11  153    105      420      2    -999      *  12  0  0  6  0  0  0
2023 08 12  148     61      460      0    -999      *  12  0  0 14  2  0  0
2023 08 13  150     89      460      3    -999      *   3  0  0  4  0  0  0
2023 08 14  154     85      650      1    -999      *   3  0  0  3  0  0  0
2023 08 15  158    107      530      2    -999      *   7  0  0 16  0  0  0
2023 08 16  160    140      830      3    -999      *   7  0  0  5  0  0  0
2023 08 17  152    135      700      1    -999      *  10  0  0  7  0  0  0
2023 08 18  151    112      570      1    -999      *   4  0  0  8  0  0  0
2023 08 19  151    104      470      0    -999      *   3  0  0  2  0  0  0
2023 08 20  146     93      490      0    -999      *   4  0  0  1  0  0  0
2023 08 21  149    102      660      2    -999      *   7  0  0  4  0  0  0
2023 08 22  151     96      700      1    -999      *   4  1  0  3  0  0  0
2023 08 23  147     99      900      0    -999      *   7  0  0  5  0  0  0
2023 08 24  144     86      950      0    -999      *   5  0  0  5  0  0  0
2023 08 25  139     77      930      1    -999      *   5  1  0  4  1  0  0
2023 08 26  139     75      640      0    -999      *   4  1  0  3  1  0  0
2023 08 27  142     69      610      0    -999      *   0  0  0  0  0  0  0
2023 08 28  142     68      650      1    -999      *   7  0  0  2  0  0  0
2023 08 29  142     82      640      0    -999      *   7  0  0  4  0  0  0
2023 08 30  139     94      700      1    -999      *   4  0  0  3  1  0  0
2023 08 31  140     77      650      0    -999      *   3  0  0  0  0  0  0
2023 09 01  136     83      580      0    -999      *   3  1  0  2  0  0  0
2023 09 02  131     77      370      1    -999      *   3  1  0  3  0  0  0
2023 09 03  131     79      230      2    -999      *   8  2  0  2  0  0  0
2023 09 04  136    100      140      2    -999      *  10  0  0  9  0  0  0
2023 09 05  143    121      325      1    -999      *   7  3  0  8  4  0  0
2023 09 06  147    131      625      1    -999      *  12  0  0 11  1  0  0
2023 09 07  161    135      585      1    -999      *   8  1  0 15  1  0  0
2023 09 08  161    123      620      0    -999      *   8  0  0 12  0  0  0
2023 09 09  161    119      620      1    -999      *  11  0  0 13  2  0  0
2023 09 10  164    167      670      4    -999      *   8  0  0 20  0  0  0
2023 09 11  176    173      685      1    -999      *   8  3  0 29  3  0  0
2023 09 12  154    141      605      1    -999      *  11  3  0 13  1  1  0
2023 09 13  143    109      550      0    -999      *   5  0  0  2  0  0  0
2023 09 14  145    110      570      0    -999      *   4  3  0  4  0  0  0
2023 09 15  139     96      490      1    -999      *   9  1  0 11  1  0  0
2023 09 16  140     88      330      1    -999      *   6  2  0  7  2  0  0
2023 09 17  145     94      360      1    -999      *   1  0  0  1  0  0  0
2023 09 18  155    139      800      4    -999      *  15  0  0  7  0  0  0
2023 09 19  166    143      970      1    -999      *  11  3  0  3  0  0  0
2023 09 20  156    159     1190      1    -999      *   9  1  0  5  0  0  0
2023 09 21  168    159      910      2    -999      *   6  1  0  1  0  0  0
2023 09 22  176    184      930      2    -999      *   7  4  0 23  1  0  0
2023 09 23  173    198      970      0    -999      *  17  1  0  6  1  0  0
2023 09 24  174    172      950      0    -999      *  17  2  0 11  1  0  0
2023 09 25  170    164      940      2    -999      *   8  0  0 10  0  0  0
2023 09 26  165    179      925      1    -999      *   6  0  0  7  0  0  0
2023 09 27  156    138      835      1    -999      *   8  0  0  8  0  0  0
2023 09 28  148    109      640      0    -999      *   8  1  0  6  0  0  0
2023 09 29  155    102      570      0    -999      *   8  0  0 10  0  0  0
2023 09 30  159    106      580      1    -999      *  15  1  0 20  3  0  0

:Product: Daily Solar Data         quar_DSD.txt
:Issued: 2025 UT 07 Jan 2024
#
#  Prepared by the U.S. Dept. of Commerce, NOAA, Space Weather Prediction Center
#  Please send comments and suggestions to SWPC.Webmaster@noaa.gov
#
#                Quarterly Daily Solar Data
#
#                         Sunspot       Stanford GOES15
#           Radio  SESC     Area          Solar  X-Ray  ------ Flares ------
#           Flux  Sunspot  10E-6   New     Mean  Bkgd    X-Ray      Optical
#  Date     10.7cm Number  Hemis. Regions Field  Flux   C  M  X  S  1  2  3
#--------------------------------------------------------------------------- 
2023 10 01  161    136      580      3    -999      *  14  1  0 20  0  0  0
2023 10 02  158    146      810      1    -999      *  11  1  0 11  1  0  0
2023 10 03  154    150      530      1    -999      *  14  0  0 14  0  0  0
2023 10 04  155    151      630      1    -999      *   6  0  0  4  0  0  0
2023 10 05  156    179      580      2    -999      *  10  0  0  9  0  0  0
2023 10 06  155    138      460      0    -999      *   5  0  0  4  0  0  0
2023 10 07  157    145      490      1    -999      *   9  1  0 11  0  0  0
2023 10 08  157    149      570      2    -999      *   7  0  0 13  0  0  0
2023 10 09  166    129      495      1    -999      *  16  0  0 23  1  0  0
2023 10 10  164    120      560      1    -999      *   8  2  0  9  1  0  0
2023 10 11  158    149      805      2    -999      *   8  0  0  6  0  0  0
2023 10 12  157    126      580      0    -999      *   3  1  0  8  0  0  0
2023 10 13  149     91      440      0    -999      *   5  0  0 11  0  0  0
2023 10 14  148    100      490      1    -999      *   2  0  0  2  0  0  0
2023 10 15  145     92      510      0    -999      *   3  0  0  4  0  0  0
2023 10 16  144    106      430      1    -999      *   7  0  0  3  0  0  0
2023 10 17  137     57      440      0    -999      *   2  0  0  3  0  0  0
2023 10 18  135     54      330      0    -999      *   0  0  0  0  0  0  0
2023 10 19  129     39      220      0    -999      *   8  0  0  1  0  0  0
2023 10 20  126     56      180      1    -999      *   5  0  0  1  0  0  0
2023 10 21  123     65      160      1    -999      *   2  0  0  0  0  0  0
2023 10 22  119     48       90      1    -999      *   0  0  0  0  0  0  0
2023 10 23  122     25       70      0    -999      *   2  0  0  4  0  0  0
2023 10 24  121     34       40      0    -999      *   3  0  0  0  0  0  0
2023 10 25  126     26       60      0    -999      *  10  0  0  1  0  0  0
2023 10 26  126     57       90      2    -999      *   9  1  0  3  0  0  0
2023 10 27  128     66       60      1    -999      *   1  0  0  0  0  0  0
2023 10 28  128     70       80      1    -999      *   3  0  0  4  0  0  0
2023 10 29  135     61       70      0    -999      *   8  0  0  5  0  0  0
2023 10 30  140     62      220      0    -999      *   2  0  0  4  0  0  0
2023 10 31  147    116      670      2    -999      *   7  0  0  1  0  0  0
2023 11 01  159    105      680      1    -999      *   5  2  0  4  0  0  0
2023 11 02  158    113      820      1    -999      *   7  2  0  4  1  0  0
2023 11 03  156    106      850      1    -999      *   3  0  0  0  0  0  0
2023 11 04  155     95      870      1    -999      *   3  0  0  3  0  0  0
2023 11 05  155     81      780      1    -999      *   6  2  0  3  1  0  0
2023 11 06  146     67      540      0    -999      *  11  0  0  2  0  0  0
2023 11 07  145     74      380      1    -999      *   6  0  0  2  1  0  0
2023 11 08  146     92      490      1    -999      *   8  0  0 12  0  0  0
2023 11 09  139     93      480      0    -999      *   2  0  0  2  0  0  0
2023 11 10  144     93      500      1    -999      *   2  0  0  1  0  0  0
2023 11 11  142     85      510      0    -999      *  14  1  0 12  0  0  0
2023 11 12  137     78      710      1    -999      *   3  0  0  4  0  0  0
2023 11 13  134     85      560      1    -999      *  11  0  0  5  0  0  0
2023 11 14  124     86      580      1    -999      *  20  1  0  1  0  0  0
2023 11 15  119     41      210      0    -999      *   5  0  0  0  0  0  0
2023 11 16  118     28      130      0    -999      *   2  0  0  0  0  0  0
2023 11 17  120     26      180      1    -999      *   3  0  0  0  0  0  0
2023 11 18  127     39      340      1    -999      *   4  3  0  0  0  0  0
2023 11 19  140     51      400      1    -999      *  10  0  0  6  0  0  0
2023 11 20  157    127      770      6    -999      *  14  1  0  3  1  0  0
2023 11 21  172    138      810      1    -999      *  12  0  0  7  0  0  0
2023 11 22  190    174      880      0    -999      *   3  0  0 12  0  0  0
2023 11 23  194    176     1560      3    -999      *  10  2  0  3  0  0  0
2023 11 24  178    184     1590      1    -999      *   7  1  0  9  2  0  0
2023 11 25  176    179     1400      1    -999      *   3  0  0  3  0  0  0
2023 11 26  180    169     1220      1    -999      *   5  0  0  4  0  0  0
2023 11 27  187    159      885      0    -999      *   6  0  0  2  0  0  0
2023 11 28  182    130      335      1    -999      *   3  2  0  4  1  0  0
2023 11 29  171    164      530      3    -999      *  10  0  0  6  0  0  0
2023 11 30  167    138      620      0    -999      *   7  0  0  1  0  0  0
2023 12 01  162    140      640      1    -999      *   7  2  0  2  0  0  0
2023 12 02  148     92      580      0    -999      *   9  0  0  3  0  0  0
2023 12 03  139    107      550      2    -999      *   4  0  0  0  0  0  0
2023 12 04  138    113      660      1    -999      *   9  0  0  5  0  0  0
2023 12 05  142    133      800      1    -999      *  22  3  0  5  4  1  0
2023 12 06  130    125      780      1    -999      *  13  2  0 13  1  1  0
2023 12 07  135    121      710      0    -999      *  10  0  0  4  0  0  0
2023 12 08  133    125      690      2    -999      *  14  1  0  6  1  0  0
2023 12 09  128    125      600      0    -999      *  17  2  0 10  0  0  0
2023 12 10  127    120      550      0    -999      *  15  2  0  2  0  0  0
2023 12 11  126     87      360      1    -999      *  17  0  0  3  0  0  0
2023 12 12  126     80      240      1    -999      *   8  0  0  4  0  0  0
2023 12 13  135    114      580      2    -999      *   4  0  0  4  0  0  0
2023 12 14  155    126      940      0    -999      *   7  2  1  4  1  0  0
2023 12 15  144    130      820      1    -999      *  12  2  0 14  2  0  0
2023 12 16  149    163      700      4    -999      *  15  0  0  1  0  0  0
2023 12 17  155    129      400      1    -999      *   8  1  0  3  0  0  0
2023 12 18  161    137      390      3    -999      *   9  0  0  5  0  0  0
2023 12 19  179    144      750      1    -999      *   6  0  0  4  1  0  0
2023 12 20  195    133     1285      1    -999      *  10  0  0 13  0  0  0
2023 12 21  194    138     1160      0    -999      *  11  2  0  8  1  0  0
2023 12 22  187    157     1030      2    -999      *   5  0  0  7  2  0  0
2023 12 23  174    123      960      0    -999      *   4  0  0  3  0  0  0
2023 12 24  183    113      900      0    -999      *   8  3  0  7  2  0  0
2023 12 25  167     98      700      0    -999      *   7  0  0  6  0  0  0
2023 12 26  154     94      640      0    -999      *   7  0  0  2  0  0  0
2023 12 27  149     78      520      1    -999      *   4  0  0  1  0  0  0
2023 12 28  147     83      430      1    -999      *   4  0  0  0  0  0  0
2023 12 29  143     92      582      0    -999      *  11  0  0  1  0  0  0
2023 12 30  140     48      470      0    -999      *   9  0  0  0  0  0  0
2023 12 31  146     55      380      1    -999      *  10  1  1  0  0  0  1

:Product: Daily Solar Data         quar_DSD.txt
:Issued: 2025 UT 07 Apr 2024
#
#  Prepared by the U.S. Dept. of Commerce, NOAA, Space Weather Prediction Center
#  Please send comments and suggestions to SWPC.Webmaster@noaa.gov
#
#                Quarterly Daily Solar Data
#
#                         Sunspot       Stanford GOES15
#           Radio  SESC     Area          Solar  X-Ray  ------ Flares ------
#           Flux  Sunspot  10E-6   New     Mean  Bkgd    X-Ray      Optical
#  Date     10.7cm Number  Hemis. Regions Field  Flux   C  M  X  S  1  2  3
#--------------------------------------------------------------------------- 
2024 01 01  136     44      210      0    -999      *  10  2  0  4  1  0  0
2024 01 02  142     59      300      1    -999      *  11  1  0 10  1  0  0
2024 01 03  140     63      350      1    -999      *  10  0  0  4  0  0  0
2024 01 04  126     64      230      0    -999      *   7  2  0  3  0  1  0
2024 01 05  153    121      470      4    -999      *   6  0  0  3  0  0  0
2024 01 06  159    149      820      0    -999      *  17  0  0  9  1  0  0
2024 01 07  167    171      800      2    -999      *  17  0  0  8  2  0  0
2024 01 08  176    152      700      0    -999      *  10  0  0  4  0  1  0
2024 01 09  176    183     1060      2    -999      *  10  0  0  5  0  0  0
2024 01 10  186    183     1200      0    -999      *  15  2  0  3  0  0  0
2024 01 11  193    151      810      1    -999      *  15  3  0 11  0  0  0
2024 01 12  186    188      800      5    -999      *  11  1  0 11  0  0  0
2024 01 13  185    191      990      1    -999      *   2  0  0  5  0  0  0
2024 01 14  188    183      940      0    -999      *  12  0  0  3  1  0  0
2024 01 15  183    150     1120      2    -999      *   6  0  0  3  0  0  0
2024 01 16  180    150      820      3    -999      *   2  0  0  4  0  0  0
2024 01 17  174    158      880      0    -999      *   7  0  0  1  0  0  0
2024 01 18  162    113      950      2    -999      *   5  0  0  1  1  0  0
2024 01 19  157    137      930      1    -999      *   1  0  0  0  0  0  0
2024 01 20  166    144      960      1    -999      *   9  0  0  0  0  0  0
2024 01 21  179    150     1050      0    -999      *  16  0  0 12  1  0  0
2024 01 22  196    139      870      0    -999      *   7  6  0 13  2  0  0
2024 01 23  180    123     1130      0    -999      *  14  8  0  1  1  0  0
2024 01 24  172    108      850      0    -999      *  11  4  0 12  0  0  0
2024 01 25  161    101      630      0    -999      *   9  0  0  2  0  0  0
2024 01 26  157     97      860      1    -999      *   6  0  0  4  0  0  0
2024 01 27  148     52      440      0    -999      *   2  0  0  1  0  0  0
2024 01 28  141     75      440      2    -999      *   6  0  0  3  0  0  0
2024 01 29  140     48      260      0    -999      *  10  2  0  2  0  0  0
2024 01 30  135     53      280      3    -999      *  11  0  0  2  0  0  0
2024 01 31  136     75      390      1    -999      *  11  0  0  6  0  0  0
2024 02 01  137    113      510      5    -999      *   9  0  0  5  0  0  0
2024 02 02  143    131      490      1    -999      *   7  1  0  0  1  0  0
2024 02 03  156    123      770      1    -999      *  15  0  0  6  0  0  0
2024 02 04  170    138     1320      0    -999      *  12  7  0  8  0  0  0
2024 02 05  173    152     1065      2    -999      *  11  2  0  9  2  0  0
2024 02 06  190    175     1020      0    -999      *   5  3  0 11  1  0  0
2024 02 07  188    164     1210      1    -999      *   6  2  0  3  2  0  0
2024 02 08  185    149      940      2    -999      *  10  5  0 13  2  1  0
2024 02 09  183    105      910      0    -999      *   8  2  1  7  1  0  0
2024 02 10  194    146     1030      3    -999      *  12  3  0  5  1  0  0
2024 02 11  180    144     1090      0    -999      *   7  1  0  5  0  0  0
2024 02 12  208    153      910      0    -999      *   8  4  0  7  1  1  0
2024 02 13  195    122     1250      1    -999      *   6  0  0  2  0  0  0
2024 02 14  184    123     1240      1    -999      *  18  2  0 13  0  0  0
2024 02 15  178    151     1150      3    -999      *  19  1  0  5  0  0  0
2024 02 16  169     97      600      0    -999      *   6  2  1  2  1  0  0
2024 02 17  170    100      520      0    -999      *   6  0  0  3  0  0  0
2024 02 18  157     84      690      1    -999      *   8  0  0  1  0  0  0
2024 02 19  152     64      880      0    -999      *   9  0  0  1  0  0  0
2024 02 20  153     50      870      0    -999      *   2  0  0  1  0  0  0
2024 02 21  170     45      810      0    -999      *  15  1  1  7  0  0  0
2024 02 22  173     46      980      0    -999      *   6  1  2  8  0  2  0
2024 02 23  173    116     1410      4    -999      *   6  4  0  1  2  0  0
2024 02 24  179    106     1710      0    -999      *  11  4  0  0  0  0  0
2024 02 25  181    114     1910      1    -999      *   3  1  0  4  1  0  0
2024 02 26  172    133     1420      1    -999      *   3  0  0  2  0  0  0
2024 02 27  168    103     1130      0    -999      *   4  0  0  6  0  0  0
2024 02 28  180    127     1340      1    -999      *   8  1  0  4  0  0  0
2024 02 29  164    107     1560      1    -999      *   5  0  0  0  0  0  0
2024 03 01  153    120     1300      1    -999      *   9  0  0  8  0  0  0
2024 03 02  152     91      700      1    -999      *   5  0  0  2  0  0  0
2024 03 03  146     90      530      1    -999      *   8  0  0  8  0  0  0
2024 03 04  140    113      480      2    -999      *   7  0  0  1  0  0  0
2024 03 05  142    121      560      1    -999      *   6  0  0  2  0  0  0
2024 03 06  136    105      510      0    -999      *   3  0  0  2  0  0  0
2024 03 07  137     99      370      1    -999      *  12  0  0 11  0  0  0
2024 03 08  129     91      260      0    -999      *   3  1  0  3  0  0  0
2024 03 09  135     99      310      0    -999      *   6  0  0  2  0  0  0
2024 03 10  127     77      280      0    -999      *   6  1  0  3  1  0  0
2024 03 11  127     56      190      0    -999      *   2  0  0  0  0  0  0
2024 03 12  131     68      320      2    -999      *  14  0  0  6  0  0  0
2024 03 13  128     86      320      3    -999      *   3  0  0  0  0  0  0
2024 03 14  127     88      240      1    -999      *   6  1  0  1  0  0  0
2024 03 15  129     49       80      1    -999      *   3  0  0  0  0  0  0
2024 03 16  144     67      140      1    -999      *   4  2  0  1  0  0  0
2024 03 17  151     86      290      1    -999      *  14  0  0  2  0  0  0
2024 03 18  177    127      580      2    -999      *   7  3  0  1  0  0  0
2024 03 19  169    123      680      0    -999      *  15  2  0 11  1  0  0
2024 03 20  176    120      730      1    -999      *   8  2  0  8  1  0  1
2024 03 21  197    141     1060      2    -999      *   3  0  0  4  0  0  0
2024 03 22  198    171     1080      1    -999      *  15  2  0 18  1  1  0
2024 03 23  209    146     1280      1    -999      *   5 12  1  9  3  3  0
2024 03 24  195    145     1230      1    -999      *  12  9  0 12  6  2  0
2024 03 25  190    163     1540      1    -999      *  10  1  0 20  1  0  0
2024 03 26  178    149     1480      0    -999      *  16  6  0  9  0  0  0
2024 03 27  175    114     1270      0    -999      *  13  2  0 27  2  0  0
2024 03 28  173    101     1150      0    -999      *   8  3  1  6  3  1  1
2024 03 29  167     79     1090      0    -999      *  12  2  0 15  1  0  0
2024 03 30  140     60      930      1    -999      *   8  1  0  7  0  0  0
2024 03 31  134     50      110      1    -999      *   6  0  0  0  0  0  0

:Product: Daily Solar Data         quar_DSD.txt
:Issued: 2025 UT 07 Jul 2024
#
#  Prepared by the U.S. Dept. of Commerce, NOAA, Space Weather Prediction Center
#  Please send comments and suggestions to SWPC.Webmaster@noaa.gov
#
#                Quarterly Daily Solar Data
#
#                         Sunspot       Stanford GOES15
#           Radio  SESC     Area          Solar  X-Ray  ------ Flares ------
#           Flux  Sunspot  10E-6   New     Mean  Bkgd    X-Ray      Optical
#  Date     10.7cm Number  Hemis. Regions Field  Flux   C  M  X  S  1  2  3
#--------------------------------------------------------------------------- 
2024 04 01  125     50      112      1    -999      *   0  1  0  2  0  0  0
2024 04 02  113     35       76      1    -999      *   0  0  0  0  0  0  0
2024 04 03  112     45      101      1    -999      *   0  0  0  0  0  0  0
2024 04 04  114     47      170      1    -999      *   0  0  0  1  0  0  0
2024 04 05  121     81      310      3    -999      *   5  0  0  0  0  0  0
2024 04 06  123     71      400      1    -999      *   1  0  0  0  0  0  0
2024 04 07  125     79      380      0    -999      *   2  0  0  1  0  0  0
2024 04 08  125     79      470      1    -999      *   2  0  0  0  0  0  0
2024 04 09  124     64      405      0    -999      *   2  0  0  0  0  0  0
2024 04 10  131     54      410      1    -999      *  11  0  0  3  0  0  0
2024 04 11  144     81      560      1    -999      *  10  1  0  4  0  0  0
2024 04 12  152     83      570      0    -999      *   8  0  0  7  0  0  0
2024 04 13  161    115      750      2    -999      *   8  1  0  3  0  0  0
2024 04 14  178    152      770      3    -999      *  13  1  0 12  1  0  0
2024 04 15  192    193     1070      2    -999      *  13  8  0 12  5  0  0
2024 04 16  199    176     1200      1    -999      *   4  1  0  0  0  1  0
2024 04 17  217    199     1150      2    -999      *  12  1  0  9  1  1  0
2024 04 18  227    247     1380      2    -999      *   3  3  0 11  2  0  0
2024 04 19  213    243     1120      3    -999      *  11  2  0 11  1  0  0
2024 04 20  210    240     1200      0    -999      *  12  0  0 14  3  0  0
2024 04 21  217    283     1340      5    -999      *   6  3  0 16  1  0  0
2024 04 22  227    283     1280      1    -999      *   8  7  0 19  3  0  0
2024 04 23  219    282     1470      0    -999      *   9  3  0 21  4  0  0
2024 04 24  199    283     1500      1    -999      *  11  5  0 12  1  1  0
2024 04 25  167    196     1070      1    -999      *   9  3  0  4  0  0  0
2024 04 26  153    154      600      0    -999      *   6  0  0  6  0  0  0
2024 04 27  153    126      500      1    -999      *   2  2  0 10  0  0  0
2024 04 28  140    119      510      0    -999      *   7  0  0 13  0  0  0
2024 04 29  138     88      650      2    -999      *   7  2  0  4  2  0  0
2024 04 30  130     85      670      1    -999      *   3  4  0  9  0  1  0
2024 05 01  135    104      640      1    -999      *   6  2  0  8  1  0  0
2024 05 02  142    125      760      1    -999      *  12  2  0 29  1  0  0
2024 05 03  156    121     1000      1    -999      *  10  5  1 30  4  0  0
2024 05 04  167    136     1210      1    -999      *  14  6  0 21  4  0  0
2024 05 05  177    152     1540      2    -999      *  10  9  2 22  8  2  0
2024 05 06  171    148     1470      1    -999      *  15  5  1 10  4  3  2
2024 05 07  204    144     1350      0    -999      *   2 11  0 21  2  1  0
2024 05 08  227    142     1890      0    -999      *   3 11  4 11  5  2  2
2024 05 09  233    170     1680      2    -999      *   0 12  2 15  6  1  1
2024 05 10  223    156     3110      0    -999      *   3 10  1 10  2  3  0
2024 05 11  214    148     2530      3    -999      *   4  5  2 11  1  4  0
2024 05 12  222    186     2460      4    -999      *   5  9  1 24  1  0  0
2024 05 13  215    207     1800      2    -999      *   7  7  0 13  0  0  0
2024 05 14  220    185      860      1    -999      *   2  1  3  3  0  1  0
2024 05 15  216    173      810      1    -999      *   5  2  1  6  0  0  0
2024 05 16  207    208      860      2    -999      *   7  1  0  4  0  0  0
2024 05 17  204    168     1020      1    -999      *   8  1  0 17  1  1  0
2024 05 18  194    166     1180      0    -999      *   4  0  0  6  2  0  0
2024 05 19  201    154      990      1    -999      *   4  3  0  2  3  0  0
2024 05 20  200    124      840      0    -999      *   5  0  0  4  0  0  0
2024 05 21  191    146     1020      2    -999      *   7  1  0  9  1  1  0
2024 05 22  196    120     1230      0    -999      *   6  3  0 17  1  1  0
2024 05 23  176    130     1150      1    -999      *  21  5  0 17  3  0  0
2024 05 24  163    100      890      0    -999      *   8  3  0 12  1  0  0
2024 05 25  152    106      730      2    -999      *   3  0  0  1  0  0  0
2024 05 26  156    148     1110      4    -999      *   9  0  0  1  0  0  0
2024 05 27  170    116      830      0    -999      *   8  0  1 18  0  0  0
2024 05 28  166    141      950      1    -999      *  27  0  0  8  0  0  0
2024 05 29  171    131      820      0    -999      *   3  6  1 23  1  3  1
2024 05 30  175    144      860      1    -999      *   2  1  0  4  1  0  0
2024 05 31  179    135      800      1    -999      *  15  1  1  8  2  1  0
2024 06 01  188    194     1130      2    -999      *  12  1  2 10  0  1  0
2024 06 02  180    186     1130      1    -999      *  15  2  0 18  0  0  0
2024 06 03  186    208      880      3    -999      *  10  4  0 11  3  1  0
2024 06 04  192    224      680      1    -999      *   6  2  0 19  1  0  0
2024 06 05  195    193      835      0    -999      *   7  2  0  9  4  0  0
2024 06 06  191    149      760      2    -999      *   8  1  0 14  0  1  0
2024 06 07  184    150     1030      1    -999      *   9  2  0 11  0  0  0
2024 06 08  190    143     1010      0    -999      *   3  7  0  8  2  0  0
2024 06 09  181    148      890      2    -999      *   5  3  0  2  0  0  0
2024 06 10  178    146      840      0    -999      *   3  5  1  4  0  0  0
2024 06 11  165     95      420      0    -999      *   5  0  0  4  0  0  0
2024 06 12  165    145      620      5    -999      *   5  1  0 10  1  0  0
2024 06 13  170    124      700      0    -999      *   5  1  0 11  2  0  0
2024 06 14  169    117      660      0    -999      *  13  1  0  6  1  0  0
2024 06 15  171    134     1290      1    -999      *  25  1  0 35  1  0  0
2024 06 16  167    152     1440      0    -999      *  26  0  0 21  5  0  0
2024 06 17  180    171     1820      0    -999      *   9  3  0 23  2  0  0
2024 06 18  193    150     1690      0    -999      *  12  2  0 10  2  0  0
2024 06 19  196    181     2070      3    -999      *   6  1  0 28  0  0  0
2024 06 20  203    138     2370      0    -999      *   7  2  0 10  3  0  0
2024 06 21  197    133     2420      2    -999      *  13  0  0 14  0  0  0
2024 06 22  196    139     2550      0    -999      *   7  3  0 21  3  0  0
2024 06 23  196    176     1750      4    -999      *   8  3  0 17  2  0  0
2024 06 24  199    141     1340      0    -999      *   5  5  0 13  2  0  0
2024 06 25  194    129      780      2    -999      *   3  1  0  8  0  0  0
2024 06 26  181    135      850      1    -999      *   2  0  0  3  0  0  0
2024 06 27  183    146      820      1    -999      *  12  0  0  5  0  0  0
2024 06 28  181    162     1320      2    -999      *   8  0  0 10  0  0  0
2024 06 29  186    205     1250      3    -999      *   7  0  0  2  0  0  0
2024 06 30  174    199     1150      0    -999      *   7  0  0  6  0  0  0

:Product: Daily Solar Data         quar_DSD.txt
:Issued: 2025 UT 07 Oct 2024
#
#  Prepared by the U.S. Dept. of Commerce, NOAA, Space Weather Prediction Center
#  Please send comments and suggestions to SWPC.Webmaster@noaa.gov
#
#                Quarterly Daily Solar Data
#
#                         Sunspot       Stanford GOES15
#           Radio  SESC     Area          Solar  X-Ray  ------ Flares ------
#           Flux  Sunspot  10E-6   New     Mean  Bkgd    X-Ray      Optical
#  Date     10.7cm Number  Hemis. Regions Field  Flux   C  M  X  S  1  2  3
#--------------------------------------------------------------------------- 
2024 07 01  171    192      880      0    -999      *   8  1  0 12  1  0  0
2024 07 02  164    192      690      0    -999      *  11  0  0  1  0  0  0
2024 07 03  167    182      670      1    -999      *   6  1  0  7  2  0  0
2024 07 04  173    113      730      1    -999      *   6  2  0  5  0  0  0
2024 07 05  166    111      990      1    -999      *   9  0  0  4  0  0  0
2024 07 06  166    132      870      2    -999      *   6  1  0 14  0  0  0
2024 07 07  171    119      650      1    -999      *   8  5  0 18  0  0  0
2024 07 08  169     95      470      1    -999      *  16  1  0 15  0  0  0
2024 07 09  180    143      570      2    -999      *   7  0  0 13  0  0  0
2024 07 10  214    190     1270      1    -999      *   7  5  0 19  3  0  0
2024 07 11  205    188     1440      2    -999      *   5  2  0 11  3  0  0
2024 07 12  210    162     1740      1    -999      *   5  0  0 10  0  0  0
2024 07 13  238    214     1960      3    -999      *   5  6  0 17  2  1  0
2024 07 14  234    217     2050      1    -999      *  12  4  1 34  3  0  0
2024 07 15  233    205     1890      2    -999      *   5  3  0 20  1  0  0
2024 07 16  242    250     1540      3    -999      *   3  4  1  7  6  0  0
2024 07 17  224    275     1190      2    -999      *   4  5  0 11  1  1  0
2024 07 18  209    276     1230      1    -999      *  12  2  0 20  1  0  0
2024 07 19  202    269     1040      1    -999      *   6  3  0 16  2  1  0
2024 07 20  207    212     1160      1    -999      *   8  2  0 20  2  0  0
2024 07 21  198    200     1360      0    -999      *  15  4  0 15  1  0  0
2024 07 22  185    173     1080      2    -999      *  15  5  0 18  1  0  0
2024 07 23  176    167     1175      1    -999      *   4  1  0 12  1  0  0
2024 07 24  175    160      880      1    -999      *   7  2  0  8  1  1  0
2024 07 25  167    171      730      1    -999      *   9  1  0 11  2  0  0
2024 07 26  176    181     1060      2    -999      *   7  1  0 16  0  0  0
2024 07 27  204    178     1320      0    -999      *   5  5  0 14  5  1  0
2024 07 28  214    189     1920      1    -999      *   5  7  0 23  5  1  0
2024 07 29  223    211     1720      1    -999      *  13  6  1 31  2  1  0
2024 07 30  220    261     1910      2    -999      *   5  8  0 34  1  1  0
2024 07 31  235    271     2540      2    -999      *   4  9  0 46  4  0  0
2024 08 01  234    260     2360      1    -999      *   5 13  0 42  2  0  0
2024 08 02  247    232     1890      2    -999      *   7 12  0 20  0  0  0
2024 08 03  245    217     1840      0    -999      *   7  9  0 12  0  1  0
2024 08 04  241    194     1830      3    -999      *   7  6  0  8  1  0  0
2024 08 05  247    189     2200      0    -999      *   2  5  2 12  2  1  0
2024 08 06  270    222     2520      0    -999      *   8  1  0 13  0  0  0
2024 08 07  303    248     2725      1    -999      *   5  4  0 22  3  1  0
2024 08 08  336    337     3230      2    -999      *   8  6  1 18  2  1  0
2024 08 09  306    382     3260      0    -999      *   6  7  0 21  4  0  0
2024 08 10  291    234     2630      0    -999      *   8  5  0 21  1  1  0
2024 08 11  282    194     2500      4    -999      *   9  4  0 22  2  0  0
2024 08 12  272    245     2450      0    -999      *   8  2  0 29  1  0  0
2024 08 13  260    199     2410      0    -999      *  10  3  0 27  2  0  0
2024 08 14  248    194     2250      1    -999      *   3  3  1 27  0  1  0
2024 08 15  227    164     1420      1    -999      *   7  1  0 22  0  1  0
2024 08 16  225    169     1220      2    -999      *   8  1  0 12  1  0  0
2024 08 17  230    170     1440      2    -999      *   1  4  0 13  2  0  0
2024 08 18  231    170     1640      2    -999      *   5  5  0 12  0  0  0
2024 08 19  239    213     2240      2    -999      *  10  2  0  9  1  0  0
2024 08 20  244    200     2010      0    -999      *   3  2  0 17  0  0  0
2024 08 21  239    176     1730      1    -999      *   5  2  0  9  0  1  0
2024 08 22  231    175     1690      2    -999      *  15  1  0 17  2  0  0
2024 08 23  242    180     1730      0    -999      *  11  8  0 20  3  0  0
2024 08 24  232    172     1780      0    -999      *  11  5  0 23  3  1  0
2024 08 25  233    178     1640      1    -999      *  14  0  0 12  0  0  0
2024 08 26  232    202     1950      2    -999      *   8  1  0  5  0  0  0
2024 08 27  221    170     1870      0    -999      *   7  1  0  3  0  0  0
2024 08 28  212    163     1520      2    -999      *   5  0  0  0  0  0  0
2024 08 29  204    124     1530      0    -999      *   6  0  0  4  0  0  0
2024 08 30  214    143     1310      2    -999      *   9  2  0  4  1  0  0
2024 08 31  232    180     1640      3    -999      *   6  4  0  6  0  0  0
2024 09 01  226    156     1560      0    -999      *   7  4  0  8  0  0  0
2024 09 02  238    200     1500      2    -999      *   6  5  0  3  0  0  0
2024 09 03  242    133     1320      0    -999      *   9  2  0  7  1  0  0
2024 09 04  262    151     1490      1    -999      *  10  6  0 10  1  0  0
2024 09 05  241    167     1490      0    -999      *  16  6  0  5  0  0  0
2024 09 06  249    188     1280      2    -999      *  13  0  0  3  1  0  0
2024 09 07  222    179     1340      3    -999      *   7  1  0 11  2  0  0
2024 09 08  228    176     1095      2    -999      *   3  1  0  4  1  0  0
2024 09 09  215    213     1025      1    -999      *   0  7  0  0  0  1  0
2024 09 10  205    147     1010      0    -999      *   4  2  0  4  2  0  0
2024 09 11  207    179     1150      2    -999      *   6  6  0 11  1  1  0
2024 09 12  201    160     1020      0    -999      *   8  6  1 18  1  0  0
2024 09 13  186    127      710      1    -999      *   4 11  0  9  0  0  0
2024 09 14  172    136      750      1    -999      *   3  2  1  6  0  1  0
2024 09 15  173     68      290      0    -999      *   6  0  0  2  1  0  0
2024 09 16  169    103      660      2    -999      *   4  0  0  3  0  0  0
2024 09 17  165    140      590      1    -999      *   3  0  0  0  0  0  0
2024 09 18  163     93      520      1    -999      *   4  0  0  4  0  0  0
2024 09 19  161    109      580      1    -999      *   4  0  0  3  0  0  0
2024 09 20  154    113      600      3    -999      *   1  0  0  1  0  0  0
2024 09 21  158    117      640      0    -999      *   3  0  0  2  0  0  0
2024 09 22  163    114      650      1    -999      *   1  1  0  5  0  1  0
2024 09 23  167    224      690      1    -999      *   2  1  0  2  0  0  0
2024 09 24  172    123      730      0    -999      *   7  0  0  5  0  0  0
2024 09 25  174    160      720      1    -999      *   2  1  0  2  1  0  0
2024 09 26  181    189      740      2    -999      *   4  1  0  4  1  0  0
2024 09 27  186    122      530      1    -999      *   6  0  0 13  0  0  0
2024 09 28  195    148      630      2    -999      *   5  0  0 10  0  0  0
2024 09 29  197    154      660      1    -999      *   3  3  0  7  1  0  0
2024 09 30  214    150      580      1    -999      *   8  1  0 21  0  1  0

:Product: Daily Solar Data         quar_DSD.txt
:Issued: 2025 UT 07 Jan 2025
#
#  Prepared by the U.S. Dept. of Commerce, NOAA, Space Weather Prediction Center
#  Please send comments and suggestions to SWPC.Webmaster@noaa.gov
#
#                Quarterly Daily Solar Data
#
#                         Sunspot       Stanford GOES15
#           Radio  SESC     Area          Solar  X-Ray  ------ Flares ------
#           Flux  Sunspot  10E-6   New     Mean  Bkgd    X-Ray      Optical
#  Date     10.7cm Number  Hemis. Regions Field  Flux   C  M  X  S  1  2  3
#--------------------------------------------------------------------------- 
2024 10 01  245    196      840      3    -999      *   8  2  1 22  1  1  0
2024 10 02  275    194     1360      1    -999      *  10  6  0 31  2  1  0
2024 10 03  312    229     1780      0    -999      *   2  8  1 29  0  1  0
2024 10 04  291    180     3520      1    -999      *   1  5  0 16  3  0  0
2024 10 05  277    173     3420      0    -999      *   9  5  0 14  1  0  0
2024 10 06  265    167     2640      1    -999      *   3  5  0  6  0  0  0
2024 10 07  277    164     2470      2    -999      *   2  1  2 11  1  1  0
2024 10 08  225    165     2380      0    -999      *   4  1  0  8  1  0  0
2024 10 09  220    107     1920      0    -999      *   3  2  2  4  2  0  0
2024 10 10  216    150     1460      2    -999      *   4  4  0  4  0  0  0
2024 10 11  214    130     1445      0    -999      *   6  2  0  4  0  0  0
2024 10 12  214     95     1080      0    -999      *   5  0  0  7  0  0  0
2024 10 13  195    108     1270      2    -999      *   3  0  0  6  0  0  0
2024 10 14  182    146     1380      2    -999      *   9  2  0  8  0  0  0
2024 10 15  172    141     1290      1    -999      *  17  5  0 14  4  1  0
2024 10 16  168    135      900      0    -999      *  13  6  0 16  3  0  0
2024 10 17  174    146     1020      1    -999      *   8  2  0  1  0  0  0
2024 10 18  165    132      820      3    -999      *   9  3  0  3  0  0  0
2024 10 19  162    101      570      0    -999      *   7  2  0  0  0  0  0
2024 10 20  162    113      610      2    -999      *   3  0  0  2  0  0  0
2024 10 21  164    168      880      3    -999      *   1  0  0  2  0  0  0
2024 10 22  176    130      610      0    -999      *   3  0  0  3  0  0  0
2024 10 23  185    104      610      1    -999      *   9  0  0  6  1  0  0
2024 10 24  197    138     1300      4    -999      *   1  1  1  5  0  0  0
2024 10 25  209    157     1140      3    -999      *   7  1  0  4  0  0  0
2024 10 26  238    181     1220      0    -999      *   3  4  1  7  0  0  1
2024 10 27  246    198     1330      2    -999      *   8  1  0  9  1  0  0
2024 10 28  255    288     1670      0    -999      *  12  3  0 12  1  0  0
2024 10 29  266    220     2130      1    -999      *   4  1  0  1  1  0  0
2024 10 30  270    200     2120      0    -999      *   5  1  0 10  1  1  0
2024 10 31  270    187     2320      1    -999      *   9  7  1 21  3  1  1
2024 11 01  256    210     2290      1    -999      *   5  4  0 27  3  0  0
2024 11 02  251    242     2380      3    -999      *   1  2  0 19  0  0  0
2024 11 03  241    220     2200      2    -999      *   6  4  0 18  2  0  0
2024 11 04  242    191     1810      0    -999      *   6 11  0  8  0  0  0
2024 11 05  245    149     1450      0    -999      *   7  5  0 15  1  1  0
2024 11 06  260    155     1650      2    -999      *   7 13  1 10  2  0  0
2024 11 07  239    164     1900      1    -999      *   6  7  0 11  4  0  0
2024 11 08  231    167     1680      0    -999      *  13  1  0 15  1  0  0
2024 11 09  221    176     1630      1    -999      *   8  1  0 26  2  0  0
2024 11 10  231    121     1420      0    -999      *   7  3  0  5  3  2  0
2024 11 11  182    138     1180      2    -999      *   3  2  0  3  3  0  0
2024 11 12  172    116      620      0    -999      *   8  0  0  6  0  0  0
2024 11 13  150    109      600      1    -999      *   9  2  0  3  1  0  0
2024 11 14  147     96      530      1    -999      *   6  0  0  1  0  0  0
2024 11 15  149     71      630      0    -999      *   3  2  0  3  0  0  0
2024 11 16  140     71      540      1    -999      *   8  1  0  1  1  0  0
2024 11 17  146    117      655      4    -999      *   5  0  0  2  0  0  0
2024 11 18  165    118      730      2    -999      *  16 10  0  8  2  0  0
2024 11 19  157    109      610      0    -999      *   9  0  0  6  0  0  0
2024 11 20  163    113      650      1    -999      *   7  1  0  1  0  0  0
2024 11 21  166    148      520      3    -999      *   5  0  0  1  0  0  0
2024 11 22  179    170      640      1    -999      *   8  2  0  7  1  0  0
2024 11 23  200    156      655      1    -999      *  10  2  0  3  1  1  0
2024 11 24  203    164     1025      2    -999      *   7  1  0  4  0  0  0
2024 11 25  220    140     1110      0    -999      *   7  7  0  9  0  1  0
2024 11 26  222    163     1500      2    -999      *   7  0  0  4  0  0  0
2024 11 27  225    141     1130      0    -999      *  11  1  0  1  0  0  0
2024 11 28  214    149     1300      1    -999      *   4  0  0  1  0  0  0
2024 11 29  220    162     1430      0    -999      *   9  0  0  3  0  0  0
2024 11 30  204    103     1190      0    -999      *  12  0  0  2  1  0  0
2024 12 01  186     83     1000      1    -999      *   5  0  0  0  0  0  0
2024 12 02  185    113      910      2    -999      *   8  0  0  7  0  0  0
2024 12 03  185    126      850      1    -999      *   7  0  0  4  0  0  0
2024 12 04  175    105      690      1    -999      *   8  3  0  5  0  0  0
2024 12 05  175    101      640      1    -999      *  12  3  0  3  0  0  0
2024 12 06  178    103      740      0    -999      *  15  1  0  5  0  0  0
2024 12 07  183     91      740      0    -999      *  17  2  0 15  0  0  0
2024 12 08  178    103      870      2    -999      *  12  1  1  3  1  1  0
2024 12 09  173     94      580      1    -999      *  17  0  0  3  1  0  0
2024 12 10  172    125      540      2    -999      *  27  3  0  4  1  0  0
2024 12 11  161    114      610      0    -999      *  11  3  0  4  1  0  0
2024 12 12  161     91      610      1    -999      *   7  2  0  3  0  0  0
2024 12 13  164     82      590      0    -999      *  17  3  0  8  0  0  0
2024 12 14  171     86      660      1    -999      *  10  0  0  4  0  0  0
2024 12 15  172     97      760      1    -999      *  19  0  0  5  1  0  0
2024 12 16  167     90      750      0    -999      *   6  0  0  3  0  0  0
2024 12 17  170     88      680      0    -999      *   7  0  0  5  0  0  0
2024 12 18  174     82      860      1    -999      *   6  0  0  0  0  0  0
2024 12 19  175     96      880      1    -999      *  11  3  0  3  0  0  0
2024 12 20  184    148     1310      4    -999      *   9  2  0  4  0  0  0
2024 12 21  195    152     1360      2    -999      *   9  1  0  7  1  0  0
2024 12 22  223    176     1710      1    -999      *  11  3  0  8  1  0  0
2024 12 23  238    199     1920      2    -999      *   5  3  0  3  0  0  0
2024 12 24  259    219     2130      1    -999      *   6  7  0 10  2  0  0
2024 12 25  253    218     1950      1    -999      *   6  3  0  7  0  0  0
2024 12 26  256    211     1770      0    -999      *   4  1  0  4  1  1  0
2024 12 27  259    233     1120      2    -999      *  11  2  0 18  1  1  0
2024 12 28  260    213     1225      0    -999      *   5  3  0 34  3  0  0
2024 12 29  255    209     1090      1    -999      *   1 22  1 36  4  0  0
2024 12 30  224    172     1090      1    -999      *   7 13  2 24  7  1  0
2024 12 31  218    162     1040      1    -999      *   6  4  0 13  0  0  0

:Product: Daily Solar Data         quar_DSD.txt
:Issued: 2026 UT 07 Apr 2025
#
#  Prepared by the U.S. Dept. of Commerce, NOAA, Space Weather Prediction Center
#  Please send comments and suggestions to SWPC.Webmaster@noaa.gov
#
#                Quarterly Daily Solar Data
#
#                         Sunspot       Stanford GOES15
#           Radio  SESC     Area          Solar  X-Ray  ------ Flares ------
#           Flux  Sunspot  10E-6   New     Mean  Bkgd    X-Ray      Optical
#  Date     10.7cm Number  Hemis. Regions Field  Flux   C  M  X  S  1  2  3
#--------------------------------------------------------------------------- 
2025 01 01  219    163     1200      2    -999      *  10  4  0  6  1  0  0
2025 01 02  212    173     1270      2    -999      *   3  1  0  6  1  0  0
2025 01 03  200    190     1370      1    -999      *   6  3  2  3  3  0  0
2025 01 04  209    193     1245      3    -999      *   9  3  1  7  2  0  0
2025 01 05  169    178      830      0    -999      *   5  4  0  9  0  2  0
2025 01 06  172    154      720      0    -999      *  11  3  0  9  2  0  0
2025 01 07  168    113      540      0    -999      *   5  1  0  2  0  0  0
2025 01 08  160    113      540      1    -999      *   7  0  0  4  0  0  0
2025 01 09  162    126      600      1    -999      *   6  1  0  0  0  0  0
2025 01 10  157    105      650      2    -999      *   6  1  0  5  1  0  0
2025 01 11  156     85      580      0    -999      *   4  0  0  0  0  0  0
2025 01 12  158     99      765      2    -999      *   3  0  0  0  0  0  0
2025 01 13  160    100      970      1    -999      *   6  0  0  1  0  0  0
2025 01 14  166    106     1030      2    -999      *   7  0  0  4  0  0  0
2025 01 15  174    102      890      1    -999      *   7  0  0  2  0  0  0
2025 01 16  208    105     1240      2    -999      *   7  0  0  5  0  0  0
2025 01 17  227    149     1975      2    -999      *  18  9  0 11  1  0  0
2025 01 18  222    128     2050      0    -999      *  12  2  0  9  2  0  0
2025 01 19  234    143     2030      2    -999      *  13  1  0  3  0  0  0
2025 01 20  230    277     2130      2    -999      *   6  0  0  4  0  0  0
2025 01 21  225    251     1860      0    -999      *   4  1  0  6  0  0  0
2025 01 22  214    158     1430      1    -999      *   5  1  0  0  1  0  0
2025 01 23  215    169     1400      0    -999      *  10  0  0  7  1  0  0
2025 01 24  205    131      940      0    -999      *   5  1  0  9  1  0  0
2025 01 25  182    131      810      1    -999      *  11  0  0  2  0  0  0
2025 01 26  171    140      690      1    -999      *   7  0  0  0  0  0  0
2025 01 27  162    146      535      3    -999      *   3  1  0  0  0  0  0
2025 01 28  171    128      460      1    -999      *   5  1  0  0  0  0  0
2025 01 29  173    161      540      1    -999      *  10  1  0  0  0  0  0
2025 01 30  184    144      560      2    -999      *   9  0  0  1  0  0  0
2025 01 31  207    141      660      0    -999      *  13  3  0 13  1  0  0
2025 02 01  188    145      660      0    -999      *   8  1  0  0  0  0  0
2025 02 02  216    156      910      1    -999      *  14  6  0  1  1  0  0
2025 02 03  220    153      890      0    -999      *  10 10  0  7  0  2  0
2025 02 04  212    194     1215      3    -999      *  13  5  0 10  0  0  0
2025 02 05  191    159      990      1    -999      *  17  2  0 12  1  0  0
2025 02 06  188    169      760      1    -999      *  14  2  0 14  3  0  0
2025 02 07  182    179     1120      1    -999      *  11  3  0  1  0  0  0
2025 02 08  173    168      870      0    -999      *  14  1  0  7  0  0  0
2025 02 09  163    142      685      1    -999      *   6  0  0  1  0  0  0
2025 02 10  159    104      840      1    -999      *   5  1  0  2  0  0  0
2025 02 11  153     91      690      1    -999      *   8  1  0  0  0  0  0
2025 02 12  166     88      800      1    -999      *   3  0  0  0  0  0  0
2025 02 13  173    112     1200      2    -999      *   7  1  0 10  0  0  0
2025 02 14  179    111     1020      1    -999      *   4  3  0  5  2  0  0
2025 02 15  184    153     1120      2    -999      *   9  0  0  2  0  0  0
2025 02 16  185    271     1270      2    -999      *   9  0  0  1  0  0  0
2025 02 17  185    218     1550      0    -999      *  17  1  0  9  0  0  0
2025 02 18  178    187     1465      0    -999      *  11  0  0  0  0  0  0
2025 02 19  178    119     1315      0    -999      *   6  0  0  1  0  0  0
2025 02 20  184    123     1335      0    -999      *   6  0  0  0  0  0  0
2025 02 21  197    138     1240      1    -999      *   6  2  0 11  2  0  0
2025 02 22  199    215     1230      6    -999      *  15  0  0 11  0  0  0
2025 02 23  210    186     1150      0    -999      *   7  4  1  7  0  0  0
2025 02 24  203    182     1410      1    -999      *   4  4  0  1  1  0  0
2025 02 25  190    155     1290      1    -999      *   2  2  0  6  1  0  0
2025 02 26  180    123     1000      0    -999      *   6  0  0  1  0  0  0
2025 02 27  164    129      830      0    -999      *   4  0  0  0  0  0  0
2025 02 28  157    104      290      2    -999      *   9  0  0  4  0  0  0
2025 03 01  152    105      410      0    -999      *   7  0  0  2  0  0  0
2025 03 02  151    139      520      3    -999      *   9  0  0  2  0  0  0
2025 03 03  163     99      660      1    -999      *   7  0  0  3  0  0  0
2025 03 04  161    134      560      2    -999      *  12  0  0  2  0  0  0
2025 03 05  157    147      730      2    -999      *   5  1  0  1  0  0  0
2025 03 06  150    139      720      0    -999      *   3  0  0  0  0  0  0
2025 03 07  147    109      480      1    -999      *   4  1  0  1  0  0  0
2025 03 08  148     90      450      0    -999      *   7  0  0  1  0  0  0
2025 03 09  148     73      450      1    -999      *   3  0  0  0  0  0  0
2025 03 10  149     74      500      1    -999      *   5  0  0  0  0  0  0
2025 03 11  161    128      610      3    -999      *   4  1  0  5  0  0  0
2025 03 12  160    160      640      3    -999      *  21  0  0  3  0  0  0
2025 03 13  175    160      690      0    -999      *  12  0  0  1  1  0  0
2025 03 14  180    147      520      0    -999      *   9  1  0  0  0  0  0
2025 03 15  178    185      870      5    -999      *   8  0  0  1  0  0  0
2025 03 16  186    190      750      1    -999      *   9  0  0  8  0  0  0
2025 03 17  204    189      620      0    -999      *  11  1  0  4  3  0  0
2025 03 18  184    191      740      1    -999      *   4  0  0  0  0  0  0
2025 03 19  180    170      650      0    -999      *   4  1  0  4  1  0  0
2025 03 20  170    139      530      0    -999      *   3  0  0  3  0  0  0
2025 03 21  165    178      760      4    -999      *   2  1  0  1  1  0  0
2025 03 22  178    177      710      3    -999      *   1  0  0  4  0  0  0
2025 03 23  168    110      430      0    -999      *   6  0  0  3  0  0  0
2025 03 24  156     85      400      0    -999      *   6  0  0  5  0  0  0
2025 03 25  156     58      440      1    -999      *   9  0  0  4  0  0  0
2025 03 26  152     63      415      0    -999      *   8  1  0  0  0  0  0
2025 03 27  153     72      180      2    -999      *   9  1  0  2  0  0  0
2025 03 28  160     80      440      2    -999      *   4  3  1  1  0  0  0
2025 03 29  157    107      560      1    -999      *  15  2  0  1  0  0  0
2025 03 30  171    111      810      0    -999      *  12  6  0 12  2  0  0
2025 03 31  172    151      950      1    -999      *  20  1  0  9  0  0  0

:Product: Daily Solar Data         quar_DSD.txt
:Issued: 2025 UT 07 Jul 2025
#
#  Prepared by the U.S. Dept. of Commerce, NOAA, Space Weather Prediction Center
#  Please send comments and suggestions to SWPC.Webmaster@noaa.gov
#
#                Quarterly Daily Solar Data
#
#                         Sunspot       Stanford GOES15
#           Radio  SESC     Area          Solar  X-Ray  ------ Flares ------
#           Flux  Sunspot  10E-6   New     Mean  Bkgd    X-Ray      Optical
#  Date     10.7cm Number  Hemis. Regions Field  Flux   C  M  X  S  1  2  3
#--------------------------------------------------------------------------- 
2025 04 01  182    147      950      0    -999      *  12  2  0 10  0  0  0
2025 04 02  180    158     1030      1    -999      *  12  0  0  3  1  0  0
2025 04 03  178    124      930      0    -999      *   5  0  0  3  0  0  0
2025 04 04  180    163     1010      3    -999      *   5  0  0  3  0  0  0
2025 04 05  184    160     1010      2    -999      *   9  1  0  2  0  0  0
2025 04 06  167    140     1070      1    -999      *   4  0  0  5  0  0  0
2025 04 07  162    167     1140      1    -999      *   6  0  0  2  1  0  0
2025 04 08  159    130      830      0    -999      *   5  1  0  4  1  0  0
2025 04 09  167    113      680      2    -999      *   9  0  0  1  1  0  0
2025 04 10  153    112      680      1    -999      *   7  0  0  6  0  0  0
2025 04 11  170    120      760      1    -999      *   9  2  0 19  1  0  0
2025 04 12  165    103     1110      0    -999      *  15  7  0  8  3  0  0
2025 04 13  164     80     1100      0    -999      *   8 10  0  3  4  0  0
2025 04 14  152     86     1070      0    -999      *   9  2  0  1  0  0  0
2025 04 15  153     58      410      1    -999      *   4  2  0  2  0  0  0
2025 04 16  148     70      500      2    -999      *   4  0  0  1  0  0  0
2025 04 17  151    118      710      2    -999      *   6  0  0  1  0  0  0
2025 04 18  156    113      870      1    -999      *   5  1  0  1  0  0  0
2025 04 19  157    114      840      0    -999      *   2  0  0  5  0  0  0
2025 04 20  156    108      790      0    -999      *   4  1  0  3  0  0  0
2025 04 21  163    137      830      1    -999      *   2  1  0  4  1  0  0
2025 04 22  163    142      610      3    -999      *   2  1  0  6  0  0  0
2025 04 23  167    132      700      1    -999      *   6  0  0  9  0  0  0
2025 04 24  170    152      600      1    -999      *   5  0  0  4  0  0  0
2025 04 25  164    169      810      4    -999      *   4  0  0  1  0  0  0
2025 04 26  156    172      530      0    -999      *   4  0  0  1  0  0  0
2025 04 27  156    119      420      0    -999      *   5  0  0  2  0  0  0
2025 04 28  154    134      660      2    -999      *   7  0  0  6  0  0  0
2025 04 29  149    105      830      0    -999      *  12  3  0 10  3  0  0
2025 04 30  148     77     1190      0    -999      *   4  1  0  2  0  1  0
2025 05 01  152     59     1290      0    -999      *   6  0  0  5  0  0  0
2025 05 02  152     38     1290      0    -999      *   8  0  0  2  0  0  0
2025 05 03  152     77     1300      2    -999      *  10  0  0 12  0  0  0
2025 05 04  159     92     1350      1    -999      *   7  0  0  2  0  0  0
2025 05 05  159    108     1420      1    -999      *   5  0  0  3  0  0  0
2025 05 06  156     90     1540      0    -999      *  14  0  0  6  0  0  0
2025 05 07  154     84     1480      0    -999      *  15  0  0 13  0  0  0
2025 05 08  149     84     1440      1    -999      *   9  0  0  6  1  0  0
2025 05 09  136     77     1340      0    -999      *   7  0  0  3  0  0  0
2025 05 10  134     70      820      1    -999      *   7  0  0  0  0  0  0
2025 05 11  126     77      250      1    -999      *  16  1  0  1  0  0  0
2025 05 12  116     64      200      1    -999      *   9  0  0  0  0  0  0
2025 05 13  117     54      260      0    -999      *   2  0  1  4  2  0  0
2025 05 14  122     53      260      1    -999      *   6  4  1  4  1  1  0
2025 05 15  119     45      290      0    -999      *   9  1  0  2  1  0  0
2025 05 16  117     57      330      2    -999      *   6  0  0  7  0  0  0
2025 05 17  117     58      310      1    -999      *   1  0  0  0  0  0  0
2025 05 18  118     53      330      0    -999      *   2  0  0  0  0  0  0
2025 05 19  117     66      310      1    -999      *   3  1  0  0  0  0  0
2025 05 20  119     67      290      1    -999      *  11  0  0  2  0  0  0
2025 05 21  119     88      320      3    -999      *   4  1  0  3  0  0  0
2025 05 22  120     99      350      1    -999      *   4  0  0  6  0  0  0
2025 05 23  122    122      330      1    -999      *   3  0  0  4  0  0  0
2025 05 24  130    105      490      0    -999      *  11  1  0  3  2  0  0
2025 05 25  133     93      510      1    -999      *   7  3  1  8  1  1  0
2025 05 26  133    113      790      1    -999      *   8  2  0  5  1  1  0
2025 05 27  137    116      790      2    -999      *   6  0  0  1  0  0  0
2025 05 28  144    126      880      1    -999      *  11  0  0  4  0  0  0
2025 05 29  145    122      870      0    -999      *   6  0  0  1  0  0  0
2025 05 30  157    107      980      1    -999      *   8  3  0  9  0  0  0
2025 05 31  164     96      860      0    -999      *   9  4  0 18  1  1  0
2025 06 01  150     97      780      0    -999      *  10  0  0  4  1  0  0
2025 06 02  140    103      700      0    -999      *   5  2  0  1  0  1  0
2025 06 03  135     95      590      1    -999      *   6  1  0  2  0  0  0
2025 06 04  134     92      540      1    -999      *   5  1  0  3  0  0  0
2025 06 05  128     92      460      0    -999      *  12  0  0  8  0  0  0
2025 06 06  128     76      270      1    -999      *  13  0  0 10  0  0  0
2025 06 07  121    103      240      2    -999      *   7  0  0  2  0  0  0
2025 06 08  115     87      150      0    -999      *   4  0  0  3  0  0  0
2025 06 09  120     82      160      2    -999      *   3  0  0  2  0  0  0
2025 06 10  129    105      370      1    -999      *  11  0  0  6  0  0  0
2025 06 11  141    133      655      2    -999      *  11  0  0  7  0  0  0
2025 06 12  142    116      905      1    -999      *   6  0  0  2  1  0  0
2025 06 13  143    134      890      0    -999      *   5  1  0 12  1  0  0
2025 06 14  151    136     1150      1    -999      *  13  2  0 10  1  0  0
2025 06 15  161    141     1250      0    -999      *  12  4  0 20  2  0  0
2025 06 16  148    125      700      0    -999      *   6  4  0  5  2  0  0
2025 06 17  139     97      600      0    -999      *   6  1  1 12  0  1  0
2025 06 18  137    120      660      1    -999      *  20  0  0 20  0  0  0
2025 06 19  136    113      890      1    -999      *   9  0  1 14  1  0  0
2025 06 20  130     95      470      0    -999      *   4  2  0  1  2  0  0
2025 06 21  120     87      710      0    -999      *   1  0  0  0  0  0  0
2025 06 22  125     80      630      0    -999      *   7  0  0  2  0  0  0
2025 06 23  122    105      470      3    -999      *   7  0  0  2  0  0  0
2025 06 24  120     87      305      0    -999      *   7  0  0  2  0  0  0
2025 06 25  117     90      320      1    -999      *   4  0  0  7  0  0  0
2025 06 26  117     91      340      0    -999      *   3  0  0  6  0  0  0
2025 06 27  118    111      340      3    -999      *   3  0  0  3  0  0  0
2025 06 28  122    103      380      1    -999      *   2  0  0  0  1  0  0
2025 06 29  128    151      380      2    -999      *   2  0  0  0  0  0  0
2025 06 30  128    158      330      2    -999      *   7  0  0  1  0  0  0

:Product: Daily Solar Data         quar_DSD.txt
:Issued: 2026 UT 07 Oct 2025
#
#  Prepared by the U.S. Dept. of Commerce, NOAA, Space Weather Prediction Center
#  Please send comments and suggestions to SWPC.Webmaster@noaa.gov
#
#                Quarterly Daily Solar Data
#
#                         Sunspot       Stanford GOES15
#           Radio  SESC     Area          Solar  X-Ray  ------ Flares ------
#           Flux  Sunspot  10E-6   New     Mean  Bkgd    X-Ray      Optical
#  Date     10.7cm Number  Hemis. Regions Field  Flux   C  M  X  S  1  2  3
#--------------------------------------------------------------------------- 
2025 07 01  126    144      300      2    -999      *   1  0  0  3  0  0  0
2025 07 02  130    148      315      1    -999      *   5  0  0  4  0  0  0
2025 07 03  125    118      300      0    -999      *   5  0  0  0  0  0  0
2025 07 04  119     87      360      0    -999      *   3  0  0  3  0  0  0
2025 07 05  117     82      220      0    -999      *   2  0  0  3  0  0  0
2025 07 06  118     81      230      1    -999      *   3  0  0  6  0  0  0
2025 07 07  118     96      290      1    -999      *   9  0  0  1  0  0  0
2025 07 08  115     88      290      0    -999      *   4  1  0  0  0  0  0
2025 07 09  120     83      290      2    -999      *   3  1  0  1  0  0  0
2025 07 10  129     72      340      0    -999      *  12  0  0  4  0  0  0
2025 07 11  132     98      490      3    -999      *  11  0  0 23  1  0  0
2025 07 12  139     93      700      0    -999      *  14  3  0 10  3  0  0
2025 07 13  128    102      710      1    -999      *  16  0  0  3  0  0  0
2025 07 14  128    139      545      2    -999      *  14  0  0  5  0  0  0
2025 07 15  139    146      585      2    -999      *   2  0  0  7  0  0  0
2025 07 16  152    182      900      2    -999      *   7  0  0 13  1  0  0
2025 07 17  156    178     1180      1    -999      *   3  0  0 14  0  0  0
2025 07 18  156    167     1110      0    -999      *   7  0  0  6  0  0  0
2025 07 19  153    139     1210      2    -999      *   3  0  0  7  0  0  0
2025 07 20  150    139     1070      1    -999      *   9  0  0  7  1  0  0
2025 07 21  143    130      870      1    -999      *   1  0  0  2  0  0  0
2025 07 22  145    101      640      1    -999      *   7  0  0  4  0  0  0
2025 07 23  150     85      550      1    -999      *   3  0  0  3  0  0  0
2025 07 24  156    137      740      4    -999      *   5  0  0  1  0  0  0
2025 07 25  148    133      680      0    -999      *   5  0  0  2  0  0  0
2025 07 26  143    136      690      2    -999      *   3  0  0  2  0  0  0
2025 07 27  145    126      660      1    -999      *   6  0  0  4  0  0  0
2025 07 28  145    134      458      2    -999      *   1  0  0  3  0  0  0
2025 07 29  152    112      330      1    -999      *   4  0  0  3  0  0  0
2025 07 30  149    131      530      2    -999      *  12  0  0  8  0  0  0
2025 07 31  145    138      560      1    -999      *   7  0  0  4  0  0  0
2025 08 01  146    129      420      0    -999      *  15  0  0  3  0  0  0
2025 08 02  146    132      680      1    -999      *  10  0  0 14  0  0  0
2025 08 03  146    118      810      0    -999      *  18  1  0  4  1  0  0
2025 08 04  142     86      610      1    -999      *   7  2  0  7  1  0  0
2025 08 05  157    120      820      1    -999      *   8  2  0 15  3  0  0
2025 08 06  158    154     1010      3    -999      *  17  1  0 44  1  0  0
2025 08 07  151    150      780      1    -999      *   5  2  0 21  3  0  0
2025 08 08  148    177     1010      3    -999      *  10  2  0 12  1  0  0
2025 08 09  140    137      680      1    -999      *  15  2  0  9  1  0  0
2025 08 10  153    155      660      0    -999      *   3  3  0 12  1  0  0
2025 08 11  146    157      760      1    -999      *  14  3  0  6  0  0  0
2025 08 12  152    152      680      1    -999      *  15  2  0  4  0  0  0
2025 08 13  140    157      630      2    -999      *  12  0  0  8  0  0  0
2025 08 14  130    170      480      3    -999      *   7  0  0  7  0  0  0
2025 08 15  123    168      440      1    -999      *  12  0  0  4  0  0  0
2025 08 16  122    123      390      0    -999      *   3  0  0  0  0  0  0
2025 08 17  117     53      100      0    -999      *   9  0  0  2  0  0  0
2025 08 18  114     73      120      2    -999      *   1  0  0  0  0  0  0
2025 08 19  116     36       90      1    -999      *   3  1  0  0  0  0  0
2025 08 20  120     59      180      2    -999      *   4  0  0  0  0  0  0
2025 08 21  121     76      350      1    -999      *   4  0  0  0  0  0  0
2025 08 22  136     51      380      0    -999      *   1  3  0  1  0  0  0
2025 08 23  143     87      400      3    -999      *   9  1  0  6  0  0  0
2025 08 24  152    102      550      2    -999      *   7  1  0  1  0  0  0
2025 08 25  175    136      820      2    -999      *  10  4  0 12  1  0  0
2025 08 26  202    193     1570      4    -999      *   6  3  0 20  3  0  0
2025 08 27  226    227     1730      1    -999      *   2  0  0 19  0  0  0
2025 08 28  232    201     1790      0    -999      *  11  5  0 16  1  0  0
2025 08 29  222    195     1670      2    -999      *  10  1  0 10  0  0  0
2025 08 30  317    183     1685      1    -999      *   4  3  0  0  0  0  0
2025 08 31  217    188     1760      1    -999      *   5  0  0  0  0  0  0
2025 09 01  202    165     1700      0    -999      *   3  0  0  0  0  0  0
2025 09 02  187    175     1720      3    -999      *   4  0  0  2  0  0  0
2025 09 03  180    128     1550      0    -999      *  10  0  0  9  0  0  0
2025 09 04  172    150     1560      1    -999      *   7  1  0 10  1  0  0
2025 09 05  149    128     1270      0    -999      *   2  1  0  1  1  0  0
2025 09 06  146    108      790      1    -999      *   8  1  0  6  0  0  0
2025 09 07  133     83      720      0    -999      *  14  0  0 22  1  0  0
2025 09 08  124     93      570      0    -999      *   8  0  0  5  0  0  0
2025 09 09  121     99      555      1    -999      *   2  0  0  1  0  0  0
2025 09 10  119     94      490      1    -999      *   2  0  0  2  0  0  0
2025 09 11  115     92      540      1    -999      *   8  0  0  2  0  0  0
2025 09 12  114     67      480      0    -999      *   2  0  0  0  0  0  0
2025 09 13  118     43      370      0    -999      *   5  0  0  0  0  0  0
2025 09 14  122     75      470      2    -999      *   9  0  0  3  0  0  0
2025 09 15  130    110      610      3    -999      *   9  0  0  1  0  0  0
2025 09 16  135    130      540      4    -999      *   6  0  0  4  0  0  0
2025 09 17  147    119      750      0    -999      *   5  0  0  4  0  0  0
2025 09 18  150    119      900      0    -999      *   6  0  0  3  0  0  0
2025 09 19  160    158      870      0    -999      *   4  1  0  2  0  0  1
2025 09 20  166    155     1020      2    -999      *   5  0  0  0  0  0  0
2025 09 21  176    157     1100      1    -999      *  10  0  0  3  0  0  0
2025 09 22  172    152     1130      0    -999      *   2  0  0  1  0  0  0
2025 09 23  171    172      930      2    -999      *   3  1  0  1  0  0  0
2025 09 24  184    155     1010      0    -999      *   9  2  0  6  0  0  0
2025 09 25  170    149      930      1    -999      *   9  0  0  1  0  0  0
2025 09 26  165    137      590      1    -999      *   9  1  0  1  0  0  0
2025 09 27  164    172      570      3    -999      *  17  3  0  8  0  1  0
2025 09 28  171    131      620      1    -999      *  17  1  0  8  2  0  0
2025 09 29  186    170      780      3    -999      *  16  4  0 14  2  0  0
2025 09 30  187    171     1090      1    -999      *   6  3  0 12  1  0  0

:Product: Daily Solar Data         quar_DSD.txt
:Issued: 2026 UT 07 Jan 2026
#
#  Prepared by the U.S. Dept. of Commerce, NOAA, Space Weather Prediction Center
#  Please send comments and suggestions to SWPC.Webmaster@noaa.gov
#
#                Quarterly Daily Solar Data
#
#                         Sunspot       Stanford GOES15
#           Radio  SESC     Area          Solar  X-Ray  ------ Flares ------
#           Flux  Sunspot  10E-6   New     Mean  Bkgd    X-Ray      Optical
#  Date     10.7cm Number  Hemis. Regions Field  Flux   C  M  X  S  1  2  3
#--------------------------------------------------------------------------- 
2025 10 01  184    161     1150      1    -999      *   4  2  0  9  2  0  0
2025 10 02  167    161     1155      0    -999      *   9  1  0 13  1  0  0
2025 10 03  170    150     1020      2    -999      *   5  2  0  4  0  1  0
2025 10 04  158    137      970      0    -999      *  11  0  0  1  0  0  0
2025 10 05  148    127      640      1    -999      *   1  0  0  0  0  0  0
2025 10 06  133    136      590      2    -999      *   5  0  0  1  1  0  0
2025 10 07  131    109      480      1    -999      *   2  0  0  1  0  0  0
2025 10 08  120     67      320      0    -999      *   3  0  0  0  0  0  0
2025 10 09  122     87      140      2    -999      *   3  1  0  2  0  0  0
2025 10 10  121     81      130      0    -999      *   4  0  0  4  0  0  0
2025 10 11  131    108      200      1    -999      *   5  0  0  4  0  0  0
2025 10 12  143    125      510      3    -999      *  16  0  0  4  1  0  0
2025 10 13  141    122      680      0    -999      *  19  3  0  9  3  0  0
2025 10 14  154    108      720      1    -999      *  21  3  0 27  3  0  0
2025 10 15  162    106      760      0    -999      *  12  5  0  7  2  1  0
2025 10 16  161    132     1470      2    -999      *  13  4  0 12  0  0  0
2025 10 17  164    120     1380      1    -999      *   6  6  0  6  1  0  0
2025 10 18  156    105     1230      1    -999      *   7  5  0  0  1  0  0
2025 10 19  149    103      960      2    -999      *   7  2  0  0  0  0  0
2025 10 20  140    109      900      2    -999      *   5  1  0  0  0  0  0
2025 10 21  133    107      480      2    -999      *   3  0  0  0  0  0  0
2025 10 22  133    117      490      1    -999      *   5  0  0  1  0  0  0
2025 10 23  130     92      490      2    -999      *   7  0  0  0  0  0  0
2025 10 24  134     99      520      1    -999      *   7  0  0  3  0  0  0
2025 10 25  127     89      420      1    -999      *   3  0  0  4  0  0  0
2025 10 26  124     92      410      0    -999      *   2  0  0  0  0  0  0
2025 10 27  121     96      340      1    -999      *   2  0  0  0  0  0  0
2025 10 28  122     91      340      0    -999      *   1  0  0  0  0  0  0
2025 10 29  118     80      320      0    -999      *   0  0  0  0  0  0  0
2025 10 30  120     68      200      1    -999      *   1  0  0  0  0  0  0
2025 10 31  125     34      130      0    -999      *   5  0  0  1  0  0  0
2025 11 01  115     24      150      1    -999      *   5  0  0  1  0  0  0
2025 11 02  123     43      190      1    -999      *   4  1  0  2  0  0  0
2025 11 03  133     87      730      2    -999      *   8  5  0  3  0  0  0
2025 11 04  159     91      710      0    -999      *   9  2  2  6  3  0  0
2025 11 05  147     76      730      0    -999      *  13  2  0 10  2  2  0
2025 11 06  163    104      980      1    -999      *  22  1  0  9  0  0  0
2025 11 07  166    133     1240      2    -999      *  20  1  0 19  1  0  0
2025 11 08  172    107     1350      0    -999      *  15  0  0  6  0  0  0
2025 11 09  176    126     1390      1    -999      *  11  0  1  5  1  1  0
2025 11 10  180    128     1410      1    -999      *  14  1  1  8  1  2  0
2025 11 11  168    131     1530      1    -999      *  12  1  1 20  0  0  1
2025 11 12  163    150     1350      0    -999      *   8  0  0  4  0  0  0
2025 11 13  156    104     1050      0    -999      *  17  0  0 12  0  0  0
2025 11 14  145    114      930      1    -999      *  12  2  1  2  0  0  1
2025 11 15  132     97      690      1    -999      *  14  0  0  1  0  0  0
2025 11 16  132     66      100      1    -999      *  13  1  0  3  0  0  0
2025 11 17  122     45      140      0    -999      *  12  0  0 13  0  0  0
2025 11 18  120     66      160      2    -999      *   7  0  0  2  0  0  0
2025 11 19  123     60      260      1    -999      *   3  0  0  0  0  0  0
2025 11 20  121     51      320      1    -999      *   8  0  0  1  0  0  0
2025 11 21  121     75      130      2    -999      *  12  0  0  2  0  0  0
2025 11 22  119     74      460      1    -999      *  12  0  0  0  0  0  0
2025 11 23  120     79      240      1    -999      *   9  0  0  1  0  0  0
2025 11 24  116     99      230      1    -999      *   5  0  0  2  0  0  0
2025 11 25  116     99      430      0    -999      *   4  0  0  2  0  0  0
2025 11 26  120     85      520      0    -999      *   7  0  0  6  0  0  0
2025 11 27  120     76      360      0    -999      *   7  0  0  3  0  0  0
2025 11 28  138     87      460      1    -999      *  15  2  0  1  0  0  0
2025 11 29  160     74     1080      0    -999      *   6  5  0  3  1  0  0
2025 11 30  180    108     1880      2    -999      *  14  0  0  3  0  0  0
2025 12 01  196    175     2500      3    -999      *   7  0  1  5  1  0  0
2025 12 02  200    177     2535      1    -999      *   9  0  0  3  0  0  0
2025 12 03  209    227     2475      1    -999      *   9  0  0  2  0  0  0
2025 12 04  220    165     2420      0    -999      *   7  1  0  6  1  0  0
2025 12 05  206    133     2100      1    -999      *  13  0  0 12  0  0  0
2025 12 06  200    129     1940      0    -999      *  10  2  0  7  2  1  0
2025 12 07  194    133     1870      1    -999      *  18  1  0 14  0  0  0
2025 12 08  186    146     1550      1    -999      *  12  4  1 16  2  2  0
2025 12 09  183    134     1410      1    -999      *   9  5  0 11  2  0  0
2025 12 10  168    134     1450      0    -999      *  15  5  0 15  2  1  0
2025 12 11  146    123     1500      2    -999      *  12  0  0  2  0  0  0
2025 12 12  135    124     1490      1    -999      *   7  2  0  1  0  0  0
2025 12 13  122     76      590      0    -999      *   9  0  0  0  0  0  0
2025 12 14  119     78      230      1    -999      *   6  0  0  1  0  0  0
2025 12 15  118     73      230      1    -999      *   7  0  0  1  0  0  0
2025 12 16  117     81      220      1    -999      *   4  0  0  0  0  0  0
2025 12 17  119     68      270      0    -999      *   3  0  0  1  0  0  0
2025 12 18  116     87      350      2    -999      *   3  0  0  1  0  0  0
2025 12 19  118     33       60      0    -999      *   6  1  0  0  0  0  0
2025 12 20  120     74      160      4    -999      *   9  1  0  2  0  0  0
2025 12 21  124     85      240      0    -999      *  13  1  0  8  0  0  0
2025 12 22  133     80      480      2    -999      *   5  0  0  0  1  0  0
2025 12 23  142    106      480      1    -999      *   5  0  0  0  0  0  0
2025 12 24  134    103      410      1    -999      *   2  0  0  0  0  0  0
2025 12 25  163    113      550      1    -999      *   3  0  0  1  0  0  0
2025 12 26  166    131      740      2    -999      *   7  0  0  2  0  0  0
2025 12 27  178    130      950      1    -999      *  10  1  0  2  0  0  0
2025 12 28  188    143      990      2    -999      *   8  3  0  1  1  1  0
2025 12 29  196    138     1020      4    -999      *  14  1  0  7  1  0  0
2025 12 30  182    141      980      0    -999      *   9  0  0  4  0  0  0
2025 12 31  171    127      700      1    -999      *   6  1  0  1  0  0  0

:Product: Daily Solar Data         quar_DSD.txt
:Issued: 0225 UT 28 Mar 2026
#
#  Prepared by the U.S. Dept. of Commerce, NOAA, Space Weather Prediction Center
#  Please send comments and suggestions to SWPC.Webmaster@noaa.gov
#
#                Quarterly Daily Solar Data
#
#                         Sunspot       Stanford GOES15
#           Radio  SESC     Area          Solar  X-Ray  ------ Flares ------
#           Flux  Sunspot  10E-6   New     Mean  Bkgd    X-Ray      Optical
#  Date     10.7cm Number  Hemis. Regions Field  Flux   C  M  X  S  1  2  3
#--------------------------------------------------------------------------- 
2026 01 01  169    120      580      0    -999      *  12  0  0  3  0  0  0
2026 01 02  166    124      650      2    -999      *   9  0  0  0  0  0  0
2026 01 03  165    136      650      1    -999      *   9  0  0  5  0  0  0
2026 01 04  157     97      810      1    -999      *   5  0  0  0  0  0  0
2026 01 05  154     91      780      0    -999      *   6  0  0  1  0  0  0
2026 01 06  145     99      870      0    -999      *  10  0  0  2  1  0  0
2026 01 07  135    118      770      1    -999      *  14  0  0  2  0  0  0
2026 01 08  140     96      730      1    -999      *   8  0  0  1  0  0  0
2026 01 09  117     80      510      1    -999      *   4  0  0  0  0  0  0
2026 01 10  114     65      390      0    -999      *   6  0  0  5  0  0  0
2026 01 11  111     84      390      1    -999      *   1  1  0  1  0  0  0
2026 01 12  113     52      300      0    -999      *   2  0  0  1  0  0  0
2026 01 13  117     49      290      0    -999      *   6  0  0  2  0  0  0
2026 01 14  127     70      600      2    -999      *   7  1  0  3  1  0  0
2026 01 15  139    123      890      4    -999      *   4  0  0  2  0  0  0
2026 01 16  148    144     1650      1    -999      *  11  0  0  7  0  0  0
2026 01 17  159    124      950      0    -999      *  13  2  0  7  0  1  0
2026 01 18  148    140      750      1    -999      *   7  0  1  3  0  0  1
2026 01 19  173    162      740      3    -999      *   6  1  0  1  0  0  0
2026 01 20  178    172      790      1    -999      *   8  0  0  4  0  0  0
2026 01 21  188    166      845      0    -999      *  11  2  0  4  1  0  0
2026 01 22  194    206      890      2    -999      *   9  0  0  0  0  0  0
2026 01 23  180    195      900      0    -999      *   7  0  0  2  0  0  0
2026 01 24  174    147      880      1    -999      *   5  0  0  0  0  0  0
2026 01 25  165    131      790      0    -999      *  11  0  0  1  0  0  0
2026 01 26  153    115      560      1    -999      *   5  0  0  3  1  0  0
2026 01 27  144    100      300      2    -999      *   6  0  0  3  0  0  0
2026 01 28  133    135      360      3    -999      *   2  0  0  0  0  0  0
2026 01 29  129    117      280      2    -999      *   3  0  0  0  0  0  0
2026 01 30  128    112      300      3    -999      *  10  0  0  0  1  0  0
2026 01 31  141    126      400      2    -999      *  19  0  0  4  0  1  0
2026 02 01  162     97      790      1    -999      *   2 17  2  0  0  1  0
2026 02 02  174    131     1020      2    -999      *   1 15  2  0  1  1  0
2026 02 03  178    171     1385      1    -999      *   5 11  1  5  6  0  0
2026 02 04  167    166     1340      0    -999      *   6 12  1  5  2  1  0
2026 02 05  176    139     1430      0    -999      *  13  9  0  6  3  0  0
2026 02 06  164    132     1510      1    -999      *  12  0  0  7  1  0  0
2026 02 07  169    128     1560      0    -999      *   6  0  0  0  0  0  0
2026 02 08  167    118     1470      0    -999      *   6  3  0  8  4  1  0
2026 02 09  144    107     1490      1    -999      *  10  1  0  2  1  0  0
2026 02 10  142    105     1385      0    -999      *   8  1  0  0  0  0  0
2026 02 11  129     84      570      1    -999      *  10  2  0  5  0  0  0
2026 02 12  129     82      480      0    -999      *   3  1  0  0  0  0  0
2026 02 13  117     50      430      0    -999      *   0  1  0  1  0  0  0
2026 02 14  117     60      430      2    -999      *   2  0  0  0  0  0  0
2026 02 15  118     65      410      0    -999      *   2  0  0  1  0  0  0
2026 02 16  118     69      400      0    -999      *   1  1  0  1  0  0  0
2026 02 17  122     63      360      0    -999      *   3  0  0  3  0  0  0
2026 02 18  119     43      240      0    -999      *   2  0  0  0  0  0  0
2026 02 19  116     39      235      0    -999      *   3  0  0  0  0  0  0
2026 02 20  111     34      170      0    -999      *   1  0  0  1  0  0  0
2026 02 21  110     11      120      0    -999      *   0  0  0  0  0  0  0
2026 02 22  110      0        0      0    -999      *   4  0  0  0  0  0  0
2026 02 23  108      0        0      0    -999      *   0  0  0  0  0  0  0
2026 02 24  120      0        0      0    -999      *   3  0  0  0  0  0  0
2026 02 25  125     25      190      2    -999      *  12  1  0  1  0  0  0
2026 02 26  130     43      390      1    -999      *   5  0  0  1  0  0  0
2026 02 27  139     53      520      1    -999      *  11  0  0  3  0  0  0
2026 02 28  141     44      620      0    -999      *   7  0  0  1  0  0  0
2026 03 01  147     85      810      3    -999      *  17  0  0  2  0  0  0
2026 03 02  148     82      740      0    -999      *   8  0  0  0  0  0  0
2026 03 03  144     64      780      0    -999      *   6  0  0  7  0  0  0
2026 03 04  141     71      700      1    -999      *   2  0  0  0  0  0  0
2026 03 05  146     73      680      1    -999      *   4  0  0  0  0  0  0
2026 03 06  143     75      770      0    -999      *   1  0  0  0  0  0  0
2026 03 07  135     75      750      0    -999      *   1  0  0  0  0  0  0
2026 03 08  135     76      670      1    -999      *   3  0  0  0  0  0  0
2026 03 09  128     72      500      1    -999      *   7  0  0  3  0  0  0
2026 03 10  127     71      420      1    -999      *   8  0  0  0  0  0  0
2026 03 11  123    120      485      4    -999      *   2  0  0  0  0  0  0
2026 03 12  121    116      470      0    -999      *   4  0  0  1  0  0  0
2026 03 13  120    105      440      0    -999      *  14  1  0  7  1  0  0
2026 03 14  112     85      380      2    -999      *  16  0  0  2  1  0  0
2026 03 15  109     93      270      1    -999      *   4  1  0  2  0  0  0
2026 03 16  111     66      230      0    -999      *   2  1  0  0  0  0  0
2026 03 17  111     72      270      0    -999      *   1  1  0  1  0  0  0
2026 03 18  113     83      240      1    -999      *   8  1  0  0  1  0  0
2026 03 19  106     38      200      0    -999      *   1  0  0  2  0  0  0
2026 03 20  102     28      160      0    -999      *   0  0  0  0  0  0  0
2026 03 21  107     48      260      2    -999      *   1  0  0  0  0  0  0
2026 03 22  120     96      550      3    -999      *   2  0  0  2  0  0  0
2026 03 23  124     94      730      0    -999      *   7  0  0  0  0  0  0
2026 03 24  128    113      750      0    -999      *   2  0  0  0  0  0  0
2026 03 25  140    103      735      1    -999      *   5  0  0  2  0  0  0
2026 03 26  152    113      760      0    -999      *   8  1  0  1  1  0  0
2026 03 27  156    152     1130      3    -999      *  11  0  0  3  0  0  0

