DST0501*01  X220   0  -5  -4  -5  -6  -5 -13 -22 -20 -17 -13 -11  -3  -2   2   4   0  -5  -7 -22 -45 -43 -30 -17 -26 -13
DST0501*02  X220   0 -29 -36 -32 -33 -34 -28 -31 -40 -42 -50 -45 -36 -35 -33 -34 -32 -40 -48 -45 -41 -37 -50 -39 -37 -38
DST0501*03  X220   0 -36 -32 -29 -32 -37 -43 -41 -42 -41 -38 -46 -42 -39 -40 -45 -40 -36 -37 -30 -28 -28 -23 -20 -16 -35
DST0501*04  X220   0 -19 -22 -24 -26 -24 -19 -22 -25 -32 -28 -25 -25 -22 -23 -24 -26 -26 -29 -31 -31 -30 -28 -25 -24 -25
DST0501*05  X220   0 -26 -27 -26 -23 -25 -28 -30 -29 -29 -31 -31 -29 -33 -31 -32 -32 -32 -31 -29 -27 -27 -23 -22 -19 -28
DST0501*06  X220   0 -16 -13 -11 -11 -12 -13 -15 -17 -19 -17 -16 -12 -11 -13 -14 -15 -15 -14 -14 -15 -15 -13  -8 -11 -14
DST0501*07  X220   0 -10 -10  -9 -11 -11  -9  -8  -9  -8  -5  -1  -5   1   3   2 -13 -31 -22 -34 -32 -24 -22 -42 -71 -16
DST0501*08  X220   0 -84 -78 -93 -82 -67 -60 -63 -66 -59 -59 -62 -51 -42 -46 -45 -47 -45 -38 -43 -43 -42 -36 -35 -35 -55
DST0501*09  X220   0 -28 -26 -28 -28 -30 -30 -32 -31 -26 -24 -18 -25 -26 -26 -23 -23 -23 -22 -20 -16 -15 -15 -13 -15 -23
DST0501*10  X220   0 -15 -10  -8  -6  -6 -10 -12 -17 -18 -18 -18 -14 -14 -16 -18 -19 -23 -25 -22 -23 -24 -18 -18 -16 -16
DST0501*11  X220   0 -18 -17 -17 -16 -22 -27 -32 -32 -33 -30 -32 -25 -20 -22 -26 -26 -13  -1   0   2   3   1  -8 -18 -18
DST0501*12  X220   0 -12  -1   2 -29 -41 -35 -39 -49 -47 -47 -50 -43 -42 -39 -36 -40 -36 -36 -40 -43 -46 -34 -28 -31 -35
DST0501*13  X220   0 -30 -24 -20 -21 -23 -22 -25 -27 -29 -31 -29 -20 -18 -18 -17 -19 -23 -25 -23 -23 -25 -28 -24 -23 -24
DST0501*14  X220   0 -22 -21 -18 -13 -14 -17 -22 -24 -27 -30 -30 -26 -21 -18 -16 -13 -12 -11 -10 -11 -18 -28 -32 -32 -20
DST0501*15  X220   0 -30 -28 -25 -27 -26 -30 -25 -31 -32 -33 -33 -36 -34 -31 -28 -24 -24 -24 -24 -27 -25 -22 -18 -17 -27
DST0501*16  X220   0 -16 -16 -16 -17 -16 -14 -16 -14 -15 -17 -10 -16 -15   1  -1  10   0  -4  -6  -2   6   2 -12 -18  -9
DST0501*17  X220   0 -36 -48 -63 -65 -59 -52 -48 -43 -34 -34 -37 -41 -31 -30  -4  -4 -36 -52 -45 -31 -33 -28 -24 -18 -37
DST0501*18  X220   0 -66 -70 -62 -63 -74 -67 -55 -82-103 -86 -78 -67 -61 -72 -76 -67 -61 -56 -50 -27 -42 -53 -67 -60 -65
DST0501*19  X220   0 -52 -51 -55 -60 -51 -57 -66 -62 -53 -70 -80 -71 -75 -75 -80 -79 -78 -71 -66 -59 -57 -55 -55 -58 -64
DST0501*20  X220   0 -53 -48 -48 -48 -50 -48 -47 -43 -40 -41 -42 -36 -42 -37 -29 -37 -41 -43 -39 -37 -35 -32 -33 -32 -41
DST0501*21  X220   0 -31 -27 -28 -30 -29 -33 -39 -35 -31 -29 -26 -26 -27 -28 -26 -27 -22  23  20  21 -25 -81 -89 -82 -29
DST0501*22  X220   0 -84 -89 -91 -81 -78 -97 -97 -89 -88 -79 -78 -77 -74 -70 -66 -65 -60 -56 -54 -57 -53 -51 -54 -52 -73
DST0501*23  X220   0 -50 -47 -44 -43 -45 -44 -43 -48 -49 -46 -40 -40 -35 -32 -32 -32 -36 -32 -34 -39 -36 -35 -37 -41 -40
DST0501*24  X220   0 -39 -32 -28 -26 -25 -24 -22 -24 -24 -24 -26 -29 -31 -30 -28 -26 -26 -24 -21 -21 -23 -24 -21 -23 -26
DST0501*25  X220   0 -25 -23 -21 -21 -21 -19 -16 -14 -15 -19 -18 -17 -16 -15 -17 -21 -22 -21 -22 -25 -24 -19 -20 -21 -20
DST0501*26  X220   0 -18 -18 -18 -16 -12 -12 -14 -13 -11 -13 -14 -15 -18 -17 -16 -15 -13 -12 -10  -7  -7 -12 -14 -14 -14
DST0501*27  X220   0 -12 -11  -9 -10 -11  -8  -6  -1   0   0  -1   0   1   1   3   6   6   5   7  10  10   7   7   9   0
DST0501*28  X220   0  -1  -5  -6  -7  -5  -3  -1   1   1  -1  -2  -1  -2  -3  -4  -2  -3   0   3   0  -8  -9  -6  -2  -3
DST0501*29  X220   0  -3  -6   2   3   3  -1  -5   2   4   1 -12 -12  -5   3  -4 -11  -6  -5  -9 -16 -18 -17 -19 -27  -7
DST0501*30  X220   0 -23 -21 -16 -17 -22 -19 -16 -18 -16 -16 -11 -13 -15 -15 -18 -15 -15 -18 -17 -13 -13 -16 -16 -17 -17
DST0501*31  X220   0 -16 -14  -9  -9  -7  -5  -8 -16 -14 -12  -7  -8 -20 -27 -22 -25 -27 -27 -28 -27 -24 -21 -21 -21 -17

DST0502*01  X220   0 -25 -24 -21 -18 -16 -16 -16 -16 -17 -18 -15 -20 -21 -21 -20 -16 -15 -15 -12 -10 -10 -14 -16 -17 -17
DST0502*02  X220   0 -19 -20 -17 -15 -15 -12 -13 -13 -10  -9  -9  -4  -3  -6 -13 -13 -14 -11  -1  -5 -10 -10 -10 -11 -11
DST0502*03  X220   0 -11  -7 -11 -13 -14 -18 -19 -21 -24 -17 -13 -11 -10 -12 -14 -14 -12  -9  -8  -9  -9 -10 -10 -11 -13
DST0502*04  X220   0 -11 -10 -11  -9  -7  -5  -3  -3  -4  -3  -7 -10 -11 -12 -12  -5  -7  -8  -7 -12 -14 -16 -16 -14  -9
DST0502*05  X220   0 -11 -10  -8  -6  -2  -3  -4  -3  -3  -3  -3  -4  -5   1   3   3   2   1   1   5   8  10  11  10   0
DST0502*06  X220   0  10   6   1  -2  -1  -3  -9 -15 -10  -3   2   0  -2  -3  -4  -2  -3  -7  -8  -5  -4  -3  -8 -10  -3
DST0502*07  X220   0 -11  -8 -10 -14 -17 -13 -11 -11  -1   2   0  -1  -2  -9 -18 -22 -21 -21 -20 -38 -42 -57 -50 -43 -18
DST0502*08  X220   0 -43 -36 -32 -41 -41 -40 -38 -37 -34 -27 -30 -26 -22 -24 -29 -32 -29 -33 -32 -29 -32 -35 -29 -29 -33
DST0502*09  X220   0 -24 -21 -16 -18 -23 -25 -35 -34 -32 -29 -28 -32 -31 -27 -26 -30 -29 -27 -27 -20 -18 -26 -30 -32 -27
DST0502*10  X220   0 -25 -21 -24 -30 -28 -26 -24 -26 -27 -27 -28 -26 -21 -23 -18 -17 -19 -21 -17 -18 -13 -13 -12  -7 -21
DST0502*11  X220   0  -3  -1  -7 -13 -17 -15 -13 -14 -15 -14 -14 -14 -18 -19 -20 -19 -19 -21 -23 -22 -17 -16 -17 -17 -15
DST0502*12  X220   0 -15 -13 -16 -17 -18 -16 -14 -15 -15 -14 -14 -15 -14 -11  -8  -9 -11 -13 -12  -8  -6  -6  -5  -3 -12
DST0502*13  X220   0  -5  -4  -4  -7  -8 -10  -6  -9 -12 -13 -11 -10 -10  -6  -7  -6  -3  -2  -1  -1  -1  -4  -4  -2  -6
DST0502*14  X220   0  -2   0   1   1   1   3   4  -3  -2  -3  -6  -9 -12 -11  -8  -6  -4  -4 -11 -12 -15 -14 -15 -15  -6
DST0502*15  X220   0 -10  -9  -8  -6  -5  -4  -4  -1   1   3   4   6   4   2   0   0   2   1  -1  -2  -5   0   4   4  -1
DST0502*16  X220   0   1   0   6   0   2   2   0  -1   2   4  11  14   0  -9 -21 -26 -35 -41 -42 -35 -30 -24 -26 -25 -11
DST0502*17  X220   0 -14 -11 -13 -19 -23 -19 -17 -15 -12  -8  -7 -10 -11 -11  -9  -9 -14 -12 -10  -7 -10 -15 -11  -9 -12
DST0502*18  X220   0 -38 -77 -80 -68 -67 -62 -59 -55 -42 -38 -44 -45 -38 -38 -37 -38 -33 -42 -32 -29 -31 -32 -30 -32 -45
DST0502*19  X220   0 -30 -29 -29 -28 -28 -19 -17 -30 -23 -23 -22 -20 -24 -32 -33 -33 -26 -29 -28 -24 -19 -22 -21 -22 -25
DST0502*20  X220   0 -28 -30 -24 -22 -25 -31 -25 -20 -14 -11 -14 -15 -11 -18 -23 -28 -28 -29 -26 -27 -25 -27 -29 -30 -23
DST0502*21  X220   0 -29 -34 -41 -43 -41 -37 -37 -35 -32 -25 -23 -23 -23 -23 -24 -24 -23 -20 -14 -10 -10 -13 -14 -10 -25
DST0502*22  X220   0  -6  -3  -1  -1  -2  -1  -3  -4  -1   1   1  -3  -1   1   0  -2   1  -1  -1  -2  -2   0  -2   0  -1
DST0502*23  X220   0   3   6   6   5   5   5   6  11  12  10  10  13  17  18  17  12  13  15  15  17  26  16  16  17  12
DST0502*24  X220   0  19  22  21  17  13  12  10  12  12  12   9   9   5   0   6   9   8  11  11  14  12  10   6   2  11
DST0502*25  X220   0   7  11  13  12  10   9   3   2   1  -4  -1  -4  -2  -3  -4  -5  -5 -18 -13  -7  -4  -3  -3  -7  -1
DST0502*26  X220   0  -7  -6   0   2   0   1   1  -4   1   0   0   0   2   4   2  -3  -5  -9  -5  -3  -2  -9 -10 -10  -3
DST0502*27  X220   0  -7  -4   0   2   2  -5  -9  -9  -5  -2  -1  -1   1  -3  -3  -1   2   4   6   8   6   4   1   3   0
DST0502*28  X220   0   5   6  10   6   6   6  -2 -10  -8  -5  -1  -3  -5  -4  -4  -3  -2  -1   2   2   1   0  -5  -5  -1

DST0503*01  X220   0   0   9  13   8   5   6  -1  -3  -8  -6  -5  -7  -4  -3  -4  -7  -5   1   6   5   1   0  -5  -8  -1
DST0503*02  X220   0  -9  -7  -4  -5  -6  -5  -5  -4  -6  -7  -9  -7 -11 -11 -10 -12 -13  -7  -1   2   1   0   1   0  -6
DST0503*03  X220   0  -2  -1   2   3   1   0   1   2   2   3   2   0   2   3   3   1   0   1   0   2   2   3   4   2   2
DST0503*04  X220   0   2   4   3   2   2   0   1   1   3   5   6   6   3  -1   1   1   1   6   7   8   9  12  15  15   5
DST0503*05  X220   0  15  13  13  10  10   5  -2  -4  -1   7   9   5   4   3   0   2   0  -4  -9 -16 -21 -29 -24 -20  -1
DST0503*06  X220   0 -18 -13 -23 -26 -15 -11 -18 -23 -29 -27 -18 -14 -14  -9 -19 -44 -49 -43 -37 -37 -34 -35 -38 -48 -27
DST0503*07  X220   0 -54 -52 -42 -41 -38 -37 -39 -39 -36 -28 -25 -29 -24 -21 -30 -25 -19 -20 -19 -30 -30 -26 -31 -37 -32
DST0503*08  X220   0 -33 -33 -30 -30 -32 -32 -40 -47 -44 -35 -28 -27 -28 -23 -23 -23 -22 -20 -19 -21 -27 -26 -27 -21 -29
DST0503*09  X220   0 -19 -20 -24 -23 -18 -25 -25 -28 -27 -28 -26 -25 -20 -22 -24 -29 -26 -21 -19 -24 -28 -28 -25 -24 -24
DST0503*10  X220   0 -32 -40 -39 -28 -21 -21 -30 -31 -27 -26 -25 -26 -26 -24 -24 -23 -20 -18 -15 -15 -15 -15 -16 -18 -24
DST0503*11  X220   0 -15 -15 -19 -19 -16 -17 -20 -20 -16 -15 -14 -11  -9  -9 -12 -14 -12  -9  -6  -4  -3  -3  -4  -5 -12
DST0503*12  X220   0  -2  -1  -6  -9  -8  -9  -9  -9 -11 -10  -9  -8  -6  -5  -6  -6  -6  -4  -3  -2  -2  -3  -5  -7  -6
DST0503*13  X220   0  -7  -7  -3   0   3   3   1  -1  -1  -1  -1  -3  -4  -5  -4  -6  -1   2   1   3  -1  -8 -17 -23  -3
DST0503*14  X220   0 -22 -20 -12 -17 -23 -28 -17 -15 -15 -16 -13 -11 -24 -24 -25 -19 -18 -23 -25 -22 -17 -16 -19 -20 -19
DST0503*15  X220   0 -18 -15 -13 -11 -10 -10  -9  -8 -10 -12 -12 -10  -9  -7  -6  -4  -2   0   0  -2  -2  -4  -6  -9  -8
DST0503*16  X220   0  -6  -5  -1   2   3   5   6  10  10   9   7   8   5   6  -1  -5  -6  -5  -3  -4  -7 -11 -12 -13   0
DST0503*17  X220   0 -17 -19 -19 -18 -25 -27 -24 -26 -24 -23 -18 -20 -19 -14 -11  -8  -9 -19 -15 -12 -11 -12 -12 -11 -17
DST0503*18  X220   0 -10  -9  -7  -4  -3  -2  -2  -3  -8 -11  -9  -3   2   4   6   5   4  -5 -18 -32 -33 -31 -30 -34 -10
DST0503*19  X220   0 -33 -31 -28 -15 -16 -22 -25 -23 -21 -24 -26 -25 -26 -25 -23 -21 -17 -15 -14 -13 -11  -9  -9  -8 -20
DST0503*20  X220   0  -6  -9  -9  -7  -7  -8  -8  -6  -8 -12 -13 -14 -16 -15 -15 -14 -14 -15 -16 -16 -15 -16 -17 -19 -12
DST0503*21  X220   0 -19 -18 -18 -15 -14 -13 -13 -11 -10 -11 -10 -14 -19 -16 -10  -9 -10  -9 -11 -12 -15 -17 -13 -12 -13
DST0503*22  X220   0 -12 -13 -12  -8  -3  -2  -1  -1  -2  -2  -1   1   2   3   4   5   7   7   5   5   4   2   1  -1  -1
DST0503*23  X220   0   3   5   4   5   5   6  11  11  13  14  10  12  14  15  15  14  11   8   8   2   1   4   5   5   8
DST0503*24  X220   0   8   7   8   7   7   7   7   9   9   7   4   8  15  17   4   8   9  11  12  11   6   4  10  11   9
DST0503*25  X220   0  10  11   9  11   5 -13 -24 -25 -21 -19 -14  -3   0   0  -6  -5  -4  -8 -16 -16 -15 -16 -17 -19  -8
DST0503*26  X220   0 -13  -8  -5  -7  -7 -12 -16 -14  -9  -2  -1  -3  -7  -7  -9  -9  -9  -9  -5  -8  -7  -2   1   0  -7
DST0503*27  X220   0   0  -2  -2  -1   0  -4  -7 -11  -9 -10  -9  -6  -3  -9  -8  -6 -11 -13 -18 -20 -16 -17 -20 -21  -9
DST0503*28  X220   0 -18 -15 -10 -11 -11 -11 -10  -9  -9 -10  -9  -5  -3  -3  -4  -4  -5  -3  -4  -4  -4  -6  -7  -4  -7
DST0503*29  X220   0   2   3   5   6   6   5   4   3   4   2   1   3   6   8   9   9  10  12  11  10   9   6   1  -3   6
DST0503*30  X220   0  -3   0  -3  -2  -2  -7  -9 -10  -9 -15 -19 -14 -11 -10  -9 -12 -13 -14 -10  -8  -6  -5  -6  -5  -8
DST0503*31  X220   0  -3  -3  -4  -1  11  15  17  11   3   3   4   6   8   6   7   7   4   0  -5  -8  -6  -4  -2  -1   3

DST0504*01  X220   0   0   1   4   8   5   5   5   2  -8 -11 -11  -4  -1   6   8   3   6   5   2   0   2   1  -4  -5   1
DST0504*02  X220   0  -5  -1   3   5   8   9   9   8   9   8   2   5   6  10  11  12  11  14  13  14  14  13  11   8   8
DST0504*03  X220   0   8  14  18  20  12   7   5   4   0   0   1   5   7   7   5   6   7  13  13  14  17  17   5   0   9
DST0504*04  X220   0   4   9  10  12  17  20  16   8   1   1   4  12  10   6   4  -4 -11 -16 -13 -17 -19 -32 -40 -54  -3
DST0504*05  X220   0 -47 -51 -65 -67 -70 -70 -69 -70 -60 -47 -41 -38 -32 -35 -35 -30 -30 -30 -31 -24 -24 -26 -26 -32 -44
DST0504*06  X220   0 -31 -26 -30 -29 -29 -26 -21 -23 -24 -21 -16 -13 -15 -17 -18 -17 -11 -13 -18 -24 -27 -28 -25 -25 -22
DST0504*07  X220   0 -22 -22 -20 -22 -25 -23 -19 -18 -22 -22 -17 -13 -16 -17 -17 -15 -14 -13 -12 -13 -15 -17 -14 -12 -18
DST0504*08  X220   0 -10 -11  -8  -8 -11 -12 -10 -11 -10 -12 -15 -14 -11  -8  -4  -2  -3  -5  -7  -5  -4  -4  -4  -5  -8
DST0504*09  X220   0  -3  -3  -4  -3  -3  -2  -1  -2  -5  -5  -7  -5  -3   0   5   7  10  12  12  13  15  15  18  15   3
DST0504*10  X220   0  10   9   6   4   3   4   3   3   3   4   6   6   7   4   4   5   8   9   8   9   9   6   4   5   6
DST0504*11  X220   0   7   6   5   5   6   8  10  10   8   8  10  12  15  19  25  27  31  20   4 -12 -30 -34 -27 -35   4
DST0504*12  X220   0 -43 -46 -49 -50 -52 -62 -53 -45 -44 -43 -36 -37 -33 -32 -31 -27 -26 -26 -25 -21 -19 -15 -21 -24 -36
DST0504*13  X220   0 -17 -16 -21 -25 -34 -37 -39 -30 -32 -25 -22 -20 -19 -20 -19 -22 -31 -35 -35 -32 -24 -26 -33 -33 -27
DST0504*14  X220   0 -32 -30 -30 -27 -32 -30 -29 -26 -23 -23 -28 -31 -27 -19 -20 -21 -22 -19 -14 -11 -15 -14 -14 -12 -23
DST0504*15  X220   0 -14 -18 -20 -27 -29 -28 -24 -20 -20 -16 -18 -18 -15 -13 -17 -17 -14 -18 -21 -17 -16 -19 -17 -19 -19
DST0504*16  X220   0 -20 -24 -26 -27 -27 -26 -24 -20 -15 -13 -12 -10  -9  -9 -10 -12 -10 -10 -11  -8  -8 -10  -8  -8 -15
DST0504*17  X220   0  -8 -10 -11 -13 -12 -10  -9  -6  -6  -6  -3  -2  -4  -5  -6  -5  -5  -3  -3  -1   2   4   4   3  -5
DST0504*18  X220   0  -2  -6 -11 -13 -18 -22 -18  -8  -3  -1  -3  -5  -3  -1   3   2   1  -2  -8  -6  -6  -7 -13 -15  -7
DST0504*19  X220   0 -15 -16 -21 -23 -22 -19 -18  -9  -2   2   3   7   4   4   1   4   7   8   9   9   9  15  17  24  -1
DST0504*20  X220   0  17  16  12   9 -12 -27 -28 -20 -22 -12 -12 -25 -20 -20 -18 -18 -17 -17 -21 -25 -22 -20 -18 -16 -14
DST0504*21  X220   0 -17 -16 -14 -15 -15 -13 -12  -9  -7  -6  -6  -8  -9  -7  -6  -7  -7  -8  -7  -4   1   4   3   0  -8
DST0504*22  X220   0  -4  -6 -12 -12 -10  -4  -3  -4  -4  -2  -2  -2   1   0   0   0   1   3   1   0   3   1   4   6  -2
DST0504*23  X220   0  11  11   9   9  11  12  11   8   5   5   7   9   8   4   1   2   2  -1   1   4   6   8   9   9   7
DST0504*24  X220   0   5  -2  -8 -15 -15 -10  -5  -3  -5  -5  -2   2   2   3   0   0  -1  -2  -1  -1   0   2   3   1  -2
DST0504*25  X220   0   1   2   0  -1   0  -1   0   2   2   3   7   6   1   0   2   1   1   0  -2  -1   2   4   4   4   2
DST0504*26  X220   0   2   1   0   1   1   0   1   1   0   0   2   2   3   5   8   8   7   7   7   6   3   2   3   5   3
DST0504*27  X220   0   4   5   7   8   7   6   5   6   7   6   7   5   3   4   4   3   1   1   1   2   4   7   8   9   5
DST0504*28  X220   0  11  11  13  13  13  12  12  12  11  12  12  11  12  12  10   6   6   7   7   9  10  13  12  14  11
DST0504*29  X220   0  16  16  19  24  24  21  18  14  11  13  14  10   8   7   7   7  14  18  15  -1 -23 -29 -24 -16   8
DST0504*30  X220   0 -15 -28 -40 -38 -31 -24 -18 -16 -20 -14 -13 -13  -5  -7 -17 -15 -16 -10 -11 -11 -18 -16 -11  -8 -17

DST0505*01  X220   0  -8 -18 -24 -26 -26 -30 -33 -32 -31 -35 -32 -32 -28 -26 -28 -30 -30 -28 -23 -23 -23 -21 -18 -16 -26
DST0505*02  X220   0 -16 -17 -15 -17 -17 -16 -11  -9  -8 -10 -12 -11 -10 -11  -9  -6 -11  -9  -9 -10  -9  -6  -5  -7 -11
DST0505*03  X220   0  -7  -8  -6  -9 -13  -9 -11 -11 -11 -12 -18 -23 -19 -16 -18 -19 -22 -26 -24 -21 -20 -17 -14 -12 -15
DST0505*04  X220   0 -13 -18 -19 -16 -18 -17 -16 -14 -11  -9 -10 -11 -13 -15 -16 -15 -15 -16 -15 -12 -10  -7  -6  -6 -13
DST0505*05  X220   0  -8 -10  -8  -8 -10  -8  -8  -8  -8  -7  -2   0   0   1   1  -1   4   3   5   8  10   7  10  13  -1
DST0505*06  X220   0  13  11   6   5   5   6   8   8   9   9   9   9   8  17  17  20  19  19  17  20  21  17  17  13  13
DST0505*07  X220   0  10  13  12  11   9  10  11  11  10  10   7   5   3   8   7   5   5   8  15  25  13   6  -2 -19   8
DST0505*08  X220   0 -31 -68 -82 -82 -81 -76 -80 -81 -65 -56 -40 -33 -48 -62 -85 -83 -98-105-110-106-104 -94 -81 -70 -76
DST0505*09  X220   0 -64 -61 -64 -60 -56 -51 -53 -53 -51 -47 -43 -41 -39 -37 -39 -41 -43 -44 -44 -42 -43 -44 -52 -49 -48
DST0505*10  X220   0 -49 -52 -52 -55 -55 -54 -52 -51 -44 -39 -39 -38 -39 -33 -31 -32 -32 -32 -31 -29 -34 -38 -34 -31 -41
DST0505*11  X220   0 -27 -24 -17 -16 -17 -18 -17 -22 -28 -31 -34 -32 -26 -23 -21 -26 -28 -25 -26 -23 -19 -23 -22 -23 -24
DST0505*12  X220   0 -22 -23 -20 -24 -32 -27 -22 -23 -31 -30 -27 -23 -20 -17 -15 -20 -23 -23 -20 -23 -21 -24 -20 -12 -23
DST0505*13  X220   0 -21 -23 -32 -32 -38 -37 -42 -41 -38 -38 -38 -33 -30 -21 -23 -24 -27 -26 -25 -26 -24 -27 -23 -22 -30
DST0505*14  X220   0 -20 -18 -16 -17 -17 -17 -18 -18 -16 -16 -20 -19 -19 -19 -20 -21 -21 -20 -23 -28 -26 -19 -14 -11 -19
DST0505*15  X220   0 -14 -12  11  52  42  37 -58-229-247-222-184-175-162-157-146-135-118-100-105-115-120-108 -94-102-103
DST0505*16  X220   0 -99-101 -99 -99 -97 -91 -97 -87 -87 -88 -86 -88 -85 -83 -81 -82 -78 -74 -70 -71 -74 -77 -76 -71 -85
DST0505*17  X220   0 -66 -65 -67 -68 -74 -80 -76 -72 -69 -65 -64 -63 -65 -66 -64 -59 -63 -69 -72 -70 -64 -63 -61 -58 -67
DST0505*18  X220   0 -59 -63 -64 -64 -62 -59 -55 -53 -53 -49 -49 -49 -50 -49 -48 -46 -49 -48 -49 -49 -49 -45 -41 -39 -52
DST0505*19  X220   0 -39 -40 -36 -32 -26 -29 -31 -30 -32 -34 -39 -43 -37 -28 -25 -26 -30 -31 -31 -29 -21 -16 -10 -11 -29
DST0505*20  X220   0 -12 -12 -10  -3   8 -18 -54 -74 -83 -81 -72 -63 -65 -63 -49 -39 -36 -36 -34 -38 -41 -39 -43 -49 -42
DST0505*21  X220   0 -47 -41 -36 -44 -51 -61 -63 -59 -57 -58 -56 -56 -55 -49 -48 -50 -48 -52 -56 -56 -48 -44 -38 -34 -50
DST0505*22  X220   0 -36 -38 -33 -35 -35 -38 -38 -37 -39 -41 -40 -38 -34 -30 -28 -28 -29 -28 -28 -29 -31 -29 -27 -25 -33
DST0505*23  X220   0 -22 -18 -18 -18 -18 -19 -18 -18 -17 -16 -16 -13 -11 -13 -22 -27 -27 -23 -21 -22 -25 -24 -24 -21 -20
DST0505*24  X220   0 -16 -11  -9 -11 -11 -11 -10  -9  -9  -7  -7  -7  -6  -4  -5  -7  -7 -10 -11  -7  -6  -6  -6  -5  -8
DST0505*25  X220   0  -6  -4  -3  -2  -1  -2  -4  -6  -4  -2  -2  -3  -5  -5  -4  -5  -4  -7  -7  -7  -7  -7  -7  -7  -5
DST0505*26  X220   0  -7  -6  -3  -2  -1  -1   0  -2  -2  -2  -3  -2  -2  -1   1   4   3   3   1  -2   0   1   2   1  -1
DST0505*27  X220   0  -1  -1   0   1   3   3   3   2   1  -1  -3  -3  -2   1   2   1   2   6   7   5   4   3   3   1   2
DST0505*28  X220   0   1   2   4   4  11  23  29  39  36  28  24  26  21  21  17  15   1 -11 -20 -30 -33 -33 -24 -21   5
DST0505*29  X220   0 -25 -25 -23 -21 -21 -30 -27 -26 -32 -24 -11 -10  -9  -4   4  10   7   4   4  -3   0  19  23 -26 -10
DST0505*30  X220   0 -42 -37 -30 -29 -31 -22 -18 -36 -60 -78 -94-107-111-113-105 -91 -86 -96-102-108 -99 -95 -85 -76 -73
DST0505*31  X220   0 -72 -73 -78 -77 -71 -61 -59 -51 -42 -38 -35 -24 -27 -39 -33 -31 -26 -32 -32 -30 -25 -19 -22 -27 -43

DST0506*01  X220   0 -33 -34 -33 -31 -35 -33 -34 -36 -33 -29 -29 -29 -28 -24 -24 -25 -26 -30 -30 -29 -27 -27 -24 -23 -29
DST0506*02  X220   0 -23 -22 -22 -21 -19 -17 -17 -19 -18 -17 -16 -18 -13  -8  -4  -7  -5  -8 -10 -11 -16 -16 -23 -26 -16
DST0506*03  X220   0 -22 -19 -16 -17 -17 -18 -21 -19 -18 -13 -11 -13 -15 -14 -13 -15 -14 -16 -17 -15 -11 -11  -8  -5 -15
DST0506*04  X220   0  -4  -4  -5  -5  -6  -4  -4  -3  -2  -1  -1   3  18  33  27  17   6 -11 -18 -21 -30 -25 -28 -27  -4
DST0506*05  X220   0 -28 -26 -25 -28 -25 -25 -33 -33 -32 -32 -33 -30 -28 -26 -25 -26 -28 -30 -30 -27 -29 -28 -25 -32 -29
DST0506*06  X220   0 -26 -20 -18 -18 -18 -19 -24 -25 -25 -22 -20 -21 -23 -22 -19 -18 -19 -20 -19 -21 -22 -29 -29 -30 -22
DST0506*07  X220   0 -30 -32 -40 -40 -40 -43 -37 -31 -26 -23 -22 -23 -20 -21 -19 -20 -21 -21 -21 -21 -19 -24 -25 -24 -27
DST0506*08  X220   0 -27 -23 -19 -19 -17 -13 -14 -19 -21 -19 -17 -17 -13 -11  -9  -9 -12 -12 -14 -13  -9  -6  -7  -8 -15
DST0506*09  X220   0 -10 -10  -9  -9  -5  -2  -4  -6  -7  -6  -6  -6  -7  -7  -6  -8 -10 -10  -8 -10  -9  -8  -9 -11  -8
DST0506*10  X220   0 -11 -13 -10  -7  -4  -1  -2  -4  -4  -4  -2  -1  -1  -3  -4  -3  -4  -6  -7  -7  -7 -10 -11 -10  -6
DST0506*11  X220   0  -8  -7  -5  -2   0   3   5   1   0   2   5   4   4   8   8   5   1  -1   1   2   4   1  -1   0   1
DST0506*12  X220   0   7  13  11   8   9   9   4   7  20  17  15   7   7  11   3   5  13  14 -24 -56 -86 -96-103-100 -12
DST0506*13  X220   0-106 -99 -86 -86 -84 -68 -63 -58 -55 -59 -63 -61 -55 -53 -50 -50 -48 -50 -52 -48 -42 -37 -34 -32 -60
DST0506*14  X220   0 -28 -30 -27 -26 -27 -24 -23 -23 -21 -21 -24 -25 -22 -19 -15 -15 -17 -17  -6  -7 -16 -23 -14  -7 -20
DST0506*15  X220   0  -7  -9  -3  -7 -22 -14 -18 -34 -32 -36 -37 -39 -42 -41 -36 -31 -26 -24 -23 -22 -21 -20 -14  -8 -24
DST0506*16  X220   0  -7  -7  -9  -9  -8  -4   2   9   8   6 -22 -30 -27 -18 -15 -25 -30 -21 -22 -25 -25 -18 -16 -14 -14
DST0506*17  X220   0 -20 -33 -39 -39 -40 -33 -29 -26 -25 -25 -25 -29 -32 -28 -21 -22 -26 -24 -26 -26 -24 -24 -22 -18 -27
DST0506*18  X220   0 -16 -16 -13 -12 -13 -11 -12 -17 -17 -14 -15 -16 -16 -16 -15 -15 -18 -21 -21 -23 -22 -20 -15 -12 -16
DST0506*19  X220   0 -11 -11 -10 -12 -15 -16 -14 -12 -11 -10 -11 -15 -17 -14  -9 -10 -14 -13 -15 -14 -12  -9  -8  -5 -12
DST0506*20  X220   0  -3  -6  -7  -8  -7  -3  -2  -2  -3  -5  -4  -7  -6  -4  -4  -5  -5  -4  -5  -4  -5  -5  -6  -3  -5
DST0506*21  X220   0   0   1  -1  -2  -3  -4  -3  -3  -4  -4  -4  -3  -3  -1   0  -2  -2  -3  -2   1   8  13  16  18   1
DST0506*22  X220   0  23  23  17  18  14  11  10   9   9  11  14   9   7   9  12  11   9   8   7   7   5   0  -3   0  10
DST0506*23  X220   0  -5 -14 -16 -24 -29 -25 -34 -45 -53 -68 -85 -67 -65 -71 -63 -57 -51 -51 -56 -51 -47 -42 -39 -42 -46
DST0506*24  X220   0 -43 -49 -52 -48 -44 -41 -36 -35 -34 -29 -27 -22 -17 -17 -23 -27 -30 -31 -30 -28 -26 -24 -22 -23 -32
DST0506*25  X220   0 -27 -30 -35 -36 -24 -22 -21 -22 -21 -20 -19 -18 -16 -10  -6  -6 -10 -14 -13 -18 -21 -27 -25 -19 -20
DST0506*26  X220   0 -15 -19 -23 -26 -22 -18 -18 -16 -19 -20 -18 -15 -14 -14 -16 -18 -20 -21 -21 -19 -16 -14 -14 -15 -18
DST0506*27  X220   0 -14 -14 -15 -13 -12 -12 -10  -9  -9  -8  -7  -7  -9 -10  -5  -2   3   4   6   3  -1   3   3  -1  -6
DST0506*28  X220   0  -3  -5  -4  -4  -7  -9  -7  -6  -3  -1   0   4   2  -1  -2  -2  -1   3   4   5   6   7   7   2  -1
DST0506*29  X220   0  -4  -5  -5  -5  -4  -4  -3   2   3   1  -2  -5  -7  -8  -9  -7  -6  -3  -2  -1   2   6  10  13  -2
DST0506*30  X220   0   7   2  -2  -1   1   1   2   3   4   5   3   2   3   5   4  -1   0   0   0   1   3   8   8   9   3

DST0507*01  X220   0   8   4  -2  -5  -2   0   2   3   9  16  20  18  14  12  27  23  11   6   8  -2  -9  -8  -6 -11   6
DST0507*02  X220   0 -10 -14 -12 -13 -12  -9  -9  -6  -8  -7  -7  -8  -6  -5  -4  -4  -8  -7  -9  -9  -9 -12 -12 -15  -9
DST0507*03  X220   0 -15 -16 -12 -12 -11  -9  -5  -3 -10 -12  -9  -2   3   0  -5  -6  -6  -3  -1   0   1   3   4   5  -5
DST0507*04  X220   0   3  -3  -5  -5  -3  -3  -3  -4  -2  -3  -1  -3  -2   0   0  -1  -2   2   3   2   2   0   3   4  -1
DST0507*05  X220   0   4   6   7   7   6   4   5   2   0  -3  -3  -2   1   1   3   3   2   2   1   3   5   7   7   8   3
DST0507*06  X220   0   5   3   3   2   2   3   5   7   9  10  10   9   9  12  12  10   7   7   7   7   6   5   3   9   7
DST0507*07  X220   0  10   7   7   6   6   9   9  11   9  10   8   3   5   8   8   5   1   2   2  -1  -2  -2   1  -1   5
DST0507*08  X220   0  -3  -4  -1   9   9   9  11  12  13  14  14  15  15  16  17  17  18  15  17  15  13  13  12   8  11
DST0507*09  X220   0   6   4  14  19  26  20  10   2  -7 -18 -28 -24 -28 -37 -43 -46 -49 -49 -54 -53 -55 -51 -47 -47 -22
DST0507*10  X220   0 -50 -45 -39 -34 -31 -21 -22 -23 -10  -1   7  10 -48 -63 -62 -57 -62 -51 -55 -73 -92 -89 -65 -62 -43
DST0507*11  X220   0 -70 -74 -75 -65 -58 -58 -57 -40 -25 -18 -18 -27 -33 -30 -35 -41 -45 -45 -51 -54 -46 -39 -37 -44 -45
DST0507*12  X220   0 -47 -53 -60 -67 -72 -78 -75 -67 -51 -44 -44 -53 -50 -46 -46 -50 -48 -48 -46 -45 -44 -37 -30 -25 -51
DST0507*13  X220   0 -26 -28 -27 -29 -28 -11  -8 -14 -28 -37 -43 -47 -34 -36 -38 -44 -48 -46 -40 -39 -34 -33 -28 -25 -32
DST0507*14  X220   0 -25 -27 -29 -31 -33 -32 -26 -25 -28 -29 -27 -27 -28 -29 -29 -30 -32 -30 -28 -26 -23 -17 -13 -14 -27
DST0507*15  X220   0 -18 -21 -23 -18 -17 -16 -15 -15 -14 -12 -12 -13 -14 -16 -18 -17 -20 -18 -14 -17 -13 -10 -11 -13 -16
DST0507*16  X220   0 -12 -11  -7  -8 -16 -17 -21 -21 -14  -9  -5  -4  -3  -6  -9 -12 -16  -4   1   0  -1   3   7   4  -8
DST0507*17  X220   0  -3  -2   8   6  10  13   7   1  -2 -21 -34 -30 -17 -10 -18 -27 -25 -12 -15 -12  -9  -5  -8 -14  -9
DST0507*18  X220   0 -28 -39 -49 -58 -58 -61 -67 -56 -56 -51 -45 -39 -35 -29 -29 -25 -23 -22 -23 -28 -32 -29 -23 -26 -39
DST0507*19  X220   0 -26 -28 -28 -30 -28 -28 -24 -20 -18 -16 -13 -12 -13 -15 -17 -17 -15 -15 -16 -17 -19 -22 -19 -15 -20
DST0507*20  X220   0 -18 -13  -8  -4  -9 -16 -13  -5  -2   1   3   4 -15 -24 -18 -18 -21 -23 -30 -29 -23 -16  -9  -5 -13
DST0507*21  X220   0 -26 -41 -42 -32 -33 -26 -30 -26 -31 -23 -19 -16 -14 -16 -19 -23 -24 -32 -31 -34 -31 -27 -24 -23 -27
DST0507*22  X220   0 -23 -18 -15 -16 -18 -20 -21 -16 -14 -12 -11 -10  -7 -12 -23 -26 -25 -22 -21 -24 -18 -15 -12 -11 -17
DST0507*23  X220   0 -12 -15 -19 -20 -20 -20 -18 -17 -20 -19 -15 -13 -15 -19 -21 -21 -21 -18 -15 -13 -10  -7  -8  -7 -16
DST0507*24  X220   0  -5  -5  -6  -5  -6  -5  -7  -6  -7  -6  -4  -1  -2  -3  -4  -1   1   1  -2  -1   2   3   0  -3  -3
DST0507*25  X220   0   0   2   1   1   1   3   3   1   1   1   0  -2  -3  -4  -2   2   2   7   9  10  10  10   4   7   3
DST0507*26  X220   0   3   0  -6  -9  -8  -7  -6  -8  -7  -5  -1   1   1   3   5   7   7   6   6   7   9  12  12  10   1
DST0507*27  X220   0   2   1   0  -5  -7  -7  -5  -3  -6  -7  -7  -5  -3   0  -1  -4  -7  -7  -3   3   5   5  10   6  -2
DST0507*28  X220   0  -6  -7  -5 -15 -29 -41 -35 -31 -29 -31 -34 -29 -21 -25 -32 -26 -25 -27 -31 -27 -27 -22 -11  -9 -24
DST0507*29  X220   0 -16 -18 -16 -11  -5 -12  -9  -4  -1  -1  -2  -6  -7  -3  -7  -9 -13 -16 -18 -18 -14 -14 -16 -12 -10
DST0507*30  X220   0 -16 -21 -14 -19 -19 -18 -13 -13 -20 -18 -14 -11 -12 -12 -13 -13 -11 -10 -10  -8  -3   2   3  -3 -12
DST0507*31  X220   0  -6  -5  -3  -1  -5  -7  -9  -9  -6  -5  -4  -1  -2  -6  -9  -5  -4  -6  -8  -9  -8  -6  -5 -18  -6

DST0508*01  X220   0 -23 -20 -15 -15 -13 -11  -5   1   0  -6  -4  -8  -6  -7  -7 -11 -15 -12  -8  -7  -5 -10 -10 -12 -10
DST0508*02  X220   0 -15  -6  -4  -4  -2  -2   3   5   5  12  13   2  10   0   0   0  -3  -3  -3  -8  -4  -4  -6  -8  -1
DST0508*03  X220   0 -11 -15 -14 -11 -10 -12 -12 -11  -9 -10  -9  -9  -8  -7  -5  -4  -2  -5  -6  -9 -12  -9  -7 -12  -9
DST0508*04  X220   0 -10 -13 -11 -14 -17 -20 -18 -21 -21 -23 -22 -22 -21 -16 -12 -15 -18 -19 -20 -22 -20 -15 -13  -6 -17
DST0508*05  X220   0  -5  -6  -6  -7  -7  -7 -11 -12 -14  -8  -5  -2   0   0   1   2   2  -6 -14 -15 -12 -10 -10  -9  -7
DST0508*06  X220   0 -22 -32 -25 -17 -21 -28 -22 -24 -29 -21 -13  -7 -10 -16 -21 -26 -32 -37 -44 -46 -42 -30 -29 -30 -26
DST0508*07  X220   0 -30 -35 -34 -30 -28 -28 -31 -30 -30 -30 -27 -20 -20 -20 -21 -21 -19 -20 -24 -26 -24 -19 -18 -17 -25
DST0508*08  X220   0 -19 -23 -19 -16 -15 -12 -13 -17 -18 -15 -15 -14 -10 -12 -15 -14 -14 -12 -10  -9  -7 -10 -14 -11 -14
DST0508*09  X220   0 -11 -15 -16 -13  -9  -9  -7  -9 -11 -13 -13 -12  -9  -5  -6  -9  -8 -15 -23 -23 -16 -11  -9  -9 -12
DST0508*10  X220   0 -10 -10  -8  -7  -8  -8  -8 -10 -24 -38 -46 -47 -45 -37 -41 -43 -38 -34 -33 -32 -29 -27 -23 -21 -26
DST0508*11  X220   0 -21 -18 -14 -12 -12 -13 -14 -17 -18 -18 -20 -16 -14 -13 -12 -13 -13 -11 -12 -11  -6  -5  -4  -3 -13
DST0508*12  X220   0  -7 -11 -13 -12 -12 -12 -11 -11 -12 -12 -12 -14 -15 -13  -9  -6  -3  -5  -8  -9  -6  -1   0  -1  -9
DST0508*13  X220   0  -1   3   0  -9 -16   0   5   5   6   8   8  14  15  10   8   5   1  -1  -4  -7  -9 -12  -8  -7   1
DST0508*14  X220   0 -12 -13 -13  -9 -10  -6  -6 -10 -10 -10  -8  -7  -8 -10  -7  -3  -2  -2  -4  -5  -3  -3  -2  -3  -7
DST0508*15  X220   0  -3  -1  -2  -3  -7  -9  -5  -2   1   7   9  14  18  14  12  14  18  11   6   3   6  11  10  16   6
DST0508*16  X220   0  17  15  21  18  -1  -5   0   2   1   1  -3  -6  -4  -5  -4  -5  -7  -9  -8  -8  -8  -2   2   0   0
DST0508*17  X220   0   0  -4  -7  -7 -15 -13 -14  -8  -1  -3  -7  -8  -7 -12 -10 -12 -16 -13 -13 -14 -13 -12 -12 -10 -10
DST0508*18  X220   0  -6  -3   2   3  -2  -6 -12 -10 -11  -7  -9 -11  -9 -13 -11  -7  -6 -11 -12 -11 -10  -7  -3  -5  -7
DST0508*19  X220   0  -6  -3  -1  -1   0  -1  -5  -5  -4  -6  -7 -10 -13 -14 -12  -8  -3  -2  -3  -3  -3  -7  -5  -2  -5
DST0508*20  X220   0   3   4   6   7   5   4   1   1   1   0   0  -1  -2  -1  -1   1   6   6   1  -2  -4  -2   2   6   2
DST0508*21  X220   0   4   6  11  15  17  18  15  13  15  13  12  16  19  17  24  33  25   9   4   5   2  -5  -7 -10  11
DST0508*22  X220   0 -11 -14  -9  -8  -7   4   9   6   0  -1  -1  -5  -7  -4   0   1   0   1  -7  -7  -7  -6  -6 -12  -4
DST0508*23  X220   0 -16 -10  -6  -3  -4  -7  -9 -11 -11  -8  -9 -10 -13 -15 -15 -16 -13 -12 -10  -9  -1   2   2  -2  -9
DST0508*24  X220   0  -1   4   6  10  16  13  29   1   0 -14-130-184-163-160-142-142-139-133-145-144-123-110-111-109 -78
DST0508*25  X220   0-106-106 -94 -79 -78 -87 -86 -81 -77 -72 -66 -70 -67 -57 -58 -55 -57 -60 -64 -64 -60 -58 -53 -50 -71
DST0508*26  X220   0 -47 -47 -50 -53 -52 -53 -54 -58 -53 -47 -46 -47 -47 -48 -46 -45 -42 -40 -39 -39 -37 -33 -32 -34 -45
DST0508*27  X220   0 -36 -37 -36 -36 -37 -35 -33 -33 -38 -37 -33 -29 -30 -34 -37 -36 -35 -36 -40 -40 -39 -39 -36 -37 -36
DST0508*28  X220   0 -38 -40 -38 -36 -33 -27 -23 -19 -18 -18 -19 -21 -20 -18 -20 -22 -20 -21 -20 -23 -27 -31 -29 -29 -25
DST0508*29  X220   0 -32 -35 -35 -39 -39 -36 -36 -38 -35 -30 -27 -27 -26 -27 -28 -30 -28 -26 -27 -27 -25 -22 -20 -21 -30
DST0508*30  X220   0 -20 -19 -14 -10  -9 -12 -12 -12 -14 -15 -15 -15 -16 -15 -16 -15 -14 -14 -16  -5  -6 -18 -21 -20 -14
DST0508*31  X220   0 -16 -10  -5   0   3  -1  -1 -12  -8  -1   0   5   8 -16 -55 -80 -93-111-119-122-113-115-111 -99 -45

DST0509*01  X220   0 -86 -81 -70 -72 -67 -69 -70 -62 -57 -54 -52 -54 -51 -44 -46 -45 -43 -42 -41 -42 -45 -45 -42 -38 -55
DST0509*02  X220   0 -37 -36 -36 -34 -36 -41 -44 -44 -40 -43 -46 -45 -46 -43 -31 -28 -35 -39 -45 -49 -40 -40 -40 -43 -40
DST0509*03  X220   0 -43 -48 -60 -56 -57 -63 -58 -54 -52 -61 -60 -57 -50 -47 -52 -50 -46 -42 -41 -44 -42 -43 -46 -50 -51
DST0509*04  X220   0 -49 -39 -35 -39 -46 -56 -61 -63 -61 -71 -61 -49 -49 -44 -47 -45 -45 -46 -36 -36 -43 -41 -40 -41 -48
DST0509*05  X220   0 -42 -39 -33 -31 -30 -32 -32 -32 -37 -36 -36 -34 -34 -34 -33 -34 -34 -34 -33 -35 -35 -32 -32 -33 -34
DST0509*06  X220   0 -39 -42 -36 -29 -24 -21 -23 -25 -26 -25 -31 -31 -29 -30 -34 -33 -31 -29 -32 -32 -31 -29 -28 -25 -30
DST0509*07  X220   0 -24 -19 -16 -12 -14 -23 -28 -26 -28 -31 -33 -29 -25 -23 -24 -23 -21 -17 -16 -16 -15 -16 -16 -17 -21
DST0509*08  X220   0 -20 -26 -29 -25 -22 -22 -22 -21 -23 -26 -22 -14 -12 -10 -13 -15 -15 -14 -19 -19 -16 -14 -16 -18 -19
DST0509*09  X220   0 -20 -15 -12  -9  -9  -8  -5  -4  -6 -10  -9 -15 -12 -12  12  -7 -23 -30 -26 -21 -28 -30 -36 -31 -15
DST0509*10  X220   0 -31 -23 -19 -14  -7 -13 -23 -35 -30 -24 -20 -23 -18 -13 -16 -24 -29 -42 -53 -56 -54 -69 -73 -68 -32
DST0509*11  X220   0 -59 -23 -10 -30 -41 -55 -96-119-119-127-139-120-108-107-101 -97 -88 -86 -87 -88 -82 -77 -77 -80 -84
DST0509*12  X220   0 -79 -80 -72 -65 -67 -68 -62 -58 -69 -70 -77 -65 -63 -61 -58 -64 -64 -60 -51 -59 -85 -89 -74 -71 -68
DST0509*13  X220   0 -88 -85 -73 -75 -81 -81 -78 -72 -66 -70 -72 -84 -86 -85 -79 -80 -78 -77 -76 -78 -73 -64 -55 -57 -76
DST0509*14  X220   0 -58 -57 -53 -52 -51 -62 -69 -63 -66 -59 -64 -63 -60 -53 -54 -53 -50 -49 -44 -47 -48 -47 -48 -48 -55
DST0509*15  X220   0 -47 -39 -37 -34 -34 -36 -36 -34 -29 -26 -32 -44 -43 -55 -59 -64 -80 -55 -48 -54 -64 -74 -76 -66 -49
DST0509*16  X220   0 -60 -57 -52 -52 -53 -52 -54 -55 -58 -60 -59 -52 -50 -49 -51 -46 -44 -44 -46 -53 -57 -53 -48 -45 -52
DST0509*17  X220   0 -43 -39 -36 -35 -38 -43 -42 -42 -42 -43 -42 -40 -42 -46 -47 -46 -47 -45 -41 -38 -38 -38 -43 -43 -42
DST0509*18  X220   0 -38 -32 -31 -32 -33 -39 -44 -44 -48 -48 -46 -51 -53 -49 -51 -49 -45 -43 -42 -38 -37 -37 -37 -37 -42
DST0509*19  X220   0 -36 -32 -28 -25 -25 -31 -34 -36 -37 -40 -41 -37 -35 -37 -38 -37 -35 -35 -37 -34 -32 -33 -35 -32 -34
DST0509*20  X220   0 -28 -25 -22 -21 -24 -29 -37 -42 -41 -37 -38 -37 -36 -34 -35 -37 -37 -33 -29 -27 -29 -29 -31 -33 -32
DST0509*21  X220   0 -31 -27 -18 -16 -19 -23 -26 -27 -26 -26 -24 -24 -22 -25 -23 -20 -18 -17 -21 -22 -23 -26 -27 -24 -23
DST0509*22  X220   0 -24 -22 -21 -20 -19 -17 -15 -19 -20 -24 -24 -19 -17 -19 -18 -22 -22 -23 -21 -23 -18 -17 -19 -18 -20
DST0509*23  X220   0 -24 -22 -18 -16 -19 -27 -30 -25 -28 -27 -25 -23 -21 -25 -25 -23 -22 -19 -19 -18 -20 -19 -18 -19 -22
DST0509*24  X220   0 -21 -23 -23 -20 -17 -15 -16 -15 -13 -12 -10  -8 -10  -7  -7  -8 -12 -11  -6  -6  -3  -4  -6  -6 -12
DST0509*25  X220   0  -5  -3  -3   0   1   1   0   2   3   6   5  -3 -11  -8  -6  -5  -5  -3  -2  -4  -5  -3   1   3  -2
DST0509*26  X220   0   6  -3 -12 -18 -21 -17 -16  -6  -6 -11 -19 -24 -32 -31 -17 -12 -11 -12 -24 -24 -24 -27 -21  -8 -16
DST0509*27  X220   0  -4  -5 -11 -19 -21 -26 -29 -28 -33 -35 -31 -30 -23 -24 -25 -23 -20 -14  -8  -7  -6  -8 -12 -10 -19
DST0509*28  X220   0  -9  -4  -2  -4 -10 -20 -28 -29 -24 -24 -20 -21 -28 -28 -28 -31 -32 -22 -12  -7 -10 -16 -13  -6 -18
DST0509*29  X220   0  -7 -10  -4  -5  -3  -6  -8  -6  -8 -11 -13 -12 -14 -15 -16 -18 -21 -19 -18 -17 -10 -10 -10  -7 -11
DST0509*30  X220   0  -2  -5  -6  -1  -4  -9 -13 -13 -14 -16 -11  -4  -1  -1  -5  -8  -5  -1  -3  -8 -15 -16 -16 -14  -8

DST0510*01  X220   0 -10 -11 -14 -15 -14 -11 -19 -22 -23 -27 -27 -29 -28 -27 -24 -23 -22 -20 -18 -16 -17 -21 -20 -23 -20
DST0510*02  X220   0 -27 -28 -27 -27 -27 -23 -23 -21 -17 -18 -17 -15 -19 -21 -20 -26 -26 -22 -17 -14 -15 -17 -20 -22 -21
DST0510*03  X220   0 -25 -25 -23 -22 -22 -20 -22 -17 -17 -19 -19 -18 -13 -12 -13 -12 -13 -11 -10 -10 -11  -9 -10 -11 -16
DST0510*04  X220   0 -11 -11 -12 -10  -8  -8 -10  -8  -9 -10  -8 -11 -12 -11 -12 -14 -15 -14 -12  -9 -10 -11 -10 -10 -11
DST0510*05  X220   0  -9  -9 -10 -13 -16 -14 -13  -9  -8  -7 -10  -6  -8  -9 -10  -8  -8  -9 -10  -8  -9  -9  -8 -10 -10
DST0510*06  X220   0 -12 -13 -10  -8  -6  -7 -11 -11 -10  -9  -9  -8  -8 -10  -9  -7  -8  -8  -7  -6  -3  -2  -1  -1  -8
DST0510*07  X220   0   0   2   4   5  10  12   9   4   1  -1   0   4   1  -4  -4  -2   2   0   1  -1  -2 -29 -42 -27  -2
DST0510*08  X220   0 -19 -17 -13 -23 -21 -31 -35 -50 -46 -40 -36 -29 -29 -27 -25 -27 -26 -21 -20 -18 -21 -20 -19 -12 -26
DST0510*09  X220   0  -9 -15 -17 -17 -17 -15 -14 -14 -16 -15 -14 -15  -9 -10 -12 -13 -12 -10 -12 -13 -10 -10 -12 -12 -13
DST0510*10  X220   0  -9 -10 -12 -12  -9 -11 -16 -19 -19 -10 -12 -10 -10  -8 -10 -10 -10 -12 -13 -13 -12 -13 -16 -22 -12
DST0510*11  X220   0 -23 -20 -20 -19 -19 -17 -16 -15 -12 -10 -11 -11 -12 -14 -14 -15 -21 -20 -17 -12 -18 -18 -14 -14 -16
DST0510*12  X220   0 -14 -12 -12 -13 -12 -12 -11 -11 -10  -9  -7  -6  -9 -10 -10  -9  -6  -5  -4  -4  -5  -5  -5  -7  -9
DST0510*13  X220   0  -6  -6  -7  -8  -7  -7  -5  -5  -3  -2  -1   1   0  -2  -3  -4  -4  -7 -10  -9 -11 -11 -13 -15  -6
DST0510*14  X220   0 -16 -17 -16 -15 -14 -10  -5  -3  -4  -4  -2  -2  -4  -2   0   1   1  -1  -1  -1  -1  -3  -3  -2  -5
DST0510*15  X220   0   0   3   3   4   3   2  -3  -1  -2  -4  -4  -1   0   0   0   0  -2  -4  -4  -1   1   3   3   4   0
DST0510*16  X220   0   4   0  -4 -11 -12 -12 -17 -20 -21 -19 -20 -22 -24 -23 -21 -21 -23 -22 -19 -16 -15 -13 -11 -25 -16
DST0510*17  X220   0 -23 -14 -11 -19 -29 -31 -31 -36 -36 -32 -27 -22 -26 -31 -29 -24 -23 -21 -19 -19 -20 -17 -14 -12 -24
DST0510*18  X220   0 -10 -11 -14 -18 -20 -17 -19 -19 -20 -15 -13 -12 -15 -13  -9 -10 -11 -11 -11 -12 -15 -16 -14 -14 -14
DST0510*19  X220   0 -13 -14 -17 -21 -24 -22 -22 -24 -26 -27 -22 -19 -20 -22 -17 -15 -16 -15 -18 -15 -14 -18 -19 -20 -19
DST0510*20  X220   0 -18 -17 -18 -18 -16 -15 -12 -11 -12 -10  -9 -10  -9  -8  -6  -6  -5  -6  -7  -7  -6  -5  -5  -6 -10
DST0510*21  X220   0  -4  -3  -2  -1  -1   0   0   2   3   7   9   8   6   5   5   5   5   5   6   7  11  21  28  29   6
DST0510*22  X220   0  20  13   3   3   1   0  -2  -5  -8  -8 -10 -12 -12  -8  -5  -3  -3  -2  -1  -2  -1   2   1  -1  -2
DST0510*23  X220   0   0  -1   2   5   5   5   4   3   6   6   4   3   3   2   1  -3  -2  -1   0  -1  -1   0   2   2   2
DST0510*24  X220   0   2   4   6   8  10   9   8   8   9   6   3   1  -4  -6  -6  -9  -6  -1   0  -4  -1   1   6  21   3
DST0510*25  X220   0  28  22  12  17   5  -3 -21 -24 -33 -28 -28 -27 -24 -23 -22 -26 -24 -26 -29 -29 -35 -37 -28 -18 -17
DST0510*26  X220   0 -17 -20 -18 -17 -21 -26 -29 -27 -25 -21 -20 -19 -19 -17 -12 -12 -10 -11 -12 -20 -21 -17 -14 -14 -18
DST0510*27  X220   0 -15 -19 -18 -15 -14 -14 -12 -11  -6  -3  -8  -8  -7  -3  -8 -13 -18 -17 -14 -14 -14 -14 -14 -13 -12
DST0510*28  X220   0 -12  -9  -9 -10  -9  -7  -7  -8 -10 -13 -15 -13 -11 -13 -15 -16 -16 -14 -12 -11 -13 -11  -9  -6 -11
DST0510*29  X220   0  -6  -5  -4  -6  -6  -7  -6  -2  -2  -1   0  -2  -2  -2   1  -1  -2  -5  -7  -9  -9  -6  -4  -3  -4
DST0510*30  X220   0  -4  -5  -7  -8  -4   2   6   7   7   6   5  -2  -2  -2  -3  -3  -6  -7  -9 -10 -11  -9 -11  -9  -3
DST0510*31  X220   0  -7  -6  -6   1   5   6   7   8   5   0  -5 -13 -22 -23 -31 -39 -46 -53 -62 -71 -74 -64 -58 -55 -25

DST0511*01  X220   0 -51 -46 -45 -41 -36 -35 -33 -32 -31 -29 -31 -35 -34 -32 -32 -27 -29 -30 -34 -33 -31 -30 -31 -30 -34
DST0511*02  X220   0 -23 -21 -23 -24 -23 -19 -17 -16 -17 -20 -18 -16 -12  -8  -5  -2  -3  -2   7   7  -7 -17 -17 -18 -13
DST0511*03  X220   0 -20 -20 -19 -24 -30 -21 -17 -18 -16 -14 -16 -27 -29 -26 -23 -21 -23 -34 -38 -28 -29 -28 -28 -22 -24
DST0511*04  X220   0 -18 -16 -13 -13 -18 -20 -11  -7 -13 -11 -15 -26 -27 -23 -21 -19 -19 -20 -25 -20 -21 -22 -20 -21 -18
DST0511*05  X220   0 -19 -19 -18 -18 -17 -21 -22 -17 -17 -15 -15 -17 -18 -15 -15 -15 -15 -15 -14 -13 -13 -14 -17 -17 -17
DST0511*06  X220   0 -18 -18 -20 -21 -18 -15 -14 -15 -16 -26 -26 -21 -17 -17 -18 -24 -26 -25 -21 -19 -23 -23 -22 -24 -20
DST0511*07  X220   0 -21 -18 -17 -15 -13 -11 -11 -12 -12 -10 -12 -13 -14 -14 -14 -13 -12 -12 -14 -13 -13 -12 -13 -11 -13
DST0511*08  X220   0 -10  -9  -7  -8  -8  -8  -7  -5  -4  -6  -7  -8  -6  -5  -4  -5  -4  -4  -7  -8  -8  -9  -7  -9  -7
DST0511*09  X220   0 -10  -9  -5  -1   2   0  -4  -5  -3  -1  -2  -2  -4  -4  -3  -4  -7  -7  -7  -6  -7  -5  -4  -4  -4
DST0511*10  X220   0  -5  -5  -5  -4  -2  -1   0  -1  -3  -3  -4  -5  -3  -3  -2  -1   0  -4  -7  -9 -10  -8  -4  -3  -4
DST0511*11  X220   0   2   3   5  -3  -6  -5  -2  -3  -1  -2  -5  -6  -5  -6  -5  -6  -9 -10 -11  -9  -5  -2  -3  -6  -4
DST0511*12  X220   0 -11 -12 -10 -12  -9  -6  -8 -15 -21 -23 -24 -26 -27 -22 -18 -13 -16 -19 -16 -17 -17 -16 -17 -15 -16
DST0511*13  X220   0 -14 -13 -14 -20 -25 -26 -24 -21 -23 -27 -28 -31 -32 -35 -39 -42 -42 -36 -31 -30 -29 -27 -22 -20 -27
DST0511*14  X220   0 -17 -22 -29 -33 -32 -31 -28 -25 -20 -22 -21 -17 -15 -16 -18 -18 -16 -15 -14 -17 -22 -23 -18 -16 -21
DST0511*15  X220   0 -15 -14 -12 -12 -14 -16 -17 -16 -17 -14 -13 -14 -16 -16 -16 -13 -12 -12 -11 -11 -10 -10 -10 -12 -13
DST0511*16  X220   0 -14 -12 -11 -11 -10  -8  -6  -3  -2   1   1  -3  -3  -7  -8  -8  -9  -5  -4  -1  -1  -3  -7  -8  -6
DST0511*17  X220   0  -9  -7  -7  -7  -6  -6  -8 -10  -9  -8  -6  -4  -4  -4  -4  -3  -3  -1  -1  -1  -2  -1   1   2  -5
DST0511*18  X220   0   4   6   6   3   1   1   4   6   6   6   3   0   0   1   0  -1  -3  -2   7  12  11  12  17  13   5
DST0511*19  X220   0  11   8   2   4   6   8  10  12  14  14  12  16  19  22  25  15  -2 -11 -10 -12 -24 -31 -36 -27   2
DST0511*20  X220   0 -23 -22 -18 -16  -9 -13 -14 -10 -15 -20 -24 -20 -17 -15 -14 -10  -9 -11 -12 -11 -13 -11 -11 -15 -15
DST0511*21  X220   0 -14 -14 -15 -19 -21 -18 -14 -13 -10  -9  -9  -9 -10 -11 -10  -9 -10 -12  -8  -7  -3   0   2   1 -10
DST0511*22  X220   0   1   1   1   0  -2  -2  -3  -2  -4  -2  -6 -10 -13 -14 -11 -13 -16 -16 -15 -14 -16 -17 -14 -10  -8
DST0511*23  X220   0 -11 -10 -10 -11 -15 -14 -17 -17 -17 -13 -16 -18 -21 -23 -22 -18 -16 -16 -17 -16 -17 -15 -17 -21 -16
DST0511*24  X220   0 -24 -25 -24 -22 -22 -22 -23 -18 -11 -12 -11  -8 -12 -17 -20 -21 -21 -19 -21 -19 -18 -20 -20 -23 -19
DST0511*25  X220   0 -22 -22 -25 -28 -26 -26 -26 -28 -26 -21 -20 -20 -20 -18 -17 -18 -16 -14 -10 -14 -14 -13 -11 -13 -20
DST0511*26  X220   0 -14 -13 -11 -10  -7  -9 -12 -11 -11 -14 -19 -20 -22 -21 -17 -18 -16 -15 -13 -11  -9  -7  -7  -6 -13
DST0511*27  X220   0  -5  -4  -7 -10 -11 -11  -8  -5  -4  -6  -8  -6  -4  -3  -3  -2  -5  -6  -2   1   1   1   3   5  -4
DST0511*28  X220   0   5   2   1   1   2   0  -6 -13 -12  -7  -6  -7  -5  -5   3   7   8   7   4  13  16   6  -7 -12   0
DST0511*29  X220   0  -9  -7  -5  -4  -6  -7  -6  -5  -4  -5  -8  -8  -7  -6  -4  -2   0   3   4   6   9   9   4  16  -2
DST0511*30  X220   0  20   8   3  -3  -3  -2  -5  -4  -8 -11 -16 -16 -11  -5  -4  -5  -5  -4  -5  -5  -3   1   4   1  -3

DST0512*01  X220   0 -11 -10 -11 -13 -14 -12  -8  -5  -1  -2 -10 -13 -12 -10 -10 -12 -13 -11  -6  -3  -7  -7  -3  -7  -9
DST0512*02  X220   0 -10 -12 -11 -12 -14 -16 -13 -13 -12 -15 -16 -13 -12 -13 -10  -8  -9  -8 -11  -6  -3  -5   0  -1 -10
DST0512*03  X220   0  -5 -11 -13 -12  -8  -9  -9 -10 -10 -11 -12  -7 -11  -7  -7 -10 -10 -11 -10 -11 -20 -19 -21 -18 -11
DST0512*04  X220   0 -13 -12 -13 -13 -15 -17 -18 -15 -12 -11 -11 -10 -10  -8 -10 -11 -13  -9  -8  -8  -6  -7  -7  -6 -11
DST0512*05  X220   0  -5  -4  -5  -6 -10 -12 -13 -11  -7  -3  -4  -6  -8  -9  -9  -8  -9  -7  -1  -1   3   3   5   5  -5
DST0512*06  X220   0   6   3   3   2   1  -1  -3  -1   0   0  -3  -6  -6  -4  -2  -2  -1  -1  -2  -2  -2   0  -1  -1  -1
DST0512*07  X220   0  -2  -4  -4  -2  -1   0   1   1   2   4   3   1   3   2   0  -2  -1   0   2   4   4   3   1   0   1
DST0512*08  X220   0  -1  -3  -3  -5  -3  -1   0   1   3   4   4   5   6   7   9  10   9   8   6   3   0  -3  -5  -7   2
DST0512*09  X220   0  -7  -7  -5  -3  -1  -1   0   0   2   3   3   4   2   2   6   6   6  13  19  26  23   7   0  -5   4
DST0512*10  X220   0  -5  -8 -14 -13 -18 -23 -28 -23 -15 -13 -12 -14 -14 -15 -12 -10  -9  -4  -2 -10 -16 -10 -16 -14 -13
DST0512*11  X220   0 -12 -13 -18 -22 -26 -28 -29 -23 -29 -43 -48 -42 -35 -34 -31 -35 -40 -44 -55 -49 -44 -41 -46 -41 -35
DST0512*12  X220   0 -34 -31 -35 -36 -37 -42 -43 -41 -37 -34 -33 -33 -33 -30 -30 -32 -38 -37 -32 -37 -42 -36 -32 -26 -35
DST0512*13  X220   0 -25 -26 -24 -26 -25 -26 -28 -29 -29 -27 -23 -20 -20 -22 -20 -18 -20 -19 -16 -17 -17 -16 -14 -11 -22
DST0512*14  X220   0 -12 -13  -9  -7 -10 -12 -16 -16 -14 -13 -12 -15 -13 -11 -11 -13 -16 -15 -12 -11  -6  -5  -5  -7 -11
DST0512*15  X220   0  -3  -4  -6  -6  -7  -7  -7  -7  -9  -9  -6  -3  -8  -9  -8  -7  -7  -6  -6  -6  -6  -6  -6  -4  -6
DST0512*16  X220   0  -1   1   1  -2  -3   5   4   9   0  -4  -4   0   2   2   0  -2  -8  -9  -4   3   2   0   1   4   0
DST0512*17  X220   0   5   5   4   2  -1  -2   1   1  -1  -3  -7  -8  -8  -6  -1  -3  -6  -7  -4  -1   3  10  15  15   0
DST0512*18  X220   0  12  11  14  13  12  11   8   5   5   5   2   9  13  14  16  13   9  12  15  16  19  26  29  24  13
DST0512*19  X220   0  16  13  10   6   7   6   3   1   3  11   9   8  -2  -3   0  10  16   3   1  -4  -2   1   2  -2   5
DST0512*20  X220   0  -6  -8 -18 -25 -24 -22 -27 -26 -25 -22 -19 -16 -17 -22 -18 -18 -19 -20 -17 -12 -22 -20 -18 -16 -19
DST0512*21  X220   0 -14 -13 -13 -13 -13 -15 -18 -23 -22 -19 -14 -11 -18 -18 -17 -17 -16 -17 -14 -16 -14 -10  -7  -6 -15
DST0512*22  X220   0  -6  -9  -6  -2   0  -3  -8  -9 -13 -15 -12  -7  -6  -8  -6  -5  -4  -3  -5  -5  -5  -3  -2  -2  -6
DST0512*23  X220   0  -2   0   1   1   3   2   1   0   2   1   0   2   2  -2  -3  -4  -6  -5  -3  -1   2   3   4   5   0
DST0512*24  X220   0   6   7   6   5   5   7   8   9   8  10  10   1  -4  -6  -7  -3  -8 -12 -11  -9  -9  -6  -4   0   0
DST0512*25  X220   0   4   3  -1   1   8   6   3  -5 -14 -17 -18 -14 -15 -19 -21 -22 -21 -17 -14 -12 -10  -8  -7  -6  -9
DST0512*26  X220   0  -6  -4  -3  -2  -5  -7  -8  -6  -5  -2   2   3   3  -5 -13 -14 -11  -4  -1   0   1   3  -4  -9  -4
DST0512*27  X220   0  -3   0   2   3   3   1  -2  -3  -1   1  10  18  16  22  33   5 -13 -31 -39 -21 -14 -24 -29 -18  -4
DST0512*28  X220   0 -12 -15 -17 -18 -23 -25 -23 -23 -25 -31 -27 -25 -24 -18 -21 -18 -20 -23 -23 -19 -27 -26 -26 -22 -22
DST0512*29  X220   0 -12  -9  -8  -8 -10 -13 -20 -28 -31 -31 -29 -24 -22 -23 -21 -20 -27 -27 -23 -16 -13 -14 -12  -9 -19
DST0512*30  X220   0  -5  -3  -3  -7  -6  -7  -8 -13 -17 -19 -17 -12  -7  -5  -5  -9 -17 -21 -19 -17 -15 -14 -15 -13 -11
DST0512*31  X220   0  -7   1   3   3   1  -1  -1  -7 -12 -13 -16  -9  -2   8  20   0 -18 -28 -30 -28 -29 -30 -26 -24 -10

DST0601*01  X220   0 -19 -12 -12 -12 -14 -10 -10 -10  -7  -6   0   3   5   3  16  21  20  21  21  21  19  14  11   9   3
DST0601*02  X220   0   9  -1  -1  -2  15  18   9  -3 -15 -17 -14  -7  -3  -1   1   0   2   1   0  -3   1   8   7   0   0
DST0601*03  X220   0   0   1  -1  -3  -1   0   1   0   0  -1  -1   1  -1  -6  -6  -5  -5  -3  -2  -4  -7 -10 -14 -14  -3
DST0601*04  X220   0 -14 -12  -9  -7  -6  -5  -2  -1   0   2   1  -1   0  -2  -4  -3  -2  -2  -2   0   3   3   3   0  -3
DST0601*05  X220   0   1   1   2   3   4   3   3   3   2   0  -2  -2   3   4   2   2   5   8   6   3   0  -1  -4  -6   2
DST0601*06  X220   0  -9 -10 -10 -11 -11 -10 -12 -11 -11  -9  -7  -8 -12 -13  -9  -9 -17 -17 -12 -12 -14 -16 -13 -11 -11
DST0601*07  X220   0 -11 -10  -9  -7  -4  -4  -5  -6  -5  -4  -7  -4  -4  -6 -11 -11  -5  -1   0  -1  -5  -7  -9  -9  -6
DST0601*08  X220   0  -9  -8  -7  -6  -6  -6  -8 -10 -11  -9 -11  -7  -8 -13 -11  -9  -7  -7  -8  -8  -9  -9  -9  -9  -9
DST0601*09  X220   0  -9 -10  -9  -7  -6  -5  -4  -4  -6  -7  -8  -6  -1   3   5   3   0   0   1   3   3   1   1   1  -3
DST0601*10  X220   0   1   3   5   6   5   4   5   6   8   9  11  12   7   4   5   0  -1   0   0  -2  -5  -5  -5  -6   3
DST0601*11  X220   0  -7  -6  -3   0   1   3   2   3   3   4  11  14  11   7   6   4   5   8  10   8   4   4   7   5   4
DST0601*12  X220   0   5   9  12   9  10  11   6   3  -1  -2  -2   5   9  11  11  11  13  14  14   4  -4  -4  -6  -7   5
DST0601*13  X220   0  -5  -2   1   1   1   0   0   1   3   2   8  10   8   6   9   9   5   8   4   3   2  -1   0  -1   3
DST0601*14  X220   0  -3  -5  -7  -7  -4   0   2   6   5   5   5   7  11  10  11  13  15  15  13  10  10   7   5   9   6
DST0601*15  X220   0  10   7   2  -2  -4  -3   0  -1  -6  -5  -3   1   1   2   7  14  15  11   4   2   6  12  12  10   4
DST0601*16  X220   0  10  14  14  16  14  12   8   0  -7 -10 -11  -5   2   0 -14 -17 -15 -17 -16 -11  -6  -6  -7  -9  -3
DST0601*17  X220   0 -13 -11 -11 -11  -9 -11 -12 -15 -20 -19 -14  -8  -2   1  -2  -3  -1   3   4   3   0  -1   0  -3  -6
DST0601*18  X220   0  -5  -6  -5  -6  -6  -3  -6  -7  -9 -10 -10  -6  -2   0   1  -3  -5  -6  -6  -5  -5  -6  -7  -9  -6
DST0601*19  X220   0 -13 -11  -7  -3  -1  -1  -5  -6  -7  -8  -9  -8  -5  -3   3   4   3   2  -2  -7  -7 -10  -9  -7  -5
DST0601*20  X220   0  -9 -11  -8  -4  -2  -2  -1  -2  -4  -3   1   1   0  -1   2   4   1  -4  -5  -4  -2   2  -1  -2  -2
DST0601*21  X220   0  -4  -7  -8  -8  -3   1   2   2  -1  -4  -4  -7 -12 -17 -13  -6  -2   0  -1  -3  -4  -4  -4  -3  -5
DST0601*22  X220   0  -4  -3  -2   1   1  -1  -1   0   0  -1  -4  -2  -1  -2   0   0  -2   2   4   5   2   5   6   8   0
DST0601*23  X220   0   5   5  13  10  -5 -13  -5  -4  -3 -15 -19 -21 -14 -17 -20 -11 -10  -7  -2  -8 -11 -14 -18 -18  -8
DST0601*24  X220   0 -15 -18 -19 -16 -16 -15 -12 -13  -9  -5   1   2  -1  -4  -6  -4  -2  -2  -1  -2  -2   2   6   9  -6
DST0601*25  X220   0   9   3   0   1   3   2   3   1   1   1   2   1   3   5   8   8   2   0   1  -6 -10 -15 -19 -28  -1
DST0601*26  X220   0 -35 -43 -49 -51 -49 -35 -26 -24 -30 -27 -19 -11 -10 -12 -14 -11 -10 -16 -10  -8 -14 -23 -32 -26 -24
DST0601*27  X220   0 -22 -25 -27 -28 -26 -26 -29 -28 -25 -23 -19 -12 -12 -12 -11  -9 -10 -12 -12 -12 -14 -11 -10 -10 -18
DST0601*28  X220   0 -10 -12 -14 -18 -17 -14 -15 -16 -15 -15 -18 -19 -18 -18 -14  -9  -7  -8 -11 -12 -14 -15 -11 -10 -14
DST0601*29  X220   0 -12 -13 -14 -14 -13 -13 -11 -11 -11 -10  -7  -7  -6  -6  -7  -6  -7  -7  -5  -5  -6  -7  -7  -6  -9
DST0601*30  X220   0  -4  -5  -6  -7  -6  -6  -6  -6  -6  -8 -11 -12 -11  -8  -7  -6  -5  -5  -3  -1  -1   0   1   1  -5
DST0601*31  X220   0   1   0   0  -1  -1   0   1   1   1   3   4   5   2   0   0   2   3   3   4   4   6   9  10  10   3


DST0602*01  X220   0  12  12  10   8   7   8   5   0  -3  -7 -12 -13 -10 -11  -9  -3   0   2   2   3   3   4   0  -7   0
DST0602*02  X220   0  -8  -6  -9 -11 -11  -9  -4   1   3   0  -9 -14 -11  -8  -2   3   4   1  -2  -7 -12 -11  -9  -7  -6
DST0602*03  X220   0  -7  -6  -6  -7  -7  -6  -2   1  -2  -2  -4  -8  -9  -7  -2   2   4  -3  -4  -6  -4   1   2  -2  -4
DST0602*04  X220   0  -9 -16 -16 -16 -13 -12 -11  -6  -4  -2  -3 -11 -13 -14 -11  -6  -2   0   1   2   3   3   4  -1  -6
DST0602*05  X220   0  -6  -9 -10  -7  -5  -3  -2  -1   0   4   8   8   6   5   7  11  12  16  19  23  16  15  12   8   5
DST0602*06  X220   0   5   8   7  -3  -5  -5 -11 -15 -12 -15 -16 -20 -22 -20 -16 -16 -15 -16 -19 -20 -22 -23 -22 -17 -13
DST0602*07  X220   0 -14 -13 -16 -16 -13 -15 -16 -12  -7  -4  -4  -7 -10  -9  -8  -7  -6  -6  -8  -9 -10  -7  -6  -3  -9
DST0602*08  X220   0  -1  -4  -4  -6  -8  -8  -7  -3   1   4   4   1   0  -2  -4  -6  -6  -3   2   7   7   8   9   8   0
DST0602*09  X220   0   5   3   3   2   1   2   3   5   6   6   7   6   5   8   9   7   6   5   4   4   3   6   7   8   5
DST0602*10  X220   0   7   7   9   7   3   5   4   5   5   4   4   5   8   9  10  11  12  16  20  13   9   7   9  15   9
DST0602*11  X220   0  16  12   6   1  -2  -4  -6  -3  -1  -1  -5   1   7   5   6   6   2  -2   0   2   3   4   6   6   2
DST0602*12  X220   0   8   9   3  -8  -7  -4  -3  -2  -1  -1  -3  -4  -5  -8  -8  -7  -6  -8  -8  -7  -6  -5  -5  -3  -4
DST0602*13  X220   0  -2  -3  -4  -4  -4  -4  -1  -1   0   2   1   0  -1  -3  -6  -6  -6  -3  -1  -2  -1  -1   0   3  -2
DST0602*14  X220   0   4   8   7   6   4   3   4   4   5   5   5   4   8  10   8   7   7   5   6   7   5   2   5   9   6
DST0602*15  X220   0  12  13  12  13  14  16  17  14   8   7   6  -1  -2  -1  -5  -5  -3   4   2   2  -2  -8  -4  -2   4
DST0602*16  X220   0  -2  -6  -9  -6  -3   0  -5  -6 -10  -7  -5   0   1  -1  -5  -4  -2  -2  -3  -9 -11  -9  -8  -9  -5
DST0602*17  X220   0 -11 -11 -14 -16 -16 -13  -9  -9 -11 -11  -9  -6  -5  -6  -4  -4  -3  -1  -1   0   1  -1  -5  -9  -7
DST0602*18  X220   0 -10  -5  -5  -3  -1   2   3   3   3   0  -1  -1   0   2   2   5   8   4   5   8  10  10   8   5   2
DST0602*19  X220   0   7   7   6   7   4  -8 -10  -8  -5   0  -2   0   2   3   6  10   9   3  -4  -8  -5  -7 -13 -17  -1
DST0602*20  X220   0 -16 -12 -11  -7   1   2  -4 -16 -17 -17 -21 -27 -27 -22 -26 -31 -36 -34 -28 -22 -16 -19 -22 -20 -19
DST0602*21  X220   0 -22 -28 -27 -20 -14 -15 -18 -16 -23 -28 -19 -18 -22 -24 -26 -23 -24 -22 -15  -9  -4  -4  -9 -14 -19
DST0602*22  X220   0 -23 -26 -26 -20 -17 -14 -18 -17 -16 -12 -11 -19 -21 -19 -18 -23 -27 -26 -19 -17 -16 -17 -18 -19 -19
DST0602*23  X220   0 -18 -14 -15 -17 -16 -14 -15 -20 -19 -15 -14 -12 -13 -14 -12 -10 -11 -12 -12  -9  -8  -8  -9 -11 -13
DST0602*24  X220   0 -12 -10  -6 -10 -13 -11 -11 -10 -11 -12  -9 -11 -14 -21 -19 -16 -13 -12 -10  -7  -5  -6  -8  -9 -11
DST0602*25  X220   0  -9  -9  -9  -8  -3  -1  -1  -5  -6  -4  -5  -3  -4  -5  -5  -3  -2  -4  -4  -2  -2  -3  -2  -2  -4
DST0602*26  X220   0  -3  -1  -4  -3  -1  -3  -2   1   3   2  -1  -3  -4  -5  -9  -9 -12 -17 -16 -15 -15 -17 -20 -19  -7
DST0602*27  X220   0 -16 -14 -13 -10 -10  -9  -6  -5  -5  -4  -3  -3  -4  -3  -5  -6  -6  -5  -2   3   0  -2  -6  -7  -6
DST0602*28  X220   0  -6  -4  -1   4   5   3   4   3   2  -1 -10 -16 -13  -6  -3  -4  -7  -5  -4  -8  -8 -13  -8  -7  -4


DST0603*01  X220   0  -6  -8  -6  -2  -1   5   5   2   2   2  -3  -8 -10 -12  -6  -6  -6  -7  -6  -4  -6  -6  -6  -5  -4
DST0603*02  X220   0  -4  -2  -1   1   0   0   0  -2  -5  -5  -6  -4  -2   3   5   4   4   5   4   1   0   1  -2  -6   0
DST0603*03  X220   0  -9  -7  -5  -2   1   2   3   5   3   2   1   3   2   1   1   2   2  -1   0   1   1   1   0  -2   0
DST0603*04  X220   0  -5  -3  -3   0   1   2  -1   1   4   6   4   5   4   2   1  -1  -1   1   2   2   3   4   4   3   1
DST0603*05  X220   0   1   2   0  -2   1   2   2   3   3   4   2   1  -3  -2   1   3   4   5   5   6   7   7   8   8   3
DST0603*06  X220   0   6   5   5   9  14  15  16  12  10  10  12  15  15  12  12  14  15  10   5  -2 -12 -26 -28 -35   5
DST0603*07  X220   0 -48 -52 -51 -45 -34 -28 -31 -35 -31 -23 -23 -24 -25 -23 -21 -18 -17 -17 -17 -16 -16 -14 -14 -17 -27
DST0603*08  X220   0 -20 -19 -16 -13 -13 -13 -11  -8  -6  -3   0   3   0  -1   1   3   2   3   0  -2  -5  -5  -8  -7  -6
DST0603*09  X220   0  -5  -2  -2  -2  -5  -3  -2  -1   0   2   1   3   3   3   2   4   7   8   7  -4  -5   2   4   1   1
DST0603*10  X220   0   2   5   5  10   8  -1  -2  -1  -1   4  -5  -2   7   7   7   3  -1  -6  -5   2  10   6  -4 -11   2
DST0603*11  X220   0 -24 -22 -19 -16 -16 -15 -13 -15 -12 -11 -11 -13 -11 -10  -9 -11 -15 -16 -15 -12 -15 -16 -16 -16 -15
DST0603*12  X220   0 -17 -16 -13  -9  -8 -11 -13 -12 -11 -12 -13 -12 -11  -8  -5  -3  -4  -6  -5  -3  -1  -1  -1  -2  -8
DST0603*13  X220   0  -4  -5  -6  -5  -3  -3  -4  -3  -3  -4  -3  -3  -7  -7  -5  -2  -3  -3  -4  -2   0   1   0  -2  -3
DST0603*14  X220   0  -3  -3  -3  -2   0   2   3   5   8  11  14  14  12   6   1  -1  -2  -3  -2   0   1   6   9  13   4
DST0603*15  X220   0  14  14  10  11  17  18  14  11  13   7   1   6  10   8   4   4   1  -1  -2   1   5   3   6   7   8
DST0603*16  X220   0   6   2   1   0   0   1   2   4   3   0  -2  -3  -4  -2  -3  -4  -5  -6  -4  -5  -6  -6  -4  -2  -2
DST0603*17  X220   0  -3  -6  -6  -4   0   3   1  -1  -3  -3  -3   0   1   3   5   3   7   5   6   6   5   4   0  -1   1
DST0603*18  X220   0   1   5   7  15  18  15  11   0 -24 -23 -17 -15 -11  -8 -14 -28 -31 -21 -26 -26 -36 -24 -33 -43 -13
DST0603*19  X220   0 -48 -47 -45 -42 -41 -29 -40 -42 -37 -29 -26 -30 -30 -26 -25 -24 -25 -28 -26 -25 -23 -33 -41 -37 -33
DST0603*20  X220   0 -35 -33 -31 -34 -34 -29 -36 -41 -34 -33 -30 -26 -23 -19 -20 -20 -22 -27 -29 -23 -26 -27 -28 -27 -29
DST0603*21  X220   0 -27 -28 -30 -30 -26 -22 -17 -18 -19 -21 -17 -15 -14 -13 -17 -21 -26 -37 -34 -33 -31 -29 -26 -27 -24
DST0603*22  X220   0 -25 -30 -36 -33 -27 -27 -23 -20 -19 -19 -19 -18 -19 -19 -19 -17 -17 -16 -17 -22 -25 -24 -18 -17 -22
DST0603*23  X220   0 -20 -23 -23 -21 -20 -20 -18 -18 -17 -17 -17 -17 -17 -17 -15 -12 -13 -13 -13 -13 -12 -11 -10 -10 -16
DST0603*24  X220   0 -11 -13 -15 -12  -9  -7  -8  -8  -6  -3  -3  -7  -4  -5  -1   1   2   1  -2  -7 -13 -15 -13 -15  -7
DST0603*25  X220   0 -16 -15 -15 -11 -11 -11 -16 -15 -17 -14 -10  -9  -7 -11 -12 -12 -11 -11 -10 -10  -6  -4   0   3 -10
DST0603*26  X220   0   2  -3 -10 -10  -6  -5  -4  -4  -2  -2  -1  -4  -1   5   2   0  -4 -13 -18 -15 -11  -7  -3  -9  -5
DST0603*27  X220   0 -17 -29 -26 -26 -22 -20 -18 -16 -11  -9  -7  -4  -3  -5  -6 -11 -10  -7  -6  -8  -9  -9 -18 -18 -13
DST0603*28  X220   0 -10  -8 -10 -11 -13 -14 -12  -9  -7  -7  -9 -10  -8  -8  -9  -9 -10 -11 -11 -10  -9  -9 -10  -7 -10
DST0603*29  X220   0  -6  -8 -11 -11 -11 -14 -13 -11  -8  -4  -2   1   4   4   4   3   5   4   2  -4 -11 -16 -17 -13  -6
DST0603*30  X220   0 -11 -13 -14 -10  -4  -2  -3  -3  -3  -3  -4  -4  -6  -9  -8  -5  -3  -2   0  -2  -3  -2  -4  -1  -5
DST0603*31  X220   0   0  -1   0   2   4   3   3   1   0  -2   0  -2 -11 -15 -13  -9  -6  -6  -8 -11  -8  -7  -7  -7  -4


DST0604*01  X220   0  -6  -7  -6  -4  -2  -2  -2  -3  -2  -1  -3  -1   2   2   2   2   2   2   2   2   2   3   1  -2  -1
DST0604*02  X220   0   0   2   3   5   6   5   5   8   9  12  13  12  10  11  12  12  11   9   9   9   9   9   8   5   8
DST0604*03  X220   0   6   7   9   9   8   7   7   8   9  10   8  11  11   9   9   9   9   9  11  14  17  18  16  16  10
DST0604*04  X220   0  17  17  16  15  14  16  19  25  26  17  12   1  -5  -8 -14 -14 -22 -28 -27 -28 -25 -23 -27 -30  -2
DST0604*05  X220   0 -27 -28 -35 -43 -47 -53 -53 -52 -48 -47 -56 -74 -73 -69 -70 -79 -70 -67 -65 -56 -51 -48 -46 -40 -54
DST0604*06  X220   0 -37 -32 -30 -36 -46 -57 -58 -44 -33 -37 -40 -37 -30 -27 -27 -28 -27 -27 -26 -29 -31 -31 -28 -23 -34
DST0604*07  X220   0 -18 -18 -21 -26 -28 -28 -25 -23 -19 -16 -16 -17 -16 -14 -16 -19 -21 -21 -19 -17 -16 -14 -15 -15 -19
DST0604*08  X220   0 -14 -14 -14 -14 -14 -12 -11  -7  -2   2   0  -2  -8 -12 -10  -5  -5  -8 -12 -12  -9  -5  -9 -10  -9
DST0604*09  X220   0  -8 -16 -29 -27 -29 -46 -78 -82 -75 -68 -49 -38 -33 -34 -33 -34 -36 -31 -23 -35 -38 -53 -41 -34 -40
DST0604*10  X220   0 -36 -39 -43 -51 -55 -48 -43 -42 -33 -27 -26 -27 -32 -36 -37 -39 -41 -39 -36 -36 -35 -36 -35 -31 -38
DST0604*11  X220   0 -24 -22 -24 -28 -30 -27 -24 -24 -23 -19 -18 -18 -22 -24 -25 -26 -26 -24 -23 -23 -24 -23 -24 -20 -24
DST0604*12  X220   0 -14 -17 -21 -21 -17 -17 -15 -12 -12 -13 -16 -17 -16 -14 -14 -13 -12 -12 -11 -13 -15 -14 -11  -9 -14
DST0604*13  X220   0  -7  -3   1  -1   0   5   2  -2 -13 -18 -13 -10   4  11  17  14   3  -8  -7  -6  -1   0  -8  -3  -2
DST0604*14  X220   0   0  -8 -14 -21 -48 -70 -77 -82 -82 -98 -78 -75 -75 -72 -69 -78 -81 -77 -68 -69 -74 -73 -61 -51 -63
DST0604*15  X220   0 -47 -48 -55 -52 -48 -44 -43 -40 -39 -47 -39 -43 -45 -41 -46 -51 -52 -55 -51 -49 -52 -54 -55 -53 -48
DST0604*16  X220   0 -49 -47 -47 -46 -44 -43 -43 -41 -41 -34 -33 -30 -31 -33 -34 -39 -39 -37 -35 -33 -34 -36 -34 -32 -38
DST0604*17  X220   0 -27 -26 -30 -32 -35 -37 -34 -29 -25 -24 -24 -23 -21 -21 -23 -25 -24 -20 -17 -13 -15 -22 -27 -29 -25
DST0604*18  X220   0 -35 -37 -38 -34 -35 -35 -34 -32 -29 -27 -26 -25 -25 -26 -27 -27 -25 -23 -22 -22 -21 -23 -20 -20 -28
DST0604*19  X220   0 -23 -25 -22 -23 -23 -24 -22 -19 -18 -17 -18 -15 -12 -13 -17 -19 -18 -19 -20 -18 -14  -9  -6  -4 -17
DST0604*20  X220   0  -5  -8 -10  -8  -7  -9  -7  -5  -7  -4  -1  -1  -4 -12 -18 -20 -20 -15 -12 -10  -7  -5  -5  -4  -9
DST0604*21  X220   0  -3  -4  -4  -7  -9  -8  -6  -5  -7  -2   7   9   8   6   2   3  -4  -7  -5  -5  -2  -5  -6  -1  -2
DST0604*22  X220   0   0 -10 -27 -45 -43 -35 -32 -34 -26 -23 -19 -32 -31 -29 -29 -32 -34 -34 -33 -31 -29 -26 -23 -18 -28
DST0604*23  X220   0 -14 -14 -17 -22 -22 -25 -26 -30 -26 -20 -17 -13 -14 -15 -17 -21 -20 -19 -16 -15 -15 -16 -14 -15 -18
DST0604*24  X220   0 -13 -16 -20 -23 -26 -27 -27 -25 -21 -17 -12  -9  -8 -11 -13 -16 -14 -13 -12 -11 -10 -10 -12 -16 -16
DST0604*25  X220   0 -20 -18 -16 -16 -18 -17 -15 -12 -10  -7  -8  -8  -7  -7  -9 -11 -12 -11 -10 -13 -13 -11 -10  -7 -12
DST0604*26  X220   0  -7  -9 -12 -17 -20 -21 -18 -15 -17 -17 -12  -5  -3  -5  -5  -7  -8  -5  -4  -2   2   4   6  10  -8
DST0604*27  X220   0  11   8   2  -7 -14 -18 -18 -13  -8  -4  -1   0   0  -4  -5  -7  -9  -9  -8  -6  -6  -7  -5  -2  -5
DST0604*28  X220   0  -1  11  10   5  -2 -13 -15 -11 -15 -12 -22 -20 -19 -16 -14 -14 -17 -16 -12 -11 -11 -12 -12 -10 -10
DST0604*29  X220   0  -8  -9 -11 -12 -12 -10  -8  -9  -9  -8  -6   0  -1  -5  -8 -11 -12 -10  -8  -8  -6  -4  -3  -2  -8
DST0604*30  X220   0  -3  -3  -2  -3  -3  -3  -4  -6  -5  -3  -1  -3  -4  -5  -8  -7  -6  -4  -2  -2  -1   0  -1   0  -3


DST0605*01  X220   0   2   3   3   3   2   0  -1  -2  -3  -3   2   5   4   4   2   0   0   1   3   5   4   3   2   1   2
DST0605*02  X220   0   1   4   5   4   3   2   4   9  11  12  11  11  10   9   8   7   5   3   5   5   4   2   1   3   6
DST0605*03  X220   0   2   1   3   5   5   5   6   7   7   9  13  15  15  14  14  12  14  14  16  16  18  15  14  13  11
DST0605*04  X220   0  13  14  12   9  11  14   9   4   1  -6 -13 -20 -26 -34 -38 -40 -32 -28 -27 -30 -24 -26 -18 -15 -12
DST0605*05  X220   0 -20 -25 -31 -30 -34 -37 -40 -37 -34 -26 -20 -16 -14 -15 -14 -15 -18 -19 -18 -17 -17 -16 -13 -12 -22
DST0605*06  X220   0 -11 -15 -17 -17 -15 -16 -16 -12  -6  -6 -11  -8  -2  -6  -5  -3   2   0  -2  -1 -24 -53 -47 -34 -14
DST0605*07  X220   0 -32 -29 -30 -27 -23 -19 -29 -32 -37 -43 -30 -25 -30 -34 -31 -29 -26 -26 -26 -26 -25 -25 -24 -22 -28
DST0605*08  X220   0 -23 -21 -23 -27 -24 -21 -18 -16 -15 -16 -14 -15 -14 -13 -12 -14 -14 -13 -11 -12 -14 -13 -13 -12 -16
DST0605*09  X220   0 -14 -17 -16 -15 -13 -12 -12 -11 -10 -10  -9  -7  -7  -8 -10 -10 -11  -9  -8  -7  -5  -4   0   4  -9
DST0605*10  X220   0   4   2   1   1   3   4   3   2   3   4   1   1   2   2   2   4   4   8  12  17  11   1  -8 -10   3
DST0605*11  X220   0  -9 -13 -15 -21 -20 -16 -15 -17 -21 -22 -16  -4  -2 -10 -14 -16 -16 -15 -18 -20 -17 -18 -13 -22 -15
DST0605*12  X220   0 -28 -27 -27 -22 -19 -23 -25 -22 -23 -24 -21 -22 -20 -17 -17 -14 -16 -17 -17 -17 -18 -16 -15 -14 -20
DST0605*13  X220   0 -16 -13 -12 -15 -17 -18 -17 -18 -16 -13 -11  -9  -9 -11 -11 -10 -12 -11 -11 -11 -11  -9  -7  -7 -12
DST0605*14  X220   0  -9 -12 -17 -17 -13 -12  -9 -10 -11  -8  -9 -12 -14 -13 -10  -9  -9 -12 -10 -10  -9  -8  -9  -9 -11
DST0605*15  X220   0 -13 -16 -16 -13 -10  -5  -6  -9 -10 -11 -11 -11 -11 -11  -9  -7  -5  -6  -9  -9  -7  -5  -7  -9  -9
DST0605*16  X220   0 -13 -14 -12 -10  -5  -3  -2  -3  -3  -4  -5  -7  -6  -7  -7  -5  -4  -4  -5  -6  -5  -4  -2  -1  -6
DST0605*17  X220   0  -2  -4  -6  -8  -5  -5  -4  -2   2   4   4   3   1   2   0   0  -1  -3  -2  -1   2   6   4   1  -1
DST0605*18  X220   0   1   2   2   4   7  15  18  11  -2  -4   5   8   7   6   5  -5 -22 -38 -37 -35 -28 -25 -20 -23  -6
DST0605*19  X220   0 -20 -18 -20 -21 -20 -18 -19 -15 -14 -13 -11 -11 -13 -14 -14 -15 -14 -12  -8  -4  -4  -7  -9 -14 -14
DST0605*20  X220   0 -20 -20 -18 -13  -8  -5  -7  -9 -11 -11 -10 -10  -9  -9  -9  -8 -12 -12  -8  -7  -5   3  -1  -4  -9
DST0605*21  X220   0 -10 -16 -13  -6  -3  -2  -3  -3  -2  -3   0  -2  -4  -5  -6  -4  -4  -5 -14 -17 -15 -14 -13 -12  -7
DST0605*22  X220   0 -14 -16 -14 -15 -11  -6  -4  -4  -7  -6  -4  -1  -6  -4  -4  -3  -6  -8  -6  -1   0  -2  -6  -6  -6
DST0605*23  X220   0  -9 -11 -14 -13  -8  -5  -6  -8  -4  -3  -4  -7  -6  -4  -4  -4  -8  -3  -4  -5  -7  -6  -6  -7  -7
DST0605*24  X220   0  -8  -7  -4   0   2   2   3   7   7   5   3   5   7   8   8   9   9   8   8   8   6   4   4   4   4
DST0605*25  X220   0   5   8  10  10  11   8   5   4   1   4   5   1   0   2   5   6   6   6   7   5   1  -1  -4  -1   4
DST0605*26  X220   0  -4 -10 -10  -5  -2   0   0   0  -1   0   1   3   3   4   6   3   1   2   0   1   0   1   2   1   0
DST0605*27  X220   0  -1  -2  -2  -3  -1   0   0   3   2  -1  -2  -1  -2  -2   0   3   2   1   0  -1   2   6   6   9   1
DST0605*28  X220   0   9  10   9   8   8   4  -1   2   2   2   0  -4  -4  -4  -4  -3  -2  -3  -4  -6 -10 -14 -17 -14  -2
DST0605*29  X220   0 -11  -9  -7  -6  -5  -5  -6  -6  -6  -6  -9 -10  -9  -7  -5  -4  -6  -3  -4  -6  -8  -9  -9 -10  -7
DST0605*30  X220   0 -12 -10  -8  -4  -3  -3  -2  -1  -1  -1   7   8   7   6  17  23  21  21  21  21  17  16  17  12   7
DST0605*31  X220   0   6  -2  -4  -4  -3   0  -3  -1   0  -1   0   3   3   0  -1   1   2   1   1   0   2   4   6   7   1


DST0606*01  X220   0   7   1  -1   1  -1  -1   4   2   1   8   2  -4   0   6   5   6   5   5   5  -2  -7  -5  -2  -1   1
DST0606*02  X220   0   1  -2  -6  -3  -1  -3   0  -1  -4  -6  -4   1   1  -1  -1  -3  -4  -3  -1  -3  -5  -5  -5  -6  -3
DST0606*03  X220   0  -8  -9  -6  -4  -4  -2  -2  -1  -2  -1  -1   1  -1  -5  -5  -4  -3   0   2   0  -2  -2  -2  -1  -3
DST0606*04  X220   0  -2   0   2   2   2   1   1   1   3   3   3   4   5   4   3   4   3   5   8   8   9   9   9   8   4
DST0606*05  X220   0   4   2   6   8   9   8   7   7   7   7   8   6   7   8   9  13  12  11  11  11  11  13  14  15   9
DST0606*06  X220   0  14  11   5   5   9  17  17  10   0  -3   8   2   1  -6  -5 -10 -23 -35 -42 -40 -36 -34 -34 -30  -8
DST0606*07  X220   0 -32 -31 -29 -28 -18 -18 -21 -23 -16 -18 -26 -22 -18 -23 -28 -26 -23 -21 -22 -20 -21 -21 -14 -15 -22
DST0606*08  X220   0 -31 -33 -28 -24 -26 -29 -24 -25 -20 -16 -22 -21 -18 -20 -17 -17 -21 -19 -19 -25 -27 -28 -28 -28 -24
DST0606*09  X220   0 -28 -26 -26 -25 -20 -18 -18 -15 -15 -15 -13 -13 -14 -18 -23 -21 -19 -18 -21 -18 -19 -21 -22 -21 -19
DST0606*10  X220   0 -22 -20 -14 -13 -15 -15 -16 -14 -13 -13 -13  -8 -12 -13 -13 -14 -17 -20 -22 -26 -26 -24 -22 -18 -17
DST0606*11  X220   0 -13 -10 -10  -9 -11 -13 -13  -9 -10  -9 -11 -10  -8  -7 -10 -10 -11 -13 -15 -15 -15 -17 -15 -13 -12
DST0606*12  X220   0 -14 -15 -12  -9  -8  -9  -7  -5  -6  -8  -6  -5  -6 -10 -14 -12  -9 -10 -12 -14 -14 -15 -14 -10 -10
DST0606*13  X220   0 -12 -13 -14 -14 -11  -8  -7  -6  -7  -6  -5  -4  -4  -4  -6  -4  -2   1   2   4   5   4   0  -4  -5
DST0606*14  X220   0  -7  -7  -7  -5  -5  -4  -3  -2   2   2   4   0  -1   0  -1  -1   0   0   4   3   4  -1  -1   2  -1
DST0606*15  X220   0   0   4   7   4   0  -6  -7  -4  -8 -14 -19 -19 -13 -11 -14 -19 -16 -19 -22 -22 -24 -25 -27 -30 -13
DST0606*16  X220   0 -32 -31 -24 -22 -24 -22 -20 -17 -15 -15 -17 -19 -19 -20 -20 -23 -26 -26 -24 -21 -17 -13 -12  -9 -20
DST0606*17  X220   0  -8  -9  -9  -7  -5 -12 -21 -17 -18 -14 -14 -17 -18 -16 -13 -14 -10 -14 -18 -20 -20 -22 -20 -18 -15
DST0606*18  X220   0 -18 -17 -11 -10 -15 -15 -15 -15 -20 -21 -20 -14 -13 -14 -17 -18 -20 -20 -20 -18 -16 -13 -12 -10 -16
DST0606*19  X220   0 -10 -14 -13 -10 -11 -11 -12 -11 -10 -10 -11 -10  -8  -7  -7  -9 -11 -12 -14 -18 -19 -14 -11  -8 -11
DST0606*20  X220   0  -8  -6  -9  -9  -7  -7  -5  -2  -2  -4  -4  -5  -6  -8 -10 -11 -10  -9  -6  -5  -3  -4  -3   0  -6
DST0606*21  X220   0   2   2   0  -1  -3  -2   0   1   1   0   1   1   3   3   2   2   1  -1   2   3   2   1   1   6   1
DST0606*22  X220   0   6  11  14  11   3   2   1   2   0   4   7  11  12  10   8   5   2   2   0  -4  -5  -2   1   2   4
DST0606*23  X220   0  -1  -1   1   3   4   4   3   2   3   3   2   1   2   3   4   4   4   3   3   0   1   3   6   6   3
DST0606*24  X220   0   6   8   7   8   8   7   8  10  10  10   8   6   9   9   7   8   8   9   8   8   2   1   2  -1   7
DST0606*25  X220   0  -5  -5  -5  -5  -6  -4  -1   0   0  -2  -2   0   1  -1   0   2   1   3  -1  -5  -7  -7  -8  -8  -3
DST0606*26  X220   0  -1   5   6   5   5   6   7   7   7   5   5   4   2   2   4   4   5   5   4   3   4   4   1  -1   4
DST0606*27  X220   0  -3   1   5  10  13  16  18  17  21  21  23  20  16  12  10  13  17  14  13   9  15  14   9   7  13
DST0606*28  X220   0   5   5   7  13  18  14   6  -3  -8 -14 -12 -14 -12 -16 -21 -21 -15 -12 -12 -14 -12  -8  -5  -9  -6
DST0606*29  X220   0  -9  -7  -8  -7  -3  -5  -5  -3  -3  -3   0   3   0  -7 -13 -17 -16 -13 -16 -15 -13 -14 -13 -16  -8
DST0606*30  X220   0 -18 -13  -8  -7 -10 -12 -13 -10  -8  -9 -10 -11 -11 -12 -14 -15 -14 -12 -13 -15 -13 -12 -12 -13 -12


DST0607*01  X220   0 -14 -13 -10 -10  -9  -9  -8  -6  -4  -6  -6  -9 -10 -11  -9  -5  -3  -2  -4  -6  -4  -3  -5  -5  -7
DST0607*02  X220   0  -3  -2   3   4   4   3   3   2   1  -2  -3  -1   1   1   1   2   1  -1  -1  -1  -1   0   0   0   0
DST0607*03  X220   0  -1  -2   0   3   3   4   5   3   1   1   1   2   1  -1   2   3   4   4   0  -3  -1   2   3   6   2
DST0607*04  X220   0   5   5   1   2   3   3   4  10  15  14  17  18  22   7   9  14   8   2  -1  -5 -10 -11 -11 -17   4
DST0607*05  X220   0 -17 -20 -15 -16 -20 -32 -32 -30 -25 -24 -24 -29 -31 -32 -31 -28 -27 -26 -27 -27 -30 -35 -34 -34 -27
DST0607*06  X220   0 -35 -34 -28 -28 -24 -21 -19 -18 -15 -13 -16 -19 -19 -20 -20 -20 -20 -21 -22 -20 -19 -16 -17 -21 -21
DST0607*07  X220   0 -23 -25 -24 -19 -17 -16 -16 -13 -10 -10 -11 -10 -10 -13 -17 -15 -15 -15 -14 -16 -19 -19 -20 -22 -16
DST0607*08  X220   0 -24 -21 -18 -15 -13 -14 -15 -14 -13 -13 -14 -16 -14 -13 -12 -12 -12 -12 -15 -17 -17 -16 -15 -13 -15
DST0607*09  X220   0 -12 -13 -13 -10  -9 -10 -10  -9  -6  -6  -6  -9 -11 -12  -9  -6  -8  -7 -10 -11 -12  -8  -3  -7  -9
DST0607*10  X220   0  -7  -5   8  10   9  12  12  13  12  11   8   9   9   1  -9 -17 -20 -19 -15 -23 -24 -25 -27 -27  -4
DST0607*11  X220   0 -24 -19 -14 -12  -9  -9  -6  -8  -6  -2   4   9  10  13  18  18  16  14  10   0  -8 -14 -12  -3  -1
DST0607*12  X220   0   0   0   2   5   7  -1  -3  -1  -3  -7  -4  -9 -10  -7  -3  -4 -11 -15 -17 -19 -18 -20 -20 -18  -7
DST0607*13  X220   0 -18 -16 -14 -13 -14 -16 -17 -14 -14 -13 -13 -11 -13 -14 -15 -17 -18 -16 -16 -17 -18 -19 -17 -14 -15
DST0607*14  X220   0  -8  -5  -3  -2   0   2   2   2   3   3  13  13   7   1  -5  -9  -8 -18 -28 -34 -36 -33 -30 -29  -8
DST0607*15  X220   0 -29 -28 -27 -29 -30 -28 -24 -19 -16 -13 -11 -15 -17 -15 -13 -12 -15 -17 -19 -22 -23 -23 -24 -24 -21
DST0607*16  X220   0 -22 -18 -13  -9  -9 -10 -11 -10  -9  -7  -6  -5  -5  -6  -4  -4  -3  -2  -2   0   1  -2  -4  -6  -7
DST0607*17  X220   0  -8 -11 -10 -10  -9  -5  -2  -2  -3  -2   2   2   2  -1  -4  -5  -6  -5  -5  -5  -5  -3  -4  -4  -4
DST0607*18  X220   0  -4  -6  -7  -7  -4  -1   1   0   0   0   1   1   3   1  -1  -3   0   3   3   2   5   5   4   2   0
DST0607*19  X220   0  -1  -2  -2  -1   1   0   1   2   2   3   4   3   2   2   4   4   4   6   9  10  10   7   6   4   3
DST0607*20  X220   0   7  11  13  10  12  12  11   7   6   5   6  10  10   8   6   4   1   1   1   2   6   5   3   3   7
DST0607*21  X220   0   3   2   3   3   2   2   3   4   3   6   6   6   5   6   6   6   7   5   5   6   6   4   5   7   5
DST0607*22  X220   0   7   8  11  10   7   5   2   1  -1   3   5   7   7   7   8   6   6   5   6   7   8   7   5   6   6
DST0607*23  X220   0  -3  -2   3   8  11   8   6   4   5   4   3   3   5   5   6   7   7   7   8   9  11  10   7   3   6
DST0607*24  X220   0   6   8  13  14  13  14  14  13   6   6   6   7   4   1  -2  -5  -7  -8  -6  -3   0   0  -2  -2   4
DST0607*25  X220   0  -2  -4 -10  -9  -9  -5  -3  -6  -6  -4  -3  -2  -2   0   2   3   3   3   5   3   3  -1  -4  -9  -2
DST0607*26  X220   0 -11  -9  -6  -6  -7  -2  -1   1   2   3   4   4   3   5   5   5   3   3   2   4   6   2  -2  -4   0
DST0607*27  X220   0  -5  -2   4   8   7   5   3   1   0   2   5   6   5   6  17  21  23  23  25  22  20   8 -10  -8   8
DST0607*28  X220   0   2   2 -21 -38 -48 -46 -42 -41 -37 -37 -26 -26 -37 -32 -30 -28 -26 -24 -24 -24 -24 -26 -28 -28 -29
DST0607*29  X220   0 -28 -26 -21 -21 -23 -24 -24 -24 -23 -22 -21 -22 -24 -23 -20 -16 -17 -16 -16 -12  -9  -8  -5  -8 -19
DST0607*30  X220   0 -10 -10 -12 -12 -12  -9  -6  -6  -6  -7  -6  -7  -9  -9  -8  -9  -9  -5  -2  -3  -4  -4  -3   1  -7
DST0607*31  X220   0   3   4   1   2   9  -2 -11 -10   1   0   5   8  -1  -7 -10  -6  -5  -6 -11 -15 -18 -23 -23 -18  -6


DST0608*01  X220   0 -14 -10 -10  -9 -17 -29 -26 -17 -13 -10 -10 -13 -13 -15 -17 -22 -19 -15 -11 -12 -14 -16 -19 -18 -15
DST0608*02  X220   0 -15 -10 -12 -15 -19 -18 -16 -16 -17 -17 -17 -22 -23 -21 -19 -17 -17 -20 -18 -16 -11 -11 -16 -24 -17
DST0608*03  X220   0 -23 -18 -19 -21 -18 -13 -12 -10 -10 -11 -10 -10  -8  -8  -9 -11 -13 -15 -17 -15 -12 -12 -12 -12 -13
DST0608*04  X220   0 -12  -9  -6  -6 -10 -10  -9  -7  -8  -9  -9  -9 -12 -13 -11  -8  -8  -7  -5  -4  -2  -1  -1   1  -7
DST0608*05  X220   0   1  -3  -8 -12 -16 -14  -9  -8  -7  -7  -6  -6  -7  -7  -6  -7  -8  -8  -7  -3   1   2   2   2  -6
DST0608*06  X220   0   3   2  -1  -4  -3  -1  -3  -1  -3   1   3   3   3   6  11  10   8   8   8  11  11  14  15  15   5
DST0608*07  X220   0  21  32  20   4  -2  -8 -22 -48 -47 -37 -37 -40 -42 -39 -39 -40 -38 -36 -35 -35 -37 -38 -35 -32 -25
DST0608*08  X220   0 -26 -25 -29 -35 -37 -34 -33 -29 -28 -30 -27 -26 -27 -26 -23 -22 -22 -23 -26 -26 -26 -27 -23 -20 -27
DST0608*09  X220   0 -18 -13 -19 -27 -29 -26 -21 -19 -20 -20 -24 -21 -20 -19 -15 -14 -14 -12 -10 -14 -18 -21 -19 -18 -19
DST0608*10  X220   0 -17 -16 -18 -20 -22 -20 -18 -16 -15 -14 -12 -12 -11  -8  -7  -8 -10 -11 -12 -11 -12 -17 -18 -17 -14
DST0608*11  X220   0 -15 -19 -19 -19 -19 -16 -14 -11  -9 -12 -15 -16 -10  -8  -7 -11 -10  -8  -9 -13 -14 -12 -12  -8 -13
DST0608*12  X220   0  -4  -3  -8 -11 -11  -9 -14 -14 -10  -8 -10  -9  -8  -5  -5 -10 -12 -13 -15 -13 -11 -13 -12 -14 -10
DST0608*13  X220   0 -14 -14 -14 -15 -14 -12 -11 -10 -10 -10 -10  -9  -5  -4  -5  -5  -4  -3   0   0  -1  -3  -3   0  -7
DST0608*14  X220   0   0   1   2   2   3   1  -1  -4  -5  -4  -4  -4  -5  -6  -9 -11 -14 -17 -20 -20 -18 -13 -10  -8  -7
DST0608*15  X220   0  -7  -6  -7  -6  -7  -6  -5  -4  -3   1   5   5   4   3   3   4   5  12  18  15  14  10   8   7   3
DST0608*16  X220   0   5   2   2   4   3   5   5   5   8  10   9   8  10   9   3   4   5   7   7   6   4   4   3   8   6
DST0608*17  X220   0   9  11  12  10   8   5   5  16  21  16  11  12  12  10  11  12  12  11   8   4   3   4   2   3  10
DST0608*18  X220   0   4   4   0 -13 -20 -22 -14  -9 -15 -13 -12 -13 -19 -14 -11  -8  -7  -6  -6  -6  -5  -1   3   9  -8
DST0608*19  X220   0   7   6  -1  -9 -14 -14  -5   2   2  -4   4  -3  -5  -9 -13 -25 -27 -30 -37 -56 -66 -78 -76 -72 -22
DST0608*20  X220   0 -78 -79 -65 -58 -61 -61 -55 -48 -48 -49 -44 -34 -34 -33 -35 -42 -43 -44 -41 -41 -40 -39 -39 -36 -48
DST0608*21  X220   0 -30 -29 -30 -35 -40 -39 -37 -37 -39 -39 -35 -32 -33 -32 -32 -33 -28 -30 -34 -34 -32 -34 -33 -29 -34
DST0608*22  X220   0 -26 -26 -25 -25 -23 -19 -21 -26 -38 -41 -41 -38 -27 -23 -22 -25 -28 -31 -32 -32 -27 -25 -23 -23 -28
DST0608*23  X220   0 -20 -20 -18 -22 -23 -22 -26 -24 -25 -24 -25 -26 -26 -26 -24 -21 -18 -15 -13 -13 -17 -20 -17 -17 -21
DST0608*24  X220   0 -19 -20 -17 -16 -15 -16 -14 -12 -15 -14 -13 -10 -11 -12 -15 -17 -17 -18 -18 -19 -20 -20 -18 -15 -16
DST0608*25  X220   0 -14 -12 -14 -15 -14 -14 -14 -14 -15 -15 -15 -15 -15 -13 -11  -8  -9  -9  -9  -7  -6  -6  -8 -10 -12
DST0608*26  X220   0 -13 -13 -13 -13 -12  -9  -7  -7 -10 -11 -12 -10  -8  -6  -6  -7  -6  -5  -2  -1   0   2   5   7  -7
DST0608*27  X220   0   7   4   6   7   4   2   2  11  13   5  -6 -16 -14 -10  -7 -23 -39 -32 -25 -24 -25 -28 -26 -20 -10
DST0608*28  X220   0 -21 -22 -27 -28 -31 -26 -22 -25 -28 -28 -26 -24 -20 -19 -16 -14 -13 -14 -13 -13 -12 -15 -19 -19 -21
DST0608*29  X220   0 -19 -15 -16 -14 -15 -17 -14 -14 -14 -14 -15 -16 -10  -9  -8  -7  -7  -7  -7  -9  -5  -5  -6  -7 -11
DST0608*30  X220   0 -11 -12 -10  -8  -7  -9 -13 -17 -15 -11  -9  -6  -6  -6  -4  -2   1   0  -1  -1   3   7   3   4  -5
DST0608*31  X220   0   4   3   6   7  11  12  10  -1  -7 -10 -12  -9  -7  -2  -2  -8 -17 -21 -27 -33 -31 -35 -35 -34 -10


DST0609*01  X220   0 -34 -31 -27 -23 -21 -19 -16 -16 -24 -22 -20 -13 -15 -19 -22 -23 -21 -27 -26 -28 -27 -34 -39 -36 -24
DST0609*02  X220   0 -27 -25 -25 -25 -27 -25 -21 -18 -15 -13 -12  -7 -12 -15 -13  -9  -7  -8  -8 -14 -19 -20 -16 -11 -16
DST0609*03  X220   0 -12 -10 -10 -11 -10  -9  -9  -7 -10 -11 -12  -8  -8  -4  -1  -3  -7  -6  -2  -1  -3  -7  -8  -5  -7
DST0609*04  X220   0   3  -6 -14 -23 -36 -45 -37 -38 -38 -38 -36 -32 -25 -20 -17 -19 -19 -23 -28 -27 -24 -26 -31 -34 -26
DST0609*05  X220   0 -32 -26 -22 -20 -24 -28 -28 -24 -20 -23 -23 -20 -18 -15 -11 -10 -11 -13 -15 -12 -11 -11 -11 -12 -18
DST0609*06  X220   0 -13 -15 -15 -15 -18 -19 -19 -21 -21 -19 -21 -25 -28 -26 -21 -17 -15 -13 -14 -15 -17 -16 -16 -16 -18
DST0609*07  X220   0 -16 -16 -15 -12 -12 -13 -14 -15 -14 -12 -11 -11 -14 -17 -19 -19 -17 -17 -19 -18 -15 -14 -12 -11 -15
DST0609*08  X220   0 -11 -10  -9  -9 -13 -17 -12  -9  -8  -9  -6  -6  -6 -10  -8  -6  -6  -5  -3  -3  -4  -2   2   4  -7
DST0609*09  X220   0   3   1   0  -2  -2   0   0  -2  -4  -3  -1  -1  -2  -3  -2  -1   0   1   2   2   1  -3  -2  -2  -1
DST0609*10  X220   0  -4  -6  -5  -2   0  -1  -2  -1  -1   3   4   9  11   9   8   7   5   2   5   3  -3  -1  -4  -4   1
DST0609*11  X220   0  -5  -8 -12 -11  -7  -5  -5 -11 -17 -16 -11  -8 -10 -17 -15 -13  -9  -7  -6  -6  -7  -8 -11 -11 -10
DST0609*12  X220   0 -11 -11  -6  -4  -1  -1  -6 -10  -8  -9 -10  -7  -6  -9  -7  -5  -4  -4  -6  -3  -2  -3  -4  -6  -6
DST0609*13  X220   0  -8 -11  -8 -10 -14 -18 -20 -14 -14 -17 -12 -10 -10 -12 -11 -12 -11 -11 -11  -9  -9 -10 -11 -12 -12
DST0609*14  X220   0 -13 -11 -11  -9  -9 -13 -11 -13 -13 -12 -10  -9  -9  -7  -5  -5  -5  -4  -2   0  -3  -5  -7  -9  -8
DST0609*15  X220   0 -12  -9  -8  -6  -4  -2  -2  -3  -3  -1   2   2   2   1   1   0   0   3   2   2   4   3   2   1  -1
DST0609*16  X220   0   0  -2  -2  -1  -3  -1   2   3   3   3   4   2   2   4   3   0   1   2  -2  -4  -4  -3  -1   0   0
DST0609*17  X220   0   1  -2  -4  -2  -3  -7 -12 -14 -14  -9 -16 -17 -15 -14  -9  -5  -4  -2  -6 -19 -31 -24 -17 -13 -11
DST0609*18  X220   0 -14 -18 -29 -29 -24 -26 -30 -29 -30 -34 -31 -22 -14 -16 -16 -17 -15 -20 -23 -17 -15 -17 -19 -24 -22
DST0609*19  X220   0 -27 -27 -25 -25 -22 -21 -26 -23 -24 -23 -24 -22 -21 -22 -25 -22 -23 -25 -27 -24 -23 -22 -23 -22 -24
DST0609*20  X220   0 -20 -19 -19 -21 -23 -21 -20 -20 -19 -19 -17 -15 -15 -16 -15 -15 -15 -18 -18 -17 -15 -16 -16 -15 -18
DST0609*21  X220   0 -15 -12 -10  -7  -8 -10 -10  -9 -10 -11 -10 -12  -8  -7  -7  -6  -7  -7  -8  -7  -7  -8 -10  -8  -9
DST0609*22  X220   0  -7  -5  -4  -1   0  -2  -1   0   0   0  -1  -3  -1  -1  -1   0  -2  -4  -5  -4  -1  -2  -4  -5  -2
DST0609*23  X220   0  -3  -2  -2   0   0  -2  -2   0   1  -2  -7 -10  -8  -4   3   9  12  14   9   0   4  -2   2   1   0
DST0609*24  X220   0   4  -7 -15 -23 -46 -38 -45 -51 -51 -55 -48 -37 -33 -26 -22 -20 -19 -22 -23 -21 -18 -17 -18 -17 -28
DST0609*25  X220   0 -15 -16 -17 -17 -16 -13 -12 -12 -18 -28 -31 -30 -30 -29 -26 -21 -19 -21 -22 -21 -20 -22 -24 -22 -21
DST0609*26  X220   0 -20 -18 -18 -18 -18 -18 -13 -10 -10  -9 -10 -11 -14 -15 -12  -8  -9 -13 -17 -19 -17 -17 -21 -21 -15
DST0609*27  X220   0 -20 -22 -19 -19 -18 -14 -12  -9 -10 -13 -13 -13 -11  -8  -8 -13 -12 -13  -9  -8 -10 -13 -16 -15 -13
DST0609*28  X220   0 -16 -15 -14 -12  -9  -8  -8  -5  -5  -7 -10  -8  -6  -6  -4  -5  -5  -3   0   1  -2   1  -1  -3  -6
DST0609*29  X220   0   2   2   3   2   2   3   2  -3  -3  -4  -2  -2   0  -3  -2  -2  -2   2   1   2   3   2   0  -1   0
DST0609*30  X220   0  -1   2   9  12  -3 -16 -21 -12  -5  -4 -14 -16  -7  -4   1   3   5   1  -7  -8  -9 -13 -16 -17  -6


DST0610*01  X220   0 -25 -36 -44 -47 -50 -51 -49 -45 -40 -35 -38 -34 -38 -43 -40 -31 -31 -30 -29 -27 -25 -22 -22 -22 -36
DST0610*02  X220   0 -18 -11 -11 -14 -17 -19 -16 -15 -15 -18 -21 -19 -15 -10 -10 -12 -14 -18 -22 -23 -23 -21 -21 -20 -17
DST0610*03  X220   0 -20 -17 -17 -18 -19 -19 -18 -14 -12 -11 -12  -9  -9 -11 -13 -15 -14 -11  -4  -4  -6  -7 -10 -12 -13
DST0610*04  X220   0 -14 -15 -15 -16 -17 -15 -12 -12 -11 -13 -13 -11  -9  -9 -11 -12 -14 -12  -9 -10 -10 -10 -10 -12 -12
DST0610*05  X220   0 -15 -16 -17 -16 -14 -12 -12 -13 -10  -9  -9  -9 -11 -10 -11 -11 -11 -12 -14 -15 -12  -8  -7  -8 -12
DST0610*06  X220   0  -7  -6  -4  -3  -2  -4  -5  -6  -7  -8  -7  -8  -8  -8  -6  -3  -2  -2  -2  -3  -4  -4  -3  -1  -5
DST0610*07  X220   0  -1  -1  -1  -1   2   0  -1   1   0  -1  -1  -1   4   8  11  13   4  -6  -3   4   5  -5 -17 -26  -1
DST0610*08  X220   0 -23 -19 -16 -15 -13 -12 -10  -6  -8 -17 -21 -17 -17 -18 -17 -15 -16 -14 -12 -11 -14 -15 -14 -15 -15
DST0610*09  X220   0 -14 -11 -10 -12 -14 -13 -11 -11 -11 -12 -10  -9  -9  -9  -8  -8  -5  -3  -2  -3  -5  -3  -2  -4  -8
DST0610*10  X220   0  -3  -3  -5  -5  -5  -5  -5  -5  -5  -7  -7  -4  -2  -3  -5  -6  -6  -5  -4  -5  -5  -4  -3  -3  -5
DST0610*11  X220   0  -4  -2  -4  -3  -2  -3   1   2   3   5   6   3   0   0  -2  -3  -3  -4  -4  -4  -4  -1  -1  -4  -1
DST0610*12  X220   0  -6  -5  -2   0  -3  -5  -3   1   1   2   0   5   7   3  -3  -4  -3  -4  -3  -4  -4  -4  -5 -10  -2
DST0610*13  X220   0 -17 -17 -17 -17 -17 -14 -19 -21 -42 -48 -35 -21 -20 -24 -24 -29 -27 -26 -24 -36 -22 -43 -55 -55 -28
DST0610*14  X220   0 -53 -51 -49 -46 -50 -44 -38 -35 -28 -26 -29 -23 -23 -22 -24 -27 -35 -39 -37 -29 -27 -38 -39 -40 -36
DST0610*15  X220   0 -34 -34 -35 -40 -37 -35 -29 -25 -22 -20 -16 -19 -18 -19 -21 -23 -23 -26 -24 -23 -22 -22 -23 -22 -26
DST0610*16  X220   0 -22 -22 -21 -22 -24 -26 -27 -24 -23 -23 -22 -22 -22 -23 -24 -24 -21 -20 -17 -14 -12 -15 -15 -15 -21
DST0610*17  X220   0 -16 -17 -19 -19 -20 -20 -16 -13 -13 -14 -13 -10 -11 -12 -12 -13 -13 -13 -13 -15 -15 -14 -12 -13 -14
DST0610*18  X220   0 -14 -16 -18 -20 -21 -20 -15 -11 -10  -9  -8  -7  -8  -8  -8  -9 -10  -9  -9  -8  -7  -5  -4  -4 -11
DST0610*19  X220   0  -3  -4  -6  -5  -9  -8  -7  -7  -5  -4  -5  -3  -3  -1   0  -1  -1  -2  -1   0   0   2   5   8  -3
DST0610*20  X220   0  16   9   7   6   4   7  13  18  10  11   1   4   5   1   2   9  -3  -7  -2  -9  -7 -14 -14 -16   2
DST0610*21  X220   0 -13 -20 -23 -28 -28 -28 -28 -27 -22 -15 -15 -14 -14 -12 -12 -15 -19 -24 -21 -19 -18 -20 -20 -18 -20
DST0610*22  X220   0 -16 -16 -18 -22 -27 -30 -31 -27 -22 -20 -17 -15 -15 -12 -15 -22 -20 -18 -25 -25 -25 -25 -24 -20 -21
DST0610*23  X220   0 -17 -15 -14 -16 -17 -16 -15 -13 -10  -8  -8  -9  -9 -10 -11 -14 -14  -8  -6  -8 -10 -10  -9  -7 -11
DST0610*24  X220   0  -5  -5  -7 -10 -12 -16 -22 -23 -24 -19 -14  -9  -8  -8  -9  -8  -6  -6 -10 -10  -5  -5  -7  -5 -11
DST0610*25  X220   0  -5  -7 -10  -9  -7  -5 -11 -11 -12 -11 -10  -7  -8  -8 -10 -13 -14 -15 -15 -12 -12 -13 -15 -15 -11
DST0610*26  X220   0 -14 -12 -12 -15 -14 -14 -16 -16 -16 -13 -11  -9  -9  -7  -6  -7  -7  -6  -5  -2  -2  -3  -5  -5  -9
DST0610*27  X220   0  -5  -4   2   6   6   8   8   7   7  10  12  13  11   9   6   3   1  -3  -3   2   1   4   3  -7   4
DST0610*28  X220   0  -8  -6  -6  -4 -14 -19 -19 -18 -11  -7 -10  -9  -7  -6   0  -6 -13 -15 -13 -16 -14 -20 -35 -27 -13
DST0610*29  X220   0 -23 -19 -37 -44 -43 -42 -45 -47 -50 -40 -40 -36 -33 -33 -38 -38 -34 -30 -23 -26 -27 -24 -26 -30 -35
DST0610*30  X220   0 -32 -32 -31 -30 -30 -31 -28 -25 -25 -26 -22 -23 -25 -27 -27 -29 -30 -26 -25 -21 -18 -18 -19 -22 -26
DST0610*31  X220   0 -22 -24 -25 -26 -26 -25 -25 -23 -21 -20 -15 -12 -13 -15 -19 -24 -25 -25 -24 -22 -21 -21 -19 -21 -21


DST0611*01  X220   0 -20 -17 -19 -21 -25 -24 -22 -22 -20 -21 -18 -14 -12 -11  -9  -9 -13 -17 -15 -15 -14 -17 -19 -24 -17
DST0611*02  X220   0 -25 -26 -26 -28 -27 -27 -24 -23 -22 -23 -22 -19 -18 -17 -17 -21 -22 -26 -26 -26 -26 -23 -27 -28 -24
DST0611*03  X220   0 -24 -22 -24 -23 -22 -18 -21 -23 -25 -21 -13 -12  -7 -10 -10 -11 -12 -10  -6  -3  -3  -2  -1   1 -13
DST0611*04  X220   0   3   2  -3 -11 -13 -19 -19 -22 -17 -14 -14 -12 -11  -9  -8 -11 -15 -17 -16 -15 -16 -17 -18 -13 -13
DST0611*05  X220   0  -9  -9 -11 -10 -11 -14 -15 -14 -15 -13 -16 -20 -22 -16 -12 -13 -14 -13 -14 -17 -17 -16 -14 -12 -14
DST0611*06  X220   0  -8  -7  -7  -6  -6  -8 -11 -12 -10  -6  -5  -4  -5  -4  -3  -3  -6  -6  -6  -5  -7  -6  -4  -2  -6
DST0611*07  X220   0  -1  -2  -3  -3  -5  -7  -6  -5  -7  -8  -7  -7  -8  -8  -7  -5  -5  -4  -3  -2  -4  -3  -4  -4  -5
DST0611*08  X220   0  -5  -5  -5  -2  -1   0   0   4   5   4   4   4   4   5   6   4   3   3   4   4   4   3   1  -2   2
DST0611*09  X220   0  -3  -3  -4  -6  -5  -5  -4  -2   0   3   6   8   8  19  26  25  31  31  25   3   3  -2 -20 -46   4
DST0611*10  X220   0 -59 -63 -63 -55 -50 -53 -59 -59 -47 -39 -42 -48 -48 -42 -42 -39 -40 -34 -34 -33 -27 -27 -23 -21 -44
DST0611*11  X220   0 -25 -32 -34 -32 -31 -37 -48 -43 -32 -35 -34 -34 -28 -29 -31 -28 -27 -27 -25 -22 -21 -22 -23 -25 -30
DST0611*12  X220   0 -27 -29 -29 -30 -27 -26 -27 -27 -25 -24 -25 -21 -19 -20 -20 -19 -18 -18 -18 -18 -18 -20 -24 -25 -23
DST0611*13  X220   0 -26 -26 -27 -26 -25 -23 -22 -20 -16 -15 -15 -17 -20 -21 -19 -16 -17 -16 -16 -15 -12  -9  -9  -8 -18
DST0611*14  X220   0  -9 -12 -13 -14 -13 -12 -10  -9  -9  -9 -11 -13 -14 -12 -13 -16 -17 -18 -15 -13 -12 -14 -17 -20 -13
DST0611*15  X220   0 -19 -19 -19 -20 -19 -17 -16 -17 -14 -12 -10  -9  -9  -9 -12 -13 -17 -13  -8  -6  -7 -14 -19 -21 -14
DST0611*16  X220   0 -16 -12 -19 -25 -27 -26 -22 -24 -19 -11  -8 -11 -16 -19 -19 -19 -20 -19 -18 -13 -12 -11 -11 -13 -17
DST0611*17  X220   0 -16 -20 -25 -32 -32 -32 -33 -33 -31 -28 -24 -20 -24 -25 -31 -29 -26 -21 -19 -18 -18 -20 -19 -17 -25
DST0611*18  X220   0 -20 -20 -21 -18 -16 -14 -12 -12 -12 -13 -14 -14 -15 -18 -19 -19 -19 -20 -19 -18 -17 -18 -18 -18 -17
DST0611*19  X220   0 -18 -19 -19 -17 -18 -12 -13 -14 -14 -14  -8  -7  -7  -7  -6  -6  -9  -9 -10 -11 -12 -11  -9  -9 -12
DST0611*20  X220   0 -10  -9  -8  -6  -5  -5  -8 -10 -10 -11  -8  -8  -7  -5  -9 -10  -9  -9 -11 -12 -13 -12 -12 -10  -9
DST0611*21  X220   0  -8  -7  -8  -8  -7  -6  -6  -9  -7  -7  -9  -9  -5  -3   0   2   3   2   1   1   2   1   1   2  -4
DST0611*22  X220   0   5   5   7   7   5   4   3   3   8  10  10   8  13  13   9   8   6   7   9   4  -4 -10  -9  -6   5
DST0611*23  X220   0  -4  -6  -9  -8  -6  -7  -7  -5 -22 -30 -30 -30 -31 -31 -30 -27 -25 -24 -25 -29 -28 -22 -14 -11 -19
DST0611*24  X220   0 -15 -17 -22 -31 -29 -32 -36 -34 -37 -30 -32 -33 -29 -32 -30 -30 -28 -28 -27 -24 -22 -22 -19 -17 -27
DST0611*25  X220   0 -14 -14 -18 -21 -17 -21 -24 -22 -20 -19 -19 -16 -17 -18 -17 -18 -17 -20 -21 -25 -26 -23 -23 -25 -20
DST0611*26  X220   0 -23 -20 -19 -21 -17 -17 -19 -20 -20 -22 -25 -23 -23 -22 -21 -21 -20 -18 -17 -20 -25 -22 -22 -24 -21
DST0611*27  X220   0 -24 -24 -23 -21 -19 -18 -17 -19 -18 -20 -24 -21 -20 -19 -21 -24 -24 -23 -20 -18 -18 -17 -16 -17 -20
DST0611*28  X220   0 -18 -18 -18 -20 -20 -19 -17 -16 -16 -15 -15 -16 -18 -20 -21 -20 -21 -19 -15 -11 -12 -17 -16 -13 -17
DST0611*29  X220   0 -14 -16 -20 -16 -10 -11 -13  -7  -2   1   0  -7  -7  -6  -8  -9  -9 -10  -7  -6  -5  -5  -5 -11  -8
DST0611*30  X220   0 -15 -19 -21 -25 -30 -41 -51 -60 -66 -57 -62 -71 -71 -74 -63 -49 -48 -53 -49 -45 -43 -38 -37 -35 -47


DST0612*01  X220   0 -33 -31 -31 -32 -32 -28 -25 -25 -24 -27 -26 -26 -26 -27 -28 -26 -25 -22 -21 -22 -19 -15 -16 -16 -25
DST0612*02  X220   0 -14 -16 -19 -19 -20 -21 -19 -18 -19 -19 -19 -17 -18 -18 -16 -16 -17 -14 -14 -14 -14 -12 -12 -11 -17
DST0612*03  X220   0 -10 -11 -15 -17 -17 -16 -17 -17 -16 -14 -12 -11 -12 -13 -15 -19 -21 -19 -18 -17 -17 -15 -13 -11 -15
DST0612*04  X220   0  -9 -10 -11 -13 -14 -13 -13 -14 -12  -9  -8  -9 -11 -14 -15 -16 -15 -14 -15 -17 -17 -18 -17 -14 -13
DST0612*05  X220   0 -13 -12 -11 -11 -12  -9  -7  -9  -7  -3   3   2   0   2   1  -5  -5  -3  -2   1   2   5   6   0  -4
DST0612*06  X220   0  -4  -6 -14 -25 -30 -26 -23 -19 -18 -21 -31 -44 -55 -48 -45 -51 -49 -41 -36 -35 -47 -38 -30 -32 -32
DST0612*07  X220   0 -34 -34 -39 -35 -33 -37 -38 -31 -30 -30 -29 -26 -31 -30 -30 -35 -37 -35 -37 -37 -40 -45 -47 -41 -35
DST0612*08  X220   0 -36 -31 -32 -35 -30 -23 -20 -23 -22 -24 -30 -19 -23 -31 -35 -33 -26 -26 -30 -24 -19 -18 -29 -23 -27
DST0612*09  X220   0 -19 -19 -17 -16 -14 -14 -20 -24 -22 -20 -21 -19 -21 -24 -30 -31 -31 -28 -23 -20 -21 -27 -34 -37 -23
DST0612*10  X220   0 -31 -28 -23 -26 -29 -28 -22 -21 -22 -24 -29 -24 -21 -21 -29 -28 -36 -37 -35 -31 -29 -27 -34 -33 -28
DST0612*11  X220   0 -32 -28 -27 -24 -27 -35 -32 -30 -26 -25 -28 -27 -29 -30 -31 -29 -28 -22 -17 -15 -16 -21 -30 -28 -27
DST0612*12  X220   0 -23 -20 -21 -33 -49 -55 -48 -40 -37 -39 -42 -37 -34 -35 -40 -40 -42 -44 -39 -41 -43 -49 -47 -42 -39
DST0612*13  X220   0 -38 -40 -40 -40 -37 -32 -31 -31 -30 -30 -32 -32 -31 -33 -36 -37 -37 -33 -29 -29 -28 -28 -29 -25 -33
DST0612*14  X220   0 -25 -25 -26 -28 -28 -26 -26 -26 -27 -27 -28 -24 -23 -24  -7 -10 -30 -32 -45 -32 -22 -15 -27 -69 -27
DST0612*15  X220   0-146-157-149-156-158-159-158-162-150-123-116-108 -81 -90 -98 -98 -94 -95 -87 -84 -81 -73 -72 -79-116
DST0612*16  X220   0 -72 -70 -70 -67 -59 -57 -57 -58 -61 -60 -58 -56 -53 -56 -57 -55 -56 -56 -37 -44 -53 -50 -41 -34 -56
DST0612*17  X220   0 -39 -36 -36 -36 -39 -42 -43 -47 -48 -44 -42 -41 -43 -44 -45 -46 -43 -42 -36 -37 -39 -36 -35 -35 -41
DST0612*18  X220   0 -35 -34 -35 -37 -38 -42 -41 -41 -42 -41 -34 -34 -32 -25 -27 -29 -25 -17 -23 -19 -12 -13 -29 -34 -31
DST0612*19  X220   0 -38 -34 -30 -30 -36 -36 -35 -36 -39 -38 -44 -42 -41 -41 -40 -42 -45 -42 -37 -36 -35 -33 -30 -31 -37
DST0612*20  X220   0 -34 -36 -35 -34 -36 -36 -38 -44 -47 -47 -42 -35 -31 -36 -39 -47 -48 -38 -36 -37 -39 -51 -45 -48 -40
DST0612*21  X220   0 -46 -44 -45 -38 -38 -41 -42 -44 -47 -47 -42 -37 -37 -37 -43 -42 -42 -38 -37 -37 -38 -41 -38 -34 -41
DST0612*22  X220   0 -31 -31 -30 -32 -34 -35 -41 -44 -44 -45 -51 -42 -41 -38 -36 -37 -41 -40 -41 -39 -44 -46 -45 -45 -40
DST0612*23  X220   0 -44 -44 -42 -38 -37 -38 -43 -45 -41 -37 -38 -36 -40 -44 -40 -36 -36 -42 -47 -49 -46 -45 -45 -46 -42
DST0612*24  X220   0 -46 -40 -35 -32 -31 -31 -33 -34 -36 -35 -32 -28 -26 -29 -31 -33 -39 -39 -39 -36 -39 -42 -41 -39 -35
DST0612*25  X220   0 -36 -35 -33 -32 -28 -25 -27 -27 -28 -30 -30 -31 -31 -32 -34 -36 -35 -36 -34 -32 -31 -30 -31 -31 -31
DST0612*26  X220   0 -30 -29 -25 -27 -26 -24 -22 -24 -31 -32 -31 -31 -29 -27 -29 -31 -30 -33 -30 -27 -28 -29 -30 -28 -28
DST0612*27  X220   0 -27 -27 -25 -24 -23 -22 -21 -21 -23 -25 -26 -26 -26 -25 -24 -23 -26 -27 -27 -25 -21 -20 -21 -23 -24
DST0612*28  X220   0 -25 -25 -22 -20 -19 -17 -17 -18 -20 -19 -19 -18 -17 -17 -19 -23 -24 -21 -17 -14 -14 -12 -12 -12 -18
DST0612*29  X220   0 -11  -9  -9  -9 -11 -13 -11 -11 -11 -12 -15 -14 -12 -13 -12 -10 -11 -12  -9 -10 -11 -14 -15 -15 -12
DST0612*30  X220   0 -13 -11 -15 -18 -17 -15 -13 -11  -7  -6  -7  -2  -2  -7 -10 -15 -17 -17 -16 -17 -17 -19 -22 -22 -13
DST0612*31  X220   0 -20 -22 -23 -21 -17 -18 -19 -17 -15 -15 -16 -15 -11  -9  -8 -12 -18 -17 -12 -10 -10  -9  -9 -14 -15


DST0701*01  X220   0  -3   0   1  -1  -6  -8  -9  -8   0   7   8  -2  -9 -11   0   2  -7  -6  -8  -2  -4   1   1  -1  -3
DST0701*02  X220   0 -17 -20 -14 -14 -16 -20 -25 -25 -22 -20 -20 -23 -18 -24 -26 -29 -31 -29 -26 -26 -27 -24 -26 -22 -23
DST0701*03  X220   0 -17 -13 -15 -17 -29 -26 -22 -23 -23 -28 -28 -24 -25 -26 -25 -27 -27 -27 -24 -23 -24 -27 -30 -25 -24
DST0701*04  X220   0 -21 -20 -26 -27 -23 -20 -20 -24 -29 -21 -19 -14 -12 -15 -20 -26 -30 -30 -28 -27 -26 -28 -30 -28 -24
DST0701*05  X220   0 -24 -22 -17 -15 -17 -16 -14 -16 -22 -26 -23 -19 -14 -13 -17 -26 -31 -29 -25 -23 -25 -26 -27 -26 -21
DST0701*06  X220   0 -23 -20 -17 -15 -13 -12 -12 -16 -19 -20 -16 -13 -14 -13 -13 -17 -20 -17 -14 -14 -14 -17 -20 -21 -16
DST0701*07  X220   0 -18 -15 -13 -13 -14 -14 -14 -17 -20 -23 -24 -22 -22 -19 -16 -15 -15 -13 -12 -10 -10 -11 -14 -16 -16
DST0701*08  X220   0 -17 -16 -14 -12  -7  -6  -6  -5  -6  -7  -9  -6  -7  -9  -9  -7  -9 -16 -13  -9  -4  -4  -5  -4  -9
DST0701*09  X220   0  -6  -6  -1   2   4   6   4   3  -1  -2   0  -1  -7 -15 -22 -21 -22 -22 -16 -12  -7  -4  -3  -3  -6
DST0701*10  X220   0  -6  -7  -7  -8  -6  -6  -7  -8  -8 -12 -16 -16 -16 -16 -19 -26 -29 -25 -20 -17 -13 -12 -14 -14 -14
DST0701*11  X220   0 -14 -16 -16 -13 -10  -7  -6  -3  -3  -5 -10 -13 -16 -19 -18 -21 -23 -21 -20 -20 -17 -16 -17 -18 -14
DST0701*12  X220   0 -23 -24 -24 -23 -21 -18 -16 -14 -13 -14 -16 -18 -20 -22 -23 -23 -26 -26 -24 -23 -21 -18 -16 -16 -20
DST0701*13  X220   0 -19 -21 -20 -18 -17 -16 -14 -12 -10 -10 -10 -11 -11 -11 -11 -12 -13 -13 -13 -13 -11  -9  -8  -9 -13
DST0701*14  X220   0  -9 -10 -10 -10 -11 -10  -6  -1   3   1  -2  -3  -6   0   2  -3  -5   3  -1  -3  -3  -6 -10  -9  -5
DST0701*15  X220   0 -13 -16 -18 -17 -14 -10 -11 -12  -8  -5  -8 -12 -12 -22 -31 -30 -29 -29 -29 -23 -20 -16 -15 -13 -17
DST0701*16  X220   0 -14 -18 -21 -22 -22 -16  -8  -5  -5  -8 -12 -11 -11 -12 -15 -27 -28 -24 -16 -17 -22 -19 -13 -15 -16
DST0701*17  X220   0 -21 -21 -21 -21 -24 -28 -28 -26 -26 -32 -30 -27 -23 -26 -27 -26 -27 -27 -36 -33 -36 -36 -30 -23 -27
DST0701*18  X220   0 -23 -26 -27 -30 -32 -31 -28 -29 -30 -25 -25 -23 -22 -25 -26 -28 -30 -25 -21 -24 -21 -20 -21 -26 -26
DST0701*19  X220   0 -22 -19 -21 -28 -32 -32 -26 -22 -22 -20 -21 -20 -22 -23 -24 -29 -29 -27 -23 -23 -28 -27 -22 -19 -24
DST0701*20  X220   0 -19 -21 -19 -19 -18 -18 -18 -12 -15 -16 -16 -19 -17 -18 -22 -23 -25 -25 -23 -22 -20 -16 -13 -12 -19
DST0701*21  X220   0 -10 -11 -11 -10 -15 -19 -21 -24 -24 -23 -25 -24 -18 -17 -17 -17 -18 -21 -20 -18 -16 -15 -12  -8 -17
DST0701*22  X220   0 -10 -10  -8  -7  -6  -5  -6  -7  -5  -6  -8 -10 -14 -17 -17 -14 -15 -19 -19 -18 -16 -14 -14 -13 -12
DST0701*23  X220   0 -12 -14 -15 -14 -15 -16 -14 -12  -7  -3  -5  -4  -7 -10 -14 -16 -15 -12 -10 -11 -13 -12  -9  -5 -11
DST0701*24  X220   0  -5  -5  -7  -5  -4  -2  -1  -2  -3  -1  -1  -4  -7  -7 -17 -16 -16 -15 -11  -8  -9  -9  -8  -9  -7
DST0701*25  X220   0  -7  -6  -8  -9  -7  -6  -3  -1  -1  -3   0   3   3  -1   2  -4  -6  -7  -5  -4  -7  -8  -7  -7  -4
DST0701*26  X220   0  -7  -5  -5  -6  -9 -11 -13 -15 -14  -9  -9 -10 -12 -12 -12  -8  -8  -6  -4  -4  -2  -3  -1   1  -8
DST0701*27  X220   0  -1  -3  -6 -10  -6  -6  -5  -3  -3  -4  -5  -5  -6  -7  -9  -8  -7  -5  -3  -4  -7  -3  -1   0  -5
DST0701*28  X220   0   0  -2  -1  -2  -5  -8  -6  -5  -4  -4  -5  -4  -3  -3  -3   1   3   4   3  -1  -6  -7  -2  -4  -3
DST0701*29  X220   0  -4  -1   0   2   4   9   7   4  10   5   4   7   7   3 -16 -37 -37 -44 -38 -41 -48 -49 -43 -43 -14
DST0701*30  X220   0 -39 -38 -42 -46 -45 -35 -40 -39 -35 -29 -26 -26 -26 -32 -36 -34 -33 -29 -29 -23 -22 -28 -28 -25 -33
DST0701*31  X220   0 -23 -28 -27 -29 -30 -27 -28 -26 -17 -14 -22 -24 -24 -23 -24 -22 -25 -29 -32 -32 -32 -31 -27 -24 -26


DST0702*01  X220   0 -20 -21 -19 -20 -21 -22 -23 -27 -29 -29 -29 -26 -23 -22 -24 -27 -29 -28 -26 -21 -18 -17 -14 -14 -23
DST0702*02  X220   0 -17 -17 -16 -16 -17 -16 -19 -21 -21 -20 -19 -17 -18 -20 -21 -21 -24 -22 -19 -17 -18 -18 -14 -12 -18
DST0702*03  X220   0 -13 -14 -14 -14 -15 -15 -17 -17 -16 -13 -13 -14 -14 -15 -15 -15 -16 -16 -15 -14 -13 -12 -11 -11 -14
DST0702*04  X220   0 -10 -11  -8  -6  -3  -5 -10 -12 -13 -16 -17 -17 -18 -18 -16 -14 -13 -12 -11 -11 -11  -5  -4  -4 -11
DST0702*05  X220   0  -3  -4  -5  -3  -3   0   0  -1  -2  -2  -1  -3 -10 -17 -21 -21 -21 -22 -23 -26 -28 -26 -22 -23 -12
DST0702*06  X220   0 -26 -25 -24 -22 -25 -29 -29 -26 -27 -24 -26 -22 -19 -19 -17 -14 -11 -11 -10  -9 -12 -12 -10 -10 -19
DST0702*07  X220   0 -15 -19 -22 -16 -12  -9 -15 -21 -17 -15 -20 -16 -17 -17 -18 -18 -18 -21 -17 -20 -19 -20 -21 -22 -18
DST0702*08  X220   0 -27 -22 -23 -25 -21 -12 -15 -17 -22 -23 -25 -20 -18 -20 -18 -14 -15 -13 -12 -13 -17 -18 -18 -21 -19
DST0702*09  X220   0 -21 -22 -19 -17 -13 -16 -17 -17 -18 -16 -17 -16 -17 -16 -16 -16 -14 -13 -14 -20 -22 -22 -23 -26 -18
DST0702*10  X220   0 -24 -22 -21 -20 -20 -18 -17 -17 -19 -17 -13 -11 -12 -12 -12 -15 -14 -13 -16 -21 -27 -27 -27 -28 -18
DST0702*11  X220   0 -28 -28 -27 -26 -24 -21 -19 -19 -18 -16 -15 -13 -16 -17 -17 -16 -17 -19 -19 -24 -25 -20 -16 -15 -20
DST0702*12  X220   0 -15 -14 -15 -14 -12 -10  -9  -8  -7  -7   6   8  10   0   2   0  -3  -3   1   1   1   3  -2 -13  -4
DST0702*13  X220   0  -8  -6 -11 -12 -12 -11 -12  -9  -7  -6  -6  -7  -4  -4  -2  -3 -12 -20 -21 -13 -12 -14 -20 -30 -11
DST0702*14  X220   0 -36 -34 -28 -29 -28 -29 -23 -23 -28 -26 -24 -27 -23 -23 -22 -20 -21 -24 -32 -41 -31 -34 -30 -28 -28
DST0702*15  X220   0 -29 -29 -28 -24 -21 -20 -21 -20 -21 -21 -21 -23 -23 -22 -22 -21 -21 -23 -23 -21 -17 -15 -14 -13 -21
DST0702*16  X220   0 -11 -11  -9 -10 -12 -16 -20 -24 -23 -21 -21 -22 -24 -24 -20 -16 -16 -18 -20 -20 -18 -15 -18 -24 -18
DST0702*17  X220   0 -23 -22 -23 -22 -24 -23 -21 -20 -24 -22 -23 -21 -21 -22 -20 -20 -20 -17 -16 -17 -19 -26 -27 -26 -22
DST0702*18  X220   0 -23 -20 -20 -20 -14 -11 -11 -15 -19 -20 -20 -18 -16 -17 -17 -16 -12 -10 -12 -15 -18 -18 -16 -17 -16
DST0702*19  X220   0 -15 -13 -11 -10  -8  -7  -6  -7  -7  -7  -8 -10  -8  -6  -9  -8  -9 -10  -8  -8  -9 -10 -12 -12  -9
DST0702*20  X220   0  -9 -10 -10  -9  -9 -10  -9  -7  -3  -2  -5  -8  -9  -8  -6  -6  -6  -5  -4  -3  -3  -5  -5  -7  -7
DST0702*21  X220   0  -6  -4  -5  -5  -9  -7  -5  -4  -3  -4  -4  -1   0   0  -2  -3  -6  -7  -6  -5  -4  -3  -1   0  -4
DST0702*22  X220   0  -1  -2  -2  -2  -3  -2  -1  -3  -4  -3  -2   1   4   1  -2  -3  -4  -6  -8  -9 -10 -12 -12 -10  -4
DST0702*23  X220   0  -6  -4  -5  -8  -9  -7  -5  -3  -2  -1  -2  -3  -5  -3  -1   0  -2  -4  -7 -10 -11  -9  -8 -10  -5
DST0702*24  X220   0  -8  -7  -7  -7  -5  -6  -7  -9  -7  -6  -6  -6  -4  -2  -2  -1   1   0   1   0  -1  -3  -3  -4  -4
DST0702*25  X220   0  -3  -3  -3  -3  -4  -6  -6  -7  -8 -10 -10  -8  -6  -5  -5  -5  -7 -11 -10  -9  -4   1   3   8  -5
DST0702*26  X220   0   7   1  -8   0  -3  -7 -12 -14 -12 -16 -12  -8  -8  -8  -7  -7  -8  -9  -9  -8  -8  -7  -6  -6  -7
DST0702*27  X220   0  -4  -3  -1  -2   0   3   8  12   2  -3   1   5   5   4   3  -1  -5   0  -5 -15 -18 -19 -10 -18  -3
DST0702*28  X220   0 -21 -19 -23 -20 -19 -26 -35 -34 -26 -21 -33 -40 -34 -25 -21 -21 -20 -20 -26 -22 -23 -20 -20 -20 -25


DST0703*01  X220   0 -18 -15 -13 -16 -22 -26 -28 -29 -29 -25 -22 -22 -26 -26 -28 -27 -26 -22 -21 -20 -19 -17 -14 -13 -22
DST0703*02  X220   0 -10 -10 -11 -12 -15 -17 -16 -17 -14 -13 -15 -17 -18 -18 -18 -18 -16 -15 -15 -14 -12 -12 -11 -10 -14
DST0703*03  X220   0  -8  -7  -8  -9 -11 -11 -10 -10  -8  -7  -7  -7  -6  -5  -6  -6  -7  -7  -7  -9 -10  -6  -3  -1  -7
DST0703*04  X220   0   2   2   1   2   0   0  -1  -5  -7  -8  -8 -12 -12 -10 -11  -9  -7  -5  -3  -2  -3   3   2  -4  -4
DST0703*05  X220   0  -5   0   4   2  -1  -4  -6  -6  -4  -3  -7  -5  -7 -10 -13 -13 -13 -13 -14 -15 -11  -3  -1  -6  -6
DST0703*06  X220   0  -9  -8 -16 -22 -18 -19 -25 -19 -17 -17 -14 -22 -27 -21 -15 -15 -15 -16 -18 -17 -13  -4  -4 -14 -16
DST0703*07  X220   0 -19 -24 -24 -27 -28 -29 -26 -21 -25 -21 -20 -18 -19 -21 -23 -22 -22 -23 -26 -29 -30 -29 -30 -31 -24
DST0703*08  X220   0 -27 -26 -26 -26 -26 -24 -22 -19 -18 -19 -19 -18 -20 -19 -19 -19 -19 -18 -17 -16 -13 -15 -16 -15 -20
DST0703*09  X220   0 -15 -16 -18 -18 -18 -16 -15 -14 -12 -11 -11 -11 -11 -12 -12 -10 -10 -12 -15 -17 -19 -20 -20 -19 -15
DST0703*10  X220   0 -18 -17 -17 -17 -18 -16 -15 -14 -10  -9  -8  -8  -8 -10 -11 -12 -13 -12 -12 -13 -10 -10 -10 -10 -12
DST0703*11  X220   0 -10 -11 -12 -11 -12 -14 -14 -12  -8  -3  -8 -18 -17 -11  -7  -9 -13 -13  -5  -9  -8  -5  -3   0 -10
DST0703*12  X220   0   1   2  -2 -10  -8  -7  -5  -1   4   6  10  -1  -5  -8  -8  -6  -8 -11 -10 -11 -14  -8   1  -3  -4
DST0703*13  X220   0  -7 -25 -27 -33 -40 -35 -30 -25 -21 -17 -13 -12 -13 -13 -18 -19 -18 -16 -14 -19 -18 -15 -14 -19 -20
DST0703*14  X220   0 -18 -20 -21 -19 -17 -19 -19 -16 -12 -12 -12 -14 -18 -20 -21 -18 -14 -11 -12 -13 -11  -9  -7  -7 -15
DST0703*15  X220   0  -6  -8 -11 -16 -19 -17 -16 -11 -11  -7  -9 -10  -6  -6  -8 -11 -10  -8  -5  -1  -4  -7  -9  -9  -9
DST0703*16  X220   0 -11 -14 -17 -15 -15 -15 -12 -10 -10 -10 -10 -12 -14 -16 -18 -16 -14 -13 -12 -10 -11 -16 -15 -15 -13
DST0703*17  X220   0 -12 -11 -12 -11 -13 -15 -15 -11 -13 -10 -11 -12  -9 -10 -11 -11 -12 -13 -14 -13 -11  -7  -5  -6 -11
DST0703*18  X220   0  -6  -7  -8 -10  -9  -8  -6  -6  -8  -9 -12 -12 -10  -9  -9  -9  -9  -9  -8  -5  -3  -3  -1   0  -7
DST0703*19  X220   0  -1  -2  -3  -5  -4  -4  -5  -6  -6  -6  -4  -4  -4  -4  -5  -6  -8  -8  -7  -7  -5  -4  -3  -3  -5
DST0703*20  X220   0  -4  -4  -3  -2  -2  -3  -3  -2  -2  -3  -4  -4  -6  -8  -8  -7  -6  -6  -4  -3  -1  -2  -1  -4  -4
DST0703*21  X220   0  -4  -4  -2  -2   0   1   2   4   3   3   2   3   1   3   3   3   3   3   3   5   7   8   7   7   2
DST0703*22  X220   0   6   3   1   3   5   5   3   2   1   1   2   2  -1  -3  -3  -2  -3  -3  -1   2   3   3   3   4   1
DST0703*23  X220   0   3   1  -2  -1  -1  -3   3   5   2   5   3  -1  -1 -10 -21 -25 -22 -19 -17 -12 -10 -14 -18 -18  -7
DST0703*24  X220   0 -17 -23 -29 -32 -35 -41 -57 -66 -72 -66 -60 -60 -61 -60 -51 -40 -35 -34 -29 -21 -21 -15  -9  -1 -39
DST0703*25  X220   0   8   7   1  -1  -5 -11 -14 -12 -13 -22 -30 -29 -28 -35 -38 -34 -30 -27 -25 -22 -20 -24 -24 -19 -19
DST0703*26  X220   0 -10  -9 -10 -14 -17 -20 -21 -18 -20 -18 -18 -17 -15 -16 -15 -17 -23 -24 -25 -19 -12 -12 -14 -14 -17
DST0703*27  X220   0 -11 -10 -11 -10  -7 -14 -24 -21 -16 -15 -21 -24 -20 -18 -18 -21 -19 -21 -28 -23 -18 -13 -14 -17 -17
DST0703*28  X220   0 -21 -18 -18 -18 -22 -24 -18 -17 -16 -13 -12 -10 -11 -13 -14 -15 -16 -15 -14 -13 -12 -14 -15 -16 -16
DST0703*29  X220   0 -16 -17 -18 -18 -15 -13 -13 -13 -14 -16 -17 -16 -15 -14 -11  -7  -5  -4  -3  -1  -1   0  -2  -2 -10
DST0703*30  X220   0  -4  -2   1   2  -1  -2  -3  -4  -6 -11 -19 -23 -21 -14 -12 -10 -11  -9  -7  -5  -2  -2  -3  -1  -7
DST0703*31  X220   0   0   1   1   0  -1  -2  -3  -3  -4  -3  -2  -2   2   1  -1  -1  -3  -2  -1   3   5   5  12  19   1


DST0704*01  X220   0  19   1 -23 -31 -24 -31 -40 -60 -63 -40 -28 -23 -31 -40 -39 -36 -38 -32 -33 -33 -28 -30 -25 -29 -31
DST0704*02  X220   0 -37 -39 -36 -35 -33 -47 -41 -33 -31 -28 -35 -32 -32 -28 -23 -22 -28 -29 -26 -23 -22 -24 -29 -30 -31
DST0704*03  X220   0 -26 -24 -26 -28 -30 -28 -25 -22 -21 -20 -17 -15 -15 -15 -16 -18 -23 -26 -23 -18 -14 -13 -14 -18 -21
DST0704*04  X220   0 -24 -29 -33 -30 -28 -28 -26 -26 -26 -25 -25 -19 -18 -20 -20 -19 -20 -22 -22 -21 -15 -14 -19 -19 -23
DST0704*05  X220   0 -20 -20 -21 -21 -17 -14 -17 -18 -17 -14 -14 -15 -18 -19 -19 -17 -16 -12 -10 -12 -11 -12 -13 -16 -16
DST0704*06  X220   0 -17 -15 -16 -15 -14 -10 -11 -16 -18 -17 -17 -17 -17 -18 -16 -16 -17 -16 -15 -10  -7  -7 -11 -14 -14
DST0704*07  X220   0 -17 -15 -13 -13 -12 -10 -10 -12 -12 -11 -10  -9 -10 -11 -11 -12 -15 -13 -10  -7  -4  -2  -3  -5 -10
DST0704*08  X220   0  -5  -5  -5  -5  -4  -2   0   0  -1  -5  -6  -2   1   1   0   3   3   2   2   2   4   6  13  32   1
DST0704*09  X220   0  33  40  10   6  12  30  32   4   9   6   1  -3  -5 -10 -11 -10 -10  -8  -7  -7  -6  -3  -3  -2   4
DST0704*10  X220   0  -2  -2  -4  -1   0   0   1   1  -1  -2  -3   1   3   1   0   3   4  -4  -1   2   2   2  -1  -8   0
DST0704*11  X220   0 -11  -9  -4  -1  -2  -2  -5  -6  -5  -2  -2  -2   0   0  -2  -2   0   2   2   0   1   5   8   6  -1
DST0704*12  X220   0   2  -1  -4  -1   1   0   1   3   2   1 -12 -23 -25 -20 -20 -21 -20 -21 -24 -24 -21 -18 -18 -19 -12
DST0704*13  X220   0 -18 -16 -14 -12 -14 -16 -15 -15 -14 -10  -9  -8  -6  -6  -6  -7  -7  -9  -9 -10 -10  -9  -8  -7 -11
DST0704*14  X220   0  -5  -4  -1   3   4   4  -2  -7  -7  -6  -4  -4  -4  -4  -3   2   4   3  -2  -1   1   1  -3  -7  -2
DST0704*15  X220   0  -9  -9 -10 -11  -8  -8  -9 -17 -21 -21 -17 -12  -7  -6  -8 -11 -11 -10 -10 -10  -9  -8  -7  -7 -11
DST0704*16  X220   0  -8  -6  -6  -7  -7  -6  -7  -9 -10  -7  -4  -4  -4  -5  -4  -4  -2  -1  -1  -2   1   1   1   0  -4
DST0704*17  X220   0  -1   1   6  12  13  15  10   8   5   0  -8 -23 -31 -33 -27 -26 -31 -33 -29 -28 -23 -20 -20 -22 -12
DST0704*18  X220   0 -26 -22 -19 -20 -23 -23 -23 -24 -25 -21 -15 -11 -10  -9  -8  -7  -3  -5  -7 -10 -12  -9 -11 -12 -15
DST0704*19  X220   0 -16 -14  -9  -7  -9 -14 -18 -23 -23 -17 -12 -13 -16 -15  -9  -6  -5  -4  -3  -4  -4  -4  -5  -8 -11
DST0704*20  X220   0 -10  -9  -8  -7  -8  -7  -5  -4  -4  -1   0   1   2   2   4   5   3   4   3   2   0  -3  -6  -9  -2
DST0704*21  X220   0 -10  -7  -6  -4  -3  -2  -1   0   1   3   1   1   2   3   6   6   7   7   8   8   9   7   6   5   2
DST0704*22  X220   0   4  10  12  12   9   3  -3   3   5   4   3   7   5   7   5   1  -5  -6   0   0   0   0   0  -1   3
DST0704*23  X220   0   2  -3  -9 -15  -7 -21 -27 -22 -23 -24 -26 -27 -28 -27 -24 -19 -18 -18 -16 -16 -16 -17 -17 -18 -18
DST0704*24  X220   0 -16 -12  -8  -7  -7  -7  -8  -9 -10  -5  -3  -1  -5  -7  -8  -5  -2   3   4   3   5   7   6   4  -4
DST0704*25  X220   0   3  -1 -10 -10 -11 -10  -6  -5  -5  -4  -1   1   0   0  -3  -4  -5 -10  -9  -7  -4  -1  -2  -5  -5
DST0704*26  X220   0  -9 -13 -12 -10  -6  -5  -2   1   1   3   4   3   0  -6  -3   7  12   9  10  -3 -10 -11 -15 -17  -3
DST0704*27  X220   0 -17 -16 -12 -11 -10  -7  -4  -1   0  -2  -8  -4   1   5   2   6   4   0  -3  -7  -7  -9 -22 -28  -6
DST0704*28  X220   0 -42 -36 -33 -29 -32 -37 -27 -32 -30 -28 -21 -18 -23 -27 -31 -25 -27 -27 -29 -24 -21 -21 -20 -23 -28
DST0704*29  X220   0 -20 -23 -24 -26 -30 -26 -24 -20 -21 -19 -18 -15 -17 -15 -17 -21 -27 -27 -29 -27 -22 -24 -22 -24 -22
DST0704*30  X220   0 -34 -33 -29 -29 -30 -37 -33 -33 -41 -42 -33 -26 -25 -27 -28 -28 -28 -27 -25 -22 -17 -13 -14 -15 -28


DST0705*01  X220   0 -14 -19 -23 -27 -25 -21 -22 -23 -23 -21 -18 -17 -17 -20 -18 -17 -17 -19 -23 -24 -21 -18 -16 -17 -20
DST0705*02  X220   0 -18 -18 -16 -17 -18 -17 -15 -15 -16 -16 -17 -18 -19 -20 -20 -18 -16 -17 -15 -13 -11  -9  -8 -10 -16
DST0705*03  X220   0 -11 -11  -9  -8  -8  -8  -7  -6  -8  -9  -8  -6  -6  -8  -9  -9 -14 -15 -15 -13 -12 -12 -10  -8 -10
DST0705*04  X220   0  -6  -6  -5  -5  -5  -6  -5  -5  -4  -2  -4  -7  -8  -7  -7  -6  -8  -8  -8  -9  -5  -2  -3  -3  -6
DST0705*05  X220   0  -6  -7  -6  -6  -5  -4  -7  -6  -4  -2  -1   0  -2  -4  -7  -8  -8  -6  -6  -4  -4  -5  -6  -6  -5
DST0705*06  X220   0  -8  -6  -3  -1   0   1   0   0  -1  -1   1   1   1   3   6   9  10  11  12  12  10  11  11   8   4
DST0705*07  X220   0   7   3  -2  -6  -3   1   4  -1   8  20  27  31  15  13   8  -7 -22 -27 -21 -17 -15 -29 -35 -27  -3
DST0705*08  X220   0 -21 -16 -16 -20 -22 -18 -16 -17 -12 -10  -9  -9  -8 -11  -7  -5  -6 -13 -18 -18 -13 -11 -10  -9 -13
DST0705*09  X220   0  -8  -9  -9 -10 -10  -7  -5  -5  -7  -7  -4  -3  -6  -8  -9  -9 -11 -14 -14 -13 -14 -11 -10  -9  -9
DST0705*10  X220   0  -9 -12 -11  -9  -9  -8  -7  -6  -4  -2  -2  -2  -4  -6  -9  -8  -6  -9 -10  -7  -7  -8 -10  -6  -7
DST0705*11  X220   0  -1   1   2   3   2   1   2   2   2   2   2   0  -2  -5  -8  -8 -10  -9  -9  -7  -4  -2  -1  -1  -2
DST0705*12  X220   0   0  -1  -3  -4  -2   1   1   3   5   5   5   7   5   3   2   0  -1   0   1   1   1   0   0   2   1
DST0705*13  X220   0   4   4   3   0  -1  -3  -4  -4  -4  -5  -4  -2   0   0  -1  -1  -1  -1  -2  -1   0   1   4   6  -1
DST0705*14  X220   0   6   6   5   4   3   3   3   6   8  10  11   8   5   4   3   4   3   1  -3  -3  -2  -1   3   6   4
DST0705*15  X220   0   5   7   9  10  11  10   9   8  10  12  12   9   0  -5  -7  -5  -2  -1  -3  -6  -8  -5  -1   2   3
DST0705*16  X220   0   4   6   7   7   7   4   5   6   7   6   6   5   3   1  -2  -1   0  -1  -1  -1  -2  -5  -4  -3   2
DST0705*17  X220   0  -1  -1   0   0  -2  -3  -3   0   3   4   2   1   0  -5  -7  -6  -5  -8 -10 -12 -10  -9 -14 -24  -5
DST0705*18  X220   0 -24 -19 -12  -7   0   6  14   6   2   2   4   8   7   3  -2  -1  -4  -1   2   0   0  -5  -6  -4  -1
DST0705*19  X220   0  -3  -2  -1  -5  -7  -5  -5  -6  -4  -1  -2   2   1  -5  -5  -6 -10  -9  -4  -5  -2   2   2   0  -3
DST0705*20  X220   0  -3  -3  -5  -7  -6  -3  -4  -3   0   2  -2  -3  -4  -4  -5  -6  -6  -6  -7  -6  -6  -9 -10 -11  -5
DST0705*21  X220   0  -9 -11  -9 -10  -7  -6  -5  -2   2   4   5   4   5   7  12  13  13  15  15  12  16  15  11   0   4
DST0705*22  X220   0  -2   2   5   7   7  10  15  19  25  26  24  20  13   9  10  13  16   8  -3  -8 -15 -18 -23 -23   6
DST0705*23  X220   0 -10  -9 -11 -13  -9 -12 -15 -10 -17 -33 -32 -37 -54 -58 -54 -43 -37 -37 -37 -40 -45 -49 -40 -45 -31
DST0705*24  X220   0 -47 -40 -40 -39 -41 -41 -38 -32 -21 -19 -21 -21 -18 -20 -22 -27 -26 -23 -30 -32 -35 -35 -39 -36 -31
DST0705*25  X220   0 -30 -25 -25 -25 -28 -29 -32 -30 -27 -23 -19 -21 -28 -27 -24 -21 -26 -28 -34 -34 -29 -26 -24 -21 -27
DST0705*26  X220   0 -19 -21 -23 -24 -25 -31 -22 -22 -17 -11 -20 -24 -18 -25 -28 -28 -29 -27 -29 -28 -26 -26 -23 -22 -24
DST0705*27  X220   0 -20 -18 -19 -15 -17 -19 -17 -15 -15 -12 -14 -15 -11 -12 -16 -18 -19 -19 -21 -20 -19 -19 -21 -20 -17
DST0705*28  X220   0 -16 -18 -20 -21 -20 -20 -21 -17 -14 -16 -19 -20 -20 -23 -24 -23 -21 -20 -19 -17 -16 -17 -16 -15 -19
DST0705*29  X220   0 -11 -11 -10  -8  -8  -8  -8  -6  -7  -9  -8  -6  -7 -10 -11 -11  -9  -8  -7  -8 -10 -13 -12 -11  -9
DST0705*30  X220   0 -10 -10 -11 -12 -11 -10  -9  -6  -2  -2  -4  -5  -6  -6  -6  -3  -2  -2  -3  -5  -6 -10 -12 -10  -7
DST0705*31  X220   0  -5  -4  -4  -5  -5  -7  -5  -2   0   1   1  -1  -1  -3  -3   0   3   4   2   0   3   5   4  -3  -1


DST0706*01  X220   0  -9  -7  -5  -6 -12 -10  -6   1   7   4   0  -2   0  -2  -3   0   2   2   0   3   8   8   8   3  -1
DST0706*02  X220   0   4   9  11   6   3   1   8  18  15   7  15  16  18  16  18  21  19   7   4   4   5   4   2   2  10
DST0706*03  X220   0   2   2   3   3   4   6   4   3   0  -1  -1  -1  -2  -1   0   3   9   6   0  -4  -3  -6  -8  -9   0
DST0706*04  X220   0  -8  -6  -5  -4  -9  -2  -1   1   1  -1  -2   2   4   4   3   0  -2  -7  -9  -9  -7  -9 -11 -11  -4
DST0706*05  X220   0 -12 -12  -8  -7  -7  -7  -5  -4  -5  -5  -4  -1   0   2   1   0   2   1  -1  -5  -6  -9 -10  -6  -5
DST0706*06  X220   0  -8  -9  -6  -4  -1  -1  -2  -2  -2  -2  -3  -5  -5  -3  -2   0   0  -2  -2  -1   2   2   1   0  -2
DST0706*07  X220   0  -4  -5  -5  -4  -2  -1  -1   2   2   1   1   2   2   1   2   5   6   8   9  11  12  10   9  10   3
DST0706*08  X220   0  10  14  10   2  -1   1   3  -2   1   1   0   0   7   9   9   5  -2  -9 -13 -15 -19 -21 -16 -13  -2
DST0706*09  X220   0 -12 -11  -7  -6 -11 -14 -10  -8  -7 -10 -17 -20 -20 -18 -17 -16 -10  -9 -12  -8  -9 -13 -12  -9 -12
DST0706*10  X220   0  -8 -10 -11  -6  -6  -3   2   2  -9 -13  -8  -5  -4  -5  -7 -11 -10 -10 -10 -10 -10 -11 -12 -12  -8
DST0706*11  X220   0 -14 -14 -11 -10 -11 -11 -10  -8  -7  -7  -8 -10 -10 -11 -10 -11 -13 -13 -14 -15 -14 -14 -16 -15 -12
DST0706*12  X220   0 -11  -9  -8  -8  -7  -6  -8  -9 -10  -8  -7  -8  -7  -9 -10 -10  -9  -8 -10 -11 -11 -11 -10  -6  -9
DST0706*13  X220   0  -3   1   1   2   1   1   2   3   5   6   5   2   0  -2  -1   3   4   0  -1  -8 -10 -13 -11  -8  -1
DST0706*14  X220   0  -9 -10  -8  -2  -1 -11 -17 -21 -21 -13 -13 -11  -7  -8  -7  -6  -9 -12 -10 -14 -14 -19 -23 -23 -12
DST0706*15  X220   0 -21 -17 -11  -8 -13 -17 -17 -16 -12 -10 -10 -13 -16 -15 -13 -10  -8  -4  -2  -4  -7 -13 -13 -14 -12
DST0706*16  X220   0 -15 -14 -11  -7  -5  -7  -8  -7  -7  -4  -2  -4  -7  -7  -6  -7 -10 -13 -17 -16 -17 -17 -19 -18 -10
DST0706*17  X220   0 -15 -14 -11  -7  -6  -8  -8  -6  -4  -5  -8 -10  -8  -5  -4  -5  -2   0  -2  -4  -5  -6  -8 -10  -7
DST0706*18  X220   0 -11 -12 -11  -9  -5  -6  -7  -8  -7  -6  -4  -2   0   2   1   1   1  -1   1   2  -1  -4  -5  -7  -4
DST0706*19  X220   0 -11 -11  -6  -6  -7  -8  -8  -7 -10  -7  -8  -9  -5  -4  -3  -6  -7  -5  -4  -3  -4  -5  -5  -5  -6
DST0706*20  X220   0  -6  -6  -5  -5  -6  -4  -3  -2  -6  -6  -6  -5  -2  -1  -1  -1  -1  -1  -3  -4  -3  -2  -2  -3  -4
DST0706*21  X220   0  -5  -5  -2  -3  -4  -4  -2  -1   9  21  21  20  13   9   2  -5  -3   0  -2   0   1  -3 -18 -28   0
DST0706*22  X220   0 -28 -23 -17 -17 -20 -21 -20 -19 -18 -16 -11  -5  -6  -4  -6  -8  -7  -7  -7  -6   1 -10 -10  -9 -12
DST0706*23  X220   0 -11  -8 -12 -17 -19 -19 -20 -16 -17 -14 -12 -11 -10 -11 -11 -12 -12 -11 -10 -12 -16 -13  -8  -8 -13
DST0706*24  X220   0  -4  -6  -7  -6  -5  -7  -6  -4  -7  -8  -6  -2  -2  -5  -5  -5  -5  -1  -1  -2  -4  -4  -5  -7  -5
DST0706*25  X220   0  -9  -7  -7  -4  -7  -9  -9 -10 -11 -10  -8  -6  -8  -7  -6  -7 -10  -8  -5  -4  -6  -7  -7  -6  -7
DST0706*26  X220   0  -3  -1   1   1   1   0   0  -1   0   1   1  -1  -3  -2   0   2   3   3   3   3   1  -2  -4  -5   0
DST0706*27  X220   0  -3   4   4   4   3  -2  -2  -3  -1   1   2  -1  -3  -2   1   2  -1  -4  -5  -7  -6  -8  -9  -7  -2
DST0706*28  X220   0  -5  -1   4   5   2  -1  -3  -7 -11 -12  -9  -3   3   3   0  -1   2   3   5   4   6   5   1   1   0
DST0706*29  X220   0   1   6   8   6   5   0   0  -3  -2   1   4   3   1   7  25  32  33  37  30  11  -2  -5  -5  -6   8
DST0706*30  X220   0  -5  -1  -7 -11 -16 -14 -10 -10 -10  -9  -6 -10 -12  -9  -6  -6  -8  -5  -3  -4  -8 -10 -10  -9  -8


DST0707*01  X220   0  -4   3   5   4   2   1  -3  -8  -9  -8  -3  -2  -5  -7  -8  -5  -6  -3   0   1   1   1   0  -5  -2
DST0707*02  X220   0  -4  -2  -1  -1  -4  -5  -5  -6  -4  -2   1   2   2   1   0  -2   0   2   4   4   3   3   2   1   0
DST0707*03  X220   0   0   4  10  10   4   2   0   2   4  10  17  15  14  13  10   0  -8 -10  -5   1   4   5  -7 -12   3
DST0707*04  X220   0  -5  -2  -1  -2  -5 -10 -15 -14  -7 -11  -5  -4  -3  -1  -4  -5 -13 -12  -3  -3  -6  -6 -10  -7  -6
DST0707*05  X220   0  -3  -3  -2  -4 -11 -14  -9  -7  -7  -8  -7  -6  -5  -8 -11 -11 -10  -8  -7  -9  -8  -8  -6  -4  -7
DST0707*06  X220   0  -4  -3   2   1  -2  -4  -4  -3  -3   1   2  -3  -7 -10 -10  -8 -10  -9  -6  -6  -5  -3  -3  -3  -4
DST0707*07  X220   0  -3  -3  -5  -7 -11  -7  -2  -2  -5  -5  -2  -2  -3  -3  -5 -10 -13 -11  -8  -6  -7  -8  -9 -12  -6
DST0707*08  X220   0 -16 -13 -12  -9  -8 -11 -10  -9  -8  -7  -7  -6  -5  -7  -7  -7  -8  -9 -10 -10  -8  -7  -9  -9  -9
DST0707*09  X220   0  -9  -8  -5  -3  -2  -2  -3  -4  -4  -1   1   0   0  -3  -5  -5  -4  -4  -2   4   6   4   1   1  -2
DST0707*10  X220   0   1   4   6   4   3   1   1   3   5   8   9   6   5   4   2   3   5  13  24  28  26  22  26  20  10
DST0707*11  X220   0   5 -15 -25 -25 -17 -27 -29 -23 -21 -27 -30 -28 -30 -29 -28 -33 -31 -25 -22 -20 -18 -19 -20 -19 -23
DST0707*12  X220   0 -19 -18 -15 -18 -21 -22 -24 -21 -19 -16 -16 -17 -18 -18 -17 -16 -14 -15 -18 -20 -20 -20 -20 -18 -18
DST0707*13  X220   0 -18 -17 -17 -19 -21 -22 -21 -19 -18 -16 -15 -15 -12 -12 -10  -9  -8  -5  -3   1   7  10  10   6 -10
DST0707*14  X220   0  -1  -1  -7  -8  -8  -7  -1   2   2  -2 -11 -19 -26 -33 -38 -39 -33 -29 -27 -33 -33 -25 -24 -25 -18
DST0707*15  X220   0 -36 -37 -45 -39 -38 -42 -39 -39 -36 -33 -32 -27 -25 -26 -27 -30 -30 -27 -25 -23 -22 -21 -21 -22 -31
DST0707*16  X220   0 -21 -21 -20 -16 -15 -17 -20 -19 -20 -19 -16 -16 -16 -16 -16 -17 -17 -13 -12 -11  -9  -9 -11 -14 -16
DST0707*17  X220   0 -17 -15 -12 -13 -16 -17 -16 -15 -14 -12 -10  -8  -7  -8 -12 -13 -12  -9  -5  -4  -2  -2  -4  -7 -10
DST0707*18  X220   0  -7  -5  -6  -6  -7  -9  -9  -7  -5  -4  -2   2   6   6   6   6   5   6   5   2   2   2   2   3  -1
DST0707*19  X220   0   1   1   1   0   1   2   2   2   3   3   2   0   1   2   2   1   0   1   3   4   6   7  10  12   3
DST0707*20  X220   0  12  11   9   6   6   4  13  16   7 -11 -22 -20 -19 -25 -19 -25 -24 -23 -22 -22 -23 -23 -27 -24 -10
DST0707*21  X220   0 -20 -14 -14 -22 -28 -30 -23 -24 -26 -24 -22 -17 -20 -16 -13 -14 -15 -15 -15 -20 -25 -21 -15 -10 -19
DST0707*22  X220   0 -10 -11  -9 -13 -15 -19 -19 -19 -16 -13 -11 -12 -12 -15 -16 -15 -12  -9  -6  -7  -9 -10  -9 -10 -12
DST0707*23  X220   0 -10  -9  -8  -8  -8  -7  -5  -4  -5  -6  -5  -6  -8  -7  -6  -5  -5  -5  -8  -7  -7   0   6   4  -5
DST0707*24  X220   0  -1  -3  -5  -3  -5  -3  -3  -2   1   3  -3  -2  -4  -4   3   5   5   3  -1  -4  -4  -5  -3  -1  -2
DST0707*25  X220   0   2   5   4   2   3   3   3   3   4   8   9   8   7   4   2   0  -1   0  -1  -1  -1   0   3   6   3
DST0707*26  X220   0   9  12  13  12  10  10  10   9   9  12  13  18  27  31  38  41  34  19  17   5   7   3  -1   2  15
DST0707*27  X220   0   1   3   0  -1  -4 -13 -12 -10  -8  -5  -7 -11 -13 -14 -11  -8  -9  -8  -9 -10 -10 -11 -11 -11  -8
DST0707*28  X220   0  -9  -7  -8  -8  -8 -10  -9 -10  -9  -7  -6  -5  -3  -1   0  -1  -2  -2  -2   1   3   6   4   4  -4
DST0707*29  X220   0   9  11  17  20  10  11   7   5   6  -3  -8  -4   0   2  -1  -2   3   0  -3  -4  -4  -7  -5  -8   2
DST0707*30  X220   0 -11 -13 -10  -5 -10 -14 -16 -15 -12  -8  -7 -10 -14 -11 -10 -12 -14 -15 -13 -13 -11 -10  -7  -5 -11
DST0707*31  X220   0  -4  -3  -4  -6  -6  -9 -12 -13 -15 -15 -14 -10 -11 -10  -7  -8  -4   0   2   2   1  -4  -7  -8  -7


DST0708*01  X220   0 -11 -13 -11  -5   0  -8 -14 -11 -13 -10  -7  -7  -5  -6  -6 -13 -16 -16 -18 -17 -15 -20 -20 -17 -12
DST0708*02  X220   0 -16 -13 -14 -13 -11 -11  -8  -8  -6  -5  -4  -5  -6  -4  -6  -9  -8  -7  -8 -11 -14 -14 -13 -12  -9
DST0708*03  X220   0 -11  -9 -10 -11 -11 -12 -12  -9  -5  -2  -4  -6  -6  -7  -7  -6  -4  -2  -2  -2  -4  -8 -11 -11  -7
DST0708*04  X220   0 -10  -8  -6  -8  -8 -10 -10  -9  -7  -5  -4  -4  -6  -5  -5  -5  -6  -6  -5  -5  -4  -1   2   1  -6
DST0708*05  X220   0   0   0   1   0   0   2   3   3   2   3   4   7   7   6   6   4   8   7   6   8   8   4   1   2   4
DST0708*06  X220   0   1   3   6   7   6   8  12  13   8   8   8   7  13  14  13  10   9  -2  -1   3   0 -10 -14  -9   5
DST0708*07  X220   0  -6  -8 -22 -17 -19 -22 -26 -27 -31 -25 -21 -19 -18 -12 -12 -13 -17 -19 -17 -18 -17 -20 -23 -21 -19
DST0708*08  X220   0 -16 -13 -14 -16 -17 -19 -20 -17 -18 -18 -21 -20 -16 -13 -11 -12 -13 -15 -15 -16 -15 -15 -18 -18 -16
DST0708*09  X220   0 -17 -14 -11 -10 -10 -12 -15 -15 -10  -7  -9 -13 -12 -12 -11  -9  -6  -5  -6  -8  -9 -10  -8  -5 -10
DST0708*10  X220   0  -3  -3  -2  -1   0  -2  -6  -8  -5  -4  -4 -12 -14  -7 -19 -27 -24 -22 -20 -24 -25 -26 -27 -26 -13
DST0708*11  X220   0 -27 -30 -28 -23 -21 -20 -19 -18 -18 -15 -17 -16 -15 -12  -8  -8 -10 -12 -16 -17 -18 -18 -18 -15 -17
DST0708*12  X220   0 -14 -12 -15 -16 -16 -13 -13 -12 -11 -13 -18 -21 -20 -17 -14 -13 -12 -13 -17 -19 -17 -14 -13 -11 -15
DST0708*13  X220   0 -12  -9  -7  -6  -5  -7 -10 -10  -9  -9 -12 -15 -17 -17 -16 -11  -7  -5  -7  -8  -9 -12 -11  -9 -10
DST0708*14  X220   0 -10 -11 -10  -8  -5  -5  -5  -6  -7 -10 -10 -11  -8  -5  -4  -4  -1   0   1  -1  -4  -6   0   5  -5
DST0708*15  X220   0   2   1   0  -4  -7  -7  -3   0   3   0  -2  -3   1  -1  -2  -1   0  -4  -3  -4  -7  -9  -5  -5  -3
DST0708*16  X220   0  -7 -10 -13 -13 -10  -7  -7  -6  -5  -3   0   3   1  -1  -2  -3  -2  -4  -8 -12 -17 -17 -14 -11  -7
DST0708*17  X220   0 -12 -10  -9  -4  -4  -2  -1   1   1  -2  -4  -3   2   2   0  -3  -2  -2  -2  -4  -6  -7  -6 -10  -4
DST0708*18  X220   0  -7  -4   0   2   3   3   2   3   3   2   1   0   1   1   3   2   1   4   7  11   9   7   8  11   3
DST0708*19  X220   0  10   8   7  10  10   9   8   6   6   7   5   2   5   7   9   7   3   4   3   2  -1  -3  -4  -1   5
DST0708*20  X220   0  -2  -6  -2   1   2   2   3   3   3   1  -1   0   3   5   3   1   2   4   8   8   7   5   4   2   2
DST0708*21  X220   0   0  -6  -3   3  11  15  13  12  12  12  10  10   6   7  10   9   7   4   0  -2  -3  -3  -1   1   5
DST0708*22  X220   0   1  -2  -1   1   6  11  13  14  12  10   6   3   1   1   2  -4  -3  -3  -5  -5  -5  -5  -4  -3   2
DST0708*23  X220   0  -2   0   0   1   2   3   4   3   3   1   1   1   4   5   5   3   2   2   0   1   2   1   2   2   2
DST0708*24  X220   0   3   1   0   0   2   2   2   3   4   5   7   8   7   8  10   8  11  11  11  10   5   4   3   6   5
DST0708*25  X220   0   8   5   3   4   3   0   0   1   1   7  11  10   9   6   4   6   5   1  -3  -9  -8  -6  -4  -4   2
DST0708*26  X220   0  -6  -7  -6  -7  -6  -5  -2  -4  -2   0   1  -1   0   7   7   9  13  14  -9  -3  -2  -2   0   2   0
DST0708*27  X220   0   2   1  -5  -6  -4  -1  -8  -8  -5  -2   0  -1   0   0   0  -2   0  -1  -4 -14 -20 -22 -13 -15  -5
DST0708*28  X220   0 -25 -26 -21 -19 -16 -12 -12 -11 -11 -14 -15 -19 -16 -10 -12 -12 -13 -15 -18 -20 -20 -22 -20 -18 -17
DST0708*29  X220   0 -20 -21 -20 -12  -8  -6  -5  -5  -4  -3  -5  -5  -3  -4  -3  -3  -5  -6  -8 -11 -15 -19 -18 -14  -9
DST0708*30  X220   0 -13 -14 -12  -9  -4  -3  -3  -2  -1  -1  -1  -3  -2   0  -1  -4  -4  -5  -4  -5  -8 -12  -9  -8  -5
DST0708*31  X220   0  -5  -2  -3  -4   0   4   4   4   1  -2  -3  -1  -2  -2   0   0   3   3   5   8   4  -8 -12 -14  -1


DST0709*01  X220   0 -11  -4  -1   1   1  -1   2  -1  -7  -2  -3  -5  -4   1   2   0  -2  -4  -3  -3   1  -2  -2  -3  -2
DST0709*02  X220   0  -1 -16 -19 -17 -21 -23 -19 -17 -16 -23 -14 -17 -18 -18 -18 -21 -21 -23 -24 -23 -21 -16 -14 -14 -18
DST0709*03  X220   0 -14 -15 -13  -9  -8 -10 -14 -17 -15 -13 -14 -13 -14 -16  -9 -19 -23 -21 -18 -14 -11 -13 -14 -14 -14
DST0709*04  X220   0 -13 -13 -13 -13 -13 -11 -11 -11 -11 -13 -14 -14 -10 -12 -14 -17 -19 -18 -16 -15 -10  -9  -8 -11 -13
DST0709*05  X220   0 -12 -15 -16 -15 -12 -11 -15 -19 -13 -17 -17 -14 -10  -9 -12 -12 -12 -13 -17 -18 -17 -13 -10 -10 -14
DST0709*06  X220   0 -10 -15 -16 -14 -14 -14 -13  -9  -7  -8 -15 -19 -15  -8  -7 -13 -23 -29 -31 -23 -21 -18 -24 -21 -16
DST0709*07  X220   0 -23 -25 -26 -31 -25 -20 -19 -21 -19 -16 -15 -15 -16 -14 -15 -18 -18 -19 -17 -17 -16 -12 -10  -9 -18
DST0709*08  X220   0 -10 -14 -15 -14 -12 -12 -12 -10 -11 -10  -9  -7  -7  -6  -8  -9 -13 -13 -15 -17 -16 -16 -16 -16 -12
DST0709*09  X220   0 -14 -14 -14 -14 -11  -9  -8  -7  -6  -6  -4  -2  -2  -2  -4  -2  -2  -3  -4  -5  -5  -6  -6  -6  -7
DST0709*10  X220   0  -6  -9  -9  -9  -8  -6  -4  -3  -3  -2  -3  -4  -5  -7  -9 -12 -12 -12 -13 -11  -9  -6  -4  -2  -7
DST0709*11  X220   0  -1   0  -1   2   2  -1  -2  -4  -5  -5  -7  -8  -7  -5  -5  -4  -4  -4  -5  -7  -8  -8  -6  -3  -4
DST0709*12  X220   0  -2  -1  -4  -7  -9 -11 -12 -12 -11  -8  -5  -5  -4  -2  -3  -4  -4  -3  -2   0   0   0   1   2  -4
DST0709*13  X220   0   2   0   1   3   4   6   8  10  10   9   6   4   3   2   3   4   5   6   9  12  14  12  11   8   6
DST0709*14  X220   0   7   7   9   9   9  11  14  15  13  13  11  13  12   9   6   7  12  22  28  27  23  19  14  14  14
DST0709*15  X220   0  17  12  10  11   9   5   3   3   3   3   1  -1  -2  -2  -2  -1   1   1   0  -1   0   0   3   4   3
DST0709*16  X220   0   2   0   0   0   2   4   6   8   7   4   2   2   2   1  -2  -3  -2  -1   0   2   3   5   6   6   2
DST0709*17  X220   0   6   6   6   6   7   7   5   4   4   5   4   2   1   3   6   6   5   5   9  11  13  14  15  13   7
DST0709*18  X220   0  12  10   4   3   2   0   0   1   3   3   3   5   6   4   2   0  -2  -1   2   4   7   6   6   7   4
DST0709*19  X220   0   4   2   1   1   0   2   4   5   6   5   5   9   7  10   8   5   2   2   5   4   5   6   7   7   5
DST0709*20  X220   0   7   5   4   4   4   9  13  14  14  11  14  21  30  33  25   8  -3  -5 -10  -8 -13 -10  -8  -5   6
DST0709*21  X220   0 -11 -12 -16 -18 -15  -7  -4  -2  -6  -3  -2  -2   3   3  -5  -5  -1   3   2   3   5   5   1   2  -3
DST0709*22  X220   0   0  -8  -7  -4  -4  -3  -6 -10  -9 -10  -9  -6   1   1  -3 -14 -14 -11  -6  -5 -11  -6  -4   0  -6
DST0709*23  X220   0   1   1  -3  -4 -11 -25 -25 -17 -14 -16 -11  -7  -7  -5  -9 -10 -10  -8  -5  -8  -7  -8  -8  -5  -9
DST0709*24  X220   0  -9  -6 -12 -12 -20 -16 -13 -13 -14 -14 -11  -9  -8  -9 -14 -14 -12  -9  -7  -7  -9  -8  -6  -8 -11
DST0709*25  X220   0 -15 -13 -11 -11 -12 -11 -12 -12 -11  -8  -6  -3  -1  -1  -5  -9  -9  -7  -6  -7  -8  -6  -5  -8  -8
DST0709*26  X220   0  -9  -6  -6  -7  -6  -6  -6  -6  -6  -6  -6  -5  -3  -3  -5  -8  -9  -9  -9 -10  -8  -5  -3   0  -6
DST0709*27  X220   0   1   2   3   3   2  -1  -1   0   0  -1   0   3  15  20  20  14   2   3  -4  -6 -14 -12 -14 -15   1
DST0709*28  X220   0 -12 -16 -22 -24 -19 -14 -14 -22 -22 -24 -22 -16 -13 -14 -16 -12  -7  -3  -6  -9 -16 -19 -20 -22 -16
DST0709*29  X220   0 -16 -14 -28 -31 -40 -39 -33 -33 -29 -35 -38 -30 -22 -18 -22 -26 -29 -30 -26 -22 -23 -29 -33 -26 -28
DST0709*30  X220   0 -26 -24 -23 -22 -23 -27 -27 -23 -22 -22 -21 -21 -16 -15 -17 -20 -18 -15 -12  -8  -7  -5  -6 -10 -18


DST0710*01  X220   0 -10 -14 -14 -12 -14 -15 -15 -15 -19 -24 -25 -19 -15  -9 -10 -13 -13 -13 -11 -10 -11  -8  -9 -10 -14
DST0710*02  X220   0 -11  -9  -9 -10 -11 -13 -14 -16 -20 -19 -15  -9  -5  -5  -9 -13 -13 -11  -8  -8  -8  -8  -6 -14 -11
DST0710*03  X220   0 -10 -12 -17 -17 -14 -14  -9 -23 -20 -19 -14 -11  -7 -10 -14 -14 -13 -10  -6  -7  -9 -11 -17 -19 -13
DST0710*04  X220   0 -22 -29 -32 -29 -28 -23 -18 -18 -20 -19 -17 -15  -8 -10 -12 -17 -17 -16 -17 -15 -12 -12 -11 -11 -18
DST0710*05  X220   0 -11 -12 -15 -18 -21 -25 -27 -25 -19 -17 -15 -15 -10 -11 -12 -12 -13 -13 -11 -10 -11 -10  -9  -9 -15
DST0710*06  X220   0  -9  -9 -11 -12 -11 -12 -12 -11 -11 -11  -9  -8  -9  -9 -10 -10  -9  -7  -7  -8  -8  -7  -6  -7  -9
DST0710*07  X220   0  -7  -6  -6  -5  -4  -5  -7  -5  -5  -6  -4  -2   0   1   0  -1  -2  -2  -2  -3  -4  -4  -5  -7  -4
DST0710*08  X220   0  -6  -5  -5  -5  -4  -4  -4  -3  -4  -3  -1   1   1   1  -1  -3  -2  -2  -1   0   1   0  -1  -4  -2
DST0710*09  X220   0  -5  -4  -3  -1   0  -1  -2  -3  -2  -1   2   3   4   5   4   4   2   1   1   2   3   5   6   5   1
DST0710*10  X220   0   3   1   0  -1  -1  -3  -5  -4  -4  -3  -2  -3  -5  -4  -4  -3  -3  -2  -2  -3  -3  -2  -1   0  -2
DST0710*11  X220   0   0   0   0   2   4   5   5   4   4   5   5   3   4   7  10   9   8   7   6   6   6   6   5   8   5
DST0710*12  X220   0  11  14  15  16  14  11  13  14   9   8   8   7   6   8   7   4   7   9   7   3  -4 -11 -10  -7   7
DST0710*13  X220   0  -4  -1   1   0   2   4   5   4   7   6   2  -1   1   4   9   9  11  13  12  10   9   7   2  -3   5
DST0710*14  X220   0  -2   0   1  -4  -8  -9 -12 -12 -12 -15 -18 -14  -9  -1   1   1  -1   1   4   5   4   3   1   0  -4
DST0710*15  X220   0  -1  -4  -1   0   2   2   1   2   1   0  -2  -1   4   7   4   0   1   1   1   2   4   5   4   0   1
DST0710*16  X220   0   0   0  -1   1   4   5   7   6   5   3   1   3   4   5   0  -4  -5  -2  -1   1   2   1   0  -1   1
DST0710*17  X220   0  -2  -4  -3  -1  -1   1   3   2   0  -1  -1  -1   1   4   3   4   7   8   7   6   6   5   5   5   2
DST0710*18  X220   0   7   6   4   2   0   4  11   8  -1   2   0   1   7   9   7   8   8   7  -1 -11 -15 -20 -14 -14   1
DST0710*19  X220   0 -14 -17 -12  -6  -5  -7  -8  -8  -8  -6  -7  -5  -7  -7 -18 -19 -16 -17 -22 -21 -18 -18 -14 -13 -12
DST0710*20  X220   0 -13 -14 -19 -24 -28 -24 -21 -19 -17 -14 -10 -12  -8  -5  -4  -8 -14 -16 -20 -17 -15 -12  -9 -10 -15
DST0710*21  X220   0 -10  -7  -8  -8  -9  -8  -8  -8  -7  -3  -4  -5  -4  -3  -3  -6  -5  -3  -7  -9  -9  -8  -9 -12  -7
DST0710*22  X220   0 -10  -9 -10 -13 -10  -9  -6  -2  -1   0  -1  -1   3   4   4   0  -1  -2  -5  -5  -9 -13 -15 -16  -5
DST0710*23  X220   0  -9  -5  -7 -11 -13 -14 -16 -15 -12 -10  -8  -8  -6  -2  -1  -1   0  -3  -8  -7  -6  -6  -5  -3  -7
DST0710*24  X220   0  -2  -2  -1   1   2   0   0  -2  -5  -4  -2  -4  -1   1   1   1   3   4   4   4   2   0  -2  -1   0
DST0710*25  X220   0   3   2   2   6   4   0  -2  -4  -1   1   2  11  18  13   3  -9  -6 -25 -38 -37 -52 -53 -47 -45 -11
DST0710*26  X220   0 -43 -37 -34 -35 -29 -26 -26 -23 -18 -17 -15 -18 -18 -18 -24 -22 -17 -19 -22 -22 -22 -21 -20 -25 -24
DST0710*27  X220   0 -24 -20 -20 -18 -13 -13 -11 -10 -14 -18 -24 -24 -17 -14 -13 -15 -17 -17 -18 -18 -17 -19 -20 -20 -17
DST0710*28  X220   0 -22 -18 -16 -15 -13 -14 -15 -13 -14 -12 -11  -8  -5  -6  -7  -8 -11 -10 -14 -15 -15 -20 -20 -21 -13
DST0710*29  X220   0 -18 -14 -11 -10  -6  -6 -10 -10 -11 -14 -18 -16 -14 -14 -18 -18 -16 -12 -17 -19 -21 -20 -17 -15 -14
DST0710*30  X220   0 -21 -25 -26 -23 -26 -26 -25 -20 -19 -22 -20 -16 -14 -12 -12 -14 -16 -14 -14 -15 -15 -16 -17 -17 -19
DST0710*31  X220   0 -16 -14 -14 -11 -10  -9 -12  -9  -8 -12 -14 -12  -9 -10  -9 -10  -9 -11 -10 -11 -15 -17 -19 -20 -12


DST0711*01  X220   0 -21 -16 -12  -8  -5  -4  -2  -1  -1   0  -3  -4  -2  -4  -6  -5  -6  -9  -8  -6  -7  -6  -7  -9  -6
DST0711*02  X220   0  -7  -7  -8  -9 -12 -10 -11  -9  -8  -7  -7  -5  -3  -2  -1   1   3   3   3   1  -1  -3  -6  -7  -5
DST0711*03  X220   0  -7  -6  -5  -5  -6  -6  -6  -7  -8  -8  -7  -8  -7  -5  -5  -3  -4  -6  -7  -6  -6  -6  -9 -11  -6
DST0711*04  X220   0 -10  -8  -8  -7  -4  -4  -3  -1   0  -1  -2  -3  -4  -5  -3  -2  -2  -2   2  -2  -3  -3   1   2  -3
DST0711*05  X220   0   2  -2  -3  -2  -4  -4  -2   1   1  -1  -3   0   2   2   0  -2  -2  -2  -1   0   1   2   3   4   0
DST0711*06  X220   0   5   5   7   7   7   7   7   7   6   4   2   3   3   5   5   5   5   5   5   5   4   5   7  10   5
DST0711*07  X220   0   9   8   7   5   4   4   6   7   9   8   7   6   5   2   1   0   0  -1   0   0   1   3   4   6   4
DST0711*08  X220   0   8  10  12  15  10   8   9  11  13  14  13  10   8  11  11  13  11  11   6   2  -1   1   2   5   9
DST0711*09  X220   0   5   7   6   8  11  12  13  15  17  15  14  12   9   7   6   4   2   1   2   4   5   6   7   6   8
DST0711*10  X220   0   6   4   5   4   5   6   5   5   6  -2   0   2   2   1  -2  -3  -6  -4  -2   0   1   2   2   3   2
DST0711*11  X220   0   2   1  -1   0   1   2   0   3   6   6   5   5   2   2  -1  -3  -2   0  -1   0  -1  -1   0   1   1
DST0711*12  X220   0   2   1   0   1   2   3   5   8  10  10  10  13  11   8   8   9  13  14  12  18  20  16  16  14   9
DST0711*13  X220   0   7   0   9   7   0   2   3   4   7   4  -1  -5  -1  -5  -3   4   0  -2  -1  -2  -3  -5  -6  -8   0
DST0711*14  X220   0  -4 -10  -9  -8  -4  -3  -2   0  -3  -5  -2  -1  -5  -6  -7  -9  -9  -6  -5  -4  -2  -2  -3  -2  -5
DST0711*15  X220   0  -2  -5  -8  -7  -3  -1   1   3   3  -5  -7  -3  -8  -9  -6  -3  -4  -3  -3  -2  -7  -9  -9  -4  -4
DST0711*16  X220   0   0   1   0   1   0  -2  -1   3   1   1  -1   3   0  -2  -5  -6  -3  -2   0   0  -2  -2  -5  -9  -1
DST0711*17  X220   0 -10  -9  -7  -6  -8 -14 -20 -14  -8  -7  -9  -8  -9 -10 -10 -10  -7 -10 -10  -9  -9  -9  -9  -5  -9
DST0711*18  X220   0  -2  -4  -7  -9  -5  -3  -2  -1   1   0  -1  -2  -3  -5  -7  -7  -6  -2  -1  -1  -1  -2   2   3  -3
DST0711*19  X220   0   4   2  -1   0   3   5   4   3   4   3   5   5   5   4   2  -2  -2  -2  12  23  31  37  30  31   9
DST0711*20  X220   0  30  17   8   9  16  17  15  15   7   9   6  -6 -32 -34 -46 -47 -47 -50 -50 -54 -59 -56 -52 -50 -18
DST0711*21  X220   0 -45 -41 -38 -37 -34 -34 -33 -36 -36 -32 -32 -28 -25 -25 -29 -32 -31 -29 -26 -24 -22 -24 -25 -22 -31
DST0711*22  X220   0 -19 -19 -22 -25 -26 -27 -23 -18 -15 -16 -15 -11  -7  -4  -6 -11 -12 -18 -31 -33 -27 -26 -29 -37 -20
DST0711*23  X220   0 -35 -30 -28 -27 -27 -26 -27 -25 -25 -24 -21 -20 -22 -23 -24 -20 -20 -19 -18 -20 -20 -18 -20 -21 -23
DST0711*24  X220   0 -20 -20 -18 -18 -15 -12 -13 -16 -14 -11  -9  -9  -7 -11 -13 -17 -20 -18 -21 -19 -16 -15 -16 -13 -15
DST0711*25  X220   0 -14 -14 -14 -11 -12 -15 -20 -17 -12 -15 -15 -15 -14 -19 -18 -19 -19 -18 -13 -10 -11 -14 -20 -18 -15
DST0711*26  X220   0 -17 -15 -14 -13 -13 -15 -19 -21 -18 -15 -14 -14 -13  -9 -10  -9  -9  -9 -12 -14 -14 -13  -9  -8 -13
DST0711*27  X220   0  -6  -4  -4  -6  -6  -7  -8  -7 -10 -12 -11  -9  -9 -12 -12 -12 -11  -8  -7  -8 -12 -13 -13  -7  -9
DST0711*28  X220   0  -8  -7  -5  -5  -4  -5  -8  -9  -9  -8  -8  -9 -13 -14 -13 -13 -13 -13 -12 -11 -10 -12 -13 -10 -10
DST0711*29  X220   0  -8  -7  -6  -4  -2  -2  -4  -4  -5  -6  -7  -5  -7  -9 -11 -11 -11  -9  -6  -4  -8  -8  -5  -4  -6
DST0711*30  X220   0  -3  -2   0  -1  -1  -2   0   5   4   1  -1   3   4   4   4   3   3   6  12  12  10   6   4   4   3


DST0712*01  X220   0  -1  -1  -3  -3   3   7   6   1   2   2   0   1   2   4   3   1   0   1   4   4   3  -3  -2  -1   1
DST0712*02  X220   0   1   2   1   1   4   5   5   7   6   3   4  10  10   5   3   3   2   1   2   4   3   1   2   3   4
DST0712*03  X220   0   4   3   2   2   3   2   3   4   2   1   0   3   6   7   6   4   1   1   2   4   4   7   7   8   4
DST0712*04  X220   0   8   7   6   5   7   7   7   6   6   8   8   9   6   5   6   9  10  11   8   7   7   8   6   3   7
DST0712*05  X220   0  -1  -2  -1   0   2   5   7   7   5   5   4   5   4   0  -3  -2  -2   0   0  -1  -1  -3  -2  -1   1
DST0712*06  X220   0  -1  -2  -3  -4  -1   1   3   1   3   5   6   9  10   8   5   6   6   5   5   3   0  -3  -3  -4   2
DST0712*07  X220   0  -5  -7  -7  -5  -3  -2   0   2   4   3   2   3   5   3   3   4   5   6   5   4   2   2   0   1   1
DST0712*08  X220   0   2   2   2   4   5   5   6   6   8   8   8   6   4   2   5   7   6   6   8   8   5   6   7   8   6
DST0712*09  X220   0  10  10  10   8   8   8   7   5   5   4   3   6   9   6   2   1  -3  -5  -5  -5  -6  -5  -3  -2   3
DST0712*10  X220   0  -2  -2   0   2   1  -5  -8  -9 -10 -10  -6  -7  -2   1   2   2   8  11  13  14  14  -1 -21 -19  -1
DST0712*11  X220   0 -10  -6 -13 -14 -16 -18 -21 -18 -18 -20 -22 -20 -14 -17 -16 -17 -21 -16 -11 -12 -16 -14 -12  -9 -15
DST0712*12  X220   0 -10 -11 -16 -26 -21 -20 -22 -20 -23 -23 -26 -20 -18 -15 -14 -14 -17 -15 -14 -14 -16 -15 -13 -13 -17
DST0712*13  X220   0 -13 -13 -14 -13 -16 -19 -15 -14 -13 -15 -17 -16 -11  -8  -8  -9 -10 -10 -12 -13 -13 -10  -9  -8 -12
DST0712*14  X220   0  -8  -8  -7  -7  -8  -6  -7 -10 -12 -12 -11  -7  -5  -5  -6  -6  -6  -7  -9 -10  -8 -10 -11 -10  -8
DST0712*15  X220   0 -10 -10  -8  -6  -5  -4   0   3   3   0  -4  -4  -6  -9 -10 -10 -10  -8  -7  -6  -5  -6  -8  -7  -6
DST0712*16  X220   0  -8  -6  -3  -3  -4  -3   1   4   4   2   1   4   4   2  -3  -6  -7  -2  -2  -6  -5  -6  -7  -5  -2
DST0712*17  X220   0  -4  -3   2  19  28  41  28  16 -13 -11  -8 -13 -17 -19 -17 -24 -33 -29 -26 -22 -18 -21 -21 -26  -8
DST0712*18  X220   0 -28 -26 -22 -20 -20 -25 -20 -21 -21 -19 -18 -19 -16 -20 -22 -27 -24 -28 -27 -20 -16 -21 -23 -25 -22
DST0712*19  X220   0 -20 -19 -19 -22 -20 -19 -20 -21 -21 -18 -17 -17 -15 -15 -14 -13 -15 -17 -10 -14 -14 -13 -12 -11 -17
DST0712*20  X220   0  -9  -6  -4  -4  -8 -12 -11 -12 -16 -15 -14 -15 -15 -11  -6  -7  -9 -13 -12 -11  -9 -14 -18 -21 -11
DST0712*21  X220   0 -18 -15 -16 -14 -15 -18 -19 -16 -17 -15 -11 -10  -9 -10 -10 -17 -19 -20 -20 -20 -16 -13 -13 -11 -15
DST0712*22  X220   0  -6  -7  -6  -9  -8 -11  -9  -8  -8  -8  -9  -7  -8 -10 -11 -12 -15 -16 -15 -19 -14 -12 -12 -14 -11
DST0712*23  X220   0 -10  -9  -8  -5  -5  -6 -10 -12 -13 -12 -11  -7  -5  -5  -6  -6  -9  -9 -10 -10 -13 -14 -12 -10  -9
DST0712*24  X220   0  -9  -6  -4  -5  -7 -10 -12 -10 -10  -9  -7  -6  -5  -5  -7  -9  -8  -7  -5  -4  -5 -10 -11  -8  -7
DST0712*25  X220   0  -5  -2   0  -2  -3  -4  -4  -7  -7  -6  -7  -8  -7  -6  -8  -8  -8  -6  -5  -5  -5  -5  -6  -7  -5
DST0712*26  X220   0  -3  -1   2   4   6   6   3  -2  -4  -4  -5  -1  -1  -3  -2  -3  -4  -1   2   3   3   4   7  13   1
DST0712*27  X220   0  12  14  16   9   3   0  -2  -3  -2  -3  -3  -3  -3  -4  -6  -4   1   5   4   6   1   0  -1   0   2
DST0712*28  X220   0  -1  -1   1   3   1  -1  -1  -3  -3  -6  -7  -5  -2  -4  -4  -5  -7  -6  -7  -8 -10 -10 -13 -13  -5
DST0712*29  X220   0 -11  -9  -5  -1   1   3   4   3   0  -3  -5  -5  -7  -8  -7  -3   2   5   7   6   2  -4  -9  -7  -2
DST0712*30  X220   0  -6  -6  -4  -1   2   3   4   3   2   2   3   5   9  11   8   1  -7  -5  -1  -1   0  -2  -5  -2   1
DST0712*31  X220   0   2   6  12  12   9   8   9  11  10  10   6   5  11   9   3   0  -4   0   4  -1  -6 -10 -10  -9   4


DST0801*01  X220   0 -12 -11  -8  -7  -5  -3  -5  -6  -5  -5  -7  -7  -6  -7  -6  -8  -8  -7  -6  -4  -5  -3  -3  -3  -6
DST0801*02  X220   0  -1   0  -1   1   4   3   3   4   4   7   5   4   4   3   3   2   0   4   5   6   6   5   1  -7   3
DST0801*03  X220   0  -7  -7  -5  -5  -4  -3  -2  -2   1   2   2   1   1  -1   1   0   1   4   4   4   4   4   3   3   0
DST0801*04  X220   0   4   6   9   8   6   6   4   4   4   4   5   7   8   6   7  13  13  14  13  13  16  16  21  37  10
DST0801*05  X220   0  31  21  20  10  11  11  15  16   2 -17  -8  -1  -6 -14 -15 -20 -17 -12  -6 -13 -16 -25 -25 -14  -3
DST0801*06  X220   0  -5  -6  -9 -15 -18 -16 -18 -22 -23 -29 -26 -20 -16 -16 -16 -20 -22 -21 -19 -19 -18 -21 -23 -25 -18
DST0801*07  X220   0 -21 -22 -26 -30 -24 -26 -28 -27 -24 -22 -23 -22 -20 -25 -22 -20 -19 -17 -16 -17 -18 -19 -20 -17 -22
DST0801*08  X220   0 -15 -15 -16 -15 -16 -14 -15 -13 -17 -22 -25 -20 -17 -18 -24 -25 -26 -25 -25 -26 -26 -20 -21 -22 -20
DST0801*09  X220   0 -23 -22 -24 -23 -21 -20 -20 -23 -21 -21 -22 -21 -21 -21 -20 -18 -15 -17 -19 -20 -18 -18 -18 -16 -20
DST0801*10  X220   0 -17 -14 -13 -11 -12 -10 -11 -10 -11 -13 -15 -16 -17 -17 -14 -10  -9  -9 -10 -10  -7  -8 -12 -15 -12
DST0801*11  X220   0 -17 -14 -11 -11 -10 -10  -9 -11 -13 -14 -16 -14 -11 -11  -9 -12 -12 -14 -17 -17 -17 -13 -12 -10 -13
DST0801*12  X220   0  -8  -8  -6  -4   0   1   3   7   4   4   4   5  11  10   3  -6 -17 -27 -27 -21 -19 -20 -21 -24  -7
DST0801*13  X220   0 -27 -25 -20 -17 -17 -18 -21 -21 -19 -18 -16 -12 -15 -24 -30 -19 -20 -29 -34 -34 -27 -19 -23 -26 -22
DST0801*14  X220   0 -23 -19 -20 -20 -16 -12 -15 -23 -19 -15 -21 -25 -21 -14  -8  -9  -8 -13 -17 -17 -17 -16 -21 -20 -17
DST0801*15  X220   0 -17 -15 -15 -13 -12 -10 -11 -12 -15 -16 -18 -20 -19 -19 -19 -17 -13 -11 -12 -14 -13 -13 -16 -19 -15
DST0801*16  X220   0 -19 -15 -15 -12 -12 -17 -19 -17 -13 -12 -17 -13 -14 -14 -13 -13 -11 -12 -12 -12 -16 -20 -19 -15 -15
DST0801*17  X220   0 -11 -11 -11 -10  -6  -7  -8 -11 -12 -11 -11 -11 -14 -17 -12  -9  -8  -8  -8  -8 -13 -12 -10  -7 -10
DST0801*18  X220   0  -1  -3  -8 -14 -13  -9  -8 -12 -14 -14 -15 -12 -13 -12 -16 -22 -29 -26 -25 -26 -23 -18 -16 -17 -15
DST0801*19  X220   0 -15 -11  -8  -8 -11 -14 -16 -16 -15 -13 -15 -15 -18 -17 -14 -16 -21 -21 -21 -19 -19 -17 -16 -14 -15
DST0801*20  X220   0 -11  -9  -6  -9 -12 -17 -16 -15 -12  -7  -8 -12 -11 -10  -8  -8  -8  -8 -10 -15 -17 -19 -17 -17 -12
DST0801*21  X220   0 -14 -10  -9  -8 -10 -11 -11 -11 -11 -13 -13 -11 -10  -8  -5  -7 -15 -20 -19 -12 -10 -15 -18 -19 -12
DST0801*22  X220   0 -16 -13 -12 -12 -13 -12 -12 -12 -11 -10 -10  -8  -7  -6  -6  -8 -10 -14 -12 -12 -12 -12 -12  -9 -11
DST0801*23  X220   0  -7  -6  -5  -4  -5  -3  -5  -4  -5  -5  -5  -3  -1  -1   1  -1  -1  -2  -2  -4  -7  -3  -3  -1  -3
DST0801*24  X220   0   3   4   2  -2  -7  -5  -7  -8  -9 -12 -11 -12  -9  -6  -4  -3  -8 -12  -8  -7  -6  -4   2   1  -5
DST0801*25  X220   0  -5  -3  -4  -6  -8  -6  -7 -11 -10 -12 -16 -15 -14 -10  -8  -6  -1  -2  -7  -6 -15 -17 -16 -18  -9
DST0801*26  X220   0 -17 -13 -11  -9 -10  -8 -10  -9 -12 -17 -19 -21 -19 -12  -9  -5  -5  -8  -9  -7  -9  -9 -10 -10 -11
DST0801*27  X220   0  -9 -10  -9  -7  -6  -5  -4  -6  -9 -13 -12 -10  -9  -7  -6  -7  -4  -3  -3  -6  -6 -10 -13 -15  -8
DST0801*28  X220   0 -15 -14 -13 -11 -11  -8  -9  -8  -9 -10 -13 -14 -11  -6  -4  -2  -2  -5  -7  -6  -5  -6  -5  -2  -8
DST0801*29  X220   0   0   2  -1   0   2   3   0  -8 -13 -13 -11 -13  -9  -6  -9 -11 -13 -13 -13 -11  -9  -7  -8  -9  -7
DST0801*30  X220   0 -10 -10  -9  -6  -3   0   0   0   1   0  -1  -4  -5  -3  -4  -4  -5  -7  -6  -7  -9  -8  -8  -7  -5
DST0801*31  X220   0  -7  -8  -9  -9  -6  -3   0   2   2   0   2   5  11  15  22  27  17   7   1  -1  -5  -9 -18 -26   0


DST0802*01  X220   0 -30 -27 -28 -26 -21 -20 -16 -11  -6  -6 -12 -10  -6  -5  -1  -1  -4 -16 -35 -36 -31 -28 -40 -49 -19
DST0802*02  X220   0 -46 -41 -41 -45 -43 -45 -39 -36 -36 -31 -27 -25 -23 -27 -30 -28 -29 -27 -27 -30 -27 -30 -36 -34 -33
DST0802*03  X220   0 -32 -32 -37 -35 -30 -31 -29 -35 -34 -37 -31 -23 -17 -16 -19 -25 -22 -22 -29 -31 -31 -31 -30 -33 -29
DST0802*04  X220   0 -31 -32 -33 -36 -34 -32 -30 -29 -25 -27 -33 -28 -23 -20 -18 -18 -19 -22 -23 -23 -21 -18 -25 -27 -26
DST0802*05  X220   0 -26 -25 -26 -26 -24 -20 -20 -20 -19 -19 -17 -15 -12 -13 -15 -15 -18 -21 -25 -28 -27 -24 -22 -20 -21
DST0802*06  X220   0 -20 -19 -19 -17 -16 -14 -12 -12  -9  -8  -8  -7  -4  -4  -5  -9 -11 -12 -16 -18 -26 -31 -32 -34 -15
DST0802*07  X220   0 -33 -31 -31 -32 -28 -23 -19 -17 -15 -14 -14 -11  -9  -7  -4  -4  -5 -11 -14 -15 -15 -14 -13 -14 -16
DST0802*08  X220   0 -16 -18 -18 -18 -19 -18 -17 -16 -17 -10  -6  -1   1  -1  -6  -7  -7 -10 -13 -17 -21 -21 -20 -17 -13
DST0802*09  X220   0 -17 -14 -12 -12 -10  -7  -6  -6  -6  -5  -5  -5  -5  -6  -7  -9  -5  -3  -1   0  -3  -1   0   1  -6
DST0802*10  X220   0   4   4   5   7   7   3  -5 -14  -7  -4  -8 -23 -25 -16 -10 -17 -24 -29 -32 -32 -31 -31 -33 -36 -14
DST0802*11  X220   0 -32 -30 -31 -31 -32 -26 -26 -25 -23 -24 -26 -25 -23 -22 -22 -20 -20 -21 -23 -23 -20 -20 -22 -23 -25
DST0802*12  X220   0 -25 -26 -24 -25 -25 -21 -20 -12 -11 -13 -12 -17 -26 -26 -22 -20 -20 -20 -22 -23 -24 -20 -17 -16 -20
DST0802*13  X220   0 -17 -18 -20 -19 -17 -13 -12 -16 -16 -12 -13 -13 -11 -12 -18 -16 -16 -18 -27 -32 -28 -21 -17 -18 -18
DST0802*14  X220   0 -23 -25 -25 -23 -21 -20 -18 -14 -10  -7  -7  -8  -7  -8  -7  -7  -7 -10 -15 -21 -26 -23 -20 -21 -16
DST0802*15  X220   0 -24 -28 -31 -26 -23 -19 -19 -19 -18 -19 -19 -20 -22 -18 -19 -18 -19 -18 -18 -16 -16 -12 -11 -12 -19
DST0802*16  X220   0 -13 -15 -21 -21 -21 -18 -15 -14 -12 -10  -9  -8  -9  -9  -9  -9 -10 -11 -18 -18 -17 -13 -12 -14 -14
DST0802*17  X220   0 -16 -18 -18 -19 -19 -15 -12 -12 -11 -13 -13 -14 -14 -13 -11 -10 -10 -13 -16 -18 -16 -14 -13 -12 -14
DST0802*18  X220   0 -13 -11 -11 -14 -11  -7  -6  -7 -10 -15 -15 -13 -13 -15 -13 -16 -14 -14 -15 -19 -25 -28 -31 -27 -15
DST0802*19  X220   0 -24 -20 -19 -19 -20 -24 -25 -28 -22 -20 -16 -13 -15 -20 -25 -25 -23 -22 -26 -33 -31 -22 -17 -17 -22
DST0802*20  X220   0 -17 -15 -15 -17 -20 -19 -19 -17 -17 -15 -15 -14 -14 -13 -12  -9  -7 -10 -12 -14 -15 -12 -13 -19 -15
DST0802*21  X220   0 -19 -19 -17 -14 -10  -5  -5  -6 -10 -10 -10 -13 -13 -16 -20 -17 -15 -16 -17 -19 -19 -15 -14 -14 -14
DST0802*22  X220   0 -13 -10  -8  -7 -10 -11 -12 -10  -9  -6  -8  -9  -9 -10  -8  -8  -7  -5  -5  -6  -8  -8 -11 -16  -9
DST0802*23  X220   0 -14 -15 -13 -14 -13 -12  -8  -5  -3  -4  -5  -6  -9  -8  -8  -6  -6  -9 -10  -6  -6  -7  -6  -8  -8
DST0802*24  X220   0  -6  -9 -13 -10  -8  -5  -4  -7 -10 -11  -7  -6  -5  -6  -2  -1  -1  -5  -5  -1  -3  -2  -3  -3  -6
DST0802*25  X220   0  -3  -3  -2  -4  -3  -5  -8 -10 -12 -11 -11  -7  -8  -9 -11 -11 -12 -11 -10  -8  -5  -2  -1  -3  -7
DST0802*26  X220   0  -3  -2  -2  -4  -6  -6  -5  -2   0  -2  -5  -6  -6  -9 -13 -13 -15 -13 -11 -10 -13 -14 -12 -13  -8
DST0802*27  X220   0 -11 -11 -12 -14 -14 -11  -9  -7  -6  -1  -1  -3  -6  -8 -10  -4   3  -1 -19 -25 -25 -21 -13 -11 -10
DST0802*28  X220   0 -11 -14 -21 -20 -23 -29 -32 -26 -16 -12  -7 -18 -13 -10  -9 -15 -27 -33 -34 -41 -36 -45 -52 -46 -25
DST0802*29  X220   0 -38 -32 -31 -28 -26 -31 -32 -32 -28 -17 -16 -20 -27 -27 -24 -25 -35 -38 -41 -38 -35 -40 -42 -45 -31


DST0803*01  X220   0 -47 -47 -41 -39 -45 -39 -39 -39 -40 -34 -33 -31 -29 -26 -27 -29 -29 -30 -34 -39 -38 -38 -36 -35 -36
DST0803*02  X220   0 -32 -30 -32 -31 -30 -28 -30 -30 -26 -23 -18 -18 -20 -22 -22 -24 -26 -29 -30 -30 -27 -25 -25 -31 -27
DST0803*03  X220   0 -34 -30 -28 -28 -29 -27 -26 -24 -23 -21 -18 -18 -19 -22 -23 -26 -25 -25 -28 -26 -25 -23 -24 -25 -25
DST0803*04  X220   0 -24 -23 -23 -23 -23 -25 -26 -27 -23 -20 -19 -17 -18 -20 -20 -19 -18 -19 -18 -17 -16 -14 -14 -16 -20
DST0803*05  X220   0 -18 -20 -19 -17 -15 -13 -12 -13 -16 -23 -29 -27 -26 -27 -26 -26 -26 -25 -26 -27 -27 -27 -27 -26 -22
DST0803*06  X220   0 -22 -21 -23 -23 -20 -18 -16 -15 -15 -15 -13 -12 -10  -9  -9 -11 -12 -12 -15 -16 -19 -18 -18 -20 -16
DST0803*07  X220   0 -19 -20 -20 -20 -20 -19 -19 -19 -17 -15 -13 -12 -13 -14 -13 -13 -15 -17 -17 -17 -15 -12 -10 -10 -16
DST0803*08  X220   0 -10 -11 -10  -9  -7  -4  -1   6  13  15  18  21  10  -5 -14  -6  -6 -16 -38 -41 -38 -34 -33 -33 -10
DST0803*09  X220   0 -34 -26 -28 -36 -57 -86 -83 -70 -60 -52 -46 -44 -44 -47 -48 -43 -42 -40 -39 -41 -39 -37 -42 -41 -47
DST0803*10  X220   0 -39 -37 -35 -37 -36 -36 -35 -34 -30 -26 -25 -26 -24 -22 -21 -17 -16 -21 -23 -26 -28 -28 -27 -32 -28
DST0803*11  X220   0 -26 -20 -19 -17 -17 -20 -28 -32 -29 -23 -20 -20 -20 -30 -30 -27 -29 -24 -25 -26 -24 -26 -30 -30 -25
DST0803*12  X220   0 -26 -19 -18 -21 -24 -22 -20 -20 -17 -16 -15 -15 -16 -20 -24 -24 -22 -20 -22 -23 -25 -23 -22 -22 -21
DST0803*13  X220   0 -20 -20 -21 -24 -23 -21 -21 -19 -16 -14 -12 -12 -23 -23 -22 -25 -23 -24 -24 -26 -30 -28 -27 -25 -22
DST0803*14  X220   0 -22 -18 -18 -17 -19 -25 -25 -17 -13 -10 -10 -12 -16 -16 -15 -18 -20 -21 -23 -30 -34 -36 -34 -32 -21
DST0803*15  X220   0 -28 -26 -23 -25 -25 -22 -20 -20 -21 -23 -25 -24 -27 -30 -31 -28 -25 -26 -22 -27 -27 -27 -25 -23 -25
DST0803*16  X220   0 -22 -17 -13 -15 -18 -20 -19 -15 -10  -6  -5  -9 -13 -15 -14 -13 -11 -12 -11 -11 -13 -18 -23 -27 -15
DST0803*17  X220   0 -26 -23 -17 -14 -15 -15 -15 -17 -14 -11 -13 -15 -13  -8  -6  -6 -12 -13 -13 -11  -9  -6  -8  -9 -13
DST0803*18  X220   0  -5  -3  -5  -4  -3 -11 -16 -15 -12  -7  -6  -5 -11 -16 -16 -17 -14 -13 -12 -12 -12  -9  -9  -9 -10
DST0803*19  X220   0  -7  -4  -2  -2  -4  -7  -6  -4  -4  -2   0   0  -2  -7 -13 -15 -17 -18 -22 -25 -29 -25 -23 -24 -11
DST0803*20  X220   0 -19 -11  -7  -9  -8  -5  -4  -3  -2  -4  -3  -9 -18 -22 -22 -19 -16 -16 -17 -17 -14 -12 -13 -14 -12
DST0803*21  X220   0 -12 -11 -12 -11 -11 -11 -11 -12 -10 -10  -6  -5  -5  -6  -7  -6  -6  -9 -10 -11 -15 -16 -16 -13 -10
DST0803*22  X220   0  -9  -5  -3  -1  -2  -6  -7  -8  -8  -7  -7  -6  -4  -3  -2  -1  -3  -2  -2  -3  -5 -12 -18 -19  -6
DST0803*23  X220   0 -16 -13 -16 -21 -18 -14 -16 -14 -10 -11  -8  -4  -4  -5  -4  -6  -5  -5  -4 -10 -12 -12 -11 -12 -10
DST0803*24  X220   0 -10  -5  -1  -2  -4  -4  -2  -2  -3  -7  -8  -6  -6  -6  -6  -5  -6  -1  -1  -2  -2  -5  -6  -6  -4
DST0803*25  X220   0  -4  -2  -3  -1  -1  -1   0  -1   0   0  -2  -4  -3  -3   1   5   4   6   7   5   6   6   5   0   1
DST0803*26  X220   0  -2  -1   0   8   7   8   4   4   5  13  11  -3 -20 -31 -27 -26 -29 -35 -46 -48 -44 -45 -44 -36 -16
DST0803*27  X220   0 -27 -22 -28 -33 -38 -36 -44 -39 -37 -37 -37 -34 -26 -24 -31 -36 -37 -41 -44 -47 -49 -56 -52 -49 -38
DST0803*28  X220   0 -49 -49 -43 -45 -35 -34 -37 -42 -43 -38 -42 -37 -35 -39 -38 -40 -45 -45 -42 -40 -41 -39 -36 -32 -40
DST0803*29  X220   0 -27 -24 -23 -24 -26 -25 -25 -24 -26 -28 -33 -34 -33 -35 -33 -31 -30 -29 -27 -26 -25 -28 -31 -32 -28
DST0803*30  X220   0 -28 -27 -28 -28 -28 -30 -32 -30 -32 -30 -29 -25 -27 -28 -28 -25 -22 -18 -19 -19 -19 -19 -20 -21 -26
DST0803*31  X220   0 -18 -18 -18 -17 -17 -17 -17 -17 -18 -22 -25 -25 -24 -20 -22 -22 -24 -23 -19 -16 -15 -17 -18 -20 -20


DST0804*01  X220   0 -21 -19 -18 -20 -20 -24 -22 -21 -21 -22 -19 -18 -18 -18 -20 -21 -22 -20 -15 -14 -13 -14 -14 -13 -19
DST0804*02  X220   0 -10  -9 -10 -12 -12 -13 -13 -14 -13 -12 -13 -11 -12 -13 -13 -13 -13 -13 -13 -12 -11  -8  -9  -7 -12
DST0804*03  X220   0  -6  -2  -1   1   0   1   3   2   3   5   2   2   1   0   3   4   2   1  -2  -4  -4  -5  -6  -6   0
DST0804*04  X220   0  -4  -1   1   2   2   0  -2  -4  -5  -3   2   2   2   4   3  11  11   8  -2 -20 -33 -26 -25 -20  -4
DST0804*05  X220   0 -14 -13 -13 -16 -16 -14 -14 -16 -18 -19 -21 -21 -20 -17 -15 -14 -21 -27 -26 -21 -19 -19 -23 -26 -18
DST0804*06  X220   0 -18 -12  -6  -7 -23 -30 -33 -31 -29 -27 -25 -28 -23 -25 -25 -21 -17 -17 -17 -19 -19 -19 -18 -16 -21
DST0804*07  X220   0 -16 -19 -21 -21 -22 -21 -18 -17 -19 -16 -16 -14 -13 -14 -11 -10 -11 -12 -13 -11 -11 -15 -23 -18 -16
DST0804*08  X220   0 -13 -11 -10 -11  -9  -7  -9 -11 -12 -17 -19 -18 -19 -16 -12 -11  -9  -9 -13 -14 -17 -18 -20 -18 -13
DST0804*09  X220   0 -18 -18 -21 -23 -22 -19 -18 -17 -15 -16 -18 -16 -19 -17 -15 -12 -11 -10  -9 -12 -11  -9  -8 -13 -15
DST0804*10  X220   0 -11  -9 -11 -14 -12 -12 -14 -15 -16 -16 -14 -14 -15 -12 -12 -13 -12  -8  -8  -9 -11 -14 -14 -15 -13
DST0804*11  X220   0 -15 -15 -15 -14 -16 -14 -12 -11 -10  -9 -13 -19 -21 -19 -16 -14 -13 -11 -10  -7  -6  -7  -7  -6 -13
DST0804*12  X220   0  -8 -11  -9  -8 -11 -10  -8 -15 -16 -20 -23 -22 -15 -14 -13 -13 -11 -11 -11 -10 -11 -10  -9  -7 -12
DST0804*13  X220   0  -7  -6  -5  -3  -1   0   1  -3  -8 -12  -7  -6  -5  -5 -12 -15 -13 -11 -13 -12 -11 -13 -13 -11  -8
DST0804*14  X220   0 -11 -12 -11 -13 -13 -11 -10 -11 -12 -12 -12 -13 -13 -13 -13 -11  -9  -8  -6  -7  -7  -9  -9  -9 -11
DST0804*15  X220   0 -10 -10  -9  -7  -6  -5  -4  -1   0   0   2   3   0  -1  -7  -5  -7  -3  -3  -1  -1  -6 -12 -20  -5
DST0804*16  X220   0 -25 -23 -20 -22 -22 -25 -26 -24 -20 -17 -14  -5  -6  -5  -4  -5  -8 -10 -25 -29 -31 -33 -26 -26 -19
DST0804*17  X220   0 -24 -23 -22 -20 -17 -15 -15 -15 -14 -14 -10  -6  -8 -10  -9  -8 -12 -12 -10 -11 -12 -10  -9 -11 -13
DST0804*18  X220   0 -15 -16 -11  -8  -9 -12  -8  -9 -10 -10 -11 -11 -11 -12 -11 -12  -8  -7  -6  -6  -5  -4  -4 -10  -9
DST0804*19  X220   0 -13 -12 -10 -10  -6  -4  -4  -5 -10 -12 -11  -8  -7  -6  -6  -6  -5  -2  -2  -5 -12  -9  -6  -4  -7
DST0804*20  X220   0  -7  -9  -5  -4  -3  -4  -4  -3  -1  -2  -4  -4  -3  -2  -2  -4  -5  -8 -11  -9  -8  -7  -5  -6  -5
DST0804*21  X220   0  -7  -7  -6  -7  -7  -8  -9 -11 -11 -10 -12 -13 -10  -7  -6  -4  -2  -1  -2  -2  -2   0   0  -2  -6
DST0804*22  X220   0  -4  -5  -4  -3  -2   0  -2  -2  -2  -2   1   3   5   8  10  11  10  14   7   4   4   2  -2 -10   2
DST0804*23  X220   0 -11 -12 -10   3   7 -13 -31 -33 -38 -40 -40 -29 -27 -29 -35 -40 -46 -46 -46 -41 -40 -40 -37 -33 -29
DST0804*24  X220   0 -34 -35 -26 -25 -25 -27 -32 -33 -38 -39 -27 -25 -26 -29 -31 -33 -27 -22 -23 -24 -30 -30 -26 -24 -29
DST0804*25  X220   0 -21 -18 -18 -22 -24 -26 -25 -24 -28 -31 -30 -25 -20 -19 -20 -22 -19 -18 -17 -17 -19 -19 -20 -21 -22
DST0804*26  X220   0 -20 -21 -20 -20 -20 -17 -15 -17 -18 -23 -29 -27 -23 -23 -27 -28 -29 -28 -29 -33 -31 -32 -32 -32 -25
DST0804*27  X220   0 -28 -22 -16 -14 -15 -12 -14 -18 -23 -24 -21 -19 -18 -18 -15 -15 -15 -17 -14 -11 -10 -11 -11 -10 -16
DST0804*28  X220   0  -6  -6  -2   0  -1  -3  -3  -7 -15 -19 -17 -15 -17 -23 -28 -29 -26 -26 -24 -22 -23 -22 -21 -22 -16
DST0804*29  X220   0 -22 -20 -22 -21 -19 -18 -21 -20 -20 -20 -18 -15 -16 -18 -19 -19 -20 -19 -15 -13 -15 -16 -16 -15 -18
DST0804*30  X220   0 -13 -13 -14 -13 -13 -10 -10 -10 -10 -11 -10  -8  -7  -7  -9 -10   1   2   5  -9 -11  -8 -11 -11  -9


DST0805*01  X220   0 -12 -10  -7  -5  -4  -4  -8  -6  -8 -10  -8  -6  -5  -5  -4  -3   3   4   4   6   6  -5 -20 -23  -5
DST0805*02  X220   0 -22 -13  -6  -2  -5 -14 -16 -15 -14 -13 -13 -12 -15 -18 -20 -17 -12 -10 -11 -10  -9  -6  -8  -6 -12
DST0805*03  X220   0  -8 -11  -8  -9 -10 -10 -12 -10 -12 -21 -16  -9  -8 -10  -8  -5  -2   1   0  -6  -9  -9 -10  -8  -9
DST0805*04  X220   0  -7  -5  -7  -9 -13 -14 -13 -15 -16 -13 -15  -9  -6  -6  -9  -8 -10 -12 -10  -7  -5  -8 -11 -11 -10
DST0805*05  X220   0  -9  -8  -5 -11 -13 -13 -13 -19 -15 -13 -10  -8  -8 -11 -14 -17 -15 -12 -18 -24 -24 -22 -19 -18 -14
DST0805*06  X220   0 -17 -19 -17 -13 -11 -15 -17 -19 -22 -22 -20 -17 -13 -13 -14 -14 -10  -9  -9 -12 -17 -18 -18 -16 -16
DST0805*07  X220   0 -15 -13 -13 -13 -14 -11 -11 -12 -12  -9  -7  -5  -6  -6  -6  -4  -2  -2  -2  -5  -5  -4  -6  -5  -8
DST0805*08  X220   0  -3  -4  -4  -4  -5  -5  -6  -7  -8  -7  -5  -5  -8  -9  -7  -8  -6  -3  -4  -7  -6  -9 -10  -9  -6
DST0805*09  X220   0  -5  -1   2   4   1  -2  -2  -5  -7  -6  -6  -7  -6  -2  -1   1   2   4   5   3   0   1  -1   0  -1
DST0805*10  X220   0  -1  -1   0   0   0   3   7   9   4   3   3   2   5   6   6   5   4   3   4   5   7   9   9  11   4
DST0805*11  X220   0   7   5   4   1   4   2   1  -2  -3  -5  -4  -3  -3   2   6   8  10   9   3   1   0  -2  -4   0   2
DST0805*12  X220   0   2   4   1  -1  -1  -1  -1  -1  -1   1   2   2   2   3   7  10  11   9   7   6   2   4   3   5   3
DST0805*13  X220   0   7   9   5   1  -4  -3  -1   0  -1   0   1   1  -2  -4  -5  -5  -4   0   1  -2  -5  -6  -7  -7  -1
DST0805*14  X220   0  -6  -4   1   2   0   1   2   3   2   2   2   1   0  -2  -2  -2  -3  -4  -4  -4  -2  -1   1   5  -1
DST0805*15  X220   0   7   9   9  11  10   9  10   7   3   5   5   4   6   4   3   4   5   4   3   5   6   8   9   8   6
DST0805*16  X220   0   9   7   7   7   5   3   3   4   5   5   7   7   1   4   3   3   3   3   1  -1  -7  -8  -6  -7   2
DST0805*17  X220   0  -4  -2  -2  -1  -1  -1  -1  -1  -1   0   0   0   0   0  -1   0  -2  -1   0   1  -1  -1  -2  -1  -1
DST0805*18  X220   0   1   1   1   1   1   2   2   4   4   3   4   4   4   6   4   5   6   5   3   4   6   6   6   3   4
DST0805*19  X220   0  -3  -6 -10  -5   0   1   1   4   7  11   6   2  -1  -3  -6  -2  -3  -6  -5  -3  -3   1   0   0  -1
DST0805*20  X220   0  -2  -6  -9  -9  -8  -6  -9 -11  -7   0  -4  -7  -7  -9 -10  -9  -7  -3  -2  -4  -9 -10 -10  -5  -7
DST0805*21  X220   0  -3  -8 -15 -28 -29 -26 -24 -19 -15 -11 -11  -8  -6  -8  -8  -8  -5  -6  -9  -9  -9 -10 -12 -17 -13
DST0805*22  X220   0 -23 -26 -24 -24 -22 -21 -16 -12 -11 -10  -8  -7 -10 -12 -13 -12  -8 -14 -14 -16 -12 -10 -14 -13 -15
DST0805*23  X220   0 -10  -9 -11  -7  -5  -7  -8  -8  -6  -5  -7 -10 -12 -15 -16 -13 -11 -10  -9 -14 -12 -11 -13 -15 -10
DST0805*24  X220   0 -13 -14 -10  -7  -7  -7  -9 -13 -16 -17 -15 -11 -13 -12 -10 -11 -10  -9  -8  -8 -10 -15 -20 -21 -12
DST0805*25  X220   0 -20 -16 -15 -14 -11 -12 -13 -10  -6  -7  -8  -7  -4  -5  -4  -4  -5  -6  -7  -7  -6  -7  -7  -7  -9
DST0805*26  X220   0  -7  -6  -6  -6  -9  -9  -8  -8  -8  -8  -9 -10 -12 -12 -13 -13 -13 -12 -10  -7  -5  -7  -9 -11  -9
DST0805*27  X220   0 -13 -12 -12  -9  -8  -7 -10 -11  -9  -6  -5  -5  -5  -7  -7  -5  -3  -3  -2   4   6   4  -2   0  -5
DST0805*28  X220   0   0  -2   6  12  16  10   4  -5 -11  -6  -3  -3  -4  -8 -10 -11 -16 -16 -13 -14 -13 -11 -10 -12  -5
DST0805*29  X220   0 -13 -10  -9  -6  -8  -8 -11 -10  -4  -2  -1  -1  -2  -8 -11  -4  -1  -1  -3  -4  -3  -7  -7  -5  -6
DST0805*30  X220   0  -6 -13 -20 -17 -15 -13 -12 -11  -8  -5  -1   0  -2  -1  -7 -16 -14 -14  -9  -4  -4  -5  -8  -8  -9
DST0805*31  X220   0  -9 -10  -9  -8 -10 -14 -21 -20 -14 -10  -7 -13  -5  -6 -10 -11 -12 -15 -14 -13 -12 -12 -10  -7 -11


DST0806*01  X220   0  -5  -6  -8  -8  -8 -11 -12 -10  -8  -5  -4  -1   0  -2  -5  -8  -9  -5  -7  -9  -8  -9  -9 -11  -7
DST0806*02  X220   0  -9  -8  -8  -8 -12 -16 -17 -14 -11 -10  -9  -7  -8  -8 -10  -8  -8  -7  -7 -12 -14 -14 -12  -7 -10
DST0806*03  X220   0  -1   0   0  -4  -5  -4  -4  -3  -3  -2   0   2   2   4   5   5   1  -1  -3  -3  -3   0   2   1  -1
DST0806*04  X220   0   1   0   0   0  -1  -4  -9 -10  -8  -5  -3  -2  -2  -3  -2  -3  -3  -3  -3  -3  -1  -2  -3  -1  -3
DST0806*05  X220   0   1   3   4   4   3   2   0  -3  -5  -7  -9  -6  -2   0   3   3   0  -2   0   3   6   4   1   1   0
DST0806*06  X220   0   3   4   4   7   7   6   4   2   3   8  -2   0   2   4   6   5   6   1  -3  -7  -6  -5  -4  -2   2
DST0806*07  X220   0   1  -2  -4  -4  -4   1   6  -4 -12  -9  -1  -2  -4  -7  -9 -15 -14  -9 -12  -6 -10  -9 -13 -15  -7
DST0806*08  X220   0 -16 -13 -11 -12  -9  -7 -10 -10 -11  -9  -6  -6  -4  -3  -5 -11 -12 -11  -9  -6  -6  -8  -7  -5  -9
DST0806*09  X220   0  -4  -5  -8 -11 -12 -13 -13 -11  -9  -6  -3  -2   0   1   1   0   1   2   3   4   7   2  -4  -3  -3
DST0806*10  X220   0  -4  -3  -2   0   1   0  -2  -2   0   2   3   3   0   0   2   0  -1   1  -1  -1   2   2   4   7   0
DST0806*11  X220   0   8   8   7   3   2   4   9   9   7   4   4   7   3   3   2   0   0   0   1   2   6   3   3   1   4
DST0806*12  X220   0   0  -1   2   4   1   0   1   3   3   4   4   5   2   0  -1   4   6  11  11  10   5   4   0  -2   3
DST0806*13  X220   0  -4  -3  -3  -2   0   2   4   6   8  10  11  10   9   8   4   5   9  11   9   5   6   7   7   6   5
DST0806*14  X220   0   4   5   4   4   2   1  -2  -2   0   5   7   8  18  30  35  31  32  34  27  22   9 -13 -22 -31   9
DST0806*15  X220   0 -23 -17 -20 -33 -39 -41 -39 -37 -28 -26 -20 -20 -21 -19 -21 -21 -17 -15 -11 -13 -15 -19 -17 -16 -23
DST0806*16  X220   0 -14 -14 -16 -17 -19 -18 -14 -11 -12 -10  -7  -2  -3  -4  -1  -3  -5 -11 -17 -21 -25 -28 -28 -25 -14
DST0806*17  X220   0 -20 -14 -16 -18 -22 -21 -20 -20 -19 -15 -11 -11 -16 -17 -17 -16 -14 -16 -18 -20 -16 -16 -16 -16 -17
DST0806*18  X220   0 -19 -19 -21 -18 -20 -17 -16 -16 -16 -18 -14 -12 -10 -10 -12 -10 -10 -10 -10 -12 -14 -15 -15 -14 -15
DST0806*19  X220   0 -16 -17 -17 -17 -17 -17 -17 -14 -10  -6  -2  -1  -1  -9  -9 -11 -12 -11 -10 -10  -9 -10  -9  -3 -11
DST0806*20  X220   0  -2  -2  -4 -11 -10 -14 -30 -30 -24 -20 -16 -20 -20 -20 -17 -17 -18 -15 -12 -10 -12 -14 -11 -10 -15
DST0806*21  X220   0 -10 -13 -15 -17 -18 -17 -16 -15 -13 -11 -11 -14 -10  -5   0   0  -1   0   1  -3  -7 -12 -11 -11 -10
DST0806*22  X220   0 -14 -15 -13 -12 -13 -14 -14 -14 -12 -10 -11 -10  -9  -9  -8  -7  -6  -4  -6  -6  -7  -7  -9 -10 -10
DST0806*23  X220   0 -12 -11  -9  -8  -7  -6  -7  -5  -4  -5  -5  -5  -5  -6  -5  -7  -7  -7  -4  -6  -2  -1   0   0  -6
DST0806*24  X220   0  -3  -8 -10 -10 -10 -11  -9  -8  -8  -9  -8  -6  -6  -6  -5  -5  -4  -2   1   3   9   8   7   5  -4
DST0806*25  X220   0  -4 -12 -19 -24 -29 -26 -24 -21 -23 -17 -13 -11  -9  -6  -4  -2   5   9   2  -2  -2   2   4  -2 -10
DST0806*26  X220   0  -3  -4 -10  -2  -5 -17 -16 -10 -17 -17 -15  -9  -6  -8  -3  -2  -1  -1   0   3  -2  -3  -4  -7  -7
DST0806*27  X220   0 -12 -16 -16 -13 -13 -14 -15 -15 -11  -7  -5  -5  -9  -7  -5  -7 -12 -11  -9  -6  -4  -5  -4  -2  -9
DST0806*28  X220   0  -3  -5  -7  -8  -8  -8  -9  -9  -8  -6  -5  -3  -3  -4  -4  -5  -6  -6  -8 -10  -7  -8  -8  -8  -7
DST0806*29  X220   0  -6  -4 -10 -15 -15 -12 -10 -10 -10 -12  -8  -6  -2  -1  -3  -5  -6  -1   1   3  -4 -11 -19 -18  -8
DST0806*30  X220   0 -15 -13  -9  -9 -11 -14 -14 -10  -6   0   2   2   0   0   0   0   0  -2  -3  -6  -8  -7  -3  -4  -5


DST0807*01  X220   0  -6  -7  -5  -5  -4  -1  -1  -3  -3   0   2  -3  -2  -4  -4  -7  -8  -5  -2  -1   0   4   9   6  -2
DST0807*02  X220   0   2   0  -1  -2  -2  -4  -4  -5  -5  -3  -3  -3  -1  -2  -1  -1   0  -1   2   2   2   1   4   4  -1
DST0807*03  X220   0   3   3   1  -2  -3  -3  -3  -2   1   3   4   4   4   6  11  12  13  13  13   7   5   4   6   5   4
DST0807*04  X220   0   3   4   4   5   6   5   3   4   5   7   9  10   9   9   7   6   6   6  10  14  14  16  15  11   8
DST0807*05  X220   0   5   8  16  13  14  16  16  13  10   5   2   4  -2  -5 -10  -7  -4  -4  -2  -4  -3  -3  -4  -6   3
DST0807*06  X220   0  -9  -9  -6  -1   0  -3  -2  -3  -3  -1   0   0  -3  -4  -1   1   0   0  -3  -3  -3  -5  -4  -5  -3
DST0807*07  X220   0  -8  -8  -8  -8  -9 -10 -10  -9  -7  -8  -8  -6  -8  -8  -6  -6  -4  -3  -2  -1  -2  -3  -4  -1  -6
DST0807*08  X220   0   0   1   3   3   3   2   1   2   3   3   4   5   3   0   1   1   0  -1  -3  -1   0   2   2   2   2
DST0807*09  X220   0   5   8   9   4   3   1   0   2   4   4   2   2   4   6   7   7   4   3   4   5   2  -1   1   3   4
DST0807*10  X220   0   4   3   5   6   9   9  10  11  13  12  10   3  -2   1   3   3   2  -1  -3  -3  -2  -6  -8  -9   3
DST0807*11  X220   0  -6   1   6  10  11  10   8  11  12   9  10   3  -1  -6  -3   2   4   8  12  13  16  20  24  20   8
DST0807*12  X220   0  17  18  16   8  -4 -12 -24 -30 -34 -30 -19 -23 -25 -26 -25 -27 -26 -21 -20 -23 -23 -23 -19 -19 -16
DST0807*13  X220   0 -19 -17 -17 -17 -16 -14 -12 -11 -15 -11 -12 -13 -13 -16 -16 -16 -12 -11 -10 -12 -11 -15 -18 -19 -14
DST0807*14  X220   0 -19 -16 -16 -15 -15 -14 -10 -10 -14 -10  -9  -8  -7  -7  -6 -12 -11  -7  -4  -6 -11 -14 -16 -14 -11
DST0807*15  X220   0 -15 -13 -13 -12 -10 -10  -9  -7  -7  -9 -12 -12 -13 -13 -13 -12 -12 -12 -12 -12 -11 -11 -14 -12 -12
DST0807*16  X220   0 -13 -14 -13 -11 -12 -14 -14 -10  -9  -7  -9 -10 -10  -9  -6  -5  -4  -4  -6 -10 -13 -15 -16 -17 -10
DST0807*17  X220   0 -18 -17 -14 -12 -10 -10  -9  -8 -10 -11  -9 -10 -11 -10  -6  -3  -3   1   2  -1  -4  -6  -8  -8  -8
DST0807*18  X220   0  -9 -10  -9  -8  -8  -8  -9  -9  -9  -8  -7  -8  -9 -11  -9  -9  -8  -7  -9 -12 -11 -10  -8 -10  -9
DST0807*19  X220   0 -12 -13 -13  -9  -2   1   2   1   0  -1   0   0   2   3   3   3   4   3   1  -1  -2  -6  -5  -5  -2
DST0807*20  X220   0  -5  -5   0   2   3   2   0   0  -1   0   0   1  -1  -2   1   4   6   8   4  -3  -7  -7   0   2   0
DST0807*21  X220   0   0   2   8  12  13  12  10   7   3  -1  -3   0  -1  -3  -4  -3  -2   2   5   3  -1  -3  -5  -6   2
DST0807*22  X220   0  -7  -7  -5  -2   0  -2  -3   1   7  11  13   6   8   8   6   8   5  -1   4   3   8   7  -3 -14   2
DST0807*23  X220   0 -13 -14  -8  -2 -13 -16 -14 -12 -10  -7  -7  -8 -12 -18 -13 -14 -12 -10  -9 -13 -20 -22 -20 -22 -13
DST0807*24  X220   0 -27 -27 -24 -19 -18 -16 -19 -20 -16 -15 -14 -13 -16 -19 -19 -20 -17 -14 -12 -11 -14 -13 -13 -11 -17
DST0807*25  X220   0 -15 -19 -18 -14 -13 -11 -11 -11  -9  -9  -8  -8 -11 -10  -6  -5  -3  -2  -4  -7  -6  -4  -2  -3  -9
DST0807*26  X220   0  -6  -7  -7  -7  -9 -10  -9  -9 -10 -10 -11 -12 -12 -10  -8  -9  -9  -8  -7 -10 -10 -11 -11 -12  -9
DST0807*27  X220   0 -14 -17 -16 -13 -10  -8  -7  -8 -10 -11 -12 -13 -13 -11  -9  -6  -5  -4  -2  -3  -4 -11 -17 -18 -10
DST0807*28  X220   0 -17 -12  -8  -8 -10 -12 -11 -10  -7  -7  -7  -4  -4  -8  -8  -8  -8  -8  -6  -5  -4  -5  -8 -10  -8
DST0807*29  X220   0 -14 -18 -17 -14 -10  -9  -8  -8  -8  -7  -5  -4  -4  -4  -3  -2  -2  -2  -4  -3   2   4   2  -2  -6
DST0807*30  X220   0  -3   1   2   4   4   5   5  -1  -4  -3  -2   1   0  -1  -1  -2  -1  -2  -4  -4  -3  -1  -2  -4  -1
DST0807*31  X220   0  -4  -2   0   1   1   2   3   3   3   1   0  -1  -3  -3  -3  -1  -1  -3  -6  -9  -8  -4  -3  -4  -2


DST0808*01  X220   0  -2   0   1   3   0   1   2   2   3   4   5   4   0  -1   0  -1   0  -2  -1  -2  -2  -5  -6  -6   0
DST0808*02  X220   0  -5  -4  -3   0   1   2   1   1   1   1   1   2   1   1   4   6   7   6   8   6   4   0   0   1   2
DST0808*03  X220   0   0   1   3   2   2   1   0  -1   2   3   7   7   4   2  -1  -2   0  -2  -5  -6  -6  -4  -6 -11   0
DST0808*04  X220   0 -14 -12  -7  -3  -5  -3  -1   1   3   5   4   5   6   5   2   1   2   1   0  -1  -1   0   0  -2  -1
DST0808*05  X220   0  -1  -2  -1   4   6   7   4   2   3   3   0  -1   1   1   1   6  11  11  11  10  11  13  12  12   5
DST0808*06  X220   0  10  11  13  12  10   6   2   0   1   1   1   4   0  -1   2   1   2   2  -2   0   1   1  -1  -4   3
DST0808*07  X220   0  -3   0   0  -2  -4  -4  -2  -1  -3  -4  -4  -1   3   3   1  -1  -1  -2  -2  -4  -2   2   2   1  -1
DST0808*08  X220   0   3   1   1   0  -3  -4  -2  -2  -2  -1  -2   0   1   2   4   5   4   6   3   3   5   8   5   5   2
DST0808*09  X220   0  18  27  33  38  39  29  18  14   9   9   1  -2   0   0  -2  -3 -11 -10 -11  -8 -10 -16 -19 -18   5
DST0808*10  X220   0 -18 -15 -10 -12 -24 -33 -26 -21 -18 -20 -19 -17 -12 -11 -11 -13 -12 -14 -15 -14 -16 -18 -21 -19 -17
DST0808*11  X220   0 -15 -13 -16 -17 -15 -15 -15 -15 -14 -18 -17 -11  -7  -5  -5  -9 -10 -12 -12 -11 -11 -12 -12 -12 -12
DST0808*12  X220   0 -14 -13 -12 -12 -14 -12 -12 -10 -10 -10 -10 -10 -12  -9  -7  -7  -4  -7  -7  -6  -5  -7  -6  -4  -9
DST0808*13  X220   0  -6  -6 -10 -14 -15 -14 -12 -10 -12 -11 -10 -10  -9  -8  -6  -7  -6  -7  -9 -10  -7  -5  -3   3  -9
DST0808*14  X220   0   4   4   0  -7 -13 -17 -15 -15 -12 -11 -11 -13 -14 -11 -10  -9  -9 -10  -8  -7  -6  -6  -5  -4  -9
DST0808*15  X220   0  -4  -7  -7  -7  -7  -7  -8  -7  -7  -6  -6  -4  -1  -1  -2  -5  -6  -7  -6  -5  -2  -2   1   4  -5
DST0808*16  X220   0   6   8   9   7   3   3   1  -4  -6  -8  -4   1   4   7   7   5   4   3  -1   0   2   6   9   4   3
DST0808*17  X220   0   0  -2  -2  -2  -5  -6  -7  -3  -1  -2  -5  -9 -11 -10 -10 -10 -11 -13 -14 -13  -9  -9  -6  -3  -7
DST0808*18  X220   0  -3  -9 -15 -12 -10  -8  -5  -3  -5  -6  -8 -17 -10 -11 -16 -16 -13  -9  -7  -4  -7 -16 -17 -18 -10
DST0808*19  X220   0 -19 -24 -26 -24 -23 -22 -17 -18 -14 -16 -15 -11 -11 -10 -11 -15 -18 -20 -18 -18 -13  -7  -9 -10 -16
DST0808*20  X220   0 -11 -14 -17 -22 -20 -17 -14 -13 -12 -11 -10 -10  -8  -6  -4  -4  -6  -4  -4  -2  -1  -1  -4  -5  -9
DST0808*21  X220   0  -6  -6  -6  -6  -8  -7  -6  -8 -11 -12 -12 -12 -10  -6  -6  -5  -5  -6  -7  -7  -4  -3  -3  -3  -7
DST0808*22  X220   0  -4  -3  -5  -6  -4  -5  -7  -5  -5  -6  -7  -6  -7  -7  -8  -9  -7  -5  -4  -1   1   1  -1  -1  -5
DST0808*23  X220   0  -1  -2  -4  -5  -3   0   1   1   1  -1   0   1   2   1   0   3   6   6   4   4   5   6   7   8   2
DST0808*24  X220   0   7   6   6   5   6   7   7   6   6   6   6   6   6   8   7   6   5   5   5   7  10   9   7   5   6
DST0808*25  X220   0   5   7   5   3   1   0  -1  -2  -3  -4  -5  -5  -6  -5  -4  -3  -2   0   0   0   1   2   3   3   0
DST0808*26  X220   0   2   1  -1  -2  -2  -1   1   5   6   7   8   8   9   9   5   1   3   3   2   1   1   1   5   4   3
DST0808*27  X220   0   3   3   4   3   0  -3  -5  -3  -1   1   3   4   3   4   4   4   4   3   0   1   4   4   5   6   2
DST0808*28  X220   0   8   7   4   0   1   1   3   5   5   5   4   4   5   7   6   4   3   2  -1  -2   1   3   3   3   3
DST0808*29  X220   0   5   9   7   2  -1  -1  -1   0   0   2   2   2   2   3   4   8  11   7   6   4   5   6   7   5   4
DST0808*30  X220   0   6   3   3   2   2   2   1  -1  -1  -2  -1  -2  -1   0   3   3   3   1   1   3   3   2   3   4   2
DST0808*31  X220   0   7   8   8   8   7   7  10   9   4   1   3   4   3   3   4   3  -1  -1   2   3   1   1   1   2   4


DST0809*01  X220   0   4   5   5   2   1   1   3   4   3   3   2   2   3   6   8   7   4   0  -4  -5  -2   2   4   6   3
DST0809*02  X220   0   9  10   5   0  -1  -1   0   0  -2  -4  -7 -10  -7  -3  -1  -2  -2  -3  -5  -3   0  -1  -2  -1  -1
DST0809*03  X220   0   0   4   5   5   7  15  19  14  10   1   2  -1  -3  -1   4   9  19   9   5   8  11  15  13  11   8
DST0809*04  X220   0   5 -10 -29 -47 -51 -41 -32 -29 -20 -16 -13 -22 -31 -26 -31 -33 -27 -26 -25 -26 -27 -27 -25 -23 -26
DST0809*05  X220   0 -20 -21 -24 -28 -29 -28 -23 -22 -20 -17 -17 -15 -18 -18 -15 -14 -14 -16 -18 -19 -16 -13  -9  -7 -18
DST0809*06  X220   0  -9 -17 -16 -14 -12 -11 -10  -8  -6  -6  -7  -8 -11 -12 -10  -7  -7  -5  -9 -11 -10  -9  -6  -5  -9
DST0809*07  X220   0  -5  -8 -10 -11  -9  -7  -5  -5  -5  -5  -5  -7 -11 -11 -11 -10  -7  -5 -12  -8  -4  -2  -4  -5  -7
DST0809*08  X220   0  -4  -3  -4  -6  -7 -11  -8  -6  -9 -13 -11 -11 -14 -10 -10 -11  -9 -10 -15 -16 -14 -11  -9 -10 -10
DST0809*09  X220   0  -9  -7  -7  -7  -9  -9  -6  -3  -6  -7  -8  -9 -10  -8  -6  -7  -9  -8  -7  -5  -4  -6 -11 -10  -7
DST0809*10  X220   0  -6  -2  -1  -3  -3  -3  -2  -4  -5  -6  -9 -11  -9 -10  -9  -6  -6  -8  -8  -8  -6  -8  -9  -9  -6
DST0809*11  X220   0  -9  -9  -9 -10  -9  -5  -3  -3  -5  -4  -5  -9  -9  -7  -5  -2   0   0  -4  -5  -5  -5  -9 -10  -6
DST0809*12  X220   0  -7  -4  -3  -5  -6  -6  -7  -6  -4  -5  -6  -7  -8  -9  -9 -10  -9  -9  -9 -10  -9  -9  -8  -5  -7
DST0809*13  X220   0   0   1   2   2   1   3   5   4   5   5   5   3   1   0  -1  -1   1   4   4   4   3   2   2   4   2
DST0809*14  X220   0   6   7   9   9   7   6   6   6   5   5   3  -1  -3  -1   1   3   3   2   0   6   5  10   6  -4   4
DST0809*15  X220   0  -8  -6  -2   3   1   3   0   1  -9  -6 -19 -30 -30 -22 -20 -22 -22 -25 -25 -27 -27 -21 -18 -13 -14
DST0809*16  X220   0 -10  -8  -7  -6 -11 -15 -19 -23 -22 -17 -18 -20 -20 -19 -18 -17 -17 -19 -17 -19 -21 -22 -22 -21 -17
DST0809*17  X220   0 -19 -15 -15 -16 -19 -20 -19 -17 -14 -11  -8  -9 -10  -8  -5  -4  -3  -4  -5  -4  -4  -5  -8  -7 -10
DST0809*18  X220   0  -8  -7 -10 -11 -13 -15 -18 -23 -22 -25 -30 -31 -30 -27 -22 -19 -16 -15 -14 -14 -14 -16 -18 -17 -18
DST0809*19  X220   0 -13 -12 -12  -9  -7  -6  -6  -9 -10 -12 -16 -19 -17 -12  -5   0  -1  -2  -5  -7 -11 -12 -10  -8  -9
DST0809*20  X220   0  -8  -9 -11  -8  -5  -3  -4  -4  -5  -6  -6  -8  -6  -4  -2   2   4   4   4   4   2   2   1   0  -3
DST0809*21  X220   0   0  -3  -2   1   2   2   3   2   3   4   3   2   2   2   3   3   3   1  -1  -1  -1  -1  -6 -12   0
DST0809*22  X220   0 -19 -24 -20 -15  -8  -6  -7  -8  -7  -5  -3  -2  -1   0   1   1   1   0  -2  -3  -2  -4  -4  -4  -6
DST0809*23  X220   0  -3  -2  -1  -1   0   0   0  -1  -1   0   2   2   0   0  -1  -2  -2  -3  -2  -4  -7  -9  -9  -5  -2
DST0809*24  X220   0   0   3   4   3  -1  -3  -2   0   2   0  -2  -1   1   3   4   2  -2  -3  -3  -1   0   2   3   1   0
DST0809*25  X220   0   5   4   3   3   5   6   6   5   6   5   6   6   9  11  10   9  11  12  10   3  -6  -9  -8  -5   4
DST0809*26  X220   0  -2  -4  -5  -5  -3  -2  -3  -3  -3  -3  -1  -2  -2   0   0  -3  -3  -2  -1   2   4   5   5   5  -1
DST0809*27  X220   0   5   5   4   4   4   5   3   3   2   1   1   3  10  10   9   8   6   6   2  -2  -4  -7  -8  -4   3
DST0809*28  X220   0  -2   0   0   2   3   1   0   0   0   3   2   1   1   0  -3  -1  -1   2   6   9   8   4   3   3   2
DST0809*29  X220   0   4   5   6   6   6   4   2  -3  -7  -7  -1   0  -2  -3  -4  -3  -1   0   0  -1  -2  -4  -3  -3   0
DST0809*30  X220   0  -4  -4  -1   0   3   5   6   4   3   2   3   5   7  10   9   9  12  11  14  14  13   4  -1  -4   5


DST0810*01  X220   0  -2  -1  -1   0   2   4   3  -4  -6  -1  -1   0   2   4   7   4   3   3   0   0  -1   2  -2  -5   0
DST0810*02  X220   0  -6  -6  -6  -1  -2  -4  -2   0   4  -1  -5 -15 -27 -29 -24 -19 -17 -17 -16 -15 -16 -15 -13 -13 -11
DST0810*03  X220   0 -12 -20 -20 -18 -15 -16 -21 -21 -17 -16 -18 -16 -20 -16 -12 -13 -12  -8  -5  -4  -6 -16 -17 -11 -15
DST0810*04  X220   0 -12 -12 -14 -18 -19 -15 -13 -13 -11 -13 -16 -17 -15 -16 -16 -16 -14 -15 -14 -13 -14 -16 -17 -14 -15
DST0810*05  X220   0 -13 -14 -16 -15 -11 -12 -13  -7  -3  -2  -3  -2  -3  -5  -7  -9  -8  -9 -12 -13 -14 -13 -11 -11  -9
DST0810*06  X220   0 -10 -10 -11 -13 -14 -12 -11 -12 -11 -10  -8  -7  -8  -7  -4  -3  -3  -5  -7  -6  -4  -4  -6  -5  -8
DST0810*07  X220   0  -6  -8  -7  -6  -4  -3  -3  -2  -2  -2  -2  -1  -2  -3  -4  -7  -7  -7  -6  -3  -2  -3  -4  -4  -4
DST0810*08  X220   0  -3  -4  -5  -4  -4  -5  -4  -2  -2  -1   0   2   4   5   4   3   4   5   5   5   5   3   1   1   1
DST0810*09  X220   0   1   0   1   1   1   0   0   1   2   2   2   2   1  -1  -1  -1   0   0  -1  -2  -3  -2  -2  -2   0
DST0810*10  X220   0  -3  -2  -1   1   4   7   8   6   6   7   7   8   6   6   4   1   1   0   0   2   5   7   9   8   4
DST0810*11  X220   0   9   7   2  -1  -4  -2   7  12  -6 -29 -47 -54 -45 -38 -41 -43 -44 -52 -47 -41 -38 -36 -32 -35 -25
DST0810*12  X220   0 -40 -38 -39 -40 -39 -37 -36 -32 -30 -27 -28 -25 -26 -25 -25 -23 -23 -24 -23 -21 -21 -23 -22 -22 -29
DST0810*13  X220   0 -23 -24 -25 -22 -24 -22 -18 -18 -22 -20 -18 -18 -16 -15 -16 -19 -19 -18 -16 -15 -15 -16 -17 -18 -19
DST0810*14  X220   0 -20 -19 -17 -13 -16 -16 -17 -21 -22 -21 -18 -14 -12 -10 -12 -12 -12 -13 -14 -11  -9  -9  -8 -10 -14
DST0810*15  X220   0 -14 -20 -26 -27 -27 -27 -28 -33 -33 -30 -27 -26 -24 -23 -21 -20 -19 -15 -11  -7  -8 -12 -17 -16 -21
DST0810*16  X220   0 -11 -12 -13 -13 -16 -18 -19 -20 -20 -18 -18 -17 -17 -17 -18 -20 -19 -16 -12 -10 -11 -13 -11 -12 -15
DST0810*17  X220   0 -13 -15 -14 -13 -10  -9  -8  -8 -10 -12 -11 -10 -10  -7  -7  -8  -9  -9  -6   0  -1  -2  -4  -5  -8
DST0810*18  X220   0  -6  -8  -7  -6  -7  -6  -4  -6  -7  -6  -5  -3  -1   0   0   0   2   4   4   6   7   7   5   3  -1
DST0810*19  X220   0   2   0   0   1   0   1   2   1  -2  -2  -4  -7  -7  -5  -6  -4  -4  -6  -4  -3  -2  -3  -9 -17  -3
DST0810*20  X220   0 -18 -15 -12  -9  -9  -9  -9 -10 -10  -9  -5  -3  -1   2   1  -2  -4  -5  -4  -3  -2  -4  -3  -3  -6
DST0810*21  X220   0  -4  -7 -10 -13 -10  -7  -7 -10 -11  -9  -7  -4  -3  -2  -4  -5  -5  -5  -5  -3  -1  -3  -2  -2  -6
DST0810*22  X220   0  -2  -2   0   0   1   2   3   3   3   4   4   5   2   0   0  -1  -5  -7 -13  -8  -7  -5  -8 -10  -2
DST0810*23  X220   0 -10 -13 -13 -10 -11 -10  -7  -8  -8 -10  -7  -5  -4  -3  -4  -4  -3  -1  -2   0  -1  -3  -3  -2  -6
DST0810*24  X220   0  -2  -1  -2   1   0  -1  -2  -3  -3  -1   0   0  -1  -3  -3  -3  -3  -4  -5  -4  -4  -4  -5  -5  -2
DST0810*25  X220   0  -2   0   0   1   3   3   5   6   7   9   7   5   5   4   5   5   2   4   5   2   1   3   7  10   4
DST0810*26  X220   0  11  13  12   9   6   7   2   5   3   2   2   2   3   1  -3  -1  -2  -3  -3  -4  -4  -5  -4  -5   2
DST0810*27  X220   0  -7  -3  -1   0   0  -1  -4  -4  -3  -3  -4  -4  -2  -1  -1  -2  -3  -3  -2  -2  -1   1   2   2  -2
DST0810*28  X220   0   2   4   5   3   1   1   6   9   5  10  11  12  15  14  12   8   8   6   5   2   4   4   7  11   7
DST0810*29  X220   0   8   6   7   7   4   1 -22 -19 -15  -9  -7  -8  -6 -10 -11 -11 -16 -18 -15 -16 -17 -15 -15 -15  -9
DST0810*30  X220   0 -13 -12 -10  -7  -4  -5  -6  -6  -7 -10  -9 -13 -13 -10  -9  -9 -15 -18 -17 -14 -11 -11 -13 -14 -11
DST0810*31  X220   0 -13 -10 -12 -12 -11 -12 -14 -16 -15 -14 -12  -8  -6  -6  -6  -7  -9 -10 -10  -8  -8 -10 -12 -13 -11


DST0811*01  X220   0 -12  -9  -6  -4  -4  -4  -5  -5  -8  -8  -5  -6  -5  -5  -4  -3  -3  -4  -5  -6  -7  -9  -7  -3  -6
DST0811*02  X220   0   0   1   1   4   2   1   0  -4  -6  -5  -6  -7 -10 -11  -9  -8  -7  -5  -5  -6 -10 -13 -11  -9  -5
DST0811*03  X220   0  -7  -6  -4  -3  -2  -2  -4  -4  -7  -9  -8  -6  -3  -2  -3  -3  -2  -2   0   0  -2  -4  -9 -11  -4
DST0811*04  X220   0  -9  -7  -5  -4  -4  -4  -6  -8  -7  -7  -7  -5  -2   0  -2  -3  -4  -2  -1   1   1   0  -2  -3  -4
DST0811*05  X220   0  -3  -3  -3   0  -1  -2  -3  -3   0  -1   0   1   2   1   0   0   0   1   2   3   2   0   1   1   0
DST0811*06  X220   0   1   1   4   4   3   2   3   4   4   6   6   6   4   3   6   7   8   9   8   5   3   6  10  13   5
DST0811*07  X220   0  15  19  19  22  14  13   6  -4  -9 -13  -7  -2   4  14  11  12  16  14  11   3   1  -8 -17 -17   5
DST0811*08  X220   0 -12 -13 -17 -16 -14 -22 -22 -24 -29 -29 -28 -19 -18 -18 -17 -20 -21 -20 -17 -14 -14 -13 -12  -9 -18
DST0811*09  X220   0 -13 -12 -14 -15 -14 -17 -18 -21 -21 -21 -18 -21 -15 -12 -10 -12 -13 -14 -12 -13 -17 -23 -21 -20 -16
DST0811*10  X220   0 -20 -23 -20 -15 -14 -15 -16 -16 -16 -16 -14 -11 -12 -14 -15 -15 -15 -17 -16 -14 -13 -12 -12 -11 -15
DST0811*11  X220   0 -10  -8  -8  -9  -9 -11 -10 -10 -12 -14 -14 -12 -11  -9  -8  -8  -8  -9 -11 -11 -12 -11 -10 -12 -10
DST0811*12  X220   0 -11 -10  -7  -4  -3  -5  -7 -10 -13 -13 -11  -9  -9  -9  -8  -7  -9 -10  -8  -7  -5  -5  -5  -4  -8
DST0811*13  X220   0  -2   1   3   3  -1  -3  -3  -4  -6  -7  -7  -6  -6  -5  -4  -5  -4  -4  -4  -3  -3  -1   1   3  -3
DST0811*14  X220   0   4   6   8   7   6   5   2   1   0   1   2   3   2  -1  -1   0   2   6   6   8  10   9   7   7   4
DST0811*15  X220   0   7   8   6   4   0  -1  -2  -3  -3  -5  -5  -4  -3  -3  -1   2   8  13  14  17  16  10  11   5   4
DST0811*16  X220   0 -10 -20 -23 -23 -29 -28 -26 -26 -24 -27 -27 -25 -24 -18 -13 -11 -12 -11 -10 -10 -10 -12 -16 -16 -19
DST0811*17  X220   0 -15 -13 -13 -11 -11 -10  -8  -9 -10 -10 -10 -11 -10  -8  -7  -7  -7  -7  -9  -5  -4  -4  -4  -5  -9
DST0811*18  X220   0  -7  -7  -8  -7  -3  -1   0   2   3   2   0  -1  -2  -1   0   1   1  -1  -2  -2  -3  -2  -1  -1  -2
DST0811*19  X220   0  -1  -1  -1  -2  -2  -2  -2  -3   1   4   3   2  -1   0   0  -2  -4  -7  -9  -7  -7  -5  -5  -6  -2
DST0811*20  X220   0  -5  -4  -3  -4  -5  -3  -1   1   2   4   6   6   5   4   4   4   4   5   1  -2  -1   0  -2  -5   0
DST0811*21  X220   0  -5  -2   0   2   3   3   3   2   3   3   2   3   3   4   5   5   5   3   2   0  -2  -2  -3  -2   1
DST0811*22  X220   0  -3  -1   1   1   3   4   5   5   7   9   9   8   7   6   5   5   2   2   4   4   6   8  10  11   5
DST0811*23  X220   0  12   8   2  -2  -6  -5  -5  -6  -3  -1  -3   0   0   0  -2  -5  -5  -4  -5  -5  -4  -2   0   2  -2
DST0811*24  X220   0   3   4   3   3   2   0   1   2   3   4   5   5   3   2   3   3   2   2   3   4   5   7  10  13   4
DST0811*25  X220   0  26  24  28  35  21   7   8  17  25  19  16   7   3  -2   2   2  -1  -4  -3  -7  -6  -2   1   1   9
DST0811*26  X220   0   1  -2  -9 -12  -9 -10  -9 -11  -8  -4  -2  -2  -5  -6  -5  -2   3   0  -1  -3  -4  -8  -7  -6  -5
DST0811*27  X220   0 -10  -8  -7  -6  -9 -10  -9 -10  -8  -6  -4  -4  -7  -6  -4  -4  -5  -5  -5  -7  -8 -10  -7  -5  -7
DST0811*28  X220   0  -5  -7  -9  -9  -7  -4  -2   1   1   1   2   2   1   2   4   1  -3  -1   0   0  -4  -7  -6  -5  -2
DST0811*29  X220   0  -3  -1  -1  -3  -4  -5  -6  -6  -6  -7  -6  -4  -3  -2  -1  -2  -3  -4  -2  -4  -3  -2  -2  -3  -3
DST0811*30  X220   0  -4  -3  -3  -4  -3  -2  -2  -3  -4  -3  -3  -2  -2  -1   0   0  -2  -2   0  -1  -2  -2  -2  -1  -2


DST0812*01  X220   0   0  -1   0   0   1   1   0   0  -1  -1  -1  -1  -1   0   2   4   3   3   4   2  -1  -2  -1  -1   0
DST0812*02  X220   0   1   1   2   3   3   6   7   6   5   5   4   7   7   7   9  11  10  10  10   9   9  10   9   8   7
DST0812*03  X220   0   7   4   5  10  13  10   5   4   6   9  14  16  19  13   8   7   0   0   2   6   3   4   2   4   7
DST0812*04  X220   0   5   2  -5 -11 -12  -9  -3  -2   0   1  -5 -10 -14 -14  -9  -7  -7  -6  -5  -6  -8  -7  -6  -5  -6
DST0812*05  X220   0  -6  -7 -10 -14 -15 -16 -19 -20 -24 -26 -22 -24 -19 -12 -10 -16 -18 -15 -12  -8  -5  -3 -13 -14 -15
DST0812*06  X220   0 -15 -14 -12 -18 -20 -20 -20 -19 -13 -14 -16 -13 -15 -14 -11  -9 -10 -15 -13 -15 -15 -13 -14 -12 -15
DST0812*07  X220   0  -9  -8 -10 -12 -11 -11 -12 -12 -10  -8  -6  -8 -12 -13  -9  -9  -9  -8  -9 -10  -7  -6  -6  -8  -9
DST0812*08  X220   0  -9  -9 -10 -12 -13 -13 -12 -12  -9  -6  -5  -5  -9 -10 -10  -8  -7  -9  -5  -4  -3  -2  -1  -1  -8
DST0812*09  X220   0  -2  -4  -5  -5  -6  -5  -4  -4  -3  -1  -1  -2  -3  -3  -4  -5  -4  -3  -3  -4  -1   1   2   0  -3
DST0812*10  X220   0  -1  -2  -2   0   1   3   7   8   8   6   4   3   1   3   3   1  -1   1   0  -2   2   4   2   4   2
DST0812*11  X220   0  14  13  12   7   5   3   1   1   0  -2  -3   1  -1   1  -1  -3  -4  -2   0  -2  -3  -2  -3  -1   1
DST0812*12  X220   0   2   1   1   1   1   1   0   1   1   3   5   1  -3  -7  -7  -1   3   4   5   4   3   2   3   6   1
DST0812*13  X220   0   2   0  -5  -3  -2  -2  -1   1   3   2   3   2   0  -2  -3  -2  -1  -3  -4  -3   3   5   4   3   0
DST0812*14  X220   0   3   2   3   0  -1  -1   0  -2  -1   0   1   1   1   1  -1  -2  -2  -1   0   1   2   2   3   6   1
DST0812*15  X220   0   8   7   6   5   7   7   7   5   5   5   5   5   4   3   2   1   1   1   1   1   4   4   6  10   5
DST0812*16  X220   0  11  12   8   5   3   4   6   8  15  17  15  13   9   9   9   9   8   9  10   9   7   9  12  12  10
DST0812*17  X220   0  14  16  10   1   1  -6  -6  -6  -2  -4  -4  -6  -8 -12 -15  -5  -1   1   1   1   0  -3  -5  -5  -2
DST0812*18  X220   0  -5  -5  -6  -4   0   1  -1  -1   0   0  -1  -1  -2  -3  -2  -1   2   1   0  -2  -2  -1  -1  -2  -2
DST0812*19  X220   0  -3  -3  -5  -6  -8 -10  -9  -5  -4  -3  -1   6   7   4   0   0  -2  -6  -8  -8  -6  -6  -5  -4  -4
DST0812*20  X220   0  -5  -3  -2  -2  -1   0   1   3   3   2   4   6   2  -1  -3  -6  -4  -1   0   0   1   2   1   2   0
DST0812*21  X220   0   2  -2  -3  -5  -6  -7  -7  -4  -2   0   0   0   0  -1  -1   1   1   0  -1  -1   0   2   3   2  -1
DST0812*22  X220   0   0   1   2   4   6   8  10  12  13  16  13  14  18  21  20  17  16   2  -6  -5  -4   2  -1  -3   7
DST0812*23  X220   0  -5  -4  -6  -8  -7  -7  -3   2   5   8   3   2   4   2   0   2   3   1  -1  -2  -2  -7  -9 -11  -2
DST0812*24  X220   0 -11  -9  -9  -9  -7  -5  -7  -7  -7  -8  -5  -3  -3  -3  -1  -3  -3  -1  -3  -3  -6  -5  -4  -3  -5
DST0812*25  X220   0  -1   0  -1  -1  -2  -2  -2  -1   2   3   3   1   4   1  -6  -8  -7  -5  -4  -6  -4  -1  -2  -2  -2
DST0812*26  X220   0   1   3   2  -2  -2  -3  -3  -2   2   4   3   3   0  -2  -6  -6  -1   2   3   2   2   1   0   1   0
DST0812*27  X220   0   4   6   7   5   4   4   5   5   5   5   6   8   3   3   3   2   0  -1   0  -2  -2   0  -2   0   3
DST0812*28  X220   0   5   8   9   8   5   3   6  11  11   9   5   3   4   5   6   5   2   4   6   6   4   2   3   2   6
DST0812*29  X220   0   2   4   5   5   5   3   3   4   6   5   3   6   7   7   5   5   3   1   1   3   2   2   1   4   4
DST0812*30  X220   0   7   9   9   7   5   5   5   7  11  14  13  11   9   8   8   8   7   6   6  10  17  26  29  34  11
DST0812*31  X220   0  36  29  27  10   4  -3  -8   0   3   5   2   3   4   0  -2  -1  -2  -5  -8  -9  -9  -9  -8  -7   2


DST0901*01  X220   0  -7  -5  -4  -5  -7  -7  -9 -12 -11  -8  -9 -10 -14 -17 -15 -13 -15 -17 -17 -16 -14 -12  -7  -4 -11
DST0901*02  X220   0  -3  -5  -6  -5  -7  -8  -9  -8  -7  -5  -7 -10 -12 -10  -7  -3  -2  -8 -10 -11  -9  -8  -3  -8  -7
DST0901*03  X220   0 -10  -7  -7 -11 -14 -15 -11  -8  -7  -9 -12 -13 -10  -8  -9 -11 -16 -18 -14 -10  -9  -9  -8  -8 -11
DST0901*04  X220   0  -9  -8  -8 -10 -10  -9  -6  -8  -7  -7  -9  -9  -9  -9  -8 -11 -15 -19 -18 -15 -11  -6  -3  -4 -10
DST0901*05  X220   0  -5  -5  -4  -5  -6  -8  -6  -8 -11 -10  -9  -9  -8  -6  -7  -8  -7 -11 -12 -12 -10  -8  -9  -8  -8
DST0901*06  X220   0  -5  -4  -7 -11 -11 -11 -12 -14 -14 -13 -15 -14 -12 -12 -13 -12 -13 -16 -17 -14 -12 -10  -7  -7 -12
DST0901*07  X220   0  -8  -9 -11  -9  -9  -8  -6  -6  -5  -5  -6  -4  -3  -5  -6  -7  -8  -9  -6  -5  -4  -2   0  -1  -6
DST0901*08  X220   0   0  -1  -2  -2  -2  -2   0   0  -1   1   0  -2  -7  -7  -6  -7  -7  -5  -1   1   3   4   2   2  -2
DST0901*09  X220   0   4   4   1  -4  -9  -9  -7  -6  -5  -4  -8 -12 -17 -15 -10  -4   1   0  -1  -6  -5  -1   4   3  -4
DST0901*10  X220   0   0  -1  -5  -8  -8 -10  -7  -4  -5  -5  -5  -8  -9  -7  -5  -5  -8  -9  -9  -7  -5  -4  -7  -8  -6
DST0901*11  X220   0  -9 -11  -7  -5  -3  -2  -3  -3  -5  -8  -9 -10 -10  -9  -7  -8 -11 -14 -14 -13 -13 -12 -11 -10  -9
DST0901*12  X220   0 -10  -8  -8 -10  -8  -6  -5  -3  -3  -3  -3  -3  -2  -2  -2  -4  -8  -7  -5  -2  -3  -2   2   4  -4
DST0901*13  X220   0   4   5   4   5   9  13   7   6   8   8   7   7   7   4   3   4   2  -2  -6  -7  -6  -4  -6  -4   3
DST0901*14  X220   0  -3   3   0  -3  -5  -5   1   5   5   3  -8 -17 -18 -19 -18 -16 -17 -17 -18 -16 -16 -14 -15 -19  -9
DST0901*15  X220   0 -18 -13 -10  -9 -10 -14 -17 -18 -15 -11  -9 -12 -15 -16 -13  -8  -4 -11 -14 -13 -11 -13 -14 -11 -12
DST0901*16  X220   0  -9  -6 -12  -7 -10  -7  -5  -1  -1  -2  -6  -8  -6  -8 -11 -17 -16 -15 -11 -10 -10  -8  -9 -10  -9
DST0901*17  X220   0  -8 -10 -10  -7  -5  -3  -3   1   1   0  -4  -9 -11 -12 -12 -11 -11  -9  -6  -9 -11 -11  -8  -6  -7
DST0901*18  X220   0  -6  -6  -6  -8  -8  -5  -2   0   3   1  -3  -5  -6  -6  -5  -5 -10 -10  -7  -5  -2  -1   0   6  -4
DST0901*19  X220   0  10   4  -6   1   5   5   1  -8  -6  -6  -8 -10 -10  -9   0   3  -1  -5  -8 -11 -15 -19 -17 -15  -5
DST0901*20  X220   0 -13 -11 -12 -11  -9  -9  -8  -5  -3  -3  -5  -7  -7  -7  -6  -4  -3  -4  -5  -8 -12 -14 -14 -12  -8
DST0901*21  X220   0 -10  -9  -6  -5  -2  -1   0  -1  -4  -3  -3  -3  -3  -7  -6  -9  -9  -9  -9  -7  -6  -8 -10 -11  -6
DST0901*22  X220   0 -11 -10  -6  -5  -6  -6  -3  -4  -5  -3  -3  -1   1  -1  -2  -1   1   2   2   1   2   1   2   2  -2
DST0901*23  X220   0  -1  -3   0   3   3   2   1   0   2   5   6   6   4   2   1   1   0   0   1   2   2   2   1   0   2
DST0901*24  X220   0   1   0  -1  -2  -4  -4  -3  -3  -3  -3  -1   0   1   2   1   4   8   9   8   7   6   6   5   6   2
DST0901*25  X220   0   6   9  12  10  10   6   4   2   2   2   0  -4  -4  -3   2   6   7   5   5   6   6   5  10  10   5
DST0901*26  X220   0  10  17  20  18  17  13   1   7   2  -6  -6  -5 -10 -19 -29 -29 -22 -17 -15 -14  -9 -11 -10  -9  -4
DST0901*27  X220   0  -9  -9  -5  -4  -5  -8  -8  -8  -8 -10 -12 -14 -15 -16 -13 -12 -13 -11 -10  -7  -6  -6  -6  -5  -9
DST0901*28  X220   0  -5  -6  -8 -10 -11 -11 -10 -11 -10  -8  -8  -9  -8  -6  -4  -3  -3  -4  -4  -5  -1   0   5   9  -5
DST0901*29  X220   0  10  12  11  13   7   2  -6  -8  -9 -13 -15 -14 -11 -11 -12 -11 -11 -12 -14 -14 -12  -9  -8  -5  -6
DST0901*30  X220   0  -4  -3  -1  -1  -3  -4  -4  -8 -10 -10  -9  -5  -3  -2  -2  -4  -5  -4  -4  -6  -9  -4   8   8  -4
DST0901*31  X220   0  10  12  15  15  11   7   0  -8  -7  -5  -4  -6 -10 -10  -9  -6  -8  -7  -7  -8  -8  -7 -10 -10  -3


DST0902*01  X220   0  -9  -7  -8  -7  -7  -7  -9 -11 -12 -12 -13 -14 -14 -14 -13 -10  -9  -6  -4  -5  -5  -6  -7  -7  -9
DST0902*02  X220   0  -6  -5  -5  -5  -5  -3  -2  -2  -2  -3  -7  -9 -10  -9  -8  -5  -3  -1   2   2   3   4   1  -2  -3
DST0902*03  X220   0  -1  -1  -2  -1   0   3   5   4   5   3   1  -1  -4  -7  -7  -6  -3  -1  -1  -5  -3  -7 -16 -15  -3
DST0902*04  X220   0 -12  -8  -5  -5  -4  -3  -4  -2   3   2  -5  -5 -16 -25 -34 -37 -38 -41 -42 -31 -29 -28 -23 -25 -17
DST0902*05  X220   0 -28 -27 -22 -17 -17 -22 -22 -22 -19 -17 -16 -14 -16 -17 -11 -15 -18 -17 -15 -16 -15 -16 -16 -14 -18
DST0902*06  X220   0 -15 -15 -16 -19 -20 -19 -19 -18 -14 -11 -11 -12 -13 -14 -17 -15 -14 -12 -12 -14 -14 -10  -4  -1 -14
DST0902*07  X220   0   0  -1  -1  -5  -9 -10 -11 -11  -8  -4  -1   0  -1  -5  -8  -8  -9  -8  -7  -7  -4  -2  -1   1  -5
DST0902*08  X220   0   1   2   4   5   0  -2  -2  -2  -4  -4  -4  -3  -4  -4  -6  -7  -5  -4  -2  -1  -1  -3  -6  -6  -2
DST0902*09  X220   0  -6  -3  -1   1   0  -1  -4  -4  -3  -4  -8  -8  -6  -5  -5  -3  -4  -5  -5  -5  -5  -2   1   3  -3
DST0902*10  X220   0   5   8   7   5   4   4   1   1  -1  -3  -7 -10  -8  -1   3   7   6   6   5   5   2   2   3   5   2
DST0902*11  X220   0   6   7   7   8   8   6   6   5   2   1  -1  -6  -9  -9  -8  -5   0   0  -2   1  -1   0   3   7   1
DST0902*12  X220   0  11  11  10   8   4   4   2   0  -1  -3  -5  -6  -9 -10 -11 -10  -6  -8 -10 -11 -12 -13 -10  -8  -3
DST0902*13  X220   0  -6  -5  -3  -2   0   1   1   1   2   4   2   0   0  -2  -2  -1   0  -3  -6  -7  -5  -2   1   6  -1
DST0902*14  X220   0   8  12  21  26  30  27   4  -9 -18 -28 -31 -18 -21 -28 -32 -38 -38 -33 -31 -29 -25 -24 -20 -19 -13
DST0902*15  X220   0 -21 -23 -26 -25 -22 -20 -21 -22 -25 -23 -17 -14 -13 -19 -21 -23 -25 -23 -20 -21 -22 -22 -22 -22 -21
DST0902*16  X220   0 -23 -24 -24 -25 -22 -18 -15 -13 -11  -9  -9  -8 -10 -14 -18 -18 -18 -17 -17 -18 -20 -18 -17 -19 -17
DST0902*17  X220   0 -19 -21 -21 -19 -17 -15 -13 -13 -11  -9  -6  -3  -4  -7  -9  -9  -8  -7  -7  -9 -10  -9  -8  -7 -11
DST0902*18  X220   0  -5  -4  -4  -5  -4  -4  -2  -2  -2  -1  -1  -5  -6  -8  -9  -9 -10 -11 -12 -12 -12  -8  -5  -3  -6
DST0902*19  X220   0  -3  -5  -7  -7  -8  -7  -6  -5  -4  -2   1   5   3   1   0  -1  -5  -5  -4  -3  -1   2   1   3  -2
DST0902*20  X220   0   5   6   0   6   6  -1  -1  -1  -1  -2  -1   3   3  -1  -5  -6  -4  -4  -4 -10 -10  -5   1   6  -1
DST0902*21  X220   0   7   4   2   0  -4  -3   1   1   0   1   2   4   3   3   3   0   0   1   0  -2   2   4   4   8   2
DST0902*22  X220   0   7   6   5   3   2   0  -2  -6  -6  -5  -3  -3  -4  -2   0   0   0   0  -2  -1   2   1   5   6   0
DST0902*23  X220   0   6   4   6   5   4   3   1   0  -2  -3  -3  -3  -5  -6 -13 -18 -22 -22 -19 -19 -13  -9  -8  -7  -6
DST0902*24  X220   0 -12 -11 -11 -13 -13 -10  -9 -15 -17 -15 -12 -11 -11 -12 -14 -16 -14 -12 -12 -11 -11  -8  -5  -4 -12
DST0902*25  X220   0  -6  -8 -11 -11 -12 -15 -16 -15 -14 -12  -8  -7  -8  -8  -7  -7  -7  -7  -8  -7  -6  -4  -3  -3  -9
DST0902*26  X220   0  -4  -5  -6  -4  -6  -8  -8  -9  -8  -6  -8  -6  -6  -4  -7  -6  -5  -3   0   2   2   3   8  11  -3
DST0902*27  X220   0  16  14  11  12   7   1   3   2  -4 -20 -23 -20 -13 -14 -15 -14 -16 -18 -16 -21 -20 -18 -13 -13  -8
DST0902*28  X220   0 -10 -11 -12  -6  -6  -9 -10 -11 -13 -10  -6  -4  -6  -9 -10 -10 -11 -12 -13 -13 -12  -9  -7  -4  -9


DST0903*01  X220   0  -2   1   3  -1  -2  -5  -4  -3  -3  -2  -1  -3  -3  -5  -6  -8  -9 -10 -11 -12 -11 -10  -7  -7  -5
DST0903*02  X220   0  -6  -5  -2  -3  -4  -6  -5  -5  -6  -4  -4  -6  -6  -7  -8  -9  -8 -10  -9  -6  -5  -4  -2  -3  -6
DST0903*03  X220   0  -4  -3  -1   3   3   4  14  19  14  15  15   6   5   9   9   2   3  -3  -4   1   2   1  -1   1   5
DST0903*04  X220   0  -3  -1  -1  -4  -6  -9 -11 -12 -11  -9  -9 -11 -14 -13  -8  -4  -7  -8 -10 -11 -12 -11  -8 -10  -8
DST0903*05  X220   0  -8  -5  -7 -12 -10  -9  -8  -5  -6  -4  -2   1   0  -3  -7  -8  -9 -10 -10  -8  -7  -5  -2   4  -6
DST0903*06  X220   0   3   4   5   1   0  -3  -4  -3   1   2   0  -1  -2  -3  -2  -2  -1   0   0   2   1   0   1   2   0
DST0903*07  X220   0   1   1   0  -3  -3  -3  -1   0   0   1   3   3   1   1   2   2   2   1   0  -1   0   1   1   1   0
DST0903*08  X220   0  -1  -3  -4  -3  -1   4   5   1  -3   1   4   1   3   5  -1  -6  -9 -11 -11 -11 -12 -11 -11 -13  -4
DST0903*09  X220   0 -13 -13 -11  -9 -10 -10  -9  -9  -8  -6  -7  -7  -7  -8 -10 -10  -8  -9 -10 -11  -9  -8  -6  -7  -9
DST0903*10  X220   0  -6  -6  -7  -6  -6  -7  -6  -5  -4  -2   4   7   5   0   0  -1  -4  -7  -9  -8  -6  -2   0  -3  -3
DST0903*11  X220   0  -3   0   1   4   3   2   1  -1  -1   1   1   2   3   2   2   3   2  -3  -8  -8 -12 -11  -9  -2  -1
DST0903*12  X220   0  -3  -2 -10 -12  -9  -7  -4  -7  -7  -2  -1   0   2   5   4   5   5   4   8  12  18  19  13   7   2
DST0903*13  X220   0  -9 -15 -28 -26 -22 -24 -28 -31 -32 -23 -20 -19 -16 -16 -16 -16 -17 -22 -26 -26 -25 -23 -22 -22 -22
DST0903*14  X220   0 -20 -21 -17 -15 -14 -13 -14 -19 -14 -13 -17 -17 -14 -12 -11 -12 -14 -18 -20 -17 -17 -13 -14 -20 -16
DST0903*15  X220   0 -23 -18 -17 -16 -16 -20 -19 -19 -17 -15 -15 -13 -13 -12 -13 -13 -12 -13 -15 -15 -14 -12 -14 -16 -15
DST0903*16  X220   0 -14 -13 -14 -14 -13 -13 -13 -11  -7  -7  -8  -6  -7  -6  -5  -4  -2  -3  -9  -9  -7  -3  -1  -3  -8
DST0903*17  X220   0  -6 -11  -9  -6  -4  -5  -3  -5  -7  -8  -5  -2  -1  -1   1  -1  -2  -3  -4  -4  -5  -5  -5  -5  -4
DST0903*18  X220   0  -5  -8  -8  -4  -2  -1  -1  -4  -3  -3  -3  -3  -4  -2  -2   0   2   6   4   5   6   6   6   2  -1
DST0903*19  X220   0   2   5   6   6   7   6   3  -2  -5  -2   1   1   1   3   1   1   1  -2  -5  -6  -4   0   2  -3   1
DST0903*20  X220   0  -7  -7  -4  -3   1   5   7   8   8   3   0  -1  -1   2   4   3  -2  -8 -10  -6  -8  -2   1   0  -1
DST0903*21  X220   0   0   0   1   6  14  16  18  14  13  14   9 -12 -27 -24 -15 -12 -14 -19 -19 -17 -20 -26 -27 -25  -6
DST0903*22  X220   0 -24 -21 -22 -25 -24 -18 -12 -11  -9 -10 -11 -11  -8  -6  -5  -4  -6  -9 -10 -13 -13 -13 -14 -18 -13
DST0903*23  X220   0 -17 -15 -15 -16 -16 -14 -12  -8  -6  -6  -8  -8  -7  -5  -4  -4  -3  -4  -4   0   3   3   1  -5  -7
DST0903*24  X220   0  -3  -2  -2  -4  -9 -12 -13 -20 -23 -22 -25 -24 -13  -6  -7  -5  -8 -10 -14 -10  -9  -9  -8 -11 -11
DST0903*25  X220   0 -18 -17 -16 -13 -19 -21 -18 -15 -13 -11 -12 -11  -9  -5  -2  -5  -7  -8 -12 -13 -11  -8  -7  -6 -12
DST0903*26  X220   0  -6  -7  -9 -10 -14 -18 -17 -12  -7  -7  -7  -6  -5  -4  -2  -2  -4  -8 -10  -7  -6 -10 -12 -14  -9
DST0903*27  X220   0 -13 -13  -9  -7  -5  -4  -4  -5  -5  -5  -6  -7  -6  -3  -3  -4  -6 -13 -14 -15 -14 -13 -13 -11  -8
DST0903*28  X220   0 -12 -12 -12 -10  -7  -5  -5  -3  -1  -3  -7  -7  -3   3   6   6   3   1  -1  -4  -3  -1   3   5  -3
DST0903*29  X220   0   3   0  -3  -2  -2  -6  -7  -5  -4  -4  -4  -1   2   4   4   4   1   0   1   4   6   7   5   4   0
DST0903*30  X220   0   5   1   0   1   2  -2   0   0   0   1  -2  -5  -3   1   2  -1  -2  -1  -2  -2  -1   2   2  -1   0
DST0903*31  X220   0  -3  -3  -4  -4  -2  -1   0   3   6   8   6   2   1   4   3   3   1  -1  -1   1   3   7   7   5   2


DST0904*01  X220   0   1   1   0   3   4   5   5   5   4   4   1   2   7   9   9   9   8   8   8   9  10   8   7   4   5
DST0904*02  X220   0   1   2   3   3   2   1   0  -1   0   1   1   1   0  -2  -3  -2  -3  -4  -4  -5  -3   0   2   3   0
DST0904*03  X220   0   2   3   4   6   7   6   6   6   6   7   3  -1   0   1   2  -2  -5  -6  -5  -2   0   1  -1  -2   2
DST0904*04  X220   0  -4  -6  -5  -3   1   2   5   6   5   6   6   7   7   8   8   7   6   7  10  12  13  12  10   7   5
DST0904*05  X220   0   4   5   3   6  12  11   4   5   4   3   8   8   8   8   5   3   3   3   0   2   3   2  -1  -4   4
DST0904*06  X220   0  -4  -6  -7  -7  -4  -1   1   3   4   6   7   6   5   5   3   3   3   6   9   7   5   4   2   4   2
DST0904*07  X220   0   4   2   1   1   1   2   4   5   5   5   6   5   6   5   6   7   5   5   3  -1  -4  -5  -7  -4   2
DST0904*08  X220   0  -1   0  -1   0   1   2   3   4   4   8   9   8   8  13  15  15  20  22  20   8   3  -1   3   7   7
DST0904*09  X220   0  11   9   0  -7 -14 -12  -8  -4  -4  -9 -15 -13  -9  -7  -5 -11 -20 -23 -23 -26 -27 -25 -19 -16 -12
DST0904*10  X220   0 -15 -15 -13 -11  -8  -5  -5  -6 -10 -11 -11 -11  -8 -10 -12 -11  -9 -11 -13  -7  -1   0  -1  -8  -9
DST0904*11  X220   0 -13 -11  -9 -11  -7  -6 -10 -11 -11  -9  -6  -4  -3  -3  -8  -8 -11 -10  -8 -10 -10 -10 -13 -13  -9
DST0904*12  X220   0 -11 -11 -12 -12 -11  -7  -9 -11 -11  -9  -8  -7  -7  -6  -4  -3  -3  -7 -14 -14 -12 -13 -13 -15 -10
DST0904*13  X220   0 -18 -20 -19 -14 -11  -8 -10  -8  -7  -8  -9  -9  -9  -8  -3  -3 -10 -11 -13 -12 -13 -12 -12 -11 -11
DST0904*14  X220   0 -10  -7  -6  -5  -3  -1  -1  -2  -5  -7  -8  -7  -5  -3  -3  -5  -6  -6  -6  -5  -4  -4  -5  -4  -5
DST0904*15  X220   0  -3  -4  -4  -3  -2  -2  -2  -2  -4  -6  -6  -3  -3  -3  -1  -1  -3  -3  -4  -5  -4  -6  -8  -6  -4
DST0904*16  X220   0  -6  -6  -8  -8  -5  -3  -7 -11  -9  -6  -6  -4  -1  -1   2   8  10  -2   1   1  -1  -3  -2  -8  -3
DST0904*17  X220   0  -6  -5  -2   0   1   4   6   2   1   0  -2  -4  -6  -5  -3  -4  -4  -1   0  -1  -3  -1  -4   3  -1
DST0904*18  X220   0   3   3   0  -1  -6 -15 -25 -21 -17 -15 -11 -11 -10  -7  -5  -4  -3  -4  -5  -5  -6  -9 -12  -7  -8
DST0904*19  X220   0  -8 -10  -9  -8  -8  -8  -7  -7  -7  -6  -5  -2   0   1   3   4   7   5   4   1  -1  -2  -4  -3  -3
DST0904*20  X220   0  -4  -4  -2   0   0  -2  -1   0   1  -1  -2  -5  -6  -6  -5  -5  -4  -4  -5  -6  -3  -3  -2  -2  -3
DST0904*21  X220   0  -4  -5  -4  -2  -1  -3  -2   1  -1  -1   1   4   5   4   2   0  -1  -3  -2  -3  -4  -3  -4  -3  -1
DST0904*22  X220   0  -2  -5  -5  -2   1   0   0   0  -2  -3  -1  -3  -7  -6  -4  -2   0   2   3   2  -1  -3  -5  -2  -2
DST0904*23  X220   0   0   0  -1  -1  -1  -2  -2  -2  -3  -3  -3  -3  -3  -4  -2  -1  -1   2   3   7   7   5   5   6   0
DST0904*24  X220   0   8  17  13  10  10   8   6  11  12  12  14  11  10   6   5   8   4   0  -4  -3  -1   1   3   4   7
DST0904*25  X220   0   3   2   1   2   1   4   2   0  -1  -1  -2  -3  -6  -8  -9  -8  -6  -2  -1  -4  -5  -9  -7  -4  -3
DST0904*26  X220   0  -3  -2  -3   0   2   0   1  -1  -2  -2  -1   1   0   0   0   1   5   9  10  10   7   5   4   0   2
DST0904*27  X220   0  -8 -12 -12 -10 -10 -10 -11 -10 -10  -9  -9  -7  -7  -6  -5  -1   2   4   3   3   2   2   3   3  -5
DST0904*28  X220   0   3   4   5   4   3   1   1   2   4   5   4   1   1   1   2   5   5   5   4   5   6   6   7   7   4
DST0904*29  X220   0   8   6   7   7   8   9  11  10   8   2  -3  -6  -4  -2  -1  -1  -2  -1   0   3   3   4   4   2   3
DST0904*30  X220   0  -3  -3  -3  -1  -2  -2  -1  -1  -1   0  -1  -2  -1   0  -1  -1   0  -3  -5  -6  -4  -2   0   1  -2


DST0905*01  X220   0   4   5   7   8   8   8   6   5   3   2  -1  -1   0  -3  -5  -4  -3  -4  -3  -3  -2   0   2   0   1
DST0905*02  X220   0  -1  -1  -3  -4  -3  -2  -4  -5  -5  -4   1   5   8   7   7   9   9   8   5   4   3   3   7   5   2
DST0905*03  X220   0   2   4   7   8   8   5   3   4   3   0   0   0  -2  -3  -3  -3  -1  -1   0   1   3   5   7   4   2
DST0905*04  X220   0   3   2   0   0   2   5   5   2   0   0  -5  -5  -5  -8  -7  -5  -3  -6  -7  -6  -5  -6  -5  -3  -2
DST0905*05  X220   0  -3  -3  -2   1   2   3   2   3   4   6   5   6   5   3   0   0  -1   4   7   8  10  10  11  15   4
DST0905*06  X220   0  16  12   8   6   5   4   2   0  -2  -1   0   0   1   1  -1  -1   0   6   4  -4  -4  -3  -2  -3   2
DST0905*07  X220   0  -5  -9  -7  -8 -11 -10 -11  -9  -9  -9  -8  -9  -9  -9  -9  -8  -7  -6  -7  -8  -2   2   1  -6  -7
DST0905*08  X220   0 -12 -12 -10 -11 -16 -26 -26 -26 -21 -19 -19 -19 -19 -19 -18 -17 -17 -19 -21 -24 -22 -19 -13 -10 -18
DST0905*09  X220   0 -10  -9  -7  -4  -6  -9  -6  -7  -9 -10 -14 -14 -11 -10 -12 -14 -15 -16 -17 -20 -20 -21 -18 -16 -12
DST0905*10  X220   0 -15 -15 -14 -13 -11 -11 -11 -11  -8  -7  -7  -8  -8  -9 -12 -12 -10  -9 -10 -15 -16 -12  -8  -4 -11
DST0905*11  X220   0  -7  -6  -6  -5  -5  -5  -6  -4  -6  -9  -9  -9 -11 -13 -14 -14 -14 -15 -15 -16 -15 -14 -11 -12 -10
DST0905*12  X220   0 -11  -8  -6  -5  -6  -7  -6  -7  -7  -8  -8  -7  -6  -6  -5  -5  -5  -5  -6  -7  -7  -6  -4  -7  -6
DST0905*13  X220   0  -7  -6  -1   0   1   1   3   4   0   0  -1   0   0   0   2   8   7   0   0  -1  -2  -1   1   1   0
DST0905*14  X220   0   1   1   1   1  -2   0   3   3   3   3   4   9  -4  -4  -3  -2   2   2 -10 -17 -19 -16 -11 -10  -3
DST0905*15  X220   0  -8  -6  -3  -4  -6  -6  -3  -1   0  -2  -2  -4  -6  -5  -3  -5  -6  -7  -7  -6  -4  -3  -2  -2  -4
DST0905*16  X220   0  -2  -2   0   0   0   2   5   6   5   4   2  -1  -2  -3  -4  -2  -3  -4  -4  -7  -5  -7 -10 -11  -2
DST0905*17  X220   0  -9  -8  -6  -6  -6  -5  -3  -2  -2  -3  -5  -6  -6  -5  -3  -2  -3  -5  -5  -4  -2   2   6   5  -3
DST0905*18  X220   0   4  -1  -1  -1  -2  -3   0   3   5   7   5   5   6   7   7   7   7   2  -1  -3   1   5   6   6   3
DST0905*19  X220   0   1   2   0  -2  -6  -8  -9 -10  -9  -7  -7 -10 -11 -12 -12 -10 -10 -11 -12 -11  -7  -2   3   4  -7
DST0905*20  X220   0   4   5  10   7   7  10  10   9   9   8   6   5   6   7   8  11  11   7  11  12  12  11  12  15   9
DST0905*21  X220   0  20  18  15  13  11   9   7   5   5   5   2   1  -2  -2   2   4   3   2   0  -1  -3  -3  -2  -1   5
DST0905*22  X220   0   1   1   2   4   4   4   3   3   0  -4  -5  -9  -6  -7  -9  -9  -8  -9  -6  -7  -6   0   1   1  -3
DST0905*23  X220   0   1   1  -2  -5  -7  -8 -10 -11 -10  -9  -7  -8  -8  -8  -7  -5   0   0  -5  -7 -10  -8  -6  -5  -6
DST0905*24  X220   0  -6  -7  -5  -3  -3  -4  -6  -5  -4  -3  -4  -6  -6  -8  -6  -4  -4  -7  -8  -7  -4  -2  -1  -2  -5
DST0905*25  X220   0  -4  -6  -4  -3  -2  -2  -2  -3  -3  -1  -1   1   2   2   3   5   4   0  -2  -3  -1  -6  -6  -5  -2
DST0905*26  X220   0  -2   2   3   3   2   3  -1   0   4   6   7   7   4   0  -2  -1  -1  -1   1   1   0  -1  -2  -3   1
DST0905*27  X220   0  -4  -3  -2  -1   0  -1   0   0  -1   1   1   1   1   1   2   2   1   1   0   0   1   0  -2  -1   0
DST0905*28  X220   0   1   2   3   2   1  10  11  13   8   5  -4  -9 -10 -10  -9  -8 -10  -9  -7  -8  -8  -6  -5  -5  -2
DST0905*29  X220   0  -5  -5  -4  -4   1   3   4   1   3   4   1  -3  -6  -7  -9  -7 -10 -12 -14 -17 -16 -15 -11  -9  -6
DST0905*30  X220   0  -8  -7  -8  -8  -8  -6  -1   3   4   4   1  -1  -2  -1   0   1   2   0  -2  -3   0   4   7   8  -1
DST0905*31  X220   0   6   3   1   3   5   5   4   3   3   4   6   5   3   2   3   4   3   2  -1  -4  -3  -3  -2  -3   2


DST0906*01  X220   0  -3  -4  -4  -5  -5  -5  -5  -3  -2  -1  -2  -3  -4  -3  -1   0  -1  -2  -4  -6  -4  -4  -3   0  -3
DST0906*02  X220   0   1  -1   0   2   4   6   7   6   7   6   5   4   2   2   0   0   2   1   1   4   6   6   7   7   4
DST0906*03  X220   0   7   7   5   6   8   7   7   8   9  12  13  14  15  15  15  12  12   9   6  11   6  -1   6  11   9
DST0906*04  X220   0  14  11   4  -1  -4  -5  -5  -4  -2   0   0  -3  -7  -9  -9 -10  -9  -9  -9 -11 -14 -17 -19 -13  -5
DST0906*05  X220   0  -9  -5  -5  -6  -7  -9 -12 -12 -14 -14 -16 -17 -13 -15 -18 -21 -21 -16 -15 -12 -11 -10  -8  -4 -12
DST0906*06  X220   0   0   0  -3  -4  -4  -7 -12 -10  -6  -2  -4  -6  -7  -4  -3  -1   0   0   1   0  -1  -2  -2  -2  -3
DST0906*07  X220   0  -2  -6  -7  -6  -2  -3  -3   0   6  11  11   1  -3  -5  -4  -1   2   6   5   4   2  -4  -5  -3   0
DST0906*08  X220   0  -2  -2  -2  -2  -4  -5  -6  -6  -5  -1   0  -1  -1   1   0  -2  -6  -6  -4  -3  -2  -2  -1   1  -3
DST0906*09  X220   0   1   1   1   1   0   0   1   3   5   8   6   5   5   5   3   4   7   7   9  10  10   8   6   7   5
DST0906*10  X220   0   8  10   8   6   7   8   5   3   2   3   4   6   5   5   5   5   4   4   5   6   5   1  -2   0   5
DST0906*11  X220   0   3   4   5   5   5   7   7   4   3   3   3   4   5   6   4   5   5   6   6   6   5   3   5   5   5
DST0906*12  X220   0   3   4   4   5   6   4   4   4   5   3   4   4   3   1   1   2   3   5   8  11  12  10  10  11   5
DST0906*13  X220   0  10   8   9  11  12  13  10   9  10  11  11  10   5   4   6   4   2   2   4   3   2   2   3   7   7
DST0906*14  X220   0   9   8   7   6   7   9   8  11  12  11   6   2   4   5   6   6   6   4   5   8  10   5   1   1   7
DST0906*15  X220   0   1   0  -3  -8  -8  -6  -2  -2  -3   0   2   3   4   3   3   1   0  -3  -2  -2   0   2   4   5   0
DST0906*16  X220   0   3   1   1   1   2   3   5   9  11  13  14  11  12  15  13   9   9   8   8   8   7   7   7   9   8
DST0906*17  X220   0  10  10   7   4   2   3   3   2   2   1   1   1   1   1   2   2   5   6   4   3   5   7  10   8   4
DST0906*18  X220   0   3   1   1   1   2   0   0   2   4   3   3   4   5   3   3   3   4   5   6   8  10   8   5   0   4
DST0906*19  X220   0  -1  -1   0   3   7  10  10   9  10  12  12   9   6   5   4   4   5   3   5  10  10   9   7   5   6
DST0906*20  X220   0   3   2   0   1   6  15  17  10  12  14  12  12  13  11  10   9  14  18  18  16  14  11  13  16  11
DST0906*21  X220   0  13   9   6   6  11  16  22  10  10   7   3   0  -1   5   9   5   3   1  -1  -3  -2   0   2   2   6
DST0906*22  X220   0   4   2   3  -1   1   5   4   3   0  -1   1   3   4   6   6   5   3   2   3   2   2   1  -1   0   2
DST0906*23  X220   0   1   6   8   9  10   9   7   8  11  16  19  18  20  21  13  14  15  17  18  21  24  34  33  21  16
DST0906*24  X220   0  18  21  29  28  42  32  21   6   7   8   7  15  12  11  11  15  20  29  36  20  -7 -12 -14  -9  14
DST0906*25  X220   0  -7  -8  -6  -5  -7  -6  -5  -5  -5   1   4   3   3   0   2   4   3   2  -1  -4  -9 -13 -14 -13  -4
DST0906*26  X220   0 -14 -14 -11  -6  -4  -5  -6  -6  -6  -5  -5  -5  -4  -3  -1  -2  -4  -4  -4  -4  -3  -5  -7  -9  -6
DST0906*27  X220   0  -7  -4  -2   0   1   0   0  -2  -2  -1   0  -1   5   9   8   6  11  13  10   9   6   6   3  -1   3
DST0906*28  X220   0  -5   3   5   8   7  13  13  10   6   5   2   4   6  11  12   4   1   5  -2  -9 -14 -13 -20 -28   1
DST0906*29  X220   0 -27 -26 -23 -20 -19 -22 -20 -18 -19 -15 -13 -14 -11  -9  -9 -11 -12 -10 -11 -10 -10 -13 -13 -13 -15
DST0906*30  X220   0 -15 -15 -14 -13 -11 -10 -11 -14 -15 -11  -8 -10 -12 -10  -8  -8 -11 -16 -20 -23 -17 -11  -6  -6 -12


DST0907*01  X220   0  -5  -3  -3  -6  -9  -9 -10  -9  -8  -5  -5  -6  -8 -11 -12 -11  -9  -7  -6  -5  -8  -9 -11 -12  -8
DST0907*02  X220   0  -9  -8  -6  -9 -11 -11 -10  -9  -7  -6  -7  -7  -7  -7  -8  -7  -6  -4  -6  -7  -9 -10  -9  -7  -8
DST0907*03  X220   0  -5  -6  -5  -5  -5  -5  -5  -4  -4  -4  -4  -7 -13  -5  -5 -14 -12  -8  -6  -5  -6  -3  -6  -5  -6
DST0907*04  X220   0  -6  -7  -9  -9 -10  -9  -7  -6  -3  -3  -4  -7 -11 -12 -11  -5  -3  -3  -2  -2  -1   1  -1   1  -5
DST0907*05  X220   0   4   5   2   1  -1  -2  -2  -1   1   1   1   0   0  -1  -1   0   3   3   2   0  -1  -7  -5  -1   0
DST0907*06  X220   0   2   2  -2  -1  -3  -5  -3  -2  -2  -1  -2  -3  -5  -6  -4  -4  -4  -6  -5  -6  -9 -10 -12 -12  -4
DST0907*07  X220   0 -12  -9  -8  -4  -1   2   2   3   4   6   3   4   6   8   7   4   2   1   1  -1  -2  -2  -2  -3   0
DST0907*08  X220   0   0   1   2   0  -3  -5  -5  -7 -10 -12 -11 -11 -11 -10  -8  -7  -6  -6  -6  -8 -10 -13 -16 -15  -7
DST0907*09  X220   0 -11  -8  -4  -2  -2  -4  -5  -5  -4  -3  -2   1   1   0  -1  -2  -3  -1   3   2   8   5   5   5  -1
DST0907*10  X220   0   9  11  21  18   7  -6  -6  -4  -6  -4   0   1   1   3   6   6  -1  -3  -3  -1  -3  -4  -6  -6   1
DST0907*11  X220   0  -4  -2   1   3   2  -1  -1  -1   1   0   0   2   2   0  -2  -2  -3  -3  -3  -3  -2  -3  -4  -1  -1
DST0907*12  X220   0   0   2   3   2   1  -3  -4  -1   0   1   2   1   2   1   0   1   2   5   5   3   0   0   3   3   1
DST0907*13  X220   0   5   5   4   3   3   4   5   5   6  12  14  20  21  14   4  -1  -2   2   7   7   8  12   5  -1   7
DST0907*14  X220   0  -2 -11 -25 -22 -15 -15 -16 -16 -13 -10  -8 -11 -11 -15 -14 -13 -12 -14 -13 -13 -10  -8  -9  -9 -13
DST0907*15  X220   0 -10 -11 -12 -13 -14 -13  -9  -5  -3  -1   0  -2  -5 -10 -11 -10  -9  -8  -7  -9 -10 -12 -10  -9  -8
DST0907*16  X220   0 -11  -9  -5  -4  -3  -5  -6  -6  -7  -5  -7  -8  -8  -8  -5  -3  -4  -5  -7  -9  -5  -5  -5  -5  -6
DST0907*17  X220   0  -7  -7  -6  -5  -5  -5  -5  -5  -4  -4  -4  -3  -3  -4  -5  -4  -2  -2  -1   1   2   0   0   0  -3
DST0907*18  X220   0   0   0   0   0   1   1   1   1   1   3   4   4   5   6   8   6   5   4   3   2   3   5   6   9   3
DST0907*19  X220   0   9   7   6   5   4   5   4   3   0   0  -1  -1   0   3   5   4   1   0   1   2   3   3   4   5   3
DST0907*20  X220   0   5   6   7   8   7   8  12  14   9   2  -4  -8 -12 -14 -15 -17 -22 -19 -17 -13 -11 -11 -11 -10  -4
DST0907*21  X220   0  -5  -2   2   4   4   3  -1  -2   0   1  -3  -7  -8  -7  -3  -4  -4  -7  -7  -7  -1   3   5   2  -2
DST0907*22  X220   0   3   1  -8 -27 -55 -80 -83 -69 -75 -81 -65 -57 -54 -54 -56 -56 -57 -57 -57 -55 -51 -48 -46 -43 -51
DST0907*23  X220   0 -40 -37 -35 -36 -34 -32 -30 -33 -32 -30 -24 -20 -23 -25 -24 -21 -18 -20 -20 -21 -25 -24 -25 -23 -27
DST0907*24  X220   0 -25 -24 -19 -17 -16 -18 -19 -21 -19 -18 -18 -20 -22 -23 -21 -20 -18 -17 -16 -15 -13 -13 -18 -19 -19
DST0907*25  X220   0 -18 -21 -24 -21 -22 -18 -18 -17 -17 -17 -17 -15 -18 -18 -16 -15 -13 -12 -13 -15 -15 -13 -13 -14 -17
DST0907*26  X220   0 -17 -16 -15 -15 -16 -16 -17 -16 -15 -13 -13 -12 -12 -14 -14 -14 -13 -13 -12 -12 -10  -9  -8  -9 -13
DST0907*27  X220   0  -9 -10  -9  -8  -7  -9 -12 -11 -10  -9  -9 -11  -9  -9  -8 -12 -15 -13 -10 -12 -13 -18 -17 -12 -11
DST0907*28  X220   0  -7  -5  -5 -10 -14 -14 -14 -14 -13 -14 -13  -8  -6  -7 -10 -14 -15 -15 -14 -12  -9  -7  -9 -10 -11
DST0907*29  X220   0 -11 -12 -12 -12 -14 -12 -12 -11 -10  -8  -8  -9  -9  -8 -10 -12 -14 -14 -13 -10  -7  -4  -3  -5 -10
DST0907*30  X220   0  -8  -9  -5  -5  -6  -8  -9  -8  -7  -2   4   4   5   9  13  13   9   6   4   6  10  12  13  11   2
DST0907*31  X220   0   4   0  -3  -5  -6  -5  -4  -7 -11  -8  -2   0   0  -3  -2  -8  -9 -11 -12 -12 -12 -14 -14  -9  -6


DST0908*01  X220   0  -6  -5  -6  -7  -7  -9  -5  -2   0   3   2   2   0  -2  -3  -5  -5  -5  -3   1   2   1   0   2  -2
DST0908*02  X220   0   2   3   2  -2  -7  -7  -7  -7  -5  -7  -7  -5  -4   0   1  -1  -3  -7  -5   0   6   7   4  -1  -2
DST0908*03  X220   0   0  -3  -5  -4  -7 -12 -15 -16 -18 -17 -18 -16 -13  -9 -10 -10 -10  -9 -10 -10  -7  -7  -6  -5 -10
DST0908*04  X220   0  -5  -7  -8  -9  -7  -6  -5  -4  -4  -3  -3  -3  -5 -10 -10  -7  -7  -8  -9  -9  -9 -12 -12  -9  -7
DST0908*05  X220   0  -8 -10  -9  -9 -12 -16 -20 -18 -16 -13 -11  -7  -3  -3  -3   3   2   3   6   7   9  10  15  15  -4
DST0908*06  X220   0  14  24  27  18   2 -10 -31 -36 -25 -17 -19 -17 -10  -7 -12 -14 -16 -17 -15 -13 -11 -10 -11 -11  -9
DST0908*07  X220   0  -7 -10 -12 -12 -15 -15 -15 -14 -15  -9  -6   0  -3  -9 -10 -11  -8  -9 -11 -13 -12 -15 -17 -10 -11
DST0908*08  X220   0  -7  -6  -3  -5 -10 -13 -12 -11 -10 -10 -10 -12 -11  -9  -9  -9  -7  -6  -6  -6  -3  -2   0   3  -7
DST0908*09  X220   0   4   1   5   0  -7 -15 -16 -13 -13 -17 -21 -20 -16 -15 -13 -12 -13 -16 -16 -16 -15 -13 -10 -10 -12
DST0908*10  X220   0 -11 -12 -15 -13 -13 -13 -12  -9  -8  -6  -8  -9  -8  -7  -5  -4  -2  -1  -4  -2   1   1   2   4  -6
DST0908*11  X220   0   4   0   0  -1   0   0  -1   0   1   1   1  -2  -4  -4  -3   0   1  -3  -6  -5  -4  -4  -4  -4  -2
DST0908*12  X220   0  -1  -2  -3  -5  -5  -6  -3  -3  -5  -7  -8 -10 -12  -8  -4  -1   0  -2  -4  -4  -4  -7  -9  -9  -5
DST0908*13  X220   0 -11 -13 -11  -8  -7  -9 -10 -10 -10 -10  -9  -4  -2  -3  -4  -6  -6  -7  -6  -2  -2  -2  -4  -5  -7
DST0908*14  X220   0  -5  -8 -11 -13 -10 -12 -12 -10  -9 -10 -11 -10  -7  -3  -2  -2  -5  -7  -7  -7  -6  -5  -6  -6  -8
DST0908*15  X220   0  -6  -6  -6  -5  -5  -4  -6  -7  -7  -4  -3  -2  -3  -3  -3  -2  -2  -3  -4  -7  -6  -2   0   1  -4
DST0908*16  X220   0   2   0  -2  -3  -5  -3  -1   2   2   2   0  -4  -5  -5  -5  -6  -4  -4  -2  -1  -2  -3  -2   0  -2
DST0908*17  X220   0   1   0  -1  -1   2   3   4   6   8   9  10  11  10  12  11  11  12  13  11   9   6   3   5   4   7
DST0908*18  X220   0   4   3   3   1  -2  -3  -2   2   1   1   0   2   2   1   3   4   4   2   3  -1  -1  -4  -3   0   1
DST0908*19  X220   0   3   4   1   1   1   2   3   5   8  12  12   3 -10 -18 -16 -23 -26 -24 -24 -22 -18 -21 -17 -16  -8
DST0908*20  X220   0 -12 -11 -12 -18 -14 -10  -6  -8  -9  -6  -7  -6  -6  -9 -11 -11  -8  -5  -4  -3  -3  -6  -8  -9  -8
DST0908*21  X220   0 -12 -16 -16 -13 -13 -11 -11 -10  -9  -9  -7  -4  -2  -1 -10 -16 -15 -17 -14 -12 -12 -13 -13  -7 -11
DST0908*22  X220   0  -4  -2  -2  -4 -12 -14  -8  -6  -5  -4  -6  -7  -7  -7  -7  -5  -2   0  -2  -4  -7 -11 -14 -12  -6
DST0908*23  X220   0  -9  -7 -10 -11 -10 -11 -14 -14 -11 -10 -10  -9  -7  -6  -6  -8  -7  -5  -5  -4  -4  -6  -8  -9  -8
DST0908*24  X220   0  -9 -10 -10  -9  -8  -8  -7  -6  -5  -6  -5  -3  -1   2   2   2   1   2   0   0  -1  -4  -6  -8  -4
DST0908*25  X220   0  -7  -5  -6  -4  -2   4   4   3   3   3   2   1   0   0  -3  -7  -6  -3  -2  -1  -1  -2  -3  -1  -1
DST0908*26  X220   0  -1  -4 -10 -14 -17 -19 -17 -19 -21 -19 -13 -11  -9  -8  -7  -7  -5  -5  -4  -1   0  -2  -3  -3  -9
DST0908*27  X220   0  -2  -5  -6  -6  -5  -2   1   4   6   7   6   7   6   5   4  -4 -11 -14 -15 -15 -14 -14 -11 -11  -4
DST0908*28  X220   0 -10 -11 -12 -13 -14 -13 -11  -9  -8  -8 -10  -8  -8  -8 -10 -12 -10  -6  -2  -1  -1  -3  -5  -6  -8
DST0908*29  X220   0  -6  -8  -7  -5  -4  -4  -5  -4  -2  -4  -3  -2   0  -1  -1  -1   0  -1   0   5   7   4   3   6  -1
DST0908*30  X220   0   8  13  17  16  11   9   7  -1 -12 -25 -19 -14 -13 -12  -9 -22 -29 -25 -23 -26 -25 -22 -25 -26 -10
DST0908*31  X220   0 -23 -16 -17 -20 -18 -16 -14 -10  -6 -13 -16 -12  -6  -4  -3  -5 -10 -12 -12 -12  -8  -8  -7  -7 -11


DST0909*01  X220   0  -8  -7  -3  -3  -4  -5  -3  -3  -4  -7  -9 -10  -8  -9  -8  -9  -8  -9  -6   0   1  -3  -4  -4  -6
DST0909*02  X220   0  -4  -5  -7  -8  -8  -9  -7  -3   1   1  -2  -3  -1   3   2  -2  -1   0  -2  -6  -8  -7  -8  -7  -4
DST0909*03  X220   0  -7  -6  -3   0   0  -2  -1  -3  -3  -3  -5  -3  -1   1   0   1  12  10   4   4  10   4  -7  -3   0
DST0909*04  X220   0   3   1   0   2   2  -2  -6  -8  -4  -7  -5  -2  -2  -3  -6  -5  -6  -5  -6  -7  -5  -7  -8  -7  -4
DST0909*05  X220   0  -6  -5  -3  -3  -4  -6  -5  -4  -4  -5  -6  -6  -5  -6  -4  -2  -2  -4  -5  -5  -5  -8  -8  -9  -5
DST0909*06  X220   0  -7  -5  -2  -2  -2  -1   0   3   2   2   2   1   1   3   5   6   4   2   2   0  -4  -5  -5  -6   0
DST0909*07  X220   0  -5  -3   0   3   3   1   1   2   1  -1  -3  -2   1   5   7   5   2  -2  -3  -5  -6  -6  -6  -3  -1
DST0909*08  X220   0  -2  -2  -2   0  -1  -1   1   3   3   5   4   5   7  12  15  14  11   6   2   1  -2  -5  -5  -5   3
DST0909*09  X220   0  -2  -1   2   1   1   1   2   3   3   3   3   4   6   7   8   7   4   1   0   2   1   0  -2  -2   2
DST0909*10  X220   0   0   0   3   4   4   2   3   5   6   7   7   8   7  10  10   7   4   3   1   1   2   0  -2  -3   4
DST0909*11  X220   0  -2  -2  -2  -4  -6  -6  -4  -1   0  -1  -5  -7  -4  -1   0   6   8   4  -3 -10 -14 -13 -10  -7  -4
DST0909*12  X220   0  -4  -3  -1  -1  -4 -11 -13 -10  -5  -3  -1   0   0   1   1  -1  -2  -1  -2  -5  -6  -4  -4  -4  -3
DST0909*13  X220   0  -4  -2  -1  -4 -10 -11  -8  -6  -5  -3  -1   3  10  17  17  12   7   2  -2  -3  -7 -12 -10 -10  -1
DST0909*14  X220   0 -11 -10  -9  -7  -8  -6  -4  -4  -2   1   1   5   9   9   9   8   3  -2 -10 -14 -14 -13 -10  -9  -4
DST0909*15  X220   0  -4   1   4   0  -4  -9  -8 -12 -14 -11 -10  -8  -7  -6  -7  -9  -8  -5  -5  -6  -7  -8 -10 -11  -7
DST0909*16  X220   0  -7  -1   3   2   0  -3  -4  -9 -15 -14 -13 -11  -9  -6  -5  -3  -4  -5  -6  -5  -3  -5  -3  -2  -5
DST0909*17  X220   0  -5  -5  -6  -4  -5  -7 -11 -11  -8  -6  -5  -4  -1   1  -1  -2  -1  -2  -4  -6  -9 -10  -9  -8  -5
DST0909*18  X220   0  -3   2   6   6   4   1   1   1   0  -1  -1   2   4   3   4   3   2   2   0  -2  -4  -6  -6  -6   1
DST0909*19  X220   0  -2   4   7   7   5   2  -2  -5  -6  -4  -4  -6  -5  -6  -6  -6  -4  -2  -1  -2  -2   2   2   4  -1
DST0909*20  X220   0   3   3   2   4   4   2   2  -1   1   4   5   6   4   3   3  10  15  15  16  12   7  -1  -5   0   5
DST0909*21  X220   0  -1  -4  -5  -3  -2  -3  -2  -6 -15 -22 -19 -16 -13 -15 -13 -14 -14 -14 -16 -16 -16 -17 -17 -17 -12
DST0909*22  X220   0 -15 -12  -7  -5  -3  -4  -5  -6  -6  -6  -6  -6  -7  -6  -5  -3  -3  -5  -7  -9 -11 -12 -12 -12  -7
DST0909*23  X220   0 -11  -9  -8  -7  -6  -5  -5  -4  -4  -5  -7  -8  -7  -5  -3  -1  -2  -3  -3  -4  -2  -3  -4  -6  -5
DST0909*24  X220   0  -8  -8  -6  -5  -5  -4  -1   1   3   5   4   2   2   1   0   1   3   3   3   2   2   2   2   3   0
DST0909*25  X220   0   4   3   3   2   2   6   6   6   4   5   8   8   7   9   8   6   4   1   2   3   4   3   5   5   5
DST0909*26  X220   0   4   4   5   5   5   5   6   7   8   6   6   5   8  12  13  16  16  13  11  11   9   7   7   9   8
DST0909*27  X220   0   9  13   7  -6  -4  -2   0  -3  -9 -15 -16 -15 -12  -7   0   0  -3  -7  -8  -5  -4  -1   1   1  -4
DST0909*28  X220   0   3   4   6   6   9   9   7 -10 -12 -11  -5  -1   2  -2  -4  -3  -3  -4  -4  -5 -10 -13 -11  -5  -2
DST0909*29  X220   0  -2  -1  -1  -4  -6  -7  -6  -6  -6  -5  -2   1   2   1   1   3   4   3   3   1  -2  -4  -5  -5  -2
DST0909*30  X220   0  -2   2   7   7   7  10   5   3   2   5   6   7   9   0   4   5   2   3  -1   1  -3  -7  -4  -2   3


DST0910*01  X220   0  -3  -4  -6  -7  -9  -9  -6  -4  -3  -3  -3  -2   0   1   4   6   6   4   3   1   0  -1   0   1  -1
DST0910*02  X220   0   0  -5 -11 -12  -7  -7  -6  -7  -8  -8  -8  -9  -8  -5   2   5   6   4  -1  -3  -3  -3  -2  -1  -4
DST0910*03  X220   0   1   3   3   1  -1  -2  -1   1   3   3   2   1   2   3   2   4   4   2   0   0   4   8  11  12   3
DST0910*04  X220   0  12   9   7   5  13  14  14  14  14  16  23  15   5   6   8  10   9  10  10   9   7   5   5   5  10
DST0910*05  X220   0   4   6   5   1   0  -1  -2  -2  -2  -2   0   1   1   0   2   2   3   3   3   5   5   4   5   7   2
DST0910*06  X220   0   8   9   7   3   0  -2  -1   0  -2  -3   0   0   1   1   1   2   3   3   5   5   3   3   4   5   2
DST0910*07  X220   0   6   6   3   0   0   2   4   5   3   4   8  11  11  12  13  10   9  10  11  12   9   8   6   5   7
DST0910*08  X220   0   3   3   1  -2  -5  -4   1   4   3   5   8  10  11  11  12  10   9   8   8   7   4   3   6   6   5
DST0910*09  X220   0   7   7   4   1  -2  -4  -3  -2  -2  -1   1   3   3   2   0  -2  -3  -4  -4  -5  -6  -6  -5  -2  -1
DST0910*10  X220   0  -1  -3  -5  -6  -6  -4  -3  -4  -5  -4  -1   0   0   0  -2  -3  -3  -3  -2   0   0   0   3   4  -2
DST0910*11  X220   0   8  15  17  25  23  27  26   7   2  -1   3   7   8   7   6   4   4   3   1  -2  -5  -7  -5  -1   7
DST0910*12  X220   0   0  -2  -1   0  -2  -1  -2  -3  -2  -2  -1   0   1   1   2   2   2   3   2   3   3   4   7   7   1
DST0910*13  X220   0   4   1  -3  -3  -2   1   3   2   2   3   4   3   5   6   7   4   3   2   0   0   0  -1   0  -2   2
DST0910*14  X220   0  -2  -2  -3  -3  -3  -2  -2  -3  -1   2   1   0  -1  -2  -2  -2   0   3   6   6   6   7   7   7   1
DST0910*15  X220   0   7   5   2   3   2   0   1   6  13  13  16  17  19  18  19  18  14   6  -1  -1  -2  -1   1   2   7
DST0910*16  X220   0  -1  -5  -8  -9  -8  -7  -7  -5   0   3   6   5   3   3   4   3   1  -2  -2   0   1   2   3   2  -1
DST0910*17  X220   0   0  -2  -3  -3  -4  -4  -2  -2  -1  -2  -3  -2   0   2   4   4   4   4   5   6   5   2   3   2   1
DST0910*18  X220   0   0   0   0   0   0   2   4   3   2   1   2   3   2   2   3   3   5   4   5   4   4   3   3   3   2
DST0910*19  X220   0   3   3   2   3   5   6   8   8   8   9  10  12  11   9   7   7  10  10  10  11  10   9   8   7   8
DST0910*20  X220   0   3   0  -1   0   1   2   3   4   5   3   2   3   4   5   5   5   7   7   6   5   5   3   2   2   3
DST0910*21  X220   0   0  -1  -2  -3  -1   0   3   6   5   5   7   9  12  15  15  13  12  14  16  14  10  11  13  10   8
DST0910*22  X220   0  12   6  -1  -3   0  -4  -8 -13 -19 -21 -18 -14 -12  -4   3   4   3   1   5   0 -13 -22 -34 -38  -8
DST0910*23  X220   0 -43 -45 -47 -41 -27 -22 -21 -20 -20 -30 -28 -24 -20 -17 -16 -17 -18 -16 -12 -12 -13 -16 -18 -21 -24
DST0910*24  X220   0 -22 -20 -19 -17 -14  -8  -9  -6  -8  -7  -8  -7  -6  -5  -3  -1   5  17  16   2  -5 -10 -12 -13  -7
DST0910*25  X220   0 -20 -27 -29 -29 -27 -25 -23 -23 -21 -22 -21 -21 -20 -17 -16 -16 -14 -14 -12 -12 -11 -13 -11 -11 -19
DST0910*26  X220   0 -13 -15 -17 -17 -15 -12 -10 -13 -16 -17 -14 -10  -7  -5  -9  -6  -5  -6  -2  -1  -3  -7 -10 -11 -10
DST0910*27  X220   0 -13 -14 -16 -14 -13 -11  -9  -7  -9 -10  -8  -7  -8  -6  -5  -7  -9  -6  -3  -2  -4  -2   0   0  -8
DST0910*28  X220   0  -3  -6  -7  -6  -9 -10 -11 -13 -14 -17 -16 -11  -9  -7  -4  -1   0  -1  -2  -3  -6  -6  -5  -5  -7
DST0910*29  X220   0  -6  -6  -3   0   1   6   3   1   4   8  13  12  11  14  11   8   3   3   7   3   1   2   0  -2   4
DST0910*30  X220   0  -5 -15 -23 -29 -30 -32 -34 -34 -34 -29 -19 -16 -12 -18 -23 -21 -17 -17 -15 -13 -11  -9  -9 -12 -20
DST0910*31  X220   0 -14 -16 -14 -11 -10  -8  -6  -7  -9 -10  -9  -6  -4  -4  -3  -3  -4  -5  -6  -9 -10  -7  -8 -11  -8


DST0911*01  X220   0 -12 -13 -14  -9  -2  -3   0   3   1   1   1   2   3   0   0  -2  -4  -3   0   1   1   2   2  -2  -2
DST0911*02  X220   0  -3  -5  -6  -3  -2   2   4   2   8  11   5   4   3   5   4   2   0  -3   1   2   1   0  -1  -2   1
DST0911*03  X220   0  -3  -7 -10 -10  -9  -7  -6  -6  -6  -6  -4  -4  -5  -5  -3  -3  -3  -4  -4  -5  -5  -4  -2  -2  -5
DST0911*04  X220   0  -3  -4  -5  -4  -3  -3  -2  -1  -4  -8  -4   0   3   3   3   2   3   6   8   8   7   7   5   6   1
DST0911*05  X220   0   9   9   8   4   1   2   3   5   9  10  12  12  11   9   8   8   8   7   6   6   6   7   5   3   7
DST0911*06  X220   0   3   0   3   6   4   8   8   7   6   4   3   2   1   2   2   2   2   2   2   1   1   2   3   4   3
DST0911*07  X220   0   5   6   7   7   8   9   9   9   8   7   5   6   8   7   6   5   5   5   4   3   1   1   5   7   6
DST0911*08  X220   0  10  12  14  15  15  14  15  15  15  13   4  -6  -8 -13 -14 -14 -15 -13 -15 -22 -26 -23 -14 -12  -2
DST0911*09  X220   0 -11  -9  -6  -4  -5  -8  -7  -8 -12 -18 -14  -9  -8  -8  -9 -11 -11  -8  -7  -7  -7  -7  -5  -4  -8
DST0911*10  X220   0  -3  -4  -5  -4  -5  -5  -3  -3  -5  -7  -6  -5  -4  -6  -7  -8  -9  -8  -7  -6  -7  -8  -6  -4  -6
DST0911*11  X220   0  -3  -2   1   0  -2  -4  -5  -5  -4  -5  -4  -4  -1   0   0  -1  -3  -3  -1   1  -1   0   2   5  -2
DST0911*12  X220   0   6   5   2   1  -2  -2  -3  -5  -6  -6  -5  -1   0  -2  -1  -1  -1   2   4   5   2   0  -1   0   0
DST0911*13  X220   0   2   2   2   0  -2  -1   0   1   1   0   0   2   6   8   7   7   4   2   0   0   4  11  13   9   3
DST0911*14  X220   0   7  10  10  10  11   8   6   8   1  -2  -5  -8  -4  -6  -9 -11 -11  -9  -5  -4  -3  -9 -13 -17  -2
DST0911*15  X220   0 -16 -16 -15 -15 -13 -10  -7  -3  -4  -5  -4   0   1  -1  -7 -10 -13 -17 -18 -15 -12  -9  -9  -9  -9
DST0911*16  X220   0  -7  -5  -4  -6  -7  -7  -8  -9 -10 -12 -10  -7  -5  -6  -7  -8  -8  -9  -9  -8  -7  -5  -5  -5  -7
DST0911*17  X220   0  -8  -9  -6  -4  -3  -3  -4  -6  -8 -10  -8  -5  -2  -3  -4  -5  -5  -4  -4  -5  -4  -3  -4  -3  -5
DST0911*18  X220   0   0   4   8  15  17  17  10   4   2   1   0   0   2   2   1   1   4   3   3   4   6   6  -1  -3   4
DST0911*19  X220   0  -1   1   2   1  -1  -1  -2  -4  -8  -9  -8  -5  -4  -4  -4  -3  -1   5  10  10   8   5   1  -4  -1
DST0911*20  X220   0  -5  -5  -4  -1   0   1   2   1   0   0   1   3   6   5   3   0  -2  -1   1   5   6   7   7   7   2
DST0911*21  X220   0   1  -6  -4   1   5   3   2  -7 -12 -11  -8  -5  -4  -2  -2  -3  -4  -1  -1  -1  -4  -6  -3  -3  -3
DST0911*22  X220   0  -6  -7  -6  -3  -3  -4  -5  -5  -7  -7  -7  -5  -1  -2  -6  -7  -6  -4  -2  -2  -2  -4  -5  -2  -5
DST0911*23  X220   0   1   0   0   0  -2  -2  -3  -4  -5  -6  -5  -6  -6  -3  -3  -2  -1  -1  -1  -1  -1  -2  -3  -3  -2
DST0911*24  X220   0  -1   2   4   6   3   3   3   5   4   1   2   4   4   6  10   7   7   3   0  -2  -5  -9  -9  -7   2
DST0911*25  X220   0 -11 -11 -12 -14 -17 -14 -12 -15 -17 -18 -16 -16 -11 -13 -14 -15 -16 -14 -13 -12 -14 -15 -13 -12 -14
DST0911*26  X220   0 -10 -10 -11 -10  -8  -9 -11 -10  -7 -11 -11  -9  -8 -11 -15 -19 -23 -25 -24 -19 -17 -11  -9  -8 -13
DST0911*27  X220   0  -9 -11 -11  -9  -6  -6  -7 -10 -13 -12 -10  -6  -5  -5  -4  -4  -5  -7  -8  -7  -5  -5  -7  -7  -7
DST0911*28  X220   0  -4  -3  -2  -2  -1   1  -1  -4  -4  -6  -8  -2   1   1   0  -2  -1  -1  -2  -2  -4  -3   0   2  -2
DST0911*29  X220   0   3   4   2   1   1   0  -1  -2  -2  -2  -2  -1   1   0   0  -2  -2  -1   0   1   1   3   3   3   0
DST0911*30  X220   0   4   2   0  -1  -1  -2  -3  -5  -7  -8 -10  -9  -7  -6  -7  -6  -6  -6  -4  -2  -2  -1   0   0  -4


DST0912*01  X220   0   2   3   3   3   2   2   0  -1  -1  -1   0   3   5   3   4   4   4   3   3   3   3   2   0   1   2
DST0912*02  X220   0   4   7  10   9   9   4   3   3   9  12  12  15  13  10   8   7   6   6   9  10   8   3   3   4   8
DST0912*03  X220   0   3   3   3   3   3   2   2   2   2   3   1   2   3   2   2   4   4   5   6   5   2   2   1   1   3
DST0912*04  X220   0   1   0   0   2   5   6   6   5   6   4   6   8  10   8   6   4   2   3   4   6   8   8   9   9   5
DST0912*05  X220   0  10  10  10  10   9  10   9  18  16  11   9   9  12  11  12  11  11   9   8   0  -4  -1   1   4   9
DST0912*06  X220   0   4   1  -3  -3  -1  -2  -3  -4 -10 -11  -7  -3  -1  -3  -2  -1  -2  -2   0   0   0   2   2   0  -2
DST0912*07  X220   0  -2   0   2   6  10  11   7   3   1   1  -1   0   2   3   3   1   3   1   4   4   2   0  -2  -3   2
DST0912*08  X220   0  -4  -3   0   0   1   1   2   1   0   2   3   4   4   3   1   2   3   5   5   5   5   4   1  -2   2
DST0912*09  X220   0  -2   0   3   5   5   7   9   9   8   5   4   2   1   1   1   4   4   6   8   7   5   4   1   1   4
DST0912*10  X220   0   1   2   3   6   6   5   7   7   6   6   7   8   8   6   6   4   2   2   3   4   4   5   4   5   5
DST0912*11  X220   0   5   3   3   5   5   4   4   4   3   4   4   4   4   4   6   7   5   7   7   5   4   4   3   1   4
DST0912*12  X220   0   0  -1  -1   2   3   3   6  10  12   9   7  10  11   8   8   9   9  14  19  20  19  14  10  11   9
DST0912*13  X220   0  13  12  13  14  14  12  13  14  15  15  12  10   7   3   2   2   1  -1  -2  -1  -2   1   1   1   7
DST0912*14  X220   0   1   0   0  -1  -2   0  -5 -10 -12 -11  -7  -2   1   0  -2  -2   1   7   8   1   1   6   7   8  -1
DST0912*15  X220   0   8   6   5   6   7   7   7   7   9   8   7   6   8   8   9   8   8   7   5   6   4   6   9   5   7
DST0912*16  X220   0   6   3  -2  -4  -4  -2  -4  -5  -2  -3  -2   0   0   5   9   8   4   4   5   4   1   3   6   9   2
DST0912*17  X220   0   8   6   4   4   4   1  -2  -5  -6  -2  -2  -2  -1   3   9  14  19  12   3  -2  -1   0   1   5   3
DST0912*18  X220   0   2   1   2   4   7   7   8   4   0  -3  -2   4   4   5   7   7   9   7   7   7   6   5   4   3   4
DST0912*19  X220   0   3   4   4   4   5   6   5   2   4   4   0  -1  -1   0   2   1   0   0   2   1   0  -1  -1  -2   2
DST0912*20  X220   0  -2  -1  -1   3   5   6   5   3   2   3   0   1   5   6   5   4   2   0   3   6   7   5   2   2   3
DST0912*21  X220   0   2   3   4   6   9  11  11   9   6   4   4   5   5   5   6   9  10  12  14   8   2   1   0   3   6
DST0912*22  X220   0   1  -1  -2  -1   1   3   0   0   4   5   4   3   2   0   3   5   5   7   7   6   4   5   2  -1   3
DST0912*23  X220   0  -3  -4  -3  -1   2   6   9  12  14  11   7   6   7   5   7   9  10  11  11  10   8   4   0  -2   6
DST0912*24  X220   0  -4  -5  -7  -5  -2  -2  -2  -3   0   0  -4  -7  -8  -7  -6  -3  -2  -2  -1   1   3   4   3   1  -2
DST0912*25  X220   0  -1  -4  -4  -2   0   3   4   4   5   6   7   7   6   7  11  16  18  18  16   6   6   8   6   1   6
DST0912*26  X220   0   0  -2  -4  -4  -3   0  -1   1  -2  -6  -8  -8  -6  -3   2   5   1  -2   0  -1  -1  -1  -1  -2  -2
DST0912*27  X220   0  -4  -4  -4  -2   2   3   4  -1  -4  -5  -3  -3  -4  -6  -3  -4  -5  -7  -5   0   3   4   4   4  -2
DST0912*28  X220   0   4   3   2   2   2   3   3   3   4   1  -1   1   1   2   2   4   2  -1   1   3   0   2   1   1   2
DST0912*29  X220   0   0  -2  -2  -1  -1  -2  -3  -2   1   3   3   3   1   0   2   3   2   3   4   4   4   4   4   5   1
DST0912*30  X220   0   5   4   3   1   2   4   5   6   6   7   7   5   4   4   4   4   4   4   5   8   8  11  11  11   6
DST0912*31  X220   0  11  11  11  11   9   9  11  11  12  12   9   6   5   7  10   9   6   4   3   3   2   4   5   7   8


DST1001*01  X220   0   5   4   4   2   0   0   2   2   2   0  -1   1   2   4   5   7   3   6  12  13  14  14  13  11   5
DST1001*02  X220   0   8  10  13  13  12  12  10  13  12  10   9   9   9  11  13  15  13  13  13  13  12  11   9   7  11
DST1001*03  X220   0   6   5   5   6   7   6   2  -3  -4  -2  -3  -7  -6 -15  -4  -2  -3   0   4   7   4   2   0  -3   0
DST1001*04  X220   0  -1   1   4   5   2  -2  -2  -4  -3  -2  -4  -5  -4  -5  -4  -4  -7  -4  -1   0  -1   2   1  -1  -2
DST1001*05  X220   0   0   1   5   4   4   3   4   5   6   3  -1  -2  -2  -3  -3  -2  -4  -4   0   0   1  -1  -4  -6   0
DST1001*06  X220   0  -5  -4  -3  -5  -8  -9  -3   1   3   3   1   2  -1  -1   0  -1  -4  -2   0   2   2   2   2   2  -1
DST1001*07  X220   0   3   1   1   1   0   0   0   0   3   7   7   7   9   8   8   4   2   1   3   4   4   2  -4  -5   3
DST1001*08  X220   0  -3  -2  -1  -2  -3   0   2   1   2   3   3   3   4   2  -1  -1  -2  -2  -3  -3   0   2   4   3   0
DST1001*09  X220   0   2   2   1   1   2   2   2   1   2   2   0   2   2   2   3   4   6   4   5   5   5   6   8   6   3
DST1001*10  X220   0   6   3   4   4   6   7  12  12  11   9   3  -2  -3   0   4   9  11  12  13  12  10  11  11  10   7
DST1001*11  X220   0  10   9  11  10  11  14  11  11   1   5   9   8   2   4   1   2   2   0  -3  -3  -6  -6  -2   1   4
DST1001*12  X220   0   1   2   1  -2  -2  -4  -4  -2   0   1  -1   0   2   2  -2  -3  -3   0   0  -1  -4  -4   0   1  -1
DST1001*13  X220   0  -2  -4   0  -1  -3  -5  -6  -5  -5  -5  -3   1   3   3   0  -6 -10 -11  -8  -7  -8 -10 -10  -7  -5
DST1001*14  X220   0  -2  -1  -2  -4  -6  -7 -11 -12 -13 -13 -13  -9  -5  -2  -4  -6  -5  -4  -4  -7 -11 -10 -10  -6  -7
DST1001*15  X220   0  -5  -5  -4   0  -2  -3  -1   0   0  -3  -6  -7  -2   2   2   1   0   3   3  -2  -9  -6  -3  -3  -2
DST1001*16  X220   0   0   3   4   1   0  -1   0  -1  -3  -6  -9  -5  -3  -2  -1   0  -1  -1   0  -1  -3  -5  -2   1  -1
DST1001*17  X220   0   4   6   3   2   1   1   0  -2  -3  -4  -4  -4  -4  -4  -2   2   2   1   1   2   1   0   1   5   0
DST1001*18  X220   0   1   0   0   0  -2   0   1   0   1   3   6  10  11   8   6   4   4   5   5   5   4   6   9   9   4
DST1001*19  X220   0   9  11  11   9   7   6   5   3   0  -1  -2   0   1   1   0   2   2   1   3   4   2   4   7   9   4
DST1001*20  X220   0  10  13  14  11   7   5   2  -2  -3  -3   3   3  11  14  12   9   7 -14 -22 -19 -23 -30 -34 -31  -3
DST1001*21  X220   0 -29 -31 -30 -35 -31 -29 -30 -28 -30 -31 -28 -24 -21 -20 -21 -20 -21 -18 -16 -15 -17 -17 -15 -12 -24
DST1001*22  X220   0  -9 -10 -11 -13 -14 -13 -12 -15 -16 -17 -20 -18 -15 -16 -14 -13 -10  -8  -8  -7 -10 -10 -11  -6 -12
DST1001*23  X220   0  -6  -9 -14 -16 -18 -19 -22 -22 -22 -20 -17 -16 -13 -12 -13 -13 -12  -8  -3  -3  -6  -9 -10 -10 -13
DST1001*24  X220   0 -12 -13 -14 -15 -16 -15 -17 -22 -23 -19 -16 -18 -19 -20 -21 -20 -18 -17 -15 -17 -21 -23 -20 -16 -18
DST1001*25  X220   0 -13 -11 -10 -12 -13 -12 -11 -11 -13 -13 -13 -12 -11 -10  -5  -3  -1   0  -1  -2  -7 -10 -12 -13  -9
DST1001*26  X220   0 -15 -12 -11 -12 -16 -14 -12 -11 -12 -11  -8  -4  -2  -1  -2  -3  -6  -3   0   1  -3  -4  -3  -2  -7
DST1001*27  X220   0  -1  -2  -4  -4  -3  -2  -2  -4  -5  -4  -3   1   6   7   3  -2  -2   1   3   1  -2  -4  -4  -3  -1
DST1001*28  X220   0  -1   1   1  -1  -4  -5  -2  -1  -1  -1   3   6   7   2   0  -2  -5  -5  -6  -6  -3  -2  -3  -2  -1
DST1001*29  X220   0  -2  -1  -1  -1  -4  -5  -7  -9  -8  -8  -8  -7  -5  -3  -2  -5  -4   0   4   1  -4  -6  -1   2  -4
DST1001*30  X220   0   4   4   8   2  -1  -5  -2   2   2   3   5   1  -1   0  -2  -3  -1   0   0  -1  -2  -2  -5  -4   0
DST1001*31  X220   0   0   4   7   4   2   0  -8 -10  -9  -8 -11 -11 -11 -11 -12 -12 -15 -13 -11 -11  -9  -9  -7  -4  -7


DST1002*01  X220   0   1  -1  -3  -4  -6  -7  -6  -5 -12 -16 -12 -13  -9  -6 -10 -15 -10  -7  -3  -6  -6  -9 -10   0  -7
DST1002*02  X220   0  -1  -7 -10 -10 -13 -13 -14 -13 -17 -19 -20 -21 -17 -13 -15 -13 -11  -9  -5  -2  -3  -2  -6  -8 -11
DST1002*03  X220   0  -6  -2  -2  -4  -5 -10 -10 -13 -17 -20 -24 -18 -14 -18 -21 -20 -18 -17 -14 -12 -14 -15 -11  -4 -13
DST1002*04  X220   0   0  -2  -7 -10 -10 -10 -10 -10 -11 -12 -11 -12 -14 -15 -12  -9  -7  -5  -3  -3  -6  -8  -7  -6  -8
DST1002*05  X220   0  -4  -4  -6  -7  -6  -7  -7  -4  -4  -5  -4  -4  -5  -8  -7  -6  -4  -4  -3  -1   0  -2   1   2  -4
DST1002*06  X220   0   2  -1   0  -1   0   1   3   6   4   2   2   4   2  -6 -14 -19 -15 -12 -11 -12 -18 -16 -14 -12  -5
DST1002*07  X220   0 -11 -11 -13 -15 -15 -15 -13 -10 -11 -12 -13  -9  -8  -9 -10  -8  -5   0   2   8   2  -3 -10 -13  -8
DST1002*08  X220   0 -20 -19 -22 -22 -21 -20 -17 -13  -9  -9  -9  -5  -6  -7  -5  -1   2   3   6   5   5   8   8   5  -7
DST1002*09  X220   0  -4  -9 -13 -15 -14 -14 -12  -5   1   4   5   5   7   4   0  -1  -3  -1   2  -1  -5  -6  -8  -5  -4
DST1002*10  X220   0  -5  -6  -9  -9  -9 -11 -12 -13 -15 -18 -17 -14 -11  -9 -10 -11 -10  -8  -8  -7  -8  -7  -5  -2 -10
DST1002*11  X220   0   2   8  13   6   1  -4  -7  -7  -6   0   0   2   2  -2   2  -2  -5  -7  -5  -4  -4  -4  -3   2  -1
DST1002*12  X220   0   2   2  -1 -11 -22 -27 -28 -26 -25 -23 -22 -21 -18 -17 -17 -18 -17 -16 -14 -15 -17 -15 -11  -8 -16
DST1002*13  X220   0  -6  -6  -7 -12 -16 -16 -16 -12 -10  -8  -5  -4  -3  -5  -7  -9 -11 -15 -19 -20 -17 -15 -12 -12 -11
DST1002*14  X220   0 -11 -10 -10 -11 -12 -14 -16 -17 -14 -14 -17 -19 -16  -9  -6  -4  -3  -3  -4  -3  -2  -1  -5 -19 -10
DST1002*15  X220   0 -27 -28 -27 -26 -27 -27 -26 -28 -26 -22 -20 -14  -7  -9 -14 -19 -21 -18 -14 -23 -41 -51 -58 -59 -26
DST1002*16  X220   0 -54 -47 -44 -44 -44 -43 -44 -46 -42 -39 -33 -27 -23 -19 -18 -17 -19 -17 -14 -18 -24 -28 -31 -37 -32
DST1002*17  X220   0 -40 -37 -35 -35 -34 -32 -30 -29 -26 -20 -18 -18 -18 -17 -18 -17 -17 -15 -12 -13 -15 -18 -22 -16 -23
DST1002*18  X220   0 -10  -8  -7  -8  -9  -9  -6  -1   3   2   0  -3  -5 -11 -18 -15  -9 -11 -11 -15 -17 -16 -16 -13  -9
DST1002*19  X220   0 -11 -11 -11 -14 -16 -16 -15 -14 -14 -14 -15 -13 -11 -11 -11 -10  -5  -2  -5  -4  -8 -11  -6  -6 -11
DST1002*20  X220   0  -5  -4  -6  -4  -4  -2  -2  -2  -1   0   0  -2  -1   0   1   0   0   1   1   0  -1  -1  -1  -2  -1
DST1002*21  X220   0  -4  -3  -4  -4  -4  -6  -5  -3   0   0  -2  -2   0   1   3   3   5   4   3   2   2   2   2   3   0
DST1002*22  X220   0   2  -1  -4  -5  -7  -6  -3  -1  -1  -5  -9 -10  -8  -3  -1  -2  -4  -3  -4  -4  -8 -13 -16 -19  -6
DST1002*23  X220   0 -19 -19 -18 -17 -18 -17 -15 -12 -11  -9 -10  -9  -8  -9 -10 -10  -7  -5  -5  -3  -3  -4  -4  -4 -10
DST1002*24  X220   0  -4  -5  -6  -8  -9  -9  -9  -7  -7  -7  -7  -6  -6  -5  -4  -4  -4  -6  -6  -8 -10 -10  -9  -9  -7
DST1002*25  X220   0 -10 -11 -12 -10 -11 -11 -11  -9  -8  -9  -7  -4  -3  -2  -1   1  -1   3   8   2   0  -5  -9  -8  -5
DST1002*26  X220   0 -10 -10 -11 -12 -13 -13 -12 -11  -9  -9 -10  -9  -7  -4  -4  -5  -5  -4  -3  -5  -5  -5  -4  -2  -8
DST1002*27  X220   0  -2  -1  -1  -1  -3  -4  -3  -4  -4  -2  -1   2   3   5   3  -1  -4  -5  -4  -4   0   1   1   0  -1
DST1002*28  X220   0   2   4   7  10  12  13  13   7   7   7   7   7   5   6   5   4   5   2   4   4   4   3   2   0   6


DST1003*01  X220   0   3   7  10  10  10   8   9   9   8   8   8   3   3   0   7  -3   0   6   6   5   3   4   3   1   5
DST1003*02  X220   0  -3  -4  -2  -2  -2  -3  -3  -3   0   0  -1  -4  -7  -9  -8  -9  -2   0   1   1  -1  -4  -6 -10  -3
DST1003*03  X220   0  -7  -8  -8 -10  -9  -8  -5  -5  -4  -8  -8  -7  -4  -4  -1  -2  -3  -9 -13 -12 -14 -14 -14 -20  -8
DST1003*04  X220   0 -19 -13 -12 -12 -19 -23 -20 -17 -14 -13 -13 -11 -12 -16 -23 -22 -17 -12 -10 -10 -10  -9  -5  -6 -14
DST1003*05  X220   0  -6  -8  -8  -8  -8  -9  -8  -9 -12 -11 -13 -13 -13 -11 -10 -10 -12 -11 -10  -7  -5  -3  -4  -6  -9
DST1003*06  X220   0  -9 -10  -9  -8  -7  -9 -10  -9  -7  -6  -8  -9  -9  -7  -6  -6  -6  -6  -7  -1   1   6   3  -2  -6
DST1003*07  X220   0  -5  -1   0   1  -4 -14 -18 -13  -9  -9  -9 -11  -9  -7  -5  -5  -6  -6  -6  -6  -6  -5  -5  -5  -7
DST1003*08  X220   0  -6  -6  -4  -3   0  -2  -6  -9  -8  -9  -9  -8  -8  -7  -8  -9  -8  -5  -7  -8  -7  -8  -7  -6  -7
DST1003*09  X220   0  -5  -4  -5  -7  -6  -6  -5  -5  -2  -1   0   2   2   1  -3   0   0   1   2   4   5   8  10   7   0
DST1003*10  X220   0   2   2   4   4   4   1   1  -1  -1   2   6   6   5   0   0  -6 -11 -13 -16 -19 -23 -20 -19 -18  -5
DST1003*11  X220   0 -20 -20 -21 -24 -28 -30 -27 -25 -20 -16 -14 -16 -10  -9  -9 -10  -8  -8 -10  -9 -12 -10  -8  -8 -16
DST1003*12  X220   0 -12 -13 -15 -12 -14 -18 -19 -15 -13 -11 -15 -17 -17 -15 -14 -14 -13 -14 -16 -19 -19 -17 -16 -17 -15
DST1003*13  X220   0 -17 -18 -19 -18 -18 -15 -14 -14 -12 -11 -10 -10  -7  -6  -6  -7  -8 -10 -11 -13 -13 -10  -9  -8 -12
DST1003*14  X220   0 -12 -16 -17 -15 -15 -13 -13 -15 -12 -10 -11 -10 -13 -10  -7  -8  -8  -5  -4  -8 -14 -12  -8  -7 -11
DST1003*15  X220   0  -4  -2  -7  -9  -9  -8  -7  -9 -11 -10  -8  -5  -3   0   0   0  -2  -3  -2  -5  -5  -2  -1  -2  -5
DST1003*16  X220   0  -3  -2  -4  -3  -2   0   5  -3  -5  -5  -5  -5  -6  -5  -7  -8 -10  -8  -5  -1  -4   0   2   5  -3
DST1003*17  X220   0   7   5   4   1  -5 -10  -9  -8 -11  -9  -7  -8  -7  -4  -3  -3   0   2   2   0  -3  -3  -5  -8  -3
DST1003*18  X220   0 -13 -21 -26 -26 -15  -9  -7  -5  -4  -4  -2  -1   2   3   2   2   3   4   6   2  -1   1  -1   0  -5
DST1003*19  X220   0  -2  -5  -6  -5  -4   0   0  -3  -8  -9  -6  -3   1   3   2  -3  -3  -1   0  -3  -4  -3  -3  -3  -3
DST1003*20  X220   0  -5  -5  -6  -7  -9  -7  -6  -8 -11  -9  -8  -6  -8  -9  -9  -7  -6  -8 -15 -15 -12  -8  -6  -6  -8
DST1003*21  X220   0  -7  -8  -9  -9  -8  -7  -6  -5  -5  -7  -7  -6  -6  -5  -4  -4  -3  -4  -3  -3  -4  -5  -4  -3  -6
DST1003*22  X220   0  -2  -3  -3  -4  -2   0   0   0   0   0   0   1   1   1   0   2   1   1   3   5   5   4   3   2   1
DST1003*23  X220   0   3   3   5   4   4   3   3   4   4   2   2   0  -2   0   2   1   0   0   0   0  -1   0   1   2   2
DST1003*24  X220   0   1  -1   0   1   2   4   6   8   9   7   4   2   3   6   3   0  -3  -3  -3  -4  -6  -5  -4  -2   1
DST1003*25  X220   0   1   0  -2  -5  -6  -6  -2   4   6   7   7  10  16  16  11  14  20  15   1  -6  -7  -4  -1   0   4
DST1003*26  X220   0   1   1  -1  -3  -4  -5  -7  -8  -7  -6  -8 -10  -8  -4  -1  -1  -1   1   3   2   3   1  -4  -7  -3
DST1003*27  X220   0  -9  -7  -6   2  -2   0   2   2   3   4   4   3   3   5   8   6   6   5   6   6   6   3   1   2   2
DST1003*28  X220   0   2   2   2  -1 -13 -23 -27 -20 -13  -7  -8 -11 -12 -15 -11  -9  -9  -8  -8  -9  -9  -9 -11 -11 -10
DST1003*29  X220   0 -10 -10  -9  -5  -5  -5  -5  -3   0   1   1   4   8   8   6   4   1  -1  -2  -4  -7  -9 -10  -8  -3
DST1003*30  X220   0  -9  -7  -6  -5  -4  -7  -5  -8  -8  -8  -9  -9  -7  -6  -7  -6  -7  -4  -2  -4  -5 -15 -14 -11  -7
DST1003*31  X220   0 -10 -10 -10 -11 -13 -11  -9 -10 -10 -15 -15 -13 -12  -9  -8 -11 -12  -7  -3  -3  -3   1   1   5  -8


DST1004*01  X220   0  -3 -20 -16 -12  -9 -11  -8  -4  -4  -6 -11 -19 -23 -24 -20 -21 -23 -21 -19 -18 -19 -22 -24 -21 -16
DST1004*02  X220   0 -22 -23 -24 -25 -29 -30 -30 -16 -15 -15 -25 -24 -20 -13 -10 -12  -8  -8  -8  -9 -22 -32 -33 -28 -20
DST1004*03  X220   0 -23 -17 -14 -13 -12  -9 -10  -9 -13 -11 -10 -10 -11 -10  -6 -10 -16 -14 -19 -19 -16 -16 -15 -17 -13
DST1004*04  X220   0 -17 -16 -11 -12 -12 -14 -19 -21 -19 -18 -19 -22 -24 -21 -17 -16 -17 -15 -19 -21 -21 -16 -19 -25 -18
DST1004*05  X220   0 -27 -22 -19 -18 -18 -19 -20 -19  -7 -20 -41 -36 -16 -29 -43 -55 -51 -46 -37 -46 -44 -44 -50 -61 -33
DST1004*06  X220   0 -64 -54 -63 -68 -59 -65 -71 -76 -75 -70 -68 -70 -75 -79 -81 -74 -67 -64 -69 -68 -72 -70 -72 -68 -69
DST1004*07  X220   0 -65 -57 -48 -43 -41 -42 -49 -53 -46 -42 -40 -35 -43 -42 -43 -50 -54 -54 -46 -47 -48 -50 -46 -44 -47
DST1004*08  X220   0 -37 -37 -37 -37 -35 -34 -33 -33 -34 -34 -30 -31 -30 -28 -28 -30 -30 -30 -29 -29 -33 -37 -43 -41 -33
DST1004*09  X220   0 -41 -37 -32 -33 -35 -36 -37 -36 -34 -32 -32 -33 -32 -30 -29 -28 -29 -30 -29 -30 -31 -31 -31 -28 -32
DST1004*10  X220   0 -25 -22 -21 -22 -21 -21 -21 -20 -19 -17 -18 -19 -20 -20 -19 -20 -20 -21 -23 -23 -22 -20 -21 -20 -21
DST1004*11  X220   0 -19 -18 -15 -11 -11 -13 -13 -13 -17 -17 -16 -17 -19  -7  -7  -7 -14 -22 -36 -46 -47 -47 -46 -51 -22
DST1004*12  X220   0 -61 -67 -58 -43 -41 -44 -54 -44 -40 -35 -31 -31 -30 -31 -30 -25  -9  -6 -13 -21 -28 -28 -30 -32 -35
DST1004*13  X220   0 -28 -26 -25 -26 -26 -26 -28 -28 -27 -24 -22 -20 -22 -22 -23 -24 -24 -23 -21 -21 -23 -26 -27 -24 -24
DST1004*14  X220   0 -19 -18 -19 -21 -23 -21 -21 -20 -18 -18 -16 -16 -14 -12  -7  -1   1   5   6   4   2  -7 -20 -36 -13
DST1004*15  X220   0 -30 -22 -23 -30 -35 -34 -32 -29 -28 -28 -28 -25 -25 -27 -29 -28 -26 -22 -18 -16 -13 -15 -17 -16 -25
DST1004*16  X220   0 -15 -17 -17 -14 -17 -19 -18 -17 -15 -16 -17 -14 -15 -17 -18 -17 -16 -11 -10  -8  -8  -7  -7  -8 -14
DST1004*17  X220   0  -8 -12 -13 -11 -13 -15 -17 -17 -14 -11 -12 -14 -17 -18 -17 -16 -14 -11 -10 -13 -15 -15 -17 -18 -14
DST1004*18  X220   0 -16 -17 -20 -20 -19 -18 -15 -15 -15 -13  -9  -4  -4  -6  -7  -7  -6  -4  -1  -1   0  -1  -3  -6  -9
DST1004*19  X220   0  -8  -8  -8  -5  -6  -8  -6  -4  -6  -5  -2   0  -3  -7  -9 -10 -10  -9  -8  -6  -7  -8 -10 -11  -7
DST1004*20  X220   0 -10  -9  -8  -6  -5  -7  -8  -7  -8  -5  -3  -1  -3  -7 -10 -11 -12 -11 -11 -14 -17 -20 -21 -18 -10
DST1004*21  X220   0 -13 -11 -11 -13 -12 -14 -14 -11 -11 -11 -11  -9 -10  -8  -9 -12  -8  -7  -5  -3  -4  -3  -2  -1  -9
DST1004*22  X220   0  -1  -1  -4  -5  -6 -10 -10 -14 -14 -13 -12  -7  -6  -7  -8 -10  -5  -1  -3  -3  -1   2   3   0  -6
DST1004*23  X220   0  -6 -22 -33 -31 -23 -26 -23 -22 -20 -18 -17 -13 -10 -11 -15 -15 -16 -15 -14 -13 -17 -19 -18 -26 -18
DST1004*24  X220   0 -31 -31 -25 -22 -23 -23 -21 -18 -17 -15 -15 -20 -24 -23 -24 -24 -22 -22 -21 -19 -16 -16 -13 -10 -21
DST1004*25  X220   0 -10 -13 -13 -10  -8  -9  -9  -9 -10  -9  -9 -10  -7  -6  -6  -6  -7  -8  -7  -7  -5  -3  -5  -6  -8
DST1004*26  X220   0  -6  -6  -5  -4  -4  -3  -3  -3  -4  -3  -6  -8  -6  -5  -4   1   3   2  -2  -2  -1   1   4   4  -3
DST1004*27  X220   0   3   2   2   1  -4  -5  -6  -7  -8  -7  -7  -8 -10 -11 -11 -10  -8  -7  -4  -1  -2   3   5   1  -4
DST1004*28  X220   0   0   0   2   5   5   4  -1  -5  -3  -1   2   0  -4  -7  -9 -10  -8  -6  -2   3   2  -3  -7 -10  -2
DST1004*29  X220   0 -10 -10 -10  -9  -5 -12  -8  -6  -6  -6  -3  -2  -2  -5  -7  -8  -8  -8  -6  -7  -9 -10 -12 -14  -8
DST1004*30  X220   0 -11 -10 -10  -7  -6  -6  -7  -8  -7  -7  -7  -7  -8  -8 -10 -11 -13 -12 -10  -8  -7  -7  -6  -5  -8


DST1005*01  X220   0  -6  -7  -8  -9 -11 -12 -11 -10  -9  -8  -3  -3  -3  -2  -1  -3  -4  -3  -2  -1  -2  -2  -2  -4  -5
DST1005*02  X220   0  -4  -2   0   5   8   5  16  23  29  26  25   9 -20 -43 -58 -53 -61 -69 -71 -68 -70 -62 -60 -59 -23
DST1005*03  X220   0 -53 -58 -52 -51 -47 -50 -48 -45 -44 -39 -36 -48 -46 -47 -47 -44 -45 -42 -44 -35 -35 -38 -36 -36 -44
DST1005*04  X220   0 -34 -35 -36 -34 -33 -30 -31 -33 -35 -37 -34 -35 -36 -36 -35 -33 -31 -33 -29 -27 -26 -27 -29 -30 -32
DST1005*05  X220   0 -26 -25 -23 -23 -25 -25 -22 -22 -25 -26 -24 -24 -22 -23 -23 -25 -25 -24 -20 -18 -19 -19 -18 -17 -23
DST1005*06  X220   0 -15 -15 -19 -20 -17 -22 -27 -29 -28 -28 -23 -23 -23 -22 -21 -22 -23 -23 -21 -16 -15 -19 -23 -20 -21
DST1005*07  X220   0 -17 -19 -20 -20 -21 -25 -22 -19 -20 -21 -21 -20 -21 -22 -25 -24 -23 -23 -23 -19 -16 -15 -14 -21 -20
DST1005*08  X220   0 -25 -27 -30 -33 -32 -28 -27 -23 -24 -24 -23 -21 -23 -22 -22 -20 -21 -20 -20 -19 -18 -16 -13 -12 -23
DST1005*09  X220   0 -13 -16 -16 -16 -16 -14 -14 -14 -15 -15 -16 -16 -15 -14 -14 -15 -14 -14 -15 -14 -13 -12 -12 -11 -14
DST1005*10  X220   0 -13 -13 -10  -9 -10 -10 -10 -12 -14 -12 -10  -3  -3  -4  -5  -4  -2   0  -4  -6  -4   0   0  -1  -7
DST1005*11  X220   0   0   2   3   1   3   0  -9 -13 -11 -11  -5  -3  -2   0  -4  -8 -10  -9  -8  -7  -4  -1   3   3  -4
DST1005*12  X220   0   2  -2  -5  -3  -2   0  -1   0  -2   0  -5  -9 -11 -13 -13 -10 -10 -10 -13 -14 -14 -13 -14 -13  -7
DST1005*13  X220   0 -15 -13 -11 -11 -10  -9 -10 -10  -8  -7  -4  -4  -3  -1  -3  -5  -3  -6  -5  -7  -6  -6  -7  -5  -7
DST1005*14  X220   0  -3  -1   0  -1  -3  -3  -4  -5  -3  -2  -2  -1  -2  -5  -6  -4  -4  -5  -2   1   1   0   0  -1  -2
DST1005*15  X220   0  -1  -2  -5  -9 -11 -12 -11 -13 -13 -12 -12 -11 -12 -12 -11  -9  -7  -6  -5  -6  -7  -7  -8  -8  -9
DST1005*16  X220   0  -8  -4  -5  -5  -5   1   1  -2  -2   0   1   2   1   4   6   4   2   0   0  -2   3   3   3  -1   0
DST1005*17  X220   0  -4  -8  -8 -11 -13 -12 -12 -10  -9  -7  -6  -9 -11 -10  -7  -4  -1  -3  -3  -6  -9  -9  -8  -7  -8
DST1005*18  X220   0  -6  -9 -12 -13 -11  -9 -10 -17 -26 -31 -34 -33 -32 -30 -28 -28 -24 -20 -21 -20 -17 -12  -8  -8 -19
DST1005*19  X220   0  -5  -2   0   2   1   1   5   6   8   9  13  19  26  17  14   9   0  -4  -5  -2   1   1   1  -6   5
DST1005*20  X220   0 -12  -9  -7  -6  -6  -4 -12 -17 -15  -9  -5  -3  -9  -7  -4  -5  -7  -8  -9 -10 -10 -12 -14 -19  -9
DST1005*21  X220   0 -17 -13 -11 -13 -12 -12 -15 -16 -12 -12 -13 -13 -11 -13 -16 -17 -14 -10  -8  -6  -4  -1   1  -2 -11
DST1005*22  X220   0  -4  -4  -4  -4  -2  -1  -2  -5  -8  -9  -8  -6  -7  -7  -6  -4  -3   0   1   2   2   3   1  -3  -3
DST1005*23  X220   0  -5  -4  -2  -3  -4  -2  -1  -2  -4  -6  -6  -4  -2  -2  -2  -1  -1  -1   1   0  -3  -3   0  -2  -2
DST1005*24  X220   0  -3  -4  -4  -3  -2   0   0   0   0   0  -2  -5  -8  -6  -2   0   0   0   1   1   2   3   4   5  -1
DST1005*25  X220   0   4   2  -2  -4  -2   0  -2  -3  -3  -4  -4  -4  -4  -4  -1   4   6   6   4   5   6   2   1   2   0
DST1005*26  X220   0   2   6  10  11   8   6   3   2   0  -6  -9  -7  -3   0  -2  -2  -4  -5  -2   0  -1  -4  -8 -10  -1
DST1005*27  X220   0 -11  -7  -6  -6  -6  -6  -5  -6  -6  -5  -5  -4  -4  -5  -4  -3  -1  -2  -3  -3  -2  -2  -4  -7  -5
DST1005*28  X220   0  -7  -6  -5   9   8   7   6   7  14  18  12   6   4   0   8  13  17  17  17  11  14   3  -9 -12   6
DST1005*29  X220   0 -12 -14 -17 -21 -29 -42 -53 -62 -57 -69 -72 -76 -80 -79 -77 -73 -70 -60 -52 -52 -49 -38 -31 -34 -51
DST1005*30  X220   0 -35 -34 -34 -35 -35 -36 -42 -45 -43 -38 -35 -31 -26 -27 -22 -24 -31 -41 -47 -53 -58 -57 -55 -45 -39
DST1005*31  X220   0 -44 -41 -38 -36 -33 -37 -36 -36 -39 -33 -26 -22 -26 -35 -39 -36 -33 -32 -33 -37 -42 -45 -41 -42 -36


DST1006*01  X220   0 -44 -38 -31 -27 -28 -33 -31 -28 -29 -29 -27 -23 -21 -21 -21 -22 -22 -22 -24 -26 -33 -36 -34 -33 -28
DST1006*02  X220   0 -35 -33 -30 -29 -31 -28 -26 -24 -24 -24 -22 -21 -20 -19 -17 -17 -17 -18 -17 -21 -23 -22 -21 -20 -23
DST1006*03  X220   0 -22 -21 -18 -20 -18 -18 -16 -16 -16 -14 -15 -19 -21 -23 -21 -12 -11  -9  -9 -13 -14 -10 -13 -28 -17
DST1006*04  X220   0 -40 -53 -46 -38 -42 -40 -35 -29 -28 -32 -28 -30 -28 -26 -24 -23 -25 -24 -21 -22 -23 -23 -27 -29 -31
DST1006*05  X220   0 -29 -28 -25 -26 -25 -22 -22 -23 -23 -22 -22 -21 -16 -11  -8  -6  -4  -4  -6 -10 -12 -17 -21 -25 -18
DST1006*06  X220   0 -27 -27 -24 -21 -22 -23 -21 -21 -22 -20 -18 -12  -9 -10  -7  -4  -4  -7 -12 -18 -17 -17 -16 -12 -16
DST1006*07  X220   0 -14 -18 -23 -24 -22 -19 -16 -16 -18 -18 -18 -18 -17 -14 -15 -16 -13 -12 -13 -15 -13 -13 -12 -11 -16
DST1006*08  X220   0  -6  -7 -10 -14 -15 -14 -12 -11  -9  -7  -6  -6  -5  -3  -1   0  -1  -4  -5  -7  -8  -7  -5  -6  -7
DST1006*09  X220   0  -7  -8  -7  -8  -6  -4  -4  -2   0   2   3   2   4   5   6   8   6   2   2   1   4   5   5   5   1
DST1006*10  X220   0   7   6   4   4   1  -3  -6  -4  -4  -8  -9  -9  -9  -7  -3  -4  -4  -4  -4  -4  -4  -8  -8  -8  -4
DST1006*11  X220   0 -10 -13 -15 -13 -12  -9  -9  -8  -7  -6  -8  -8  -5  -6  -7 -10  -8  -5  -5  -8 -12 -14 -14 -13  -9
DST1006*12  X220   0 -12 -10 -10 -10 -11 -10  -9  -8  -9  -7  -6  -5  -5  -7  -8  -7  -3  -2  -1  -1   0  -1  -3  -3  -6
DST1006*13  X220   0  -2   2   7  11  10   9   7   4  -1  -1   2   4   5   6   8   6   4   2   0  -6  -9 -12 -12 -12   1
DST1006*14  X220   0 -11  -9  -8 -13 -14 -12 -11 -11 -12 -12  -9  -7  -5  -4  -1   1   4   1  -4  -5  -3  -2  -4  -6  -7
DST1006*15  X220   0  -1  -1  -3  -5   1   7   9  14  17   4   3   4   7  11  11  12   9  12  14  12   6  -3  -6 -10   5
DST1006*16  X220   0 -16 -19 -28 -36 -23 -18 -16 -19 -14 -16 -24 -24 -18 -15 -14 -18 -14 -13 -14 -23 -24 -22 -21 -23 -20
DST1006*17  X220   0 -29 -25 -23 -24 -20 -20 -22 -23 -17 -16 -16 -12 -11 -11 -13 -14 -13  -9 -10 -16 -21 -19 -19 -18 -18
DST1006*18  X220   0 -16 -13 -12  -9  -7  -9  -9  -6  -5  -6  -5  -5  -5  -7  -8 -12 -13  -9  -8 -11  -9  -7  -7  -5  -8
DST1006*19  X220   0  -5  -4  -3  -3  -5  -4  -1   0  -1  -5  -5  -8  -9  -9  -9  -9  -9  -6  -2   0   1  -2  -5  -6  -5
DST1006*20  X220   0  -8  -9  -8  -3   0  -1  -2  -3  -2  -2   1   2   2   3   2  -4  -4  -3  -3  -5  -5  -3  -3  -1  -2
DST1006*21  X220   0  -1  -2   0   2   3   2   3   2  -3  -6  -7  -8  -9 -10 -11  -6  -3   0   6   6   7   5   3  -1  -1
DST1006*22  X220   0   0   5   5   5   8   8   9   8   9  10   9   7   4  -1  -4  -5  -2  -4  -4  -4  -6  -9 -10  -9   1
DST1006*23  X220   0  -8 -11 -11 -12  -9  -8  -6  -4  -4  -5  -3  -1  -2  -2  -3  -3  -5  -6  -8  -8  -8  -8  -7  -7  -6
DST1006*24  X220   0  -6  -5  -5  -2   1   4   6  10   9  11  11  15  16  13   7   2   2   5   7   7   2   2   3   4   5
DST1006*25  X220   0   2  -3  -5  -3  -5  -5  -2   2   3  -1   1   7   6   1  -2  -4  -3  -1   0   8  12  15  12   6   2
DST1006*26  X220   0  -1   2   6   2  -5 -11 -21 -19 -19 -31 -25 -17 -13 -14 -15 -16 -17 -17 -21 -19 -16 -15 -15 -10 -14
DST1006*27  X220   0  -8  -6 -10 -18 -15 -17 -15 -12 -14 -17 -11 -10 -11 -13 -15 -18 -14 -11 -13 -17 -15 -13 -16 -17 -14
DST1006*28  X220   0 -17 -15 -13 -16 -19 -18 -16 -11 -14 -13 -12  -9  -9  -8  -6  -7 -11  -8  -7  -5  -6  -6  -5  -4 -11
DST1006*29  X220   0  -7  -9  -9 -12 -13 -13 -12 -12 -17 -17 -15 -11  -8 -12 -16 -14 -14 -14 -15 -17 -13 -15 -24 -21 -14
DST1006*30  X220   0 -17 -15 -17 -25 -27 -26 -27 -27 -25 -26 -20 -16 -14 -14 -16 -16 -15 -13 -10 -15 -18 -21 -22 -18 -19


DST1007*01  X220   0 -14 -15 -18 -19 -19 -16 -16 -17 -17 -15 -18 -15 -13 -12 -10 -14 -16 -16 -12 -10  -9  -9 -13 -17 -15
DST1007*02  X220   0 -16 -21 -21 -19 -19 -17 -17 -19 -18 -19 -18 -16 -16 -16 -16 -14 -11  -7  -6 -11 -19 -22 -21 -18 -17
DST1007*03  X220   0 -15 -13 -15 -13 -13 -12 -12  -9 -10 -11 -14 -13 -12  -8  -4  -1  -1  -1  -4  -6  -9 -12 -12 -15 -10
DST1007*04  X220   0 -19 -21 -18 -16 -12 -12 -11 -12 -15 -17 -17 -15 -14 -13  -9  -8  -9  -9  -8  -5  -3  -5  -7  -9 -12
DST1007*05  X220   0 -12 -10 -11 -12 -11  -9  -9  -8  -9 -11 -10  -8  -3  -3  -3   0  -2  -5  -6  -5  -6  -6  -4  -4  -7
DST1007*06  X220   0  -6 -11 -13 -14 -14 -13 -12 -12 -14 -15 -15 -14 -15 -14 -10  -7  -7  -7  -8  -6  -5  -6  -7  -6 -10
DST1007*07  X220   0  -7  -6  -3  -2  -2  -1  -1  -1  -2  -3  -6  -9  -9  -8  -8  -8  -8 -12  -9  -7  -3  -2  -4  -5  -5
DST1007*08  X220   0  -2  -2  -4  -5  -3  -2  -2  -4  -6  -7  -8 -11 -10  -9  -7  -4  -1   2   8   8   7   8   7   5  -2
DST1007*09  X220   0   2  -3  -7  -9 -10 -13 -14 -14 -14 -15 -17 -13 -10 -11 -13 -15 -13 -10  -7  -4  -2  -3  -5  -6  -9
DST1007*10  X220   0  -4  -5  -8 -10  -9 -11 -12 -12 -11 -11 -13 -14 -13 -10  -9  -9  -7  -4  -4  -6  -7  -4   0   0  -8
DST1007*11  X220   0   0  -1   0  -1  -2  -1   2   3   3   3   4   7  11  11   7   4   3   5   8  10   8   5   1  -1   4
DST1007*12  X220   0  -5  -3  -4  -4  -3  -2   1   1  -1  -2  -1  -1   0   1   2   2   0  -2  -4  -7  -5  -3  -5 -10  -2
DST1007*13  X220   0 -13 -12 -11 -10  -7  -4  -1  -2  -1  -3  -2   1   4   5   6   6   6   8  10   9   7   5   3   1   0
DST1007*14  X220   0   1   1   2   5   9  11  11   8   7   4   7  12  11   7   4   2  -2   4  11  21  29  25  12  -4   8
DST1007*15  X220   0 -24 -21 -18 -16 -22 -25 -25 -23 -25 -24 -17 -14 -16 -18 -17 -14 -14 -12 -10 -13 -14 -15 -14 -12 -18
DST1007*16  X220   0 -10  -9  -8  -9 -12 -15 -16 -13 -12 -14 -14 -16 -16 -16 -15 -15 -14 -15 -16 -15 -11  -9  -7  -5 -13
DST1007*17  X220   0  -6  -6  -8  -8  -8 -10 -10  -9  -7  -6  -4  -4  -7  -7  -4  -3  -4  -2  -1  -3  -2  -3  -3  -4  -5
DST1007*18  X220   0  -3  -3  -5  -7  -7  -6  -5  -5  -3  -2  -1   1  -2  -4  -5  -5  -7  -7  -8  -8  -4  -1   1   0  -4
DST1007*19  X220   0   0   1   2   1  -2   0  -1  -2  -1  -2  -3  -4  -3  -1   3   7   7   8   7   6   8  10  10  11   3
DST1007*20  X220   0  10  10   8   7   6   5   1  -3  -6  -5  -3   0   2   3   1   1   6   7   8   6   1  -2   1   5   3
DST1007*21  X220   0   4   3   4   3   4   2   0  -1  -3  -3  -4  -6  -5  -5  -6  -9  -9  -7 -12 -14  -8  -1   4   4  -3
DST1007*22  X220   0   2   0  -2  -5 -10 -12 -13 -14 -15 -15 -15 -15 -14 -14 -14 -12 -12 -14 -14 -13 -11  -7  -7  -3 -10
DST1007*23  X220   0  -3  -6  -8 -13 -16 -10  -8   0   5  -1  -1  -2  -2  -3  -1   1   0  -2   3  12  18  23  21  21   1
DST1007*24  X220   0  24  22  18  14   8   4   1   4   4   5   5   6   8  12  15  13   8   4   6   8   7   8  10  11   9
DST1007*25  X220   0  10   9   3   1   2  -2  -4  -5  -8  -7  -6  -6  -6  -6  -6  -6  -6  -4   1   4   5   3   0  -2  -2
DST1007*26  X220   0  -3  -6  -9 -12 -13 -12 -10  -8  -3  -1  -1  -1   3   4   0  -2  -2  -5  -5  -1   0   5  11   6  -3
DST1007*27  X220   0  -2  -6 -10 -12  -7   0  -3  -8 -13 -26 -27 -18 -12  -8  -8 -10  -8 -11 -14 -11 -16 -16 -19 -24 -12
DST1007*28  X220   0 -31 -29 -23 -21 -17 -18 -20 -20 -22 -21 -18 -13  -6  -7 -10  -5  -9  -9 -10 -16 -16 -14 -13 -10 -16
DST1007*29  X220   0  -4  -6 -10 -13 -17 -16 -17 -15 -16 -18 -16 -14 -11  -6  -4  -8  -7  -6  -7  -8  -9 -10  -5  -4 -10
DST1007*30  X220   0  -7  -8  -7  -6  -8  -7  -6  -6  -7 -11 -10  -9  -6  -5  -7 -12 -12 -11 -10  -9  -8  -7  -5   0  -8
DST1007*31  X220   0  -3  -5  -7  -7  -6  -6  -7  -9 -10 -14 -16 -16 -14 -13 -11  -9 -11 -12 -14 -15 -12 -10  -5  -5 -10


DST1008*01  X220   0  -7  -8  -8  -7  -6  -7  -6  -8 -12 -18 -18 -13 -10  -7  -6  -8  -9  -9  -4  -4  -4  -1   3   6  -7
DST1008*02  X220   0   6   3  -2  -5  -6  -6  -8 -11 -15 -16 -14 -14 -13 -10 -11 -12 -12 -12 -12 -13 -11 -10  -8  -8  -9
DST1008*03  X220   0  -1   4   2  -2  -8 -14 -13 -14 -14 -16 -17 -10  -7  -1   0   0   0   5  13  16  -5 -38 -66 -72 -11
DST1008*04  X220   0 -69 -74 -65 -64 -70 -57 -49 -35 -30 -38 -32 -48 -58 -42 -46 -51 -59 -60 -68 -74 -67 -69 -65 -67 -57
DST1008*05  X220   0 -69 -71 -71 -62 -59 -55 -53 -52 -53 -52 -48 -44 -43 -41 -43 -44 -43 -41 -40 -39 -38 -33 -29 -30 -48
DST1008*06  X220   0 -27 -26 -27 -31 -35 -37 -34 -34 -33 -33 -31 -30 -31 -32 -31 -29 -28 -30 -32 -34 -33 -28 -20 -16 -30
DST1008*07  X220   0 -13 -13 -16 -17 -18 -20 -21 -23 -26 -27 -26 -23 -19 -16 -15 -17 -17 -17 -17 -18 -18 -19 -17 -13 -19
DST1008*08  X220   0 -11 -10 -12 -14 -14 -14 -15 -16 -17 -17 -17 -17 -16 -14 -15 -17 -16 -16 -20 -19 -20 -19 -15  -5 -15
DST1008*09  X220   0  -1  -1  -7 -14 -21 -23 -26 -29 -32 -31 -25 -20 -17 -20 -15 -10 -11 -19 -23 -26 -24 -21 -12  -9 -18
DST1008*10  X220   0  -7 -14 -19 -22 -23 -24 -21 -22 -20 -19 -18 -16 -15 -17 -16 -18 -17 -15 -13 -10  -7  -8 -14 -16 -16
DST1008*11  X220   0 -12  -9 -13 -14 -16 -18 -23 -28 -25 -21 -17 -16 -17 -17 -14 -12 -11 -13 -15 -18 -20 -15 -13 -12 -16
DST1008*12  X220   0 -12 -12 -12 -15 -18 -20 -22 -23 -22 -21 -19 -16 -17 -16 -16 -12 -11 -11  -8  -8  -8  -8  -6  -2 -14
DST1008*13  X220   0  -2  -3  -6 -10 -12 -14 -13 -14 -15 -16 -14 -12 -11 -10 -11 -12 -10  -9 -10 -10 -10  -8  -7  -7 -10
DST1008*14  X220   0 -10 -12 -14 -14 -14 -11  -8  -9 -10 -10  -8  -6  -4  -6  -8  -8  -9  -7  -7  -6  -7  -8  -7  -4  -9
DST1008*15  X220   0  -6 -11 -12 -12 -10  -9  -8  -9  -9  -5   2   0   0   0   1   2   5   5   3   0  -1  -3  -4  -8  -4
DST1008*16  X220   0 -11 -13 -15 -17 -18 -19 -19 -21 -21 -21 -20 -17 -14 -11 -10 -10 -12 -15 -21 -21 -21 -17 -13  -8 -16
DST1008*17  X220   0  -5  -5  -7 -11 -10  -9 -11 -12 -11  -9  -8 -11 -11 -10 -11 -10  -6  -6  -7  -7  -6  -7  -7  -7  -9
DST1008*18  X220   0  -4  -3  -7 -13 -16 -13 -11 -11 -11  -9  -7  -9 -14 -13 -10  -7  -7  -7  -7  -6  -6  -5  -3  -2  -8
DST1008*19  X220   0  -2  -5  -9 -14 -15 -15 -13 -10 -10 -12 -11  -9  -8 -10  -8  -9  -9 -11 -14 -15 -16 -15 -14 -13 -11
DST1008*20  X220   0 -10  -6  -5  -4  -2  -2  -1   1   1   1   1   3   2  -1  -3  -4  -5  -7  -6  -5  -5  -8  -8  -8  -3
DST1008*21  X220   0  -7  -4  -3  -5  -7  -7  -5  -3  -4  -5  -5  -5  -7  -5  -1   1   3   1   0  -1   0  -2  -3  -2  -3
DST1008*22  X220   0   3   6   4   4   1  -2  -2  -2  -3  -2  -2  -5  -4  -3  -2  -2  -1   0   1   1   1   2   3   4   0
DST1008*23  X220   0   6   9  12  13  10   8   9  10  10  11  11   8  10  13  14  11  14  20  25  23  21  28  44  37  16
DST1008*24  X220   0   4  -7 -27 -26 -29 -27 -27 -28 -25 -26 -33 -33 -34 -29 -26 -22 -20 -17 -15 -14 -10 -10 -13 -10 -21
DST1008*25  X220   0  -6  -2 -11 -19 -31 -32 -25 -22 -23 -26 -30 -32 -29 -25 -25 -26 -25 -24 -21 -20 -16 -18 -17 -12 -22
DST1008*26  X220   0 -10 -14 -14 -23 -26 -18 -15 -17 -19 -19 -17 -12 -10 -10 -10 -10 -12 -11  -9  -8  -9 -11 -12 -13 -14
DST1008*27  X220   0 -13  -8  -9  -8  -9 -15 -23 -25 -22 -23 -24 -22 -16  -8  -3  -7 -12 -13 -15 -15 -12 -13 -17 -20 -15
DST1008*28  X220   0 -18 -13 -13 -16 -16 -17 -19 -19 -20 -17 -17 -16 -18 -15 -10  -9  -7  -8 -13 -14 -15 -11  -9 -10 -14
DST1008*29  X220   0 -13 -14 -15 -17 -16 -14 -14 -13 -10 -10  -8  -8  -8  -8 -10 -11 -11 -10  -9  -9 -10  -8  -7  -9 -11
DST1008*30  X220   0 -10  -9 -10  -9  -8  -8  -8  -8  -7  -6  -8  -8  -6  -5  -5  -6  -9 -10 -10  -6  -3  -2  -3  -4  -7
DST1008*31  X220   0  -6  -6  -5  -3  -2  -3  -3  -3  -4  -4  -5  -6  -7  -5  -4  -4  -5  -6  -8  -7  -5  -4  -3  -2  -5


DST1009*01  X220   0   1   3   2   1   2   2   0  -2   0   2   3   5   5   3   6   3   8   2   0  -5  -6  -7  -4  -4   1
DST1009*02  X220   0 -10  -7  -5  -2  -2  -1  -5  -9 -14 -13 -13 -10  -9  -8 -10 -12  -8 -10 -10 -13 -14 -12 -11 -13  -9
DST1009*03  X220   0 -14 -15 -14 -13 -12 -11 -10 -11 -11 -11 -10  -7  -8 -10 -11 -11 -11 -12 -13 -14 -14 -12 -11 -11 -12
DST1009*04  X220   0 -10  -9 -10  -9  -8  -6  -5  -5  -6  -7  -6  -5  -3  -3  -4  -4  -3  -4  -3  -4  -5  -6  -5  -3  -6
DST1009*05  X220   0   0   1   0  -2  -5  -7  -5  -5  -8  -9  -7  -3  -5  -6  -6  -4  -1   0   1   3   3   3   3  -7  -3
DST1009*06  X220   0 -16 -14 -11  -8 -10  -7  -9 -13 -12 -12 -12 -11  -9  -7  -8 -10 -14 -15 -13  -8  -8  -7  -8  -8 -10
DST1009*07  X220   0  -8 -12 -12 -10 -13 -14 -15 -12 -11 -14 -17 -18 -15 -11 -10 -10  -9 -11  -7  -4  -5  -1  -3  -1 -10
DST1009*08  X220   0  -6 -14 -16 -15 -15 -12  -7  -5  -4  -8 -11 -13 -13 -22 -29 -27 -30 -36 -38 -38 -35 -31 -27 -23 -20
DST1009*09  X220   0 -18 -12 -15 -15 -13 -14 -16 -17 -17 -16 -11 -11 -11 -10  -8 -11  -9 -10  -9  -9  -7  -9  -8  -8 -12
DST1009*10  X220   0 -10 -13 -14 -10 -11 -10  -9 -10 -11 -11 -10 -10 -11  -9  -7  -6  -6  -5  -4  -3  -2  -3  -5  -7  -8
DST1009*11  X220   0  -9  -9  -6  -4  -3  -3  -1  -2  -3  -6  -6  -6  -7  -7  -7  -6  -6  -8  -9  -8  -5  -4  -4  -5  -6
DST1009*12  X220   0  -5  -6  -6  -5  -4  -4  -5  -4  -3  -2  -1  -4  -7  -7  -5  -3  -2  -2  -4  -4  -2   0   1  -1  -4
DST1009*13  X220   0  -2  -3  -3  -1   0   0   3   3   0  -2  -2  -4  -4  -1  -1   3   2   2   1  -1   0   2   3   4   0
DST1009*14  X220   0   2   3  -2  -4  -7 -13 -16 -22 -21 -12  -4   3   5   2   1   2  -8 -14 -10 -14 -14 -15 -19 -25  -8
DST1009*15  X220   0 -25 -24 -23 -21 -20 -19 -21 -23 -22 -14 -14  -4  -7  -6  -5  -4  -4  -4  -6  -7  -6  -5  -8  -9 -13
DST1009*16  X220   0 -13 -14 -12 -11 -13 -14 -10  -7  -2   3   5   8  15  16  15  10  -1  -6 -19 -22 -17 -12 -11 -11  -5
DST1009*17  X220   0  -9 -12 -10 -10 -15 -16 -16 -18 -23 -25 -17 -13  -9 -10 -13 -16 -16 -13 -13 -15 -13 -10  -8  -8 -14
DST1009*18  X220   0  -8  -9 -11 -12 -12 -12 -12 -13 -15 -14 -10  -8 -10 -11 -13 -13 -13 -13 -10  -9  -9  -9 -10  -9 -11
DST1009*19  X220   0 -10  -6  -1  -1  -4  -8  -4  -4  -5  -4  -3  -2  -1  -1  -5  -5  -4  -3  -3  -3  -1   1  -1  -5  -3
DST1009*20  X220   0  -6  -9 -11 -11 -10  -7  -6  -5  -5  -5  -2  -2  -1   2   0  -2  -2  -4  -2   6  11  13  14  10  -1
DST1009*21  X220   0   8   3  -3  -3  -8 -10 -16 -16 -15 -12  -8  -7  -4  -4  -4 -13 -13 -13 -10 -10  -8  -5  -4  -4  -7
DST1009*22  X220   0  -3   2   5   4   1  -2  -4  -4  -3  -2  -2  -2  -2  -4  -7  -9  -8  -6  -3  -2  -5   0   3   5  -2
DST1009*23  X220   0   3   4   5   9   8  10  12   7   6   7   4   5   7   6  13  19  16   7   1   1   4   5   2   0   7
DST1009*24  X220   0   1   4   5  -2   4  -1 -14 -25 -29 -32 -20 -13 -15 -16 -14 -17 -13 -11 -15 -12 -14 -16 -17 -20 -13
DST1009*25  X220   0 -18 -16 -16 -16 -17 -18 -17 -17 -16 -13 -12 -10  -8  -3   1   2  -2  -8 -10 -12 -11 -10  -9  -8 -11
DST1009*26  X220   0  -7 -11 -11 -12 -14 -14 -16 -14 -15 -14 -12 -10  -7   0  -1  -7  -9  -9 -14 -15 -19 -17 -19 -20 -12
DST1009*27  X220   0 -18 -15 -13 -12  -9  -7  -8  -8  -6  -5  -3  -2  -1  -2   0  -5 -12 -12 -12 -15 -18 -17 -19 -20 -10
DST1009*28  X220   0 -19 -19 -17 -16 -14 -11  -8  -8 -24 -27 -19 -14 -13 -14 -15 -15 -14 -10 -10 -11 -13 -10 -10 -12 -14
DST1009*29  X220   0 -13 -14 -14 -15 -21 -24 -23 -20 -18 -18 -18 -18 -16 -15 -16 -16 -15 -11  -9  -9  -8  -7  -8  -8 -15
DST1009*30  X220   0 -11 -12 -12 -14 -13 -11 -10 -10  -9  -8  -7  -8  -5  -1  -1  -2  -3  -1  -1  -3  -6  -6  -6  -4  -7


DST1010*01  X220   0  -3  -4  -5  -6  -7  -7  -6  -6  -4  -2  -2  -2  -3  -2  -3  -3  -6  -8  -7  -5  -2   1   0  -3  -4
DST1010*02  X220   0  -6  -8  -9 -10  -9  -6  -5  -2  -3  -4  -5  -5  -5  -4  -3  -3  -3  -3  -4  -3  -2   1   1   0  -4
DST1010*03  X220   0  -2  -5  -7  -6  -6  -5  -4  -3  -5  -8  -5  -1   0   1  -2  -4  -5  -2   2   2   3   3   4   3  -2
DST1010*04  X220   0   1  -2  -3  -3  -3  -3  -3  -2  -3   0   5   5   4   2   4   5   6   5   2   4  10  11   9   8   2
DST1010*05  X220   0  12  10   5   2   0  -4  -8 -14 -14 -17 -16 -13 -12 -12 -11 -14 -14 -11 -10  -9  -9  -8  -5  -5  -7
DST1010*06  X220   0  -7  -6  -4  -5  -6  -4  -5  -9 -17 -20 -18 -15 -12 -15 -15 -18 -21 -22 -23 -23 -24 -22 -19 -17 -14
DST1010*07  X220   0 -14  -9  -6  -8 -10 -14 -17 -18 -17 -17 -18 -19 -21 -21 -20 -16 -15 -13 -11  -9  -7  -5  -3  -2 -13
DST1010*08  X220   0  -8 -14 -14 -15 -15 -18 -18 -15 -12 -10  -7  -3  -4  -6  -6  -8  -7  -7  -5  -3  -4  -5  -5  -7  -9
DST1010*09  X220   0  -7  -9  -9  -9  -7 -10 -13 -11 -12 -14 -12  -8  -7  -7  -8  -9 -11  -9  -8  -8  -9  -9  -7  -5  -9
DST1010*10  X220   0  -5  -2  -1  -1  -3  -3  -2  -1  -1  -1   0  -1  -1   2   3   3   2   2   0  -1  -2  -7 -11 -10  -2
DST1010*11  X220   0  -6   1   2   2   4  10  12   0  -1   2  -9 -33 -45 -39 -47 -55 -65 -69 -74 -75 -69 -63 -52 -44 -30
DST1010*12  X220   0 -39 -38 -39 -42 -45 -48 -47 -43 -41 -40 -38 -38 -36 -37 -34 -36 -34 -32 -36 -37 -39 -36 -35 -31 -38
DST1010*13  X220   0 -27 -27 -26 -27 -27 -29 -27 -24 -18 -14 -15 -13 -10 -11 -14 -12 -12 -10  -8  -8  -9  -9  -7  -7 -16
DST1010*14  X220   0  -6  -4  -4  -3  -3  -5  -6  -5  -6  -6  -6  -3  -2   2   4   5   4   3   1   0  -1  -1   1   3  -2
DST1010*15  X220   0   6   5   4   5   8  12  11   6   6   7   8   6  -4  -9  -6  -4  -2   4   0 -12 -18 -18 -12 -11   0
DST1010*16  X220   0 -11 -10  -7  -8 -13 -17 -18 -17 -13 -11  -8  -8  -7  -6  -6  -8  -6  -8 -13 -17 -23 -25 -23 -21 -13
DST1010*17  X220   0 -19 -17 -16 -18 -23 -28 -33 -29 -34 -37 -37 -35 -29 -27 -26 -25 -25 -25 -21 -19 -24 -21 -18 -17 -25
DST1010*18  X220   0 -19 -20 -19 -17 -16 -17 -16 -13 -14 -13 -10  -7  -5  -5  -6  -7  -6  -5 -10 -16 -19 -22 -20 -12 -13
DST1010*19  X220   0  -5  -9 -12  -8 -10 -11  -9 -15 -14 -17 -16 -13  -8  -1  -1  -2  -3  -2  -4 -10 -13 -15 -18 -21 -10
DST1010*20  X220   0 -24 -22 -17 -16 -15 -13 -11  -8 -13 -14  -8  -6  -8 -14 -10  -7  -5  -4  -5  -9 -10  -8 -10 -11 -11
DST1010*21  X220   0 -14 -11  -6  -3  -4  -5  -4  -7  -8 -10  -9  -6  -4  -6  -9 -11  -9  -9  -8  -9  -9  -9  -6  -4  -8
DST1010*22  X220   0  -2   3   3   0  -2  -2  -2  -6  -5  -1  -1   2   2  -2  -2  -2  -6  -7  -8  -8  -6  -6 -14 -18  -4
DST1010*23  X220   0 -18 -13  -7  -1   1  -4  -9  -9  -9 -13 -14 -15 -11 -20 -18 -21 -25 -21 -21 -24 -30 -39 -41 -35 -17
DST1010*24  X220   0 -28 -30 -26 -25 -33 -31 -26 -25 -22 -19 -28 -31 -31 -24 -23 -26 -22 -21 -25 -25 -26 -23 -23 -23 -26
DST1010*25  X220   0 -22 -14  -7  -8 -13 -16 -18 -19 -18 -18 -16 -16 -14 -20 -19 -18 -19 -21 -22 -28 -25 -25 -26 -27 -19
DST1010*26  X220   0 -23 -18 -12  -9 -11 -13 -14 -14 -17 -14 -12 -11 -12 -14 -15 -16 -16 -21 -27 -30 -29 -25 -26 -27 -18
DST1010*27  X220   0 -26 -21 -18 -14 -13 -16 -16 -14 -16 -17 -17 -14 -12 -12 -13 -12 -14 -15 -16 -18 -22 -21 -18 -17 -16
DST1010*28  X220   0 -17 -16 -13 -10 -10 -12 -13 -15 -18 -17 -17 -15 -14 -12 -14 -14 -14 -11 -11 -14 -15 -16 -15 -14 -14
DST1010*29  X220   0 -13 -16 -16 -16 -16 -13 -10  -9  -7  -8  -9  -8  -9 -10 -12 -12 -11 -12 -13 -16 -18 -18 -16 -16 -13
DST1010*30  X220   0 -16 -14 -13 -10  -8  -7  -6  -6  -8  -9  -4   1   1   2   6   6   1   1   0  -1  -2  -1   2   6  -3
DST1010*31  X220   0   8   9  10  13  15   4   1  -4  -5  -7  -8 -10 -11  -6  -7  -2  -1  -4  -6  -5  -5  -2   2   4  -1


DST1011*01  X220   0   4   5   8   9   3   3   5   9  10  11   9   7   3   2   1  -1  -1  -2  -3  -4  -7  -6  -4  -4   2
DST1011*02  X220   0  -2   0   1   3   4   3   5   0  -6  -8  -7  -5  -5  -4  -6  -7  -7  -7  -6  -7  -7  -5  -4  -7  -4
DST1011*03  X220   0  -8 -10  -9 -10 -12 -14 -13 -12 -16 -14 -11 -11 -12 -14 -17 -16 -16 -17 -17 -18 -17 -14 -14 -15 -14
DST1011*04  X220   0 -15 -14 -14 -14 -13 -12 -12 -12 -13 -17 -19 -16  -9  -4  -1   0   0  -2  -5  -6  -5  -4  -5  -1  -9
DST1011*05  X220   0   2   2   3   3   1   0   0   1   1   5   6   6   3  -2  -2  -2  -9 -11 -12  -8  -7  -6 -10 -11  -2
DST1011*06  X220   0  -9  -7  -5  -2  -1  -1  -1  -1   1   2   1  -1   1   4   4   2   2   3   3   1   0  -1   0  -2   0
DST1011*07  X220   0  -3  -4  -2   1   1   2   2   4   3   2   1   1  -1   0   0   1   3   2   2   2   3   5   7   8   2
DST1011*08  X220   0   9  12  13  15  13  11  11  11  19  19  20  23  15  -2  -3  -4  -6  -8 -10  -8  -8  -9  -9  -8   5
DST1011*09  X220   0  -6  -7  -8 -10 -11  -7  -7  -8  -8 -10 -13 -14 -12  -9  -6  -8  -9 -10 -10  -8  -6  -5  -5  -6  -8
DST1011*10  X220   0  -4  -2   0   2   2   0  -1  -2  -1  -1  -3  -4  -7  -7  -5  -3  -2  -3   9   7   0 -12  -5   0  -2
DST1011*11  X220   0   1   5   3  -1   2   1  -2  -4  -2  -9 -16 -15 -11 -22 -29 -31 -27 -23 -21 -17 -20 -26 -42 -45 -15
DST1011*12  X220   0 -38 -37 -39 -41 -41 -37 -36 -33 -28 -26 -21 -19 -26 -23 -23 -23 -22 -24 -27 -28 -26 -22 -25 -28 -29
DST1011*13  X220   0 -32 -28 -26 -25 -24 -23 -24 -24 -23 -20 -18 -18 -20 -20 -18 -16 -17 -18 -20 -22 -23 -22 -19 -15 -21
DST1011*14  X220   0 -15 -16 -15 -17 -13 -10  -9 -11 -12 -11 -13 -10 -11 -14 -17 -24 -26 -23 -25 -23 -22 -24 -25 -28 -17
DST1011*15  X220   0 -26 -24 -26 -25 -21 -15 -13 -13 -16 -23 -23 -18 -17 -19 -17 -17 -17 -17 -17 -15 -15 -15 -24 -24 -19
DST1011*16  X220   0 -26 -29 -26 -23 -18 -17 -18 -15 -14 -15 -16 -17 -19 -21 -20 -18 -15 -12 -12 -11  -8  -6  -1  -6 -16
DST1011*17  X220   0 -12 -15 -10  -8 -10 -14 -10 -12  -8  -5  -5 -10 -11 -13 -13 -11 -10  -9 -11 -10  -9  -8 -10  -9 -10
DST1011*18  X220   0  -6  -8 -10 -10  -8  -7  -6  -3  -2  -7  -4  -3  -3  -1  -4  -5  -5  -7  -9  -8  -8  -9 -11 -13  -7
DST1011*19  X220   0 -15 -17 -16 -16 -14 -14 -17 -14 -12  -7  -7  -7  -6  -3  -2   0   0   0  -1  -1   0   2   4   6  -7
DST1011*20  X220   0   8   9   7   7   6   2   0  -1   1   0  -1  -2  -2  -4  -5  -4  -3  -3  -3   0   0   0   0  -3   0
DST1011*21  X220   0  -4  -7  -6  -4  -1   0  -3  -7  -9  -9 -10 -13 -14 -13 -12  -9  -8 -10 -10  -9  -6  -5  -6  -9  -8
DST1011*22  X220   0 -11 -13 -14 -11 -10  -7  -8  -9  -6  -1  -7 -16 -13  -8  -6  -2  -6 -13 -11 -10  -8  -8  -8  -6  -9
DST1011*23  X220   0  -8 -14 -14  -9  -6  -9 -13  -9  -5  -8  -8  -9 -12 -16 -16 -16 -20 -14 -11 -14 -17 -19 -18 -14 -12
DST1011*24  X220   0  -9 -11 -14 -13 -10 -10 -11 -10  -7  -2  -7 -13 -13 -17 -16 -15 -17 -20 -16 -13 -14 -13 -13 -12 -12
DST1011*25  X220   0 -12 -11 -13 -14 -12  -9  -9 -11 -10  -9  -9  -8 -12 -12 -11 -10 -12 -12 -11 -11  -9 -10 -11 -11 -11
DST1011*26  X220   0  -8  -9  -9  -9  -8  -6  -5  -6  -7  -8  -6  -3  -3  -7  -8 -10  -9  -9  -9  -7  -6  -5  -5  -3  -7
DST1011*27  X220   0  -1  -2  -3  -4  -4  -1   1   1   0   0  -1  -5  -5  -6   2   5  11  16  14  -1   0  -2 -12 -11   0
DST1011*28  X220   0   2   1  -6  -4   7   5  10   4   0  -2  -1  -3  -6  -8 -11 -16 -16 -16 -15 -17 -14 -15 -18 -19  -7
DST1011*29  X220   0 -19 -21 -23 -23 -19 -19 -19 -18 -12 -11 -13 -13 -13 -12 -12 -11 -12 -13 -11  -6  -5  -4  -7  -4 -13
DST1011*30  X220   0  -7 -11 -13 -12 -10  -9  -9  -3   5   7   3   3   1  -1   0 -11 -14 -13  -9  -7  -8 -10 -12 -12  -6


DST1012*01  X220   0 -13 -15 -16 -15 -13 -11 -10  -8  -4  -1   0   4   3   0   0   2  -2  -2  -4  -4  -1  -1  -2  -5  -5
DST1012*02  X220   0  -8 -11 -15 -17 -17 -15 -15 -13 -10  -7  -6  -5  -4  -3  -2  -2  -2  -2  -2   0   2   0  -2  -4  -7
DST1012*03  X220   0  -4  -3  -4  -4  -3  -1   0   1   2   2   3   6   5   4   3   2  -1  -1   0   1   3   5   5   4   1
DST1012*04  X220   0   2   0  -1  -1  -3  -5  -5   3   9  12  13  10   6   3   2   2  -1  -3  -4  -1   1  -1  -4  -7   1
DST1012*05  X220   0  -7  -7  -7  -7  -7  -8  -9  -9  -5  -3  -1   2   3   3   3   4   6   6   9   9   9   7   3  -3   0
DST1012*06  X220   0  -4  -1   2   1   2   0   0  -2   1   1   2   4   6  10  11   8   0  -2  -2   8   9   3   0  -2   2
DST1012*07  X220   0  -2  -2  -2  -2  -1   0   4   7  12  11  12   9   3  -7 -10  -3  -2  -5  -9  -7  -5  -5 -10 -12  -1
DST1012*08  X220   0 -12 -13 -13 -12 -14 -11  -7  -5  -4   0  -2  -4  -4  -7 -11 -15 -14 -11 -10 -10  -5 -11 -10  -9  -9
DST1012*09  X220   0 -14 -15 -15 -15 -12 -10 -10 -10  -6  -3  -1   0  -1  -4  -7  -7  -7  -9  -6  -3  -2  -4  -6  -7  -7
DST1012*10  X220   0  -4  -3  -1   2   2   2   0   1   3   0  -5  -4  -3  -4  -5  -4  -3  -2  -2  -4  -5  -6  -6  -6  -2
DST1012*11  X220   0  -7  -6  -6  -6  -4  -2  -1  -3   0   2   2   2   3  -1   1   3   1   0   0   0   1   1   0   2  -1
DST1012*12  X220   0   4   5   6   6   6   6   6   8  11  11  10   9   6   5   7   9   3  -4  -4   1  -2  -1  -3  -6   4
DST1012*13  X220   0 -11 -11  -7  -9 -12 -13 -15  -8  -5  -3  -3  -4  -5  -8  -9 -11 -13  -8  -5  -5  -8  -4  -7 -11  -8
DST1012*14  X220   0 -12 -12 -13 -11  -9 -11  -9  -6  -2  -7  -9  -6  -6  -6  -9  -7 -14 -17 -16 -18 -22 -22 -22 -22 -12
DST1012*15  X220   0 -21 -23 -25 -19 -19 -19 -21 -17 -13 -13 -12 -13 -10 -14 -13 -15 -18 -18 -19 -20 -18 -18 -19 -18 -17
DST1012*16  X220   0 -16 -19 -19 -16 -13 -13 -15 -15 -14 -12 -11 -10  -9  -9 -10 -14 -16 -15 -14 -16 -15 -16 -20 -16 -14
DST1012*17  X220   0 -16 -13 -12 -12  -9  -9 -10  -9  -6  -3  -3  -2  -3  -7  -8 -10 -15 -14 -10  -8 -10 -14 -13 -10  -9
DST1012*18  X220   0  -8  -8 -10 -12 -13 -11 -10  -8  -5  -3  -2  -4  -9 -12 -14 -13 -13 -13 -11  -8  -8  -9 -11 -14 -10
DST1012*19  X220   0 -14 -14 -12 -11 -10 -13 -14 -11  -8  -5  -6  -4  -7  -8  -8  -8  -9 -10  -8  -7  -7  -3   4   4  -8
DST1012*20  X220   0   3   7   9  10   1 -10 -14 -18 -22 -29 -34 -35 -31 -29 -26 -29 -28 -23 -17 -15 -11 -22 -29 -24 -17
DST1012*21  X220   0 -18 -14 -14 -17 -19 -21 -21 -20 -19 -17 -16 -17 -16 -15 -14 -16 -17 -14 -12 -10 -11 -13 -14 -13 -16
DST1012*22  X220   0 -11  -8  -6  -9 -11 -13 -13 -12 -13 -12  -8  -7  -6  -7  -6  -5  -6  -5  -4  -3  -3  -3  -3  -5  -7
DST1012*23  X220   0  -7  -8  -7  -5  -2  -1  -2  -4  -3  -4  -7  -8  -8  -5  -4  -3  -1   1   6   6   4   1  -7  -7  -3
DST1012*24  X220   0  -5  -3  -3  -4  -6  -6  -7  -7  -9 -10 -11 -10  -7  -5  -1  -3  -8 -10  -6  -3  -4  -7 -10  -8  -6
DST1012*25  X220   0  -7  -6  -7  -5   0   3   2   0  -3  -5  -4  -1   4   5   5   7   3  -3  -3   0  -2  -6 -11 -12  -2
DST1012*26  X220   0  -9  -9  -6  -5  -3  -3  -6  -7  -6  -4  -8  -8  -8  -9 -13 -13 -11  -9  -7  -5  -5  -5  -9  -9  -7
DST1012*27  X220   0 -10  -6  -3  -2   0  -1  -3  -3  -1  -3  -6  -8  -9  -9  -9  -9 -10  -9  -8  -8  -7  -9 -12 -14  -7
DST1012*28  X220   0 -11  -7  -2   1   4   4   6   8   7   9  11   6  -2  -8 -19 -32 -42 -43 -28 -25 -31 -32 -30 -27 -12
DST1012*29  X220   0 -25 -24 -25 -24 -28 -30 -29 -29 -27 -28 -27 -26 -25 -26 -27 -27 -26 -25 -24 -20 -19 -18 -18 -17 -25
DST1012*30  X220   0 -16 -16 -16 -17 -17 -14 -12  -9 -10  -9  -9  -8  -9  -5  -8 -10 -14 -17 -15 -13 -12  -9  -6  -5 -12
DST1012*31  X220   0  -7  -9 -11 -13 -12 -12 -16 -23 -23 -22 -22 -18 -19 -19 -20 -21 -24 -24 -20 -16 -14 -14 -15 -14 -17


DST1101*01  X220   0 -11 -11  -9  -5  -3  -4  -5  -6  -5  -7  -7  -9 -11 -13 -13 -10  -9 -10  -9  -7  -5  -6  -5  -1  -8
DST1101*02  X220   0  -1   1   3   3   3   3   5   3  -2   0   1   5   6   7   5   4   2  -1  -2  -2  -2   0  -2  -4   1
DST1101*03  X220   0  -3  -3  -3  -2  -1   0   0   2   4   3   5   9   5   0   1   5   5   0  -8  -8  -5  -2  -1   1   0
DST1101*04  X220   0   1   1   5   5   0  -1  -4  -8  -8  -9  -7  -1   3  -1   0   0  -2  -4  -4  -5  -4  -3  -4  -6  -2
DST1101*05  X220   0  -6  -6  -3  -1  -1  -2  -3  -2  -2   0   1   3   4   4   5   3   2  -1  -1   2  -1  -3  -4  -7  -1
DST1101*06  X220   0  -5  -1   0   0  -2  -3  -6  -5  -3  -2   1   3   3   2   2   5   4   6   8  14  24  22  -3 -18   2
DST1101*07  X220   0 -40 -39 -28 -28 -32 -39 -42 -40 -36 -32 -24 -23 -25 -23 -19 -14 -14 -16 -18 -20 -17 -19 -21 -21 -26
DST1101*08  X220   0 -20 -19 -13 -10  -9  -9 -10 -16 -19 -17 -13 -16 -15 -12  -6  -2  -6 -10 -13 -16 -12 -12 -13 -13 -13
DST1101*09  X220   0 -15 -17 -14 -12  -9  -8  -8 -10 -13 -12 -10  -9 -10 -11 -11 -10 -11 -12 -13 -13 -11 -12 -12 -13 -12
DST1101*10  X220   0 -15 -12 -10  -8 -10  -9  -7 -10 -15 -14 -13 -12 -11  -7  -4  -4  -7  -8 -10 -10 -12 -14 -15 -17 -11
DST1101*11  X220   0 -16 -16 -15 -11  -8  -9  -6  -3  -4  -7  -8 -11 -16 -14 -13 -15 -17 -20 -20 -16 -11 -11 -14 -13 -12
DST1101*12  X220   0  -9  -8  -1   1   0  -1  -2  -2  -4  -9 -11  -7  -2   1   5   2   0  -3  -7  -6  -9  -6 -11 -13  -4
DST1101*13  X220   0 -14 -12  -9  -6  -5  -1  -3  -3  -4  -2  -4  -6  -8  -8  -8  -7 -10 -14 -13 -20 -25 -23 -26 -26 -11
DST1101*14  X220   0 -28 -29 -27 -21 -17 -13 -11 -10 -16 -15 -12 -10  -7 -10 -13 -15 -16 -14 -10 -10 -13 -13 -16 -17 -15
DST1101*15  X220   0 -19 -17 -13 -11 -15 -14 -11  -9  -7  -7  -9 -10  -6  -6  -2   2   4   0  -3  -6  -7  -6  -9 -11  -8
DST1101*16  X220   0 -13 -10  -7  -6  -4  -2  -2  -2  -2  -2   1   4  11  14  17  13   0  -5  -7  -9  -7  -7  -7 -10  -2
DST1101*17  X220   0  -8  -9  -6   0   4  -1  -2  -5  -6  -4  -6  -3  -1  -2   2   2   0   2  -4  -4  -7  -7  -9 -11  -4
DST1101*18  X220   0 -12 -11  -5  -5  -2   0  -1   1   5   5   3   5   7   7  11  16  14  12   9   7   4   5   4  -1   3
DST1101*19  X220   0  -1   0   2   1   1   2   4   3  -3 -10 -12  -8  -5  -3  -3  -5  -9 -14 -14 -14 -13 -10 -10 -13  -6
DST1101*20  X220   0 -14 -11 -11 -12 -10  -6  -6  -7  -9  -6  -6  -4   1   3   3   1  -1  -5  -9 -10  -8  -3  -4  -5  -6
DST1101*21  X220   0  -6  -6  -6  -3  -1   0  -1  -1  -1   0   0  -1  -3  -6  -9  -6  -5  -4   0  -2  -4  -3  -4  -7  -3
DST1101*22  X220   0  -8  -6  -3   0   2   1   0  -2  -3  -2  -1   1   5   3  -3   0   2   1  -2  -4  -5  -4  -5  -5  -2
DST1101*23  X220   0  -4  -5  -7  -4   0   4   3   2   2   1   0  -2  -2  -5  -4  -3  -2  -2  -1  -1   0   3   2   0  -1
DST1101*24  X220   0   0   2   3   4   5   6   7   5   7  10  10  10  12  14   8   7   3   0  -4  -6  -9 -11 -12 -14   2
DST1101*25  X220   0 -12  -7 -11 -10  -9  -9  -8  -8  -9  -5  -8  -8  -3  -4  -5  -4  -5  -3  -4  -6  -7  -4  -3  -5  -7
DST1101*26  X220   0  -7  -7  -7  -7  -8  -6  -4  -2  -1  -2   0   4   6   5   3  -1  -5   2   6   2   0  -5  -9  -9  -2
DST1101*27  X220   0  -8  -7  -6  -7  -5  -2  -1  -1  -1  -4  -6  -6  -6  -5  -4  -4  -6  -7  -7  -5  -5   1   1   0  -4
DST1101*28  X220   0   1  -2  -4  -4  -1   0   0   2   5   7   7   6   5   1  -2  -6  -5   1   2   1   2   4   5   2   1
DST1101*29  X220   0  -2  -3  -2   2   2   2   1  -1   1   5   7  11  12   6  -1  -3  -6  -6  -2   0   2   2   2   1   1
DST1101*30  X220   0   0   2   1   0  -2  -6  -6  -4  -3  -1   1   1   3   4   2   0  -1   4   7   8   7   7   4   4   1
DST1101*31  X220   0   5   6   8   9   8  15  17  17  16  17  19  16  11   6   5   4  23  35  38  23  16  22  28  17  16


DST1102*01  X220   0  11   6   2  -2   1   1  -8 -12  -3  -1  -3  -3  -3   0  -5 -10 -16 -19 -22 -20 -18 -16 -17 -18  -7
DST1102*02  X220   0 -21 -20 -15  -8  -6  -7 -12 -13  -9  -5  -1  -3  -7  -9 -12 -14 -14 -13 -14 -17 -18 -18 -17 -17 -12
DST1102*03  X220   0 -16 -15 -15 -14 -12  -9  -9 -11 -14 -12 -10  -9  -8  -8  -7  -7  -7  -7  -7  -7  -7  -7  -6  -4 -10
DST1102*04  X220   0  -5  -6  -3   1  -5  -5  -2  -1   2   4   1  -4  -3  -2   5  14  16  16  -3  -7 -30 -63 -57 -55  -8
DST1102*05  X220   0 -50 -50 -47 -39 -46 -48 -52 -50 -54 -54 -49 -42 -37 -35 -34 -34 -33 -31 -28 -31 -31 -34 -36 -36 -41
DST1102*06  X220   0 -36 -32 -30 -32 -32 -30 -34 -33 -37 -31 -34 -32 -33 -35 -32 -33 -34 -32 -32 -33 -32 -31 -32 -29 -33
DST1102*07  X220   0 -28 -25 -25 -24 -22 -21 -22 -25 -26 -26 -27 -29 -28 -27 -24 -23 -22 -22 -21 -21 -18 -16 -18 -23 -23
DST1102*08  X220   0 -23 -21 -17 -18 -18 -17 -17 -16 -16 -18 -18 -15 -12 -12 -14 -12 -11  -9  -8  -8  -8 -13 -14 -14 -15
DST1102*09  X220   0 -13 -13 -14 -14 -11 -10 -10  -9 -11 -16 -17 -14 -12 -15 -16 -16 -16 -16 -14 -12 -14 -15 -16 -16 -14
DST1102*10  X220   0 -16 -11  -7  -5  -2   1   1  -1   1   1  -7  -9 -11 -14 -15 -14 -15 -15 -12  -9  -7 -10 -13 -15  -9
DST1102*11  X220   0 -12 -11 -12 -13 -13 -11 -11  -9  -5  -3  -2  -2   1   2   0  -5  -7  -7  -8  -7  -6  -6  -9 -10  -7
DST1102*12  X220   0 -11 -13 -15 -12  -9 -10  -9  -9 -11  -9  -9 -10 -11 -10 -11 -12 -11 -10  -7  -4  -2  -3  -4  -7  -9
DST1102*13  X220   0  -7  -6  -4  -3  -3  -4  -4  -3   1   2   1   2   4   4   4   4   5   5   5   6   6   5   4   1   1
DST1102*14  X220   0   1   1   1   1   0   1   1   1   1   1   2   4   6   3   1   2  18  23  35  33   5 -12 -40 -38   2
DST1102*15  X220   0 -30 -31 -30 -27 -25 -23 -26 -28 -27 -28 -29 -26 -24 -25 -24 -24 -27 -30 -25 -21 -23 -19 -18 -22 -26
DST1102*16  X220   0 -20 -19 -18 -18 -20 -18 -16 -15 -12 -12 -13 -16 -17 -17 -18 -18 -16 -12 -12 -10 -10  -8  -9 -12 -15
DST1102*17  X220   0 -13 -12  -9  -8  -9  -8  -9  -8  -9 -10  -9  -8  -8  -7  -5  -3  -2  -1   2   4   5   3   0  -3  -5
DST1102*18  X220   0  -4  10  33  38  51  16   5  20  -2  -6  -8 -12 -20 -24 -31 -32 -27 -20 -14  -9 -15 -22 -22 -23  -5
DST1102*19  X220   0 -26 -25 -22 -20 -22 -22 -23 -23 -25 -30 -27 -25 -27 -27 -26 -24 -24 -22 -19 -17 -18 -21 -21 -22 -23
DST1102*20  X220   0 -21 -19 -17 -16 -17 -17 -19 -21 -18 -19 -25 -30 -24 -19 -17 -19 -16 -16 -14 -14 -11 -14 -17  -6 -18
DST1102*21  X220   0  -3  -8  -5 -12 -16 -17 -15 -12 -11 -13 -17 -19 -21 -23 -21 -16 -12 -12 -11 -12 -18 -19 -20 -14 -14
DST1102*22  X220   0 -16 -19 -17 -12  -9  -8  -7  -5  -9 -11 -12 -14 -14 -12 -11  -8  -7  -5  -2  -2  -1  -3   0  -1  -9
DST1102*23  X220   0  -5  -5  -6  -7  -7  -6  -3  -1  -2  -2  -6  -8 -11 -11 -11 -10 -10  -8  -7  -7 -10  -9  -8  -6  -7
DST1102*24  X220   0  -3   2   2   5   3  -2   0   1   4   3   2  -1  -3  -4  -4  -5  -6  -4  -2   2   4   5   4   5   0
DST1102*25  X220   0   4   5   3   2  -1  -2   0   0   3   9   9   5   3   3   4   5   2   0  -1  -4  -8 -10  -7  -3   1
DST1102*26  X220   0  -2   0   1   3   5   3   0  -2   1   2   0  -3  -6  -9 -10  -8  -8  -9 -10 -10  -7  -6  -6  -4  -4
DST1102*27  X220   0  -2   0   0   0   0  -1  -1   1   4   3   2  -1  -1   1   1   1  -1   0  -1  -2  -1   0   2   3   0
DST1102*28  X220   0   3   3   4   5   4   5   6   4   4   6   6   6   9   7  10  11  13  12  11   9  10  11  15  17   8


DST1103*01  X220   0  16  17  16  17  16  19  13  12  16  20   3 -20 -31 -55 -88 -49 -45 -57 -58 -59 -64 -58 -56 -54 -22
DST1103*02  X220   0 -57 -45 -37 -36 -40 -43 -43 -40 -36 -33 -30 -30 -27 -25 -23 -26 -29 -33 -35 -35 -34 -36 -34 -32 -35
DST1103*03  X220   0 -28 -23 -17 -19 -15 -17 -19 -19 -25 -18 -17 -16 -18 -20 -21 -18 -15 -21 -18 -29 -29 -24 -20 -19 -20
DST1103*04  X220   0 -16 -14 -14 -14 -15 -17 -20 -21 -19 -14 -19 -25 -26 -19 -17 -18 -21 -20 -27 -26 -27 -25 -25 -22 -20
DST1103*05  X220   0 -21 -23 -23 -21 -22 -22 -19 -16 -17 -18 -17 -17 -17 -15 -11  -9  -8 -13 -12 -10 -10  -9  -8  -7 -15
DST1103*06  X220   0  -5  -5  -4   0   2   0  -1  -1  -4  -4  -5  -5  -7  -6  -7 -10  -5  -2  -3  -3  -1  -2  -9  -9  -4
DST1103*07  X220   0  -7  -1  -2  -5  -7  -6  -4  -5  -2  -4  -6 -10  -8 -11 -11  -9 -11 -14 -17 -20 -24 -20 -22 -27 -11
DST1103*08  X220   0 -24 -21 -23 -22 -21 -21 -20 -21 -22 -20 -20 -19 -20 -20 -22 -20 -17 -16 -15 -14 -14 -13 -14 -13 -19
DST1103*09  X220   0 -14 -16 -17 -17 -15 -12 -12 -11 -10  -6  -8  -5  -7  -9  -9 -10  -8  -8  -9  -8  -5  -4  -3  -3  -9
DST1103*10  X220   0 -11 -11 -13 -15 -17 -20 -19 -25 -36 -36 -38 -35 -39 -42 -37 -33 -36 -38 -37 -41 -55 -62 -55 -50 -33
DST1103*11  X220   0 -50 -59 -63 -69 -77 -83 -80 -78 -74 -72 -67 -62 -58 -52 -48 -42 -44 -50 -53 -47 -52 -64 -59 -60 -61
DST1103*12  X220   0 -58 -53 -47 -43 -43 -45 -45 -44 -45 -40 -37 -37 -40 -35 -30 -26 -22 -21 -21 -25 -28 -32 -27 -20 -36
DST1103*13  X220   0 -21 -23 -24 -22 -20 -18 -18 -15 -14 -13 -12 -14 -12 -12 -12  -9  -6 -12 -14 -22 -24 -19 -18 -17 -16
DST1103*14  X220   0 -16 -16 -15 -14 -14 -16 -17 -15 -12 -14 -17 -17 -15 -13 -10  -8  -7  -7  -7  -7  -9  -9  -9 -10 -12
DST1103*15  X220   0 -10 -10 -10  -9  -8  -8  -9 -10 -10  -9  -8  -7  -6  -5  -5  -5  -5  -5  -4  -4  -3  -2   0   1  -6
DST1103*16  X220   0   2   1   1   1   0   0  -2  -1  -2  -1   0   2   2   0  -1  -1   0  -1   0  -1  -2   0   2   5   0
DST1103*17  X220   0   6   4  -2  -2  -8  -6  -1   0   2   2   4   6   9   9   9   9   7   7   6  -4 -10  -7  -5  -6   1
DST1103*18  X220   0  -5  -7  -8  -8  -6  -4  -3  -3  -2   0   2   2   1  -1  -3  -4  -4  -2  -4  -5  -7  -8  -9 -10  -4
DST1103*19  X220   0 -10 -12 -11  -5  -3  -2  -2   0   3   6   6   7   8  11  10  10   9  11  11   7   3   1   0  -2   2
DST1103*20  X220   0  -5  -6  -3   0  -2   0  -2  -1  -2  -1  -2  -5  -4  -6  -7  -8  -9 -11 -13 -14 -16 -17 -14 -11  -7
DST1103*21  X220   0 -10 -12 -13 -11  -7  -8  -8  -6  -5  -3  -4  -4  -3  -1   1   1  -2  -1   1   2   1   1  -6 -16  -5
DST1103*22  X220   0 -18 -11 -10  -9  -7  -3   8  10  10   9   8   3   6   8  10   9   8   9   7   9   9   9   9   9   4
DST1103*23  X220   0   8   5  -3  -1  -4  -8  -8  -5  -6 -10 -10  -3  -2  -2  -5  -8 -14 -13  -9  -9  -8  -8  -5  -3  -5
DST1103*24  X220   0  -1   1   1   0  -1   0   1  -2  -4  -3  -1  -2  -3  -1   1   2   2   2   3   5   2   0  -2  -3   0
DST1103*25  X220   0  -2  -1  -1   0   0  -1   0  -2  -5  -5  -3   0   2   3   5   3   2   1  -2  -1   1   2   1  -2   0
DST1103*26  X220   0  -3  -5  -7  -8  -7  -6  -5  -5  -5  -6  -5  -2  -1   0   0   0  -1  -1   1   2   3   5   5   3  -2
DST1103*27  X220   0   5   4   1  -1   0   0   1   1   0   0  -3  -5  -4  -2  -1  -1  -1   1   1   1   2  -1  -1  -3   0
DST1103*28  X220   0  -3   0   2   2   1   1   4   7   8   7   4   2  -1   1   3   3   4   4   3   1   2   4   3   2   3
DST1103*29  X220   0   2   2   2   2   3   4   6   6   6   5   3   1   1   2   4   5  14  19  22  26  29  31  36  37  11
DST1103*30  X220   0  14  -1  -3  -2  -4  -1  -1  -2  -4  -3  -1   3   2   4   8   8   8  11  13  15  15  12  10   9   5
DST1103*31  X220   0   7   7   9   8   6   5   3   1   1   1   2   0  -3  -4  -4  -3  -2   0  -1  -3  -5  -5  -2  -2   1


DST1104*01  X220   0  -1  -1  -1  -4  -4  -6  -4  -2  -2   6  -1  -3  -7  -3   2   4  11   6 -11 -15 -14 -13 -17 -29  -5
DST1104*02  X220   0 -32 -35 -38 -33 -33 -33 -34 -30 -27 -25 -29 -31 -26 -20 -18 -18 -20 -17 -17 -21 -28 -26 -16 -18 -26
DST1104*03  X220   0 -23 -25 -27 -35 -37 -37 -36 -35 -28 -26 -27 -22 -20 -19 -19 -24 -23 -20 -19 -17 -24 -24 -22 -20 -25
DST1104*04  X220   0 -22 -27 -31 -29 -31 -29 -25 -26 -23 -24 -24 -23 -21 -18 -18 -18 -17 -15 -13 -14 -15 -14 -13 -14 -21
DST1104*05  X220   0 -16 -19 -20 -21 -20 -21 -21 -18 -15 -15 -15 -13 -11  -8  -6  -6  -5   1   7  12  -1 -12 -15 -11 -11
DST1104*06  X220   0  -8  -9  -5  -8  -9 -10  -8  -6  -3   7   0 -21 -13 -16 -32 -39 -46 -54 -60 -60 -58 -52 -50 -46 -25
DST1104*07  X220   0 -43 -42 -41 -42 -41 -38 -34 -28 -23 -18 -19 -20 -19 -17 -15 -14 -11 -12 -12 -15 -12 -11  -9 -11 -23
DST1104*08  X220   0 -15 -18 -18 -18 -17 -15 -14 -13 -11 -10  -8 -11  -9  -4  -2  -4  -4  -4 -10 -10 -14 -19 -22 -17 -12
DST1104*09  X220   0 -26 -34 -39 -40 -40 -38 -35 -36 -37 -38 -39 -38 -35 -31 -25 -22 -18 -18 -17 -19 -20 -18 -15 -15 -29
DST1104*10  X220   0 -17 -16 -15 -13 -11 -11 -10  -9  -8 -10 -12 -13 -13 -13 -13 -11 -12  -9  -7  -6  -7  -9  -9  -6 -11
DST1104*11  X220   0  -2  -1  -1  -4  -3  -2   1   7  12  14  16  17   9   5   9  20  32  22  16  12  10  11  17  21  10
DST1104*12  X220   0  20  16  11   6   9   5 -16 -32 -45 -48 -37 -28 -30 -43 -45 -43 -41 -37 -32 -28 -24 -25 -30 -34 -23
DST1104*13  X220   0 -34 -29 -30 -31 -38 -45 -43 -43 -40 -36 -40 -34 -27 -25 -23 -24 -24 -23 -19 -17 -15 -14 -13 -12 -28
DST1104*14  X220   0 -13 -15 -18 -20 -23 -22 -20 -21 -20 -18 -17 -18 -16 -13 -13 -14 -15 -13  -7  -4  -5  -5  -9 -14 -15
DST1104*15  X220   0 -17 -17 -19 -18 -16 -14 -14 -13 -12  -8  -9  -3   0   0   3   1   1   4   3   1  -3  -1   3   2  -6
DST1104*16  X220   0   1   0   3   3   0   2   1   1   1  -1   0   1   3   5   4   5   9  11  11  10   9   8  10   8   4
DST1104*17  X220   0   7   5   2   2   2   3   4   3   3   2  -3  -1   3   2   1   1   2   4   4  -1  -3   0   5   9   2
DST1104*18  X220   0   9   7   6   6   5   4   9  29  26  15   9   4   6  -5 -10 -14 -15 -12 -11 -11  -9  -8  -7  -6   1
DST1104*19  X220   0  -8 -11  -8  -8  -7  -2  -2  -5 -11 -11  -9  -7  -5  -3  -3  -4  -5  -3  -1   1   1  12  19  17  -3
DST1104*20  X220   0  14   6   1  -3 -10 -22 -20 -21 -26 -20 -17 -14 -15 -17 -15 -17 -16 -13 -13 -13 -11  -6  -2   1 -11
DST1104*21  X220   0  -1  -5  -8 -11 -11  -8  -7  -8  -6  -4  -4  -3  -3  -2  -1   0   1   5   6   7   7   9  10  11  -1
DST1104*22  X220   0   7   0  -9  -9 -10  -7  -5  -6  -7  -8 -12 -13 -15 -14 -11 -10  -8  -8  -7  -7  -5  -2   0  -1  -7
DST1104*23  X220   0  -4 -14 -11  -8  -8  -7  -7  -7  -8  -9 -10 -10  -8  -4  -4  -5  -4   0   0   2   4   6  10  15  -4
DST1104*24  X220   0  13   6   0  -1  -4  -4  -2  -1  -1   1   0   2   5   8   7   3   0   0   0   1   0   0  -1  -2   1
DST1104*25  X220   0   0  -4 -10 -10 -11 -12  -9  -6  -8  -9 -11 -11  -8  -6  -6  -7  -9  -9  -8  -7  -5  -4  -1  -1  -7
DST1104*26  X220   0  -4  -8  -8  -6  -5  -5  -6  -7  -8  -7  -4  -5  -6  -8  -9  -7  -8  -8  -8  -6  -4  -2   0   1  -6
DST1104*27  X220   0   0  -2  -4  -3  -3  -3  -2  -4  -3  -3  -3  -4  -5  -4  -5  -6  -6  -7  -9  -8  -4  -3  -3  -2  -4
DST1104*28  X220   0  -2  -1   0   1   3   3   3   4   5   7   8   8   7   8   9  10   0  -4  -8  -9  -9  -8  -4  -1   1
DST1104*29  X220   0  -1  -2  -6  -7  -6  -6  -5  -5  -3  -3  -4  -4  -4  -4  -6 -10  -5   2   3  -3 -17 -18  -6  -5  -5
DST1104*30  X220   0  -9 -31 -32 -31 -25 -23 -22 -27 -23 -22 -20 -32 -37 -34 -35 -34 -36 -40 -45 -46 -43 -35 -40 -33 -31


DST1105*01  X220   0 -28 -30 -31 -31 -30 -29 -29 -28 -24 -20 -22 -20 -25 -33 -30 -30 -33 -32 -32 -32 -31 -30 -28 -22 -28
DST1105*02  X220   0 -24 -30 -35 -39 -40 -42 -47 -43 -43 -43 -40 -31 -33 -31 -30 -30 -29 -27 -32 -34 -34 -34 -30 -28 -35
DST1105*03  X220   0 -32 -35 -33 -36 -36 -32 -29 -25 -23 -23 -19 -16 -17 -18 -18 -21 -18 -19 -24 -29 -27 -24 -21 -19 -25
DST1105*04  X220   0 -19 -19 -20 -20 -19 -16 -13 -15 -16 -20 -18 -14 -14 -14 -14 -17 -19 -20 -22 -20 -21 -20 -21 -21 -18
DST1105*05  X220   0 -20 -19 -20 -18 -16 -19 -19 -21 -19 -17 -14 -13 -12 -13 -11 -13 -14 -15 -19 -21 -23 -24 -19 -16 -17
DST1105*06  X220   0 -16 -16 -15 -13 -10 -11 -12 -17 -19 -19 -16 -14 -14 -15 -14 -13 -10 -13 -14 -15 -15 -12  -9  -9 -14
DST1105*07  X220   0 -10  -9  -7  -3  -2  -5  -7  -9 -11  -9  -7  -6  -4  -8 -13  -9  -7  -6 -11 -13 -13 -10  -9  -6  -8
DST1105*08  X220   0  -6  -7  -8  -7  -8  -9 -10  -9  -9  -9  -9  -9  -8  -7  -8  -7  -5  -5  -4  -3  -5  -4  -4  -4  -7
DST1105*09  X220   0  -4  -5  -6  -8  -4  -1  -1   0   1   1  -1  -2  -2   0  -2  -4  -5  -5  -5  -3   0   2   2   1  -2
DST1105*10  X220   0   0   1   2   2   4   8   7   2  -4  -6  -1   3   1   1   8   3  -4  -3  -8 -13 -13 -12 -10  -9  -2
DST1105*11  X220   0  -9 -13 -15 -12  -9 -13 -14 -14 -10 -10  -8  -7  -7  -8 -10 -11 -12 -14 -17 -17 -14 -12  -6  -4 -11
DST1105*12  X220   0  -6 -10 -11 -11  -9  -9  -9 -10 -12 -12 -10  -8  -7  -4  -4  -3  -3  -3  -1   0  -2  -2  -1   0  -6
DST1105*13  X220   0   0   0   0  -2  -2  -5  -2   2   6   6   8  10   7   6   5   7   7   9  11  10   6   5   9  12   5
DST1105*14  X220   0  11   9   6   0  -4  -3  -1   1   2   3   3   2   3   4   4   8   6   4   4   6  10  12  18  22   5
DST1105*15  X220   0  15  10   8  13  14  11  12  14  15  15   9   9  12   9   8   5  -2  -8  -7  -8  -8  -8  -9 -11   5
DST1105*16  X220   0 -21 -20 -15 -12 -10 -10 -10  -9 -10  -9  -3   1  -9  -7  -6  -6 -10 -13 -16 -20 -22 -18 -13 -13 -12
DST1105*17  X220   0 -11 -10  -4  -3  -5  -5  -7  -8 -10 -14  -7  -3  -2  -4  -8 -12 -11 -11 -14 -16 -15 -17 -12 -10  -9
DST1105*18  X220   0  -8  -8 -10  -9  -4  -5  -5  -2  -2  -1   0   2   3   0   0   1  -7 -13 -14 -13  -8  -6  -4  -5  -5
DST1105*19  X220   0  -9  -9  -7  -5  -4  -3  -1  -2  -4  -3   0   1   0   1   3   2   2  -2  -5  -8  -9  -8  -5  -2  -3
DST1105*20  X220   0   0   0   0   0   2   0  -1  -1   2   2   3   4   3   0   1   1   2   2   3   1   1   0   2   3   1
DST1105*21  X220   0   0  -2  -1   0   4   8   6   7  10  11  12  13  10   7   6   6   5   2  -4  -7 -10  -8   2   6   3
DST1105*22  X220   0   2  -5  -8  -7  -7  -7   1   4   6   3   3   4   5   2   0  -1  -1  -6  -7  -9  -7  -4   1   3  -1
DST1105*23  X220   0   1  -2  -6  -3  -3   0   1   3   4   4   2  -1  -2  -5  -5  -3  -5  -6  -9 -13 -13 -10  -8  -8  -4
DST1105*24  X220   0  -8 -11 -10 -11 -11  -9  -5   0   1   3   5   5   4   2  -1   2   2   1  -1  -4  -5  -7  -7 -11  -3
DST1105*25  X220   0 -13  -7  -6  -5  -3  -3  -2   1   3   5   6   6   5   4   5   4   4   2   3   1   9   3   3  -4   1
DST1105*26  X220   0  -8  -7  -2   0  -2  -5  -5  -1   5   7   7   6   9  18  20  11  -3  -9 -11 -12 -15 -18 -15 -12  -2
DST1105*27  X220   0 -13 -12 -10  -8  -5  -7  -8  -2   2   1   1   1  -1  -5  -2  -1  -4 -15 -20 -26 -27 -32 -34 -33 -11
DST1105*28  X220   0 -31 -32 -33 -31 -27 -25 -21 -32 -41 -47 -74 -80 -71 -75 -80 -77 -74 -69 -64 -59 -54 -45 -54 -56 -52
DST1105*29  X220   0 -52 -45 -36 -31 -35 -48 -54 -52 -46 -38 -45 -52 -48 -44 -42 -39 -43 -44 -44 -45 -43 -46 -47 -44 -44
DST1105*30  X220   0 -44 -39 -35 -36 -38 -36 -30 -28 -24 -22 -22 -26 -30 -28 -25 -24 -25 -28 -32 -33 -30 -32 -27 -23 -30
DST1105*31  X220   0 -24 -23 -24 -27 -29 -28 -31 -28 -23 -24 -20 -19 -19 -19 -19 -17 -22 -22 -22 -27 -28 -31 -33 -31 -25


DST1106*01  X220   0 -25 -24 -22 -22 -25 -24 -18 -21 -18 -18 -15 -14 -14 -21 -24 -22 -22 -22 -23 -22 -21 -29 -34 -33 -22
DST1106*02  X220   0 -27 -23 -17 -17 -19 -25 -29 -30 -29 -27 -30 -34 -35 -35 -31 -30 -30 -26 -23 -28 -30 -27 -23 -21 -27
DST1106*03  X220   0 -19 -16 -18 -20 -20 -18 -16 -13 -13 -12 -11 -10 -12 -13 -12 -11 -10  -8  -7  -8 -10 -12 -14 -12 -13
DST1106*04  X220   0 -11  -9  -8 -10 -12 -14 -15 -13  -9  -7  -6  -5  -5  -4  -4  -1   0   2   3   5  13  37  24 -12  -3
DST1106*05  X220   0 -24 -25 -23 -43 -43 -45 -31 -21  14  17   1 -15 -29 -29 -39 -40 -37 -32 -28 -29 -27 -28 -22 -21 -25
DST1106*06  X220   0 -20 -21 -24 -21 -25 -32 -34 -27 -20 -21 -18 -16 -16 -17 -17 -17 -18 -19 -19 -19 -20 -20 -22 -23 -21
DST1106*07  X220   0 -23 -20 -16 -14 -15 -16 -14 -12 -13 -13 -12 -14 -14 -11  -8  -3  -3  -7  -3 -13 -19 -17 -16  -9 -13
DST1106*08  X220   0 -20 -36 -31 -38 -39 -38 -33 -29 -30 -31 -30 -29 -25 -32 -35 -33 -33 -31 -30 -31 -29 -32 -32 -30 -32
DST1106*09  X220   0 -28 -29 -32 -33 -36 -35 -33 -32 -31 -31 -27 -26 -27 -27 -29 -30 -27 -26 -26 -33 -34 -37 -37 -37 -31
DST1106*10  X220   0 -26 -22 -22 -23 -24 -24 -22 -18 -14 -10 -14 -18 -13  -8  -4  -5  -6  -5  -6 -10  -8  -8 -10  -4 -14
DST1106*11  X220   0   0  -1  -3 -11 -19 -26 -27 -23 -23 -15 -16 -22 -23 -26 -23 -21 -18 -16 -15 -17 -17 -19 -21 -21 -18
DST1106*12  X220   0 -20 -18 -16 -16 -16 -16 -15 -12 -15 -12 -12 -16 -15 -11 -10 -14 -13 -16 -16 -14 -10  -8  -7 -10 -14
DST1106*13  X220   0 -13 -13  -9  -7  -9 -11 -12  -6  -1   0   0  -4 -10 -13  -9  -8  -7  -8 -11 -10  -6  -5  -4  -3  -7
DST1106*14  X220   0  -4  -1   0  -2  -8  -6  -4   1  -2  -7  -2  -2  -1  -1  -1   0   3   2  -1  -4  -7  -6  -8  -8  -3
DST1106*15  X220   0  -7  -6  -2  -2  -5 -10 -13 -11  -8  -6  -9 -12 -11  -6  -4  -2   0   3   2  -3  -6  -6  -5  -2  -5
DST1106*16  X220   0  -2   2   2   1   1   0  -1  -1   1   3   2   0  -1  -4  -8 -10 -11  -9  -6  -7  -8  -7  -6  -5  -3
DST1106*17  X220   0  -3  -1   5  10   1  -5  -2   5  10  11  12  14  15  13   4  -2  -4  -4  -6  -9  -6   0  -1  -7   2
DST1106*18  X220   0 -12 -14 -14  -9  -7  -8 -11 -12 -10  -6  -5  -5  -2   0   1   0   0   0   0  -2  -2   0  -1  -5  -5
DST1106*19  X220   0  -6  -6  -4   0   2   1  -1  -5 -10 -10 -11  -9  -6  -4  -1   1   1   2   3   5   6   5   5   6  -2
DST1106*20  X220   0   5   0  -4 -10 -15 -15 -11  -7  -5  -5  -6  -6  -5  -3   2   6   8   7   3   4   4   1  -2  -1  -2
DST1106*21  X220   0  -3  -4  -4  -6  -7  -7  -4  -7  -6  -3   0  -2   0  -5  -7  -2   6   1  -6  -4  -1   0   2   0  -3
DST1106*22  X220   0   2   5   1  -6  -9 -12 -12 -12  -8  -6 -10  -8 -10 -10 -12 -11  -4  -8  -6 -10  -9  -4  -1  -3  -7
DST1106*23  X220   0 -14 -19 -11   5  -1  -9  -5  -5   0   1  -8 -11 -13 -16 -20 -27 -26 -19 -21 -23 -30 -25 -25 -26 -15
DST1106*24  X220   0 -21 -18 -18 -19 -17 -12 -13 -15 -12 -10 -10 -11 -12 -13 -15 -15 -13 -12 -15 -16 -18 -14  -8  -4 -14
DST1106*25  X220   0  -4  -8  -8  -5  -8 -11 -14 -14 -10 -12 -12 -14 -13 -10  -5  -1   1   1   0  -4  -7  -5  -4  -8  -7
DST1106*26  X220   0  -6  -4   1  -3 -10 -10  -8  -7  -8  -8 -10 -11 -14 -16 -15 -15 -14 -12 -10 -12 -11  -9 -10 -10 -10
DST1106*27  X220   0 -11 -11  -7  -5  -3  -2  -6 -10  -9  -7  -7  -8  -6  -6  -8  -9  -9  -9  -7  -6  -8  -9  -9  -7  -7
DST1106*28  X220   0  -4  -3  -2   2   5   4   2   1   0  -1  -2  -3  -5  -6  -4  -3  -1  -1  -3  -5  -5  -3   0   0  -2
DST1106*29  X220   0  -1  -2  -1   0   2   8   8   8   8   9   7   7   6   4   4   4   5   4   1   2   4   6   6   8   4
DST1106*30  X220   0  11  12  10   4   3   3   3   4   3   5   7   9   4   3   1   3   6   9   7   1  -1   1   1   1   5


DST1107*01  X220   0   1  -6 -13 -25 -32 -38 -41 -48 -39 -28 -27 -29 -33 -36 -37 -37 -33 -34 -33 -31 -27 -24 -21 -18 -29
DST1107*02  X220   0 -14 -14 -12 -10  -8  -6  -8  -9  -8  -5  -3  -3  -2  -3  -7 -10  -8 -10 -17 -24 -25 -22 -18 -13 -11
DST1107*03  X220   0 -10 -11 -15 -24 -30 -23 -18 -15 -12 -12  -9 -11 -11 -10 -10 -10 -11 -11 -12 -10 -12 -13 -13 -13 -14
DST1107*04  X220   0 -12  -7  -2   1  -3  -5  -8  -6  -8 -10 -10  -7  -8 -12 -14 -15 -12 -13 -18 -28 -32 -34 -46 -55 -15
DST1107*05  X220   0 -59 -54 -51 -50 -48 -41 -37 -34 -31 -29 -27 -25 -26 -26 -25 -24 -22 -25 -30 -31 -28 -31 -32 -34 -34
DST1107*06  X220   0 -32 -30 -28 -20 -20 -13 -16 -22 -23 -21 -18 -16 -16 -14 -15 -11 -12 -12 -15 -20 -19 -18 -16 -22 -19
DST1107*07  X220   0 -28 -24 -21 -16 -13 -11 -11 -12 -11 -12 -13 -13 -14 -14 -14 -13 -14 -15 -15 -15 -13 -10 -11 -15 -15
DST1107*08  X220   0 -20 -20 -18 -16 -13 -15 -16 -16 -13 -11 -11 -12 -14 -13  -8  -8  -7  -9  -9 -12 -12  -9  -9 -14 -13
DST1107*09  X220   0  -9  -2   0  -2  -8 -12  -6  -2  -3 -10  -9 -11  -6  -3  -5  -4  -9  -5  -8 -13 -15 -13 -11 -23  -8
DST1107*10  X220   0 -28 -20 -17 -18 -13  -8  -9 -15 -10  -7  -4  -1   1  -1  -2  -4  -7  -8 -11 -13 -10  -7  -8  -7  -9
DST1107*11  X220   0  -3  -1  -6  -2   1   2  -5  -9  -9   1  -7  -7  -5  -8 -11  -9  -6 -14 -21 -28 -28 -22 -18 -18 -10
DST1107*12  X220   0 -23 -23 -20 -13 -10 -11 -11 -11 -11 -11 -12 -15 -17 -18 -14 -14 -12 -12 -13 -14 -16 -14 -12 -10 -14
DST1107*13  X220   0 -13 -16 -17 -13  -9  -7  -7  -7  -6  -7  -6  -7 -10 -12 -13 -11  -8  -6  -7  -4  -2  -2  -2  -5  -8
DST1107*14  X220   0  -7  -7  -6  -4  -2  -4  -5  -7  -2  -2  -5  -4  -6 -10 -10 -10  -8  -9 -10 -12 -11 -11 -13 -11  -7
DST1107*15  X220   0 -13 -16 -17 -15  -4   9   8  10  11  11  13  12  12  11   9   9  10  10   5   0   2   5   5   5   4
DST1107*16  X220   0   0  -1   1   0  -4  -5  -2   0  -1   1   1   2   6   9  10   9   6   6   8   7   7   8   7   3   3
DST1107*17  X220   0   4   4   3  -2  -1   2   3   3   3   1   3   4   3   2   2   4   4   6   6   4   0  -8  -9  -2   2
DST1107*18  X220   0   1   2   0   3   5  -2  -3   0   3   0  -2  -1  -1  -2   1  -1  -3  -5 -11 -16 -13  -3   3  -2  -2
DST1107*19  X220   0  -6  -8  -7  -7  -1   3   1  -2   2   5   6   4   4   3  -1  -1  -6  -9  -8 -12 -11  -9 -19 -17  -4
DST1107*20  X220   0 -19 -19 -15 -11  -5  -8  -8  -9  -7  -8  -5 -10  -7 -12 -15 -15 -13 -17 -20 -20 -18 -17 -16 -14 -13
DST1107*21  X220   0 -17 -17 -21 -15 -14 -14 -12  -9  -6  -1   3   1  -4  -9  -9  -7  -9 -17 -21 -22 -22 -24 -23 -20 -13
DST1107*22  X220   0 -17 -17 -18 -17 -10  -7  -7  -9  -8  -7  -4  -2  -2  -2  -4  -7  -8 -10 -13 -12 -11 -10 -13 -10  -9
DST1107*23  X220   0 -10 -11  -6 -12 -14 -13 -10 -13 -13 -13 -14 -13 -14 -13 -16 -17 -16 -16 -14 -15 -12  -8  -6  -7 -12
DST1107*24  X220   0  -9 -10 -11 -10  -7  -6  -5  -5  -6  -5  -4  -3  -2  -3  -2  -1  -2  -7  -9  -9  -6  -5  -7  -4  -6
DST1107*25  X220   0   0   3   4   5   3  -4  -6  -7  -7  -3  -2 -12 -18 -15 -13 -13 -16 -20 -25 -28 -25 -22 -16 -11 -10
DST1107*26  X220   0 -12 -14 -15 -14 -10  -7  -6  -9  -9 -11 -12 -13 -15 -18 -18 -18 -17 -18 -22 -25 -20 -18 -17 -14 -15
DST1107*27  X220   0 -15 -15 -12 -10  -9  -8  -7  -8 -10  -8  -8 -10 -10 -10  -8 -11 -12 -10  -8  -7  -3  -1   1   3  -8
DST1107*28  X220   0   1  -4  -4   0   1   0   0  -1   1   2   1  -1  -1  -2  -3  -4  -3  -2  -1   0   3   4   4   5   0
DST1107*29  X220   0   4   1   1   4   7  10  12  10  11  12  14  12   8   8   0  -6  -9 -12 -10  -8  -4  -3  -5  -5   2
DST1107*30  X220   0  -4  -3   1   6  11  14  15  10   7   7   3   2   1   2  10   9   4   1   0 -11 -21 -35 -40 -31  -2
DST1107*31  X220   0 -28 -28 -26 -20 -18 -18 -25 -22 -19 -15 -20 -23 -19 -19 -17 -17 -19 -24 -24 -21 -21 -21 -20 -18 -21


DST1108*01  X220   0 -15 -16 -15 -15 -16 -11 -13 -18 -19 -16 -15 -15 -16 -15 -13 -13 -13 -12 -10  -9 -11 -16 -15 -14 -14
DST1108*02  X220   0 -16 -16 -13 -14 -15 -13 -10 -11 -10  -9 -10 -10  -9  -7  -7  -7  -5  -3  -4  -5  -7  -9  -6  -6  -9
DST1108*03  X220   0  -7  -9  -7  -5  -3  -2  -3  -3  -5  -6  -6  -4  -2   0   2   1   1  -1  -2  -5  -7  -7  -6  -2  -4
DST1108*04  X220   0   0   0  -1   0   1   1   3   1   2   1   0  -1  -2  -4  -4  -2  -3  -5  -6  -4  -3  -1  10   3  -1
DST1108*05  X220   0  -7 -11 -11 -12 -15 -13 -10  -8  -7  -7  -8  -9  -3  -1   0   1   1   1  16  25   1 -38 -82 -96 -12
DST1108*06  X220   0 -78 -90-104-115 -99 -84 -77 -75 -65 -60 -60 -66 -74 -71 -70 -71 -70 -65 -64 -60 -54 -56 -53 -47 -72
DST1108*07  X220   0 -50 -51 -54 -54 -51 -51 -50 -48 -47 -46 -45 -47 -50 -52 -50 -50 -45 -44 -41 -35 -35 -35 -37 -40 -46
DST1108*08  X220   0 -37 -34 -35 -37 -38 -39 -37 -32 -28 -31 -37 -41 -43 -40 -38 -35 -36 -37 -37 -37 -32 -29 -29 -33 -36
DST1108*09  X220   0 -35 -31 -28 -24 -24 -28 -28 -26 -24 -28 -28 -29 -29 -25 -20 -20 -24 -26 -25 -27 -28 -28 -26 -23 -26
DST1108*10  X220   0 -23 -24 -21 -19 -18 -20 -23 -21 -22 -20 -25 -25 -24 -21 -19 -19 -19 -19 -21 -20 -17 -18 -18 -19 -21
DST1108*11  X220   0 -19 -17 -16 -13 -11 -11 -12 -15 -18 -19 -20 -21 -21 -19 -15 -12 -12 -13 -14 -14  -8  -9  -7  -3 -14
DST1108*12  X220   0  -2  -5 -10 -14 -14 -14 -15 -15 -15 -16 -21 -22 -16 -12  -7  -7  -9 -10 -10 -12  -9  -9  -9  -7 -12
DST1108*13  X220   0  -5  -6  -9 -15 -17 -17 -14 -11  -9  -8  -9  -8  -9 -10 -12 -12 -12 -13 -14 -10  -2   2   0   2  -9
DST1108*14  X220   0   1   8   8   1  -6  -7  -7  -6   4  10   3  -2  -3  -3  -5 -10 -13 -18 -16 -15 -14 -11 -12  -6  -5
DST1108*15  X220   0 -10 -13 -14 -17 -17 -18 -21 -18 -19 -18 -23 -18 -15 -13 -12 -13 -12 -15 -20 -21 -21 -21 -20 -19 -17
DST1108*16  X220   0 -12  -8  -7  -6  -5 -14 -16 -14 -13 -17 -20 -21 -20 -21 -21 -22 -20 -20 -21 -21 -20 -23 -22 -19 -17
DST1108*17  X220   0 -18 -19 -16 -12 -12 -15 -12  -9  -7  -6  -8 -14 -20 -18 -15 -16 -15 -17 -15 -13 -11  -9  -7  -7 -13
DST1108*18  X220   0  -6  -5  -5  -5  -4  -5  -4  -3  -4  -4  -5  -7  -9  -8  -6  -7  -3   1   3   4   3  -1  -3  -4  -4
DST1108*19  X220   0  -2  -2  -3  -4  -4  -6  -6  -5  -3  -3  -5  -9 -10  -7  -7  -7  -7  -7  -7  -6  -3  -3  -5  -6  -5
DST1108*20  X220   0  -4  -3  -3  -5  -9  -9  -6  -6  -5  -2  -3  -3  -2   0  -2  -3   1   3   3   6  12  10   2   0  -1
DST1108*21  X220   0  -4  -4  -1   2   0  -1  -2  -2   0   0   1   3   5   2   1   0   0  -1  -2  -2  -1   0   0   0   0
DST1108*22  X220   0   0  -2  -1   0   1  -1  -2  -1  -6  -8  -8  -7  -6  -6  -4  -3  -1  -5 -15 -12  -5  -5  -7  -9  -5
DST1108*23  X220   0  -6  -3  -3  -1  -2  -1   1   1  -5  -5  -6  -3   0  -1   1  -1   0   0  -7  -3  -5  -2   1   0  -2
DST1108*24  X220   0  -9  -8  -6  -7  -8 -11 -11 -12 -13 -12 -12 -11 -14 -14 -13 -14 -13 -13 -10  -6  -2  -2  -4  -7 -10
DST1108*25  X220   0 -12 -14 -13 -13 -13 -14 -13 -12 -11 -10 -13 -15 -15 -15 -16 -13 -13 -17 -19 -20 -22 -20 -18 -13 -15
DST1108*26  X220   0 -10  -9  -9 -10 -12 -11 -11  -9  -8  -7  -6  -7  -9 -11 -11 -10 -11 -12 -13  -9  -6  -5  -5  -4  -9
DST1108*27  X220   0  -5  -6  -3  -3  -6  -7  -8  -6  -3  -1   0  -5  -9 -16 -20 -23 -24 -22 -18  -9  -5  -4  -6  -7  -9
DST1108*28  X220   0  -7  -9 -10 -10  -9  -9  -9  -9  -9  -8 -10  -9  -7  -6  -8 -12 -13  -9  -4  -5  -1   2   5   5  -7
DST1108*29  X220   0   2   0   0   1  -2  -4  -6  -5 -13 -14 -12 -14 -17 -21 -23 -23 -21 -16 -13 -10  -8  -5  -6  -8 -10
DST1108*30  X220   0 -10  -8  -5  -3  -3  -5  -5  -3  -5  -6 -10 -13 -12 -10 -10 -13 -14 -15 -16 -16 -12 -14 -13 -12 -10
DST1108*31  X220   0  -9  -5  -3  -4  -6  -6  -6  -7  -7  -6  -2   2   1   1   0  -3  -3  -1  -2  -2   1   3   4   1  -2


DST1109*01  X220   0  -1  -3  -4  -4  -6  -6  -7  -7  -6  -5  -4  -6   2   1  -1  -1   1   4   1  -2  -4  -5  -6  -7  -3
DST1109*02  X220   0  -4  -3  -1  -3  -5  -6  -4  -3  -3  -5  -5  -7  -8  -5  -7 -11 -12 -10  -9  -7  -2   2   5   7  -4
DST1109*03  X220   0   7   6   6 -11 -15 -18 -16 -10  -9 -15 -22 -18 -15  -8 -10 -19 -24 -22 -21 -19 -16 -11  -9  -9 -12
DST1109*04  X220   0 -12 -15 -16 -18 -23 -28 -29 -29 -28 -23 -18 -15 -15 -18 -21 -26 -26 -26 -27 -25 -21 -20 -19 -19 -22
DST1109*05  X220   0 -19 -17 -14 -12  -8  -9 -12 -14 -16 -13 -10  -6  -5  -9 -15 -26 -26 -31 -31 -27 -24 -18 -20 -20 -17
DST1109*06  X220   0 -19 -20 -22 -19 -17 -22 -27 -28 -29 -29 -22 -20 -20 -25 -26 -24 -23 -18 -16 -14 -11  -8  -5  -9 -20
DST1109*07  X220   0 -14 -15 -11  -9  -9 -12 -14 -14 -14 -13  -9  -7  -9 -12 -14 -13 -12 -12 -15 -13  -9  -9  -9  -9 -12
DST1109*08  X220   0  -9 -13 -14 -13 -14 -14 -13 -13 -13  -9  -7  -5  -4  -2  -1   0   0  -1  -2  -1   2   3   3   4  -6
DST1109*09  X220   0   3   0  -2  -2   1   0   0  -2  -2  -1  -3  -1  19  36  16   1 -40 -72 -66 -62 -49 -53 -58 -66 -17
DST1109*10  X220   0 -62 -71 -74 -74 -75 -74 -63 -51 -53 -51 -33 -21 -18 -17 -15 -16 -29 -31 -29 -22 -33 -47 -55 -53 -44
DST1109*11  X220   0 -50 -50 -46 -44 -42 -40 -38 -39 -39 -34 -31 -27 -25 -32 -36 -32 -27 -27 -26 -26 -24 -26 -31 -29 -34
DST1109*12  X220   0 -30 -35 -38 -44 -36 -29 -38 -38 -36 -28 -24 -23 -31 -25 -23 -22 -30 -43 -45 -36 -49 -53 -51 -40 -35
DST1109*13  X220   0 -36 -37 -40 -41 -41 -40 -36 -33 -36 -42 -38 -34 -32 -30 -32 -31 -30 -30 -29 -29 -27 -26 -25 -20 -33
DST1109*14  X220   0 -20 -18 -17 -17 -19 -21 -21 -20 -21 -20 -19 -21 -21 -21 -22 -22 -22 -25 -25 -22 -21 -18 -19 -19 -20
DST1109*15  X220   0 -19 -17 -15 -13 -13 -19 -23 -23 -21 -20 -19 -18 -19 -18 -18 -17 -16 -17 -18 -22 -22 -23 -29 -29 -20
DST1109*16  X220   0 -27 -23 -19 -17 -14 -15 -14 -14 -14 -15 -15 -15 -16 -18 -22 -22 -21 -18 -15 -15 -13 -13 -14 -16 -17
DST1109*17  X220   0 -16 -16 -15 -10   3  11  18  21  21 -12 -40 -47 -42 -41 -59 -72 -56 -57 -68 -69 -61 -54 -50 -47 -32
DST1109*18  X220   0 -46 -47 -45 -38 -35 -39 -38 -37 -35 -32 -30 -27 -28 -27 -30 -29 -28 -26 -27 -29 -30 -30 -30 -29 -33
DST1109*19  X220   0 -31 -31 -30 -27 -24 -22 -21 -23 -22 -17 -13  -9  -8  -8  -8 -10 -14 -14 -15 -15 -14 -13 -14 -15 -17
DST1109*20  X220   0 -16 -14 -14 -12 -17 -24 -24 -19 -19 -14 -14 -16 -17 -14 -15 -17 -18 -19 -20 -20 -24 -25 -22 -20 -18
DST1109*21  X220   0 -18 -18 -16 -14  -9  -5  -6  -8  -8  -8  -5  -8 -13 -16 -19 -17 -13 -16 -16 -13 -11 -10 -11 -14 -12
DST1109*22  X220   0 -15 -14 -13 -10  -7  -6  -7 -10  -9  -9  -9 -14 -14 -13 -10  -8  -8 -13 -19 -27 -29 -24 -21 -22 -14
DST1109*23  X220   0 -15 -11 -10  -9  -6  -4  -5  -5  -3  -1  -3  -5  -7  -6  -5  -4  -6  -8  -8  -9  -8  -9  -6  -3  -7
DST1109*24  X220   0  -1   1   3   4   1  -1  -2  -3  -3  -3  -3  -5  -8  -8  -6  -3  -4  -6  -9 -11 -12 -10  -7  -5  -4
DST1109*25  X220   0  -4  -2  -1  -1  -2  -3  -5  -7  -6  -5  -5  -4   2   1   2   3  -1   0  -5  -5  -4  -2   3   6  -2
DST1109*26  X220   0   7   9  12  12  12  10   8   7   7   7   4   7  23  25  17   7 -52 -82 -90 -78 -99-114-117-118 -24
DST1109*27  X220   0-102 -86 -70 -79 -77 -74 -68 -69 -77 -69 -63 -57 -51 -51 -48 -38 -36 -42 -38 -36 -33 -15 -14 -23 -55
DST1109*28  X220   0 -32 -42 -42 -34 -45 -56 -68 -63 -57 -53 -58 -54 -54 -55 -54 -49 -46 -45 -45 -41 -36 -36 -36 -36 -47
DST1109*29  X220   0 -37 -29 -50 -56 -40 -34 -30 -42 -44 -34 -34 -34 -35 -35 -31 -33 -32 -36 -37 -36 -37 -38 -39 -37 -37
DST1109*30  X220   0 -35 -32 -35 -33 -30 -29 -30 -31 -30 -27 -26 -25 -25 -24 -24 -23 -26 -26 -18 -13  -9  -6  -3   1 -23


DST1110*01  X220   0 -13 -18 -13 -19 -29 -41 -36 -35 -39 -37 -33 -28 -24 -26 -27 -27 -24 -20 -18 -13 -24 -30 -32 -25 -26
DST1110*02  X220   0 -20 -21 -20 -19 -17 -20 -24 -30 -33 -27 -26 -28 -32 -31 -26 -24 -23 -22 -20 -20 -25 -27 -24 -20 -24
DST1110*03  X220   0 -17 -18 -18 -14 -11 -12 -13 -15 -18 -23 -24 -23 -23 -20 -17 -21 -20 -20 -18 -19 -21 -20 -18 -21 -19
DST1110*04  X220   0 -23 -21 -19 -18 -17 -15 -14 -18 -22 -22 -20 -16 -14 -12 -18 -15 -17 -17 -20 -21 -21 -21 -16 -13 -18
DST1110*05  X220   0 -12 -12 -12 -14 -15 -12 -12  -6   0 -10 -18 -14 -17 -25 -43 -40 -26 -20 -20 -31 -20 -21 -25 -19 -19
DST1110*06  X220   0 -14 -11  -9 -14   0  -3  -7  -3  -2  -4  -3  -7  -9  -8 -11 -15 -19 -20 -21 -21 -22 -20 -20 -18 -12
DST1110*07  X220   0 -14 -11 -10  -3 -10 -16 -25 -33 -33 -29 -25 -25 -25 -26 -28 -28 -27 -27 -24 -21 -18 -17 -19 -17 -21
DST1110*08  X220   0 -15 -11 -10 -11 -12 -13 -10  -6  -3  -1  -1   2   5   8  10   8   4   5   3   0 -10  -6  -1 -10  -3
DST1110*09  X220   0 -17 -25 -24 -24 -25 -36 -42 -42 -41 -40 -42 -44 -39 -31 -30 -29 -26 -20 -16 -18 -17 -15 -20 -19 -28
DST1110*10  X220   0 -16 -16 -13 -13 -12  -8  -7  -7  -5  -3  -6  -8  -5  -5  -7 -11 -13 -13 -12 -13 -16 -13 -10  -7 -10
DST1110*11  X220   0  -6 -10 -10 -11  -8  -7  -4  -2   3   3   1   0  -2   0   3  -2  -5  -3  -5  -4  -4  -7  -5  -5  -4
DST1110*12  X220   0  -1   0   1  -2  -5  -5  -4  -8  -7  -3  -4  -4  -3  -3  -3  -4  -5  -4  -6  -9 -11  -8  -6  -5  -5
DST1110*13  X220   0  -3  -3  -7  -7 -12 -15 -17 -17 -19 -20 -19 -13 -12 -10  -9  -7  -6  -5  -4  -5  -7  -9 -10  -7 -10
DST1110*14  X220   0  -5  -3  -1   0  -1  -3  -4  -2  -1  -1  -2  -3  -4  -3  -1  -2  -2  -4  -6  -3  -1  -3  -3  -2  -3
DST1110*15  X220   0   1  -4 -15 -14 -10  -8  -8  -8  -7  -5  -3  -3  -4  -3  -7 -10  -7  -2  -4  -5  -5  -5  -4  -5  -6
DST1110*16  X220   0  -8  -8 -11 -19 -17 -11  -9 -10 -12 -11  -7  -6  -7  -7 -11 -11  -9  -7  -6  -4  -6  -8 -14 -18 -10
DST1110*17  X220   0 -22 -18 -13 -13 -11 -11 -10 -10  -9  -8  -8  -8  -9  -9  -8  -9  -9  -7  -6  -5  -5  -7  -8 -14 -10
DST1110*18  X220   0 -15 -12  -9  -6  -6  -9  -9  -6  -2  -2  -5  -4  -4  -5  -4  -5  -4  -4  -3  -6  -5  -4  -4  -2  -6
DST1110*19  X220   0   0   0  -4  -7 -11  -9  -8  -8  -9  -8  -8 -11 -11  -9  -9  -8  -7  -4  -9 -12 -10  -9  -9 -12  -8
DST1110*20  X220   0 -12 -15 -12  -9  -9 -12 -14 -13 -12 -12 -11 -11 -11  -9  -8  -9 -11 -12 -16 -19 -15 -12 -12 -12 -12
DST1110*21  X220   0 -16 -19 -17 -16 -17 -23 -24 -22 -21 -17 -15 -15 -14 -13 -13 -13 -13 -14 -13 -14 -15 -15 -16 -19 -16
DST1110*22  X220   0 -16 -14 -12 -11 -11 -12 -12  -9  -9  -8  -7  -6  -7  -6  -7  -6  -7  -9  -8  -7  -5  -4  -3   0  -8
DST1110*23  X220   0   3   5   5   3   3   2   3   2   1  -1  -4  -5  -7  -6  -6  -4  -1   4   8   7   6   6   4  -2   1
DST1110*24  X220   0  -9  -8  -7  -8  -7  -4  -6  -2  -3  -3   1   4   5   4   1  -1  -1   1  20  18   7   7 -22 -79  -4
DST1110*25  X220   0-121-147-126-127-131-134-131-117-101 -86 -79 -68 -62 -61 -59 -57 -59 -57 -60 -57 -59 -60 -58 -55 -86
DST1110*26  X220   0 -53 -51 -50 -49 -51 -54 -53 -52 -49 -47 -46 -45 -42 -39 -36 -34 -38 -41 -37 -37 -38 -42 -44 -43 -45
DST1110*27  X220   0 -43 -42 -42 -42 -43 -43 -44 -42 -39 -38 -36 -36 -36 -35 -34 -34 -34 -34 -34 -34 -36 -39 -36 -35 -38
DST1110*28  X220   0 -33 -30 -28 -28 -29 -28 -28 -26 -26 -25 -26 -25 -25 -23 -22 -20 -19 -18 -18 -20 -23 -25 -24 -24 -25
DST1110*29  X220   0 -24 -22 -21 -20 -19 -18 -17 -13 -12 -11 -12 -15 -16 -16 -17 -18 -18 -17 -15 -14 -16 -14 -12 -13 -16
DST1110*30  X220   0 -14 -13 -13 -14 -15 -15 -13 -11 -12 -11   0  -5 -14 -21 -17 -17 -29 -24 -23 -21 -22 -21 -19 -23 -16
DST1110*31  X220   0 -26 -25 -20 -15 -13 -11  -9 -11 -10 -14 -17 -15 -14 -15  -9  -8  -6   2   0 -13 -18 -24 -34 -39 -15


DST1111*01  X220   0 -39 -44 -43 -44 -45 -46 -48 -45 -41 -37 -43 -47 -57 -62 -65 -66 -56 -50 -46 -45 -41 -43 -42 -46 -48
DST1111*02  X220   0 -46 -44 -44 -42 -43 -46 -50 -50 -53 -54 -53 -58 -52 -49 -51 -52 -51 -45 -47 -45 -42 -36 -33 -33 -47
DST1111*03  X220   0 -36 -39 -38 -34 -33 -36 -35 -32 -29 -29 -27 -26 -28 -27 -27 -26 -27 -26 -25 -26 -28 -27 -27 -29 -30
DST1111*04  X220   0 -32 -34 -33 -30 -27 -26 -26 -23 -21 -21 -22 -24 -25 -25 -23 -22 -24 -22 -20 -23 -24 -27 -27 -35 -26
DST1111*05  X220   0 -39 -39 -40 -39 -37 -39 -37 -32 -28 -28 -28 -25 -22 -19 -18 -18 -19 -17 -18 -20 -23 -24 -22 -23 -27
DST1111*06  X220   0 -24 -24 -21 -16 -13 -11  -9  -6  -3  -1  -1   2   6   4   7   3   3   0  -1  -4  -7  -9  -2   0  -5
DST1111*07  X220   0  -1   0   1   3   2   5   4   3   1   0   1   0  -2   1   3   3   8   8   1  -1  -5  -4  -4  -3   1
DST1111*08  X220   0   1   0  -1  -2  -9 -11 -15 -17 -19 -13  -7  -7 -12 -16 -22 -24 -22 -20 -20 -20 -19 -17 -16 -16 -14
DST1111*09  X220   0 -17 -16 -15 -16 -16 -15 -13 -10  -9  -7 -10 -12 -13 -13  -9  -6  -6  -7  -9 -10 -11 -15 -15 -16 -12
DST1111*10  X220   0 -16 -16 -13 -10  -9  -8  -6  -5  -5  -3   0   2   4   3   1  -2  -5  -8 -10 -10 -10 -11 -12 -13  -7
DST1111*11  X220   0 -12 -10  -9 -10  -6  -5  -8  -7  -5  -7 -11  -9  -9 -10 -10  -9 -10 -10  -9  -9 -10 -11  -9 -10  -9
DST1111*12  X220   0 -11  -9  -8  -8  -7  -7  -1   2   7   8   7   1  -1   0   2  -3  -9 -13 -10 -10 -10  -9  -7  -8  -4
DST1111*13  X220   0 -10 -10 -10  -9  -9  -8  -7  -9  -7  -4  -3  -2  -1  -3  -5  -6  -6  -4  -2  -2  -2   0   1   1  -5
DST1111*14  X220   0   1   1   1   2   2   3   4   2   2  -1  -2   2   5   5   3   1   0   0   0   0  -2  -1   0  -1   1
DST1111*15  X220   0  -1  -1  -1  -2   0  -1  -3  -9 -13 -13 -16 -19 -19 -18 -19 -26 -27 -20 -15 -12 -12 -12  -8  -7 -11
DST1111*16  X220   0  -8 -10 -10  -7  -4  -4  -2  -2  -2  -5  -6  -7  -8  -7  -6  -4  -4  -2  -2  -4  -6  -7  -7 -10  -6
DST1111*17  X220   0 -11 -11 -10  -9  -7  -6  -6  -5  -5  -6  -8  -8  -7  -8  -7  -8  -9  -7  -3  -2  -6  -9  -9 -11  -7
DST1111*18  X220   0 -10 -12 -12 -14 -12 -10 -10  -9  -8  -7  -7  -7  -8  -7  -4  -6  -5  -4  -4  -4  -3  -3  -2  -2  -7
DST1111*19  X220   0  -1  -2  -2  -1  -1  -2  -3  -3  -2   1   2   2   0  -2  -2  -1  -2  -1   1   1   1   3   3   2   0
DST1111*20  X220   0   3   2   0   1   0   1   2   4   5   3   2   4   5   6   5   5   4   1  -1  -1   0   1   1  -2   2
DST1111*21  X220   0  -1  -2  -1  -2  -3  -8 -13 -15 -16 -13 -10  -6  -5  -8 -12 -15 -19 -20 -16 -11  -7  -3  -5  -1  -9
DST1111*22  X220   0   4   4   2  -6  -7  -7  -9  -6 -10 -10 -11  -9  -7 -10 -17 -17 -19 -18 -11  -7  -5  -1 -10 -11  -8
DST1111*23  X220   0 -14 -16 -23 -26 -24 -21 -20 -19 -20 -18 -15 -14 -14 -11 -11 -11 -12  -9  -7  -9  -9  -9 -14 -16 -15
DST1111*24  X220   0 -17 -16 -14 -10  -8  -8  -8 -10  -8  -5  -3  -5  -4  -9  -6  -7  -5  -4  -6 -11 -13 -12 -13 -18  -9
DST1111*25  X220   0 -20 -21 -21 -24 -22 -20 -20 -21 -18 -14 -14 -14 -14 -14 -12  -9  -6  -6  -5  -3  -1   0   1  -1 -12
DST1111*26  X220   0  -1  -4  -5  -5  -4  -5  -5  -5  -5  -7  -6  -6  -4  -5  -4  -7  -9  -7  -4  -1   2   1   3  -3  -4
DST1111*27  X220   0  -2  -1   0  -3  -6  -4  -7 -15 -17 -13 -11 -11 -12 -12 -13 -14 -19 -20 -14 -13 -15 -14 -14 -14 -11
DST1111*28  X220   0 -14 -13 -11 -10 -10 -10 -13 -11  -7  -8 -11 -14 -17 -16 -11  -7  -6  -6  -8  -9  -8  -4  11  -6  -9
DST1111*29  X220   0 -11  -8  -3  -8  -6   2 -12 -19 -23 -25 -22 -22 -24 -22 -15 -13 -10  -8 -14 -17 -17 -16 -13 -11 -14
DST1111*30  X220   0 -18 -15 -10 -13 -12 -12 -11 -12 -12 -10 -25 -38 -33 -32 -33 -37 -36 -37 -41 -38 -32 -31 -24 -23 -24


DST1112*01  X220   0 -24 -30 -30 -27 -23 -22 -22 -24 -22 -21 -24 -24 -23 -23 -21 -19 -18 -18 -17 -19 -18 -16 -13 -13 -21
DST1112*02  X220   0 -14 -15 -16 -14 -13 -14 -16 -13  -9  -6  -7  -9 -11  -7  -5  -4  -7   1   5   0  -7  -8 -11 -11  -9
DST1112*03  X220   0 -13 -12 -14 -13 -10  -9 -15 -23 -28 -30 -34 -25 -22 -21 -20 -21 -17 -16 -11 -11 -10  -7  -9 -11 -17
DST1112*04  X220   0  -7  -3  -3  -6 -10 -11 -15 -16 -17 -19 -20 -23 -21 -20 -18 -15 -14 -10  -7  -4  -4  -6  -5  -7 -12
DST1112*05  X220   0  -6  -7 -10 -12 -11 -12 -12 -11  -8  -7  -9 -11  -8  -6  -6  -6  -3  -2  -1  -2  -4  -5  -5  -6  -7
DST1112*06  X220   0  -6  -7  -6  -5  -4  -3  -4  -5  -3  -2  -3  -4  -1   0   2   4   4   1   0  -1   2   5   5   3  -1
DST1112*07  X220   0   2   1  -2  -5  -5  -5  -5  -6  -5  -4  -3  -1  -1  -1  -1   1   5   6   6   7   9  10  12  12   1
DST1112*08  X220   0   7   4   7   8  10  11  10  10  13  12   6   5   4   8  10   8   6   2   0   2   7   9  10  11   8
DST1112*09  X220   0   9   5   3   2   1   0  -2  -3   1   1   5   8   5   0  -1  -2  -6  -5   0   6   8   9  11   3   2
DST1112*10  X220   0  -8 -12  -9  -6  -3  -8 -16 -20 -28 -26 -23 -22 -19 -17 -13 -10  -9  -7  -7  -7  -5 -14 -12  -8 -13
DST1112*11  X220   0  -4  -9  -9  -7  -5  -5 -10 -14 -12 -18 -18 -14 -13 -10  -6  -2  -6  -5  -4  -2  -1   1   1   0  -7
DST1112*12  X220   0  -2  -5  -5  -5  -4  -6  -7 -10  -9  -8 -10  -8  -8  -6   1   4   1  -5  -6  -3  -1  -1   1   0  -4
DST1112*13  X220   0  -3  -4  -7  -8  -8  -7  -8 -10  -8  -8  -9 -10 -12  -9  -6  -4  -3  -1   2   2   0  -1   1   4  -5
DST1112*14  X220   0   3   2  -2  -3  -1  -1  -4  -4  -4  -5  -6  -7  -8  -7  -4  -1  -1  -3  -4  -4  -2   0   0  -1  -3
DST1112*15  X220   0  -4  -7  -6  -3  -2  -3  -4  -6  -7  -8  -9  -7  -6  -6  -4  -3  -3   0   0   0   1   0   0  -1  -4
DST1112*16  X220   0   0  -2  -2  -2  -3  -3  -4  -3  -2  -2  -3  -3  -1   0  -1   1   3   5   6   5   4   5   5   4   0
DST1112*17  X220   0   5   4   1   1   2   4   7   7   5   3   0   0   0  -1   0   2   2   2   3   3   4   5   4   3   3
DST1112*18  X220   0   1   1   2   3   4   3   2   2   2   0   0   0   1   2   3   6   8   9  12  22  24  22  20  16   7
DST1112*19  X220   0  11   8   9   8   5  11  10   7   8   9  10  12   8   2   4   7   3  -2  -1   2  13  16  15   6   8
DST1112*20  X220   0   2  -1  -2  -1   1  -1  -3  -1  -1   1   0   1  -1  -2  -2   2   4   6   2   4   2  -6  -6  -9   0
DST1112*21  X220   0 -13 -14  -9  -9  -8  -4  -2   0   2   4   7   2  -3  -6  -4  -2  -3  -4  -6  -8  -8  -5  -8 -13  -5
DST1112*22  X220   0 -17 -18 -18 -15 -13 -12 -11  -8  -6  -5  -6  -5  -6  -6  -7  -8 -12 -13 -11  -8  -9  -8  -8 -10 -10
DST1112*23  X220   0 -11 -10  -8  -7  -7  -6  -5  -3  -3  -4  -4   1   2   0  -3  -5  -6  -2   1   3   4   6   6   7  -2
DST1112*24  X220   0   6   6   5   2   1   0  -2  -5  -4  -3  -3   1   3   3   4   4   2   1   1   1   2   0  -4  -4   1
DST1112*25  X220   0  -1   0  -2  -5  -7  -5  -4  -4  -1   1  -1   0   1   1   3   4   3   3   2  -1  -2  -1  -2  -2  -1
DST1112*26  X220   0  -2  -1   1   0  -1  -1  -1   0   0  -1   1   3   3   0   1  -3  -5  -2   0   1  -1  -2  -2  -2  -1
DST1112*27  X220   0   1   5   7   7   7   5   4   7  10  12  14  17  15  13  12  12  10   7   8   9   8   7   8   8   9
DST1112*28  X220   0   8   7   7  10  11  11  15  14  14  12  14  23  29  27  29  33  32  27  21  16  11   5   3   2  16
DST1112*29  X220   0   5  10  14  17   8   4   2   7  11   8   7  10  11   7   7   2   4   6   9   7   0  -4  -6 -15   5
DST1112*30  X220   0 -16 -13  -9  -3   3   7   6   4   4   3   1   2   6  13  17  12  -1 -16 -20 -16 -13  -7 -11 -15  -3
DST1112*31  X220   0 -23 -24 -19 -13  -9  -7 -11 -14 -15 -15 -12 -13 -10  -9  -8 -12 -11 -11 -12 -11 -12  -8 -10 -15 -13


DST1201*01  X220   0  -8  -3  -4  -5  -9  -7  -6 -10  -7  -3  -6  -8  -8  -7  -5  -8  -7  -2   2   2  -3  -5  -3  -3  -5
DST1201*02  X220   0  -5  -4   3   5   3   3   4   7   8   7   5   0   0   0   1   8  10  10  14  12  11   7   8   1   5
DST1201*03  X220   0  -7 -14 -18 -23 -25 -28 -29 -30 -32 -35 -35 -30 -26 -23 -20 -20 -20 -19 -16 -15 -15 -18 -19 -17 -22
DST1201*04  X220   0 -17 -15 -13 -13 -13 -14 -13 -13 -12 -10  -8 -10 -12  -9  -8  -7  -5  -6  -5  -4  -3   0  -1  -1  -9
DST1201*05  X220   0  -3  -1   0   0   2   2   3   2   2   1  -4  -6  -4  -2   1   2   7   7   3   3   8   9  10  15   2
DST1201*06  X220   0  12  10  10   7   4   7   6   4   1   1   0  -2  -2   0   2   4   1  -3  -1   2   1   0  -3  -3   2
DST1201*07  X220   0  -5  -1   1   0   1   0   1   1  -2  -6  -9  -7  -3  -1  -1  -1  -5  -6  -5  -4  -5  -4  -4  -4  -3
DST1201*08  X220   0  -2  -2  -4  -5  -8  -8  -6  -1  -2  -4  -4  -3  -4  -4  -2   1  -2  -2  -1  -4  -6  -7  -2   4  -3
DST1201*09  X220   0   8   9  10   7  -3  -6  -4  -2   2   2  -2  -1   5   6   9   9   4  -3  -3  -2  -4  -7  -4  -1   1
DST1201*10  X220   0   2   4   7   4   3   2   2   4   1  -6 -10  -9  -5  -4   2   7   2  -3  -2  -1  -1   0  -1   0   0
DST1201*11  X220   0   1   3   3   2  -1   0   1   3  -1  -2  -4  -1   3   5   7   7   3   0  -2  -1   1   3   2   2   1
DST1201*12  X220   0   3   4   8  10  11   9   8   7   5   4   2   5   4   2   9  15  14  16  27  27  17  10   9  12  10
DST1201*13  X220   0  10  14  16  11   8   6   8   5   4   3   3   5   5   3   6  11  10   6   2   1   0  -2  -3  -4   5
DST1201*14  X220   0  -3  -1   1   0  -1  -2  -3  -2  -2   1   3   4   4   4   5   3   2   0   1   2   1   0   0  -1   1
DST1201*15  X220   0   0   2   2   5   7  11  12   7   4   1   2   3   7   8   9   4   8  11  12   8   6   2   1   5   6
DST1201*16  X220   0   6   2   4   5   5  10  13  16  12  10   8  -8 -10  -8  -7 -14 -11  -7  -7 -13 -19 -14 -11 -10  -2
DST1201*17  X220   0 -14 -20 -17 -13 -12  -8  -6  -6  -7 -10 -14 -13 -10  -6  -1  -2  -1  -1  -2  -6  -8  -5  -5  -6  -8
DST1201*18  X220   0  -7  -3   2   2  -2  -1  -1  -2  -3  -4  -3  -5  -5  -6  -4  -5  -4  -2  -1  -2  -5  -5  -6  -5  -3
DST1201*19  X220   0  -3  -4  -5  -4  -4  -1   1   1   1   2   1   4   3   2   2   3   4   4   2   3   4   3   0   0   1
DST1201*20  X220   0  -3  -4   2   7   6   3  -1  -1  -2   1   2   2   2   4   7  10  12  10   4   0  -5  -2   2   3   2
DST1201*21  X220   0   0  -3  -6  -5  -9  -6  -8  -9 -10  -9  -7  -2   3   5   7  10  14  16  10   7   9   9   8  14   2
DST1201*22  X220   0  20  18  16  14  17  20  46  57  48  11  16   0 -18 -18  -7  -7  -9 -32 -50 -55 -63 -70 -68 -63  -7
DST1201*23  X220   0 -67 -66 -68 -70 -69 -71 -65 -66 -62 -57 -52 -46 -41 -36 -32 -29 -29 -31 -33 -34 -33 -28 -25 -26 -47
DST1201*24  X220   0 -27 -29 -31 -34 -37 -33 -31 -33 -34 -33 -29 -26 -22 -20 -23   9   0 -12 -25 -44 -41 -39 -43 -40 -28
DST1201*25  X220   0 -30 -23 -24 -21 -27 -23 -28 -34 -35 -56 -75 -73 -61 -52 -50 -44 -43 -46 -43 -42 -41 -40 -41 -40 -41
DST1201*26  X220   0 -37 -32 -29 -31 -29 -26 -21 -21 -25 -30 -37 -33 -32 -33 -31 -29 -31 -31 -32 -33 -35 -35 -32 -31 -31
DST1201*27  X220   0 -30 -28 -27 -25 -26 -29 -27 -26 -21 -22 -25 -29 -26 -28 -26 -20 -17 -17 -18 -16 -17 -14 -14 -15 -23
DST1201*28  X220   0 -13 -14 -15 -14 -14  -8  -7  -4  -6  -9 -14 -14 -12  -8 -10 -11 -11  -9 -10 -12 -17 -19 -22 -28 -13
DST1201*29  X220   0 -22 -17 -19 -21 -20 -16 -16 -16 -16 -17 -20 -18 -14 -12 -10  -8 -10 -13 -15 -16 -15 -13 -14 -14 -16
DST1201*30  X220   0 -13 -11 -10  -8  -6  -7  -6  -4  -4  -5  -8 -10 -11  -9  -7  -8  -2  -5 -15 -19 -14 -12 -13 -14  -9
DST1201*31  X220   0 -15 -17 -16 -10  -8  -7  -7  -6  -6  -6  -5  -3  -1  -1  -3  -7  -8  -8  -5  -1  -1   4   7   9  -5


DST1202*01  X220   0   8   5  -2  -4  -3  -3  -3 -10 -19 -22 -20 -15 -14 -14 -10  -7  -4  -1   0   3   8  11  16  19  -3
DST1202*02  X220   0  18  14   6   1  -4  -8  -9  -8  -8 -10 -12 -12 -12 -10  -8  -5  -3  -2   0   2   2  -1   0   0  -3
DST1202*03  X220   0   1   3   3   0  -2  -7 -10  -8  -5  -5  -8 -11 -17 -17 -16 -10  -6  -5  -5  -6  -7  -5  -2   0  -6
DST1202*04  X220   0   1   3   2  -2  -4   0  -5 -16 -24 -29 -25 -25 -25 -18 -18 -16 -15 -14 -14 -14 -13 -14 -11 -12 -13
DST1202*05  X220   0 -13 -13 -15 -16 -14 -14 -11 -15 -18 -20 -17 -19 -19 -18 -16 -15 -14 -11  -9  -8 -13  -8  -4  -3 -13
DST1202*06  X220   0  -2  -4  -8 -10  -8  -4  -2  -5  -6  -5  -5  -4  -5  -5  -4  -6  -8 -15 -15 -20 -23 -22 -18 -14  -9
DST1202*07  X220   0 -12 -13 -14 -16 -21 -20 -18 -18 -16 -20 -22 -21 -14 -15 -14 -17 -22 -16 -11 -13 -26 -26 -24 -21 -18
DST1202*08  X220   0 -16 -21 -23 -22 -22 -23 -24 -24 -19 -20 -23 -22 -22 -22 -19 -19 -18 -19 -15 -16 -15 -13 -11 -13 -19
DST1202*09  X220   0 -12 -12 -11  -8  -9  -8  -8  -7 -10 -12 -10 -12  -9  -1  -5   0  -2  -6  -9 -14 -11  -7  -6  -8  -8
DST1202*10  X220   0  -8  -8  -7  -5  -5  -4  -5  -9 -11  -9  -7  -5  -4  -5  -4  -4  -3  -1   0  -5 -10 -11 -10  -8  -6
DST1202*11  X220   0  -9  -8  -5  -5  -5  -3  -4  -6  -6  -7  -7  -7  -8  -5  -2  -3  -4  -3  -1  -1  -2  -3  -1   1  -4
DST1202*12  X220   0   1  -2  -2  -1   1   4   5   3   6  11  10   5   3   2   0  -1   1  -2  -5  -4  -3  -1   0  -2   1
DST1202*13  X220   0  -7  -9  -7  -2   0   5   7   4  -4 -11 -11  -9 -12 -24 -29 -30 -29 -23 -12 -12  -4  -3  -8 -10 -10
DST1202*14  X220   0  -7 -11 -14 -17 -19 -18 -16 -14 -11  -8  -7  -7  -6  -6  -9 -20 -26 -33 -35 -30 -30 -32 -38 -33 -19
DST1202*15  X220   0 -31 -33 -38 -47 -52 -54 -60 -55 -51 -58 -59 -63 -64 -61 -62 -62 -67 -67 -63 -59 -52 -52 -57 -55 -55
DST1202*16  X220   0 -49 -43 -40 -37 -32 -29 -26 -28 -28 -23 -20 -21 -15 -14 -15 -14 -16 -18 -17 -17 -16 -19 -19 -20 -24
DST1202*17  X220   0 -22 -19 -17 -16 -15 -15 -14 -12  -8  -8  -7  -3  -2  -2  -4  -4  -4  -4  -3  -3  -5  -7  -8  -9  -9
DST1202*18  X220   0  -9  -7  -5  -4  -4  -4  -2   0   2   0  -4   1   4   2   0  -2  -1   4   6   8   9   0  -5 -13  -1
DST1202*19  X220   0 -30 -38 -48 -59 -63 -58 -56 -52 -50 -48 -43 -39 -37 -34 -32 -27 -30 -32 -32 -29 -26 -21 -21 -21 -39
DST1202*20  X220   0 -28 -32 -31 -24 -15 -16 -28 -31 -33 -32 -31 -25 -31 -33 -35 -35 -34 -31 -27 -30 -29 -29 -33 -35 -30
DST1202*21  X220   0 -35 -33 -33 -36 -31 -28 -29 -27 -24 -21 -17 -14 -13 -13 -14 -16 -17 -16 -17 -16 -15 -13 -12 -11 -21
DST1202*22  X220   0 -10 -10  -1  -6 -10  -4   1  -5 -21 -17 -12 -11 -10 -10 -11 -11 -13 -12 -11 -11 -10 -10 -10 -13 -10
DST1202*23  X220   0 -14 -13 -11  -9  -9  -8  -9  -8 -11 -11 -11 -10 -10  -9  -7  -7  -8  -7  -5  -3  -5  -6  -8  -9  -9
DST1202*24  X220   0  -6  -3  -6 -12 -12 -10  -6  -6  -5  -7  -7  -7  -8  -5  -3  -3  -5  -5  -1  -3  -1  -1  -1   0  -5
DST1202*25  X220   0   0   1   0   1   1  -3  -4  -3  -1  -1  -4  -3   0  -1  -3   1   3   0  -6  -5  -3  -3  -8 -12  -2
DST1202*26  X220   0 -14 -12 -10 -10  -8  -6  -3  -2  -6  -6  -5  -6 -12 -11  -6  -3  -3  -4  -3  -3  -4   1  11   6  -5
DST1202*27  X220   0   6   2  -9  -8  -3   2   6   6   5   8   1   0  12   1  -3 -11 -29 -38 -35 -57 -54 -44 -39 -39 -13
DST1202*28  X220   0 -37 -34 -31 -28 -30 -28 -26 -33 -39 -29 -27 -25 -23 -26 -29 -23 -21 -28 -27 -26 -27 -23 -30 -29 -28
DST1202*29  X220   0 -32 -35 -34 -21 -16 -17 -22 -17 -19 -13 -13 -12 -13 -15 -15 -15 -14 -12 -10 -11 -11 -13 -13 -11 -17


DST1203*01  X220   0 -10  -9  -8  -2 -10 -20 -16  -8   6   0  -7 -14 -21 -24 -21 -20 -19 -24 -30 -34 -32 -36 -37 -44 -18
DST1203*02  X220   0 -50 -54 -53 -46 -40 -38 -33 -30 -23 -21 -22 -23 -22 -27 -27 -26 -23 -26 -29 -24 -24 -20 -18 -23 -30
DST1203*03  X220   0 -30 -34 -34 -32 -34 -35 -39 -39 -32 -21 -20 -22 -23 -26 -27 -28 -24 -20 -18 -19 -25 -32 -33 -40 -29
DST1203*04  X220   0 -45 -50 -50 -45 -39 -34 -30 -29 -27 -22 -20 -16 -19 -19 -20 -23 -28 -34 -38 -37 -33 -31 -26 -27 -31
DST1203*05  X220   0 -30 -32 -33 -33 -35 -34 -33 -31 -26 -19 -20 -21 -21 -20 -24 -28 -28 -26 -23 -21 -24 -33 -42 -44 -28
DST1203*06  X220   0 -42 -39 -35 -33 -32 -29 -28 -27 -29 -19 -11 -12 -16 -19 -23 -21 -11 -11 -19 -22 -20 -20 -18 -14 -23
DST1203*07  X220   0 -10 -17 -21 -20 -19 -47 -83 -86 -84 -88 -82 -79 -66 -62 -72 -85 -84 -71 -61 -66 -68 -63 -57 -55 -60
DST1203*08  X220   0 -48 -42 -37 -36 -38 -37 -35 -35 -35 -33 -27  22  15   0 -16 -33 -40 -44 -37 -28 -35 -46 -53 -47 -31
DST1203*09  X220   0 -45 -27 -35 -57 -83 -81 -92-128-145-123-125-114-125-132-124-130-113-105 -98 -98 -99 -95 -90 -82 -98
DST1203*10  X220   0 -78 -80 -81 -79 -70 -79 -80 -73 -69 -74 -73 -67 -69 -68 -69 -65 -61 -60 -55 -56 -60 -61 -62 -64 -69
DST1203*11  X220   0 -64 -62 -59 -57 -53 -47 -47 -50 -50 -46 -39 -37 -36 -21 -18 -17 -21 -22 -28 -34 -44 -42 -44 -41 -41
DST1203*12  X220   0 -40 -38 -33 -30 -29 -29 -25 -25 -27  -7  -4 -16 -43 -42 -33 -45 -64 -63 -54 -52 -55 -51 -51 -50 -38
DST1203*13  X220   0 -49 -51 -47 -45 -46 -48 -46 -44 -43 -42 -37 -38 -40 -37 -37 -36 -35 -32 -29 -37 -41 -41 -42 -44 -41
DST1203*14  X220   0 -43 -44 -40 -40 -36 -36 -39 -37 -37 -34 -31 -28 -32 -35 -37 -35 -36 -38 -40 -39 -41 -41 -40 -39 -37
DST1203*15  X220   0 -37 -40 -45 -45 -40 -36 -33 -35 -34 -27 -23 -24 -31 -20 -17 -34 -52 -68 -79 -87 -88 -71 -75 -67 -46
DST1203*16  X220   0 -59 -55 -49 -51 -56 -60 -56 -53 -55 -52 -50 -48 -43 -41 -41 -43 -42 -42 -40 -46 -48 -46 -56 -64 -50
DST1203*17  X220   0 -69 -63 -52 -51 -56 -57 -54 -44 -36 -42 -40 -34 -29 -28 -30 -31 -34 -35 -36 -39 -38 -45 -41 -37 -43
DST1203*18  X220   0 -35 -46 -54 -52 -50 -44 -42 -45 -46 -43 -38 -33 -34 -33 -35 -35 -36 -39 -37 -38 -39 -38 -37 -37 -40
DST1203*19  X220   0 -33 -23 -19 -26 -41 -39 -35 -33 -38 -38 -32 -31 -30 -28 -28 -28 -29 -34 -37 -37 -39 -38 -31 -29 -32
DST1203*20  X220   0 -31 -30 -27 -26 -26 -26 -26 -24 -24 -24 -24 -23 -20 -19 -16 -16 -18 -20 -22 -24 -25 -25 -25 -25 -24
DST1203*21  X220   0 -25 -21 -15 -14 -16 -18 -19 -19 -20 -17 -16 -17 -18 -16 -14 -11 -10 -11 -13 -16 -19 -20 -18 -14 -17
DST1203*22  X220   0 -11 -12 -14 -17 -20 -20 -17 -17 -18 -14 -12 -10  -9  -9  -8  -5  -5   0   0  10   5 -16 -27 -33 -12
DST1203*23  X220   0 -32 -30 -28 -28 -31 -30 -24 -18 -14 -12 -10  -9 -12 -14 -14 -12 -12 -14 -13 -10  -7  -2   3   4 -15
DST1203*24  X220   0   5   4   5   4  -2 -10 -19 -25 -19 -19 -15 -16 -19 -21 -19 -19 -21 -19 -18 -17 -16 -12 -10  -9 -13
DST1203*25  X220   0  -8  -8  -6  -4  -5  -8 -11 -16 -16 -16 -18 -17 -14 -15 -15 -13 -11  -9  -8  -8 -10 -10  -8  -6 -11
DST1203*26  X220   0  -4  -3  -5  -9  -9  -8  -9 -11  -8  -6  -6  -5  -3  -1  -1   2   1  -2  -1  -1   0   3   3   3  -3
DST1203*27  X220   0   4   3   0  -9 -15 -14  -9  -4   2   1  -7 -18 -23 -25 -25 -34 -39 -38 -34 -35 -39 -42 -53 -49 -21
DST1203*28  X220   0 -49 -49 -50 -56 -68 -68 -63 -52 -45 -43 -40 -43 -49 -47 -43 -42 -40 -38 -35 -33 -32 -25 -20 -18 -44
DST1203*29  X220   0 -16 -15 -16 -18 -20 -18 -15 -11 -12 -12 -11 -12 -14 -17 -18 -17 -16 -15 -13  -9  -5  -8 -14 -16 -14
DST1203*30  X220   0 -16 -13 -15 -15 -12  -6  -4  -5  -9 -11 -10  -9  -8  -9 -10 -10 -10  -9  -7  -5  -5   0   5   5  -8
DST1203*31  X220   0   3   1   0  -2  -3  -3  -2  -5  -5  -4  -3   0  -1  -1   0  -2  -3  -1   5   1   2   3   7   6   0


DST1204*01  X220   0   4   1  -1  -6  -4  -7  -1   0   2   0  -8  -7 -11 -13 -15 -21 -23 -24 -24 -27 -26 -24 -25 -30 -12
DST1204*02  X220   0 -33 -33 -32 -30 -29 -26 -22 -14 -11 -13 -18 -24 -25 -26 -26 -24 -28 -32 -37 -41 -42 -41 -38 -37 -28
DST1204*03  X220   0 -34 -30 -30 -30 -28 -25 -24 -23 -20 -18 -17 -18 -18 -14 -14 -20 -21 -19 -17 -17 -15 -17 -19 -20 -21
DST1204*04  X220   0 -17 -15 -10 -14 -17 -15 -10  -8  -5  -2  -2   2   3   3  -1  -3  -8 -11 -13  -9 -10 -13 -19 -22  -9
DST1204*05  X220   0 -24 -23 -24 -30 -39 -49 -58 -64 -59 -50 -54 -53 -49 -40 -39 -40 -40 -33 -25 -20 -22 -29 -29 -22 -38
DST1204*06  X220   0 -19 -13 -14 -14 -14 -16 -15 -13 -12 -10 -10 -11 -10  -8  -7  -5  -4  -1  -2  -2  -5  -9  -9 -12 -10
DST1204*07  X220   0 -12  -9 -10 -12 -18 -26 -28 -34 -37 -38 -40 -38 -30 -25 -24 -24 -23 -20 -18 -17 -18 -18 -17 -18 -23
DST1204*08  X220   0 -16 -17 -16 -15 -16 -15 -13 -13 -12 -15 -16 -19 -17 -14 -13 -13 -13 -11 -11 -11  -9 -10 -11 -12 -14
DST1204*09  X220   0 -10  -8  -9 -10 -10  -8  -6  -5  -7  -6  -6  -4  -3  -3  -5  -6  -7  -6  -4  -5  -6  -4  -3  -4  -6
DST1204*10  X220   0 -12 -16 -13  -8  -7  -9 -10 -11 -10  -7  -3  -4  -5  -6  -3  -5  -4  -8  -5  -4  -4  -4  -7  -6  -7
DST1204*11  X220   0  -2   4   7  13  12  14  15  15  10  -1  -5  -6  -5  -1   0  -4  -5  -2  -2   0   1  -3  -6  -2   2
DST1204*12  X220   0   5   8   9  10   4 -12 -17  -5  -1  -5  -8  -9  -8  -5  -6  -4 -11 -22 -23 -25 -32 -32 -40 -43 -11
DST1204*13  X220   0 -48 -41 -39 -55 -60 -60 -53 -43 -39 -37 -38 -35 -33 -30 -27 -26 -26 -23 -21 -23 -24 -28 -30 -25 -36
DST1204*14  X220   0 -26 -24 -22 -23 -24 -25 -23 -24 -24 -20 -19 -20 -20 -21 -20 -23 -22 -22 -22 -22 -21 -21 -19 -17 -22
DST1204*15  X220   0 -17 -13 -12 -13 -11  -9  -8  -7  -6  -5  -6  -6  -4  -3  -7  -8  -8  -9 -12 -13 -16 -15 -14 -11 -10
DST1204*16  X220   0 -12 -11 -11  -9  -9  -8  -6  -3  -1  -1  -3  -4  -4  -7  -7  -9 -11 -14 -14 -11  -8  -8 -10  -8  -8
DST1204*17  X220   0  -6  -5  -3  -2  -3  -3  -5  -8 -10  -8  -4  -5 -16 -18 -18 -14 -12 -16 -27 -32 -30 -20 -14 -13 -12
DST1204*18  X220   0 -14 -15 -18 -25 -27 -28 -25 -16 -13 -11 -12 -15 -20 -24 -26 -29 -27 -24 -24 -20 -16 -14 -12  -9 -19
DST1204*19  X220   0  -8  -6  -6  -9 -13 -13 -10 -11 -12 -10 -10 -11 -12 -12 -12 -12 -10  -8  -5  -7 -13 -18 -15  -8 -10
DST1204*20  X220   0  -1   1  -1  -4 -14 -20 -21 -19 -12 -16 -19 -19 -17 -13 -13 -16 -14 -12 -13 -12 -12 -12 -14  -9 -13
DST1204*21  X220   0  -5  -3  -1  -1  -2   0   0   0   1  -4  -5  -4  -2  -1   0   1   0   5   3  -7 -15 -23 -29 -32  -5
DST1204*22  X220   0 -36 -35 -26 -27 -32 -34 -36 -32 -30 -27 -27 -30 -29 -22 -18 -17 -18 -20 -22 -26 -25 -24 -21 -16 -26
DST1204*23  X220   0 -18 -13  -7   4  18   0 -12 -10  -2   3   8   6   7   4   1   1   1   0 -10 -33 -52 -74 -92-106 -16
DST1204*24  X220   0-105-100-103-115-120-116 -97 -80 -83 -71 -64 -64 -64 -57 -55 -55 -55 -58 -56 -55 -57 -57 -60 -64 -75
DST1204*25  X220   0 -54 -54 -53 -52 -52 -51 -50 -55 -56 -56 -50 -49 -51 -49 -49 -50 -49 -51 -53 -52 -57 -47 -42 -37 -51
DST1204*26  X220   0 -38 -43 -55 -45 -36 -27 -29 -31 -30 -27 -29 -30 -32 -27 -33 -35 -37 -37 -35 -31 -27 -28 -24 -23 -33
DST1204*27  X220   0 -24 -25 -23 -28 -29 -23 -22 -23 -25 -24 -22 -21 -21 -20 -14 -10  -5  -6 -11 -13 -15 -10  -7 -10 -18
DST1204*28  X220   0 -11 -13 -12 -13 -13 -13 -12 -13 -13 -10 -13 -10  -7  -8 -10 -15 -16 -15 -19 -23 -24 -22 -20 -21 -14
DST1204*29  X220   0 -25 -25 -22 -25 -25 -21 -22 -22 -19 -18 -18 -16 -16 -16 -15 -14 -13 -12 -13 -15 -16 -16 -15 -14 -18
DST1204*30  X220   0 -13 -12 -13 -13 -10  -7  -9  -9  -8  -8  -9  -9 -10 -12 -12 -12 -12 -13 -15 -15 -14 -13 -10 -10 -11


DST1205*01  X220   0  -9 -10 -11 -11  -9  -9  -8  -9  -9  -9  -8  -7  -9  -9  -8  -7 -10 -12 -13 -13 -12 -14 -14 -12 -10
DST1205*02  X220   0  -8  -6  -4  -6  -8 -12 -14 -16 -15 -12 -10  -8 -11 -13 -11 -10  -8 -10 -11 -14 -15 -16 -18 -14 -11
DST1205*03  X220   0 -13  -8  -1  -4 -10 -15 -17 -20 -23 -21 -15 -15 -18 -15 -14 -11 -10  -7  -5  -4  -5  -5  -4  -7 -11
DST1205*04  X220   0  -8  -7  -7  -8  -5 -11  -9  -7  -7  -6  -6  -8  -7  -4  -1  -2  -3  -3  -5  -4  -1  -1  -1  -2  -5
DST1205*05  X220   0  -1  -1  -1  -4  -6  -6  -6  -6  -3  -5  -4  -2   0   1  -1  -5  -4  -2   0   1   3   5   7  13  -1
DST1205*06  X220   0  16  17  15  10   5   4   2   5   4   4   1   1  -2  -1   2   2   4   5   5   2   3   1   0   1   4
DST1205*07  X220   0   2   4   6   8   7  10  10   9   6   9  13  12  14  13  12  13  12  13  13  12  11  11  11  12  10
DST1205*08  X220   0  14  17  20  21  21  17  11  11  14  13  13  11   6   8   8  10  15  20  28  28  25  20  -1 -19  14
DST1205*09  X220   0 -28 -19 -19 -11 -11 -20 -28 -26 -38 -43 -31 -20 -20 -22 -24 -20 -12 -11 -24 -24 -29 -31 -28 -38 -24
DST1205*10  X220   0 -38 -36 -37 -37 -32 -23 -20 -19 -18 -17 -15 -12 -13 -16 -18 -15 -14 -14 -17 -20 -17 -16 -14 -20 -21
DST1205*11  X220   0 -22 -28 -30 -31 -30 -27 -23 -20 -18 -14 -13 -14 -14 -13 -11 -13 -14 -16 -19 -21 -21 -20 -21 -22 -20
DST1205*12  X220   0 -21 -20 -18 -18 -16 -16 -18 -17 -18 -12 -11 -14 -16 -16  -9  -7  -5  -3  -5 -10  -9  -9 -10 -11 -13
DST1205*13  X220   0 -15 -20 -28 -36 -31 -24 -25 -28 -29 -26 -21 -28 -36 -37 -35 -31 -28 -19 -16 -21 -21 -16 -17 -19 -25
DST1205*14  X220   0 -18 -19 -17 -16 -19 -20 -19 -18 -13 -12 -13 -13 -14 -11  -9  -8  -9 -13 -15 -15 -13 -10  -9  -7 -14
DST1205*15  X220   0  -5  -5  -1  -1  -1  -2  -8 -10  -6  -5  -4  -6  -8  -8  -7  -7  -7  -8  -8  -9  -7  -1   4  -1  -5
DST1205*16  X220   0  -5  -3   0   0   0   2   0   0   2   4   6   1   1  -2  -1   1   3  -6 -12 -18 -31 -38 -38 -43  -7
DST1205*17  X220   0 -39 -33 -30 -30 -27 -22 -20 -17 -14 -13 -13 -13 -11  -8  -6  -3  -1   0  -4  -2   3   5   4   5 -12
DST1205*18  X220   0   4   2   7   4   6   6   4   5   6   4  -4  -6  -6  -4  -1   1   2   0  -6 -13 -11 -12 -16 -21  -2
DST1205*19  X220   0 -15  -6  -2  -3  -1   1   1   0  -1  -4  -7  -5  -7  -7  -5  -3  -4  -6  -6  -5  -5  -5  -4  -5  -4
DST1205*20  X220   0  -4  -4   6   8  -1 -14 -17 -14  -8  -6 -10  -9  -9 -11  -9  -7  -9 -11 -10 -10  -8  -8  -9  -6  -8
DST1205*21  X220   0  -6  -8  -7  -7  -8  -7  -4  -2  -1  -1  -3  -6  -8  -9  -7  -4  -1   0   3   9  19  18  19  17   0
DST1205*22  X220   0  18  23  32  23   1  -6 -10 -16 -19 -18 -14 -12  -8 -18 -18 -14 -16 -11 -14 -16 -15 -21 -25 -26  -8
DST1205*23  X220   0 -22 -21 -28 -32 -46 -42 -38 -45 -38 -31 -30 -29 -29 -34 -34 -32 -30 -30 -28 -30 -27 -25 -23 -24 -31
DST1205*24  X220   0 -22 -23 -23 -21 -21 -20 -16 -17 -12 -10 -11 -13 -12 -15 -20 -18 -16 -17 -13  -9  -4   0   0   2 -14
DST1205*25  X220   0   2   0  -1  -2  -7  -5  -4  -3  -7 -12 -12 -13 -17 -16 -16 -14 -12 -14 -14 -15 -14 -15 -17 -17 -10
DST1205*26  X220   0 -15 -17 -18 -14 -11 -12 -12 -10  -9 -11 -12 -11 -10 -11 -11  -9  -8  -8  -9  -9  -9  -7  -5  -5 -11
DST1205*27  X220   0  -3  -2  -3  -7  -6  -5  -1   0   0   1   1  -1  -1   0   2   4   3   3   4   3   3   0   0   1   0
DST1205*28  X220   0   2   2   6   9  10   8   7   6   4   5   4   3   3   8  10  13  13   7   3   2   6   7   5   3   6
DST1205*29  X220   0   3   2   3   7   8   8  11  12  13  12  12   8   5   4   4   7   9  11  13  12  10  -1  -8 -12   6
DST1205*30  X220   0 -12  -7  -2   4   4   3   4   5   6   9   8  -1  -3   1   0   0  -2   0   0   4   5   5   6   8   2
DST1205*31  X220   0  10   7   5   7   9  11  12   9  12  16  14  11   3  -1  -5  -2   4   5   7   9  13  13  11  10   8


DST1206*01  X220   0  10   6   2   2  -1  -1   2   3   4   5  10  14   9   4   4  12  13   7   6  11  18  17  15  17   8
DST1206*02  X220   0  19  18  19  20  20  18  16  16  19  24  26  22  18  16  14  20  17   4  -6 -13 -21 -21 -15 -17  10
DST1206*03  X220   0 -12  -7  -8 -10  -9  -8  -3  -6  -7  -8  -8  -8  -7 -12 -22 -23 -22 -31 -42 -49 -40 -37 -33 -29 -18
DST1206*04  X220   0 -23 -18 -13 -17 -23 -22 -21 -17 -13 -19 -26 -27 -22 -19 -23 -25 -27 -28 -19 -16 -16 -20 -22 -21 -21
DST1206*05  X220   0 -15 -17 -16 -14 -16 -15 -14 -14 -11  -7  -4  -3 -17 -28 -31 -25 -23 -21 -22 -21 -23 -33 -31 -24 -19
DST1206*06  X220   0 -22 -25 -28 -27 -20 -21 -23 -20 -19 -15 -18 -22 -17 -17 -17 -19 -15 -15 -14 -15 -17 -20 -21 -19 -19
DST1206*07  X220   0 -16 -15 -12 -14 -16 -16 -15 -16 -14 -13 -12 -14 -14 -16 -14 -15 -17 -16 -16  -9  -4  -7  -8  -7 -13
DST1206*08  X220   0  -9 -11 -11 -11  -9  -4  -5  -5  -8  -8  -9  -9  -9  -8  -9 -11 -12  -9  -5   2   4   2   2   5  -6
DST1206*09  X220   0   2  -1   1   3   4   2  -1   0  -1  -2  -1  -2  -3  -7  -7  -6  -6  -4   3   3   4   5   3  -1  -1
DST1206*10  X220   0  -1   0   1   2   2   3   3   3   2   3   3   0  -4  -6  -6  -6  -5  -3   5   7   8   4   0  -3   1
DST1206*11  X220   0  -4  -5  -4  -1   4  -2 -14 -18 -21 -22 -22 -26 -30 -33 -36 -36 -32 -28 -24 -24 -29 -38 -46 -54 -23
DST1206*12  X220   0 -59 -67 -60 -52 -39 -39 -39 -37 -34 -33 -31 -33 -35 -37 -37 -38 -35 -32 -26 -22 -21 -21 -21 -19 -36
DST1206*13  X220   0 -17  -7  -8 -11 -18 -19 -20 -21 -13  -8 -12 -18 -18 -18 -16 -13 -11  -7  -5  -5  -6  -8  -7  -6 -12
DST1206*14  X220   0  -5  -6  -4  -5  -6  -6  -5  -4  -7  -8  -8  -9  -8 -10 -10  -9  -9 -11 -10  -9  -9  -8  -8  -3  -7
DST1206*15  X220   0  -3  -3  -2   0  -1  -2  -1  -1   0   0  -2  -4  -5  -6  -7  -5  -2   0   4   8   8   8   8   5   0
DST1206*16  X220   0   5   5   4   1  -1   2   3   1   1   2  16  10   8   6  11  13  12  20  23  23  35  58  77  51  16
DST1206*17  X220   0  65  60  41  28  16   3  -2 -11 -18 -29 -49 -71 -80 -86 -77 -68 -72 -70 -67 -67 -65 -69 -72 -68 -35
DST1206*18  X220   0 -68 -70 -72 -69 -64 -60 -60 -60 -58 -52 -45 -41 -43 -46 -47 -48 -49 -48 -44 -40 -45 -49 -50 -46 -53
DST1206*19  X220   0 -43 -40 -39 -38 -36 -33 -33 -34 -33 -32 -30 -30 -32 -33 -35 -36 -37 -36 -34 -29 -27 -30 -34 -34 -34
DST1206*20  X220   0 -35 -35 -33 -32 -33 -29 -29 -28 -25 -22 -21 -23 -22 -19 -19 -20 -19 -18 -21 -24 -21 -19 -20 -20 -24
DST1206*21  X220   0 -20 -21 -21 -19 -18 -16 -16 -16 -17 -17 -16 -13 -10  -6  -8  -9 -11  -9  -7 -11 -14 -18 -19 -14 -14
DST1206*22  X220   0 -12 -10  -6  -6  -4  -4  -6  -8 -14 -13  -8 -13 -16 -16 -17 -16 -15 -15 -13 -13 -12  -9  -8  -8 -11
DST1206*23  X220   0  -5  -6  -5  -4  -3  -4  -6  -8  -9  -7  -9  -9  -9 -11 -13 -13 -11 -11  -8  -6  -6  -6  -7  -4  -8
DST1206*24  X220   0  -6  -7  -3   0   1   0   3   1   0  -1   0   3   3   4   1   0  -3   2   8  11  15  13  12  13   3
DST1206*25  X220   0   9   8  10   2  -1  -2  -3  -7 -12  -7  -5  -3  -4  -7  -5  -4  -7  -8  -6  -1  -2  -1  -2  -4  -3
DST1206*26  X220   0  -2  -1  -5 -11 -15 -17 -16 -15 -12 -11 -11  -9  -9 -10 -10  -9 -11 -11  -7  -3  -2  -3  -1   4  -8
DST1206*27  X220   0   3   3   4   9  11  10  11   8   3   2   5   7   5   4   0  -7  -9  -6   0   2   2   0  -2   1   3
DST1206*28  X220   0   3   2   1   0   0   0   0  -3  -5  -6  -7  -8  -7  -7  -9  -8  -9  -7  -3  -2   0  -3  -5   0  -3
DST1206*29  X220   0   5   7   9   9   6   2   2   1   1   2   2   3   5   7   5   2   0   0   0   1   3  10  19  19   5
DST1206*30  X220   0  18  12  10  -1   1   1  -6 -14 -10 -13 -17 -13 -12  -8 -14 -13 -15 -24 -24 -31 -37 -32 -31 -29 -13


DST1207*01  X220   0 -23 -18 -17 -25 -26 -26 -33 -30 -24 -24 -20 -17 -13  -8 -12 -11 -10 -12 -10 -16 -17 -16 -18 -16 -18
DST1207*02  X220   0 -15 -12 -16 -13 -22 -28 -35 -32 -31 -26 -25 -20 -17 -16 -25 -31 -36 -37 -31 -29 -30 -32 -32 -31 -26
DST1207*03  X220   0 -25 -19 -17 -16 -16 -20 -18 -19 -18 -15 -18 -20 -22 -21 -19 -19 -19 -23 -25 -22 -18 -19 -16 -12 -19
DST1207*04  X220   0 -11 -10  -8  -5 -10 -17 -19 -18 -18 -19 -17 -18 -15 -10  -7  -6  -5  -5  -6  -6  -8 -14 -18 -19 -12
DST1207*05  X220   0 -12  -1   4   4   5   2  -3  -7  -7  -2   3  21  16  11  31  11  11  11   9   8  12  13   6   7   6
DST1207*06  X220   0   4   6   7  -1  -3   1  -2 -10 -13  -9  -2  -3  -4  -4  -5  -7   2   4  -4 -17 -27 -36 -25  -9  -7
DST1207*07  X220   0 -12  -6   0   4   3   1   1  -3  -7 -10  -7  -6 -10 -13 -14 -14 -12  -7  -9  -6  -3  -2  -6 -12  -6
DST1207*08  X220   0  -9  -7  -4   3  13  15  15  11  12  14  18  11  10  18  17  13  14  15  13  10  12  16   6 -10   9
DST1207*09  X220   0 -27 -37 -30 -29 -33 -36 -34 -43 -49 -58 -61 -62 -78 -73 -64 -61 -71 -69 -67 -64 -64 -70 -78 -70 -55
DST1207*10  X220   0 -65 -55 -45 -42 -42 -39 -36 -35 -38 -38 -34 -31 -28 -25 -25 -27 -28 -29 -28 -27 -24 -23 -25 -26 -34
DST1207*11  X220   0 -27 -25 -24 -29 -30 -24 -23 -30 -36 -34 -25 -22 -22 -19 -21 -21 -21 -18 -17 -13 -17 -18 -24 -31 -24
DST1207*12  X220   0 -34 -34 -22 -18 -15 -23 -28 -32 -32 -28 -29 -23 -18 -15 -16 -14 -11 -11 -12 -13 -16 -20 -19 -19 -21
DST1207*13  X220   0 -20 -19 -17 -16 -15 -15 -14 -15 -18 -20 -19 -18 -18 -18 -17 -15 -13 -10  -8  -9 -10  -9  -7  -8 -15
DST1207*14  X220   0  -9  -9  -7  -5  -6  -5  -5  -8  -7  -6  -8  -5  -5  -5  -5  -1  -5  -5  15   4  -7  -5   1  -2  -4
DST1207*15  X220   0   9   0 -12 -20 -36 -29 -37 -69 -98-128-126-112-115-119-120-121-139-138-139-127-128-122-111-110 -89
DST1207*16  X220   0-111-113-101-106-104-106-107-113-109-107-102 -95 -87 -86 -89 -92 -85 -72 -73 -71 -71 -69 -61 -58 -91
DST1207*17  X220   0 -57 -57 -60 -67 -72 -75 -80 -77 -63 -65 -60 -57 -54 -53 -49 -47 -47 -49 -46 -43 -45 -44 -42 -42 -56
DST1207*18  X220   0 -41 -42 -40 -39 -37 -37 -38 -39 -38 -34 -30 -27 -23 -23 -23 -25 -27 -29 -32 -33 -33 -34 -32 -29 -33
DST1207*19  X220   0 -27 -23 -22 -21 -22 -20 -17 -21 -24 -24 -20 -15 -10 -11 -13 -12 -14 -16 -17 -14 -11 -11 -11 -13 -17
DST1207*20  X220   0 -12 -14 -16 -16 -14  -4  -8  -7  -4  -8 -14  -9  -1   1   2  -8 -19 -26 -30 -31 -29 -27 -25 -26 -14
DST1207*21  X220   0 -25 -23 -16 -14 -21 -20 -16 -15 -19 -17 -13  -9  -5  -3  -2  -3   5   1   3  -2   4  -2  -7  -7  -9
DST1207*22  X220   0  -6  -3  -2  -2  -8 -16 -24 -28 -26 -25 -20 -13  -4  -2  -1  -4  -7  -8  -7 -11 -10  -8  -4  -2 -10
DST1207*23  X220   0   0  -5  -7  -6  -3  -2   1   0   3   3   0   1  -2  -5  -3  -4  -7 -11 -10 -13 -13 -11 -10 -11  -5
DST1207*24  X220   0 -11 -11 -13 -19 -17 -13 -14 -16 -14 -13 -10  -7  -7  -7  -7  -8  -6  -6  -6  -7 -10 -11 -13 -12 -11
DST1207*25  X220   0 -17 -24 -20 -16 -13 -11 -10 -11 -12 -11 -10  -6  -3  -2   0   2   2   0  -1  -1   1   0  -2  -2  -7
DST1207*26  X220   0  -4  -8  -9 -11 -10  -9  -8  -7  -7  -7  -6  -5   0   2   1   0   1  -2  -1  -3  -4  -3  -1  -1  -4
DST1207*27  X220   0  -2  -2   1   5   7   6   8   9  10  11  14  12  12  14  15  16  16  13  12  13  15  16  16  20  11
DST1207*28  X220   0  23  23  19  18  19  22  25  26  24  26  23  20  25  28  23  12   3 -10 -11 -19 -19 -21 -31 -27   9
DST1207*29  X220   0 -25 -29 -28 -25 -21 -20 -19 -19 -26 -28 -27 -25 -19 -15 -14 -13 -11 -12 -12  -9  -4  -5  -5  -2 -17
DST1207*30  X220   0  -2  -5  -5 -12 -23 -22 -14 -16 -26 -30 -22 -17 -17 -19 -19 -21 -28 -33 -27 -36 -33 -29 -24 -21 -21
DST1207*31  X220   0 -20 -20 -19 -19 -20 -21 -20 -18 -15 -13 -14 -14 -13 -13 -11 -10  -9  -8  -8  -8  -7  -7  -7  -7 -13


DST1208*01  X220   0  -9 -10 -10  -9  -7  -6  -6  -4  -6  -6  -6  -7  -8  -6  -4  -2  -1   0   1   2   1  -3  -5  -1  -5
DST1208*02  X220   0  -1  -2  -4  -6  -4  -1   2   4   5   3   4  11  16   2 -10 -17   4  13   4  -8 -22 -20 -15 -16  -2
DST1208*03  X220   0 -17 -22 -29 -21 -20 -22 -22 -21 -21 -22 -21 -19 -19 -17 -15 -14 -15 -13 -13 -14 -16 -17 -16 -15 -18
DST1208*04  X220   0 -14 -14 -14 -15 -12 -10 -11 -11  -8  -4  -4  -3  -4  -5  -5  -9  -7   0   4   5   3  -2  -2   4  -6
DST1208*05  X220   0   6   4   2  -1  -1   0   1  -1   1   3   6   3   3   2   2   2   2   3   3   3   1  -1  -2  -4   2
DST1208*06  X220   0  -9 -18 -22 -20 -21 -12  -9 -12 -17 -18 -14  -9  -7 -10 -10 -11  -9 -13 -17  -8  -7  -8 -14 -17 -13
DST1208*07  X220   0 -15 -11 -10  -9  -8  -9  -9  -9  -6  -4  -6  -5  -3  -1   3   3   3   3   0  -3  -3  -1   0  -4  -4
DST1208*08  X220   0 -18 -31 -34 -32 -27 -28 -24 -24 -21 -16 -17 -17 -17 -13 -10  -7  -9 -11  -7 -11  -1   1   1   0 -16
DST1208*09  X220   0  -1  -6 -11 -13 -18 -22 -24 -24 -22 -18 -18 -15 -16 -15 -13 -12  -8  -7  -1  -1  -1   3   4   2 -11
DST1208*10  X220   0   5   3   0  -2  -3   1   3   2  -3  -5  -4  -2  -3  -3  -2  -1   4   6  10  11   9   7   5   2   2
DST1208*11  X220   0   1  -2  -5  -5  -2   0   2   3   1   1   2   1   3   6   8   6   6   3   2   1   3   0  -2   2   1
DST1208*12  X220   0   1   1  -2  -5 -14 -16 -10  -6  -8  -7  -4  -4  -1   5  17   9   4   7   5  -3  -9  -2   7   8  -1
DST1208*13  X220   0   5   5   1   0  -2  -2  -5  -8  -6  -9  -4  -1   1   3   3  -6 -12  -8  -5  -6  -6  -4  -1   0  -3
DST1208*14  X220   0  -2  -5  -5  -2  -5  -3  -5  -7  -7  -4  -5  -5  -5  -6  -7  -4  -2  -1   1   0  -1   4   2   0  -3
DST1208*15  X220   0  -1  -2   0   1   0  -1   0  -1   0  -4  -3  -2   1   1   1   1  -4  -4   0   4   0  -3   0   1  -1
DST1208*16  X220   0  -1  -7  -8  -1   5   5   5   2   1   5  10   9   9  11   2  -4  -5  -5 -13 -12 -13 -13 -15 -22  -2
DST1208*17  X220   0 -26 -21 -22 -20 -19 -22 -19 -20 -17 -13 -11 -11 -12 -12 -14 -14 -11  -8  -5  -2  -4  -3  -3  -4 -13
DST1208*18  X220   0  -9 -13 -15 -16 -12 -11 -10  -2   6   8   3  -1   0   4   7   7  10   9   2  -6 -18 -12  -8  -3  -3
DST1208*19  X220   0  -6  -7  -9  -6  -4  -9  -5  -2   0   7  -2 -18 -22 -11  -5   1   2   1   1   2  -3  -8 -24 -21  -6
DST1208*20  X220   0 -20 -27 -29 -19 -14 -17 -13  -8  -8  -6  -2   0  -1  -2  -6  -8  -8  -6  -8  -7  -7  -9  -7  -8 -10
DST1208*21  X220   0  -9 -10  -9 -10  -9  -8  -6  -4  -3  -6 -10  -8  -7  -7  -6  -7  -6  -2   1   0  -1  -3  -6  -6  -6
DST1208*22  X220   0  -8  -9  -8  -8 -10 -12  -7  -5  -2   0   3   2   0  -2  -3  -5  -3  -1  -2  -3  -2  -2  -2  -3  -4
DST1208*23  X220   0  -8  -9  -7  -6  -7 -15 -18 -16 -16 -18 -24 -24 -19 -15 -14 -19 -18 -16 -13  -7  -7  -2   2   3 -12
DST1208*24  X220   0   0  -4  -3  -4  -5 -10 -11 -11  -8  -4  -4   1   2   4   2   4   5   9   6   1  -8  -9  -1   1  -2
DST1208*25  X220   0   7   8  14   9   3   0  -2  -8 -14 -20 -15  -7  -1   0  -2  -2  -3  -2  -7  -8 -11  -6  -2  -3  -3
DST1208*26  X220   0  -3  -3  -4  -2  -1  -4  -4  -1   2  -1   1   5   2   0   5   0  -3  -6  -8  -9  -6  -5  -2  -4  -2
DST1208*27  X220   0  -8  -7  -5  -5  -4  -7  -6  -7  -5  -6  -4  -2  -2  -3  -3  -5  -4  -5  -6  -4  -3  -1   1  -1  -4
DST1208*28  X220   0  -4  -5  -5  -7  -9  -9  -8  -5  -4  -4  -3   0  -2  -4  -5  -5  -5  -8  -6  -5  -5  -5  -2  -2  -5
DST1208*29  X220   0  -1   2   3   2   0  -2  -4  -1   0   1   1   0   1   3   2   0  -1  -3  -5  -5  -3  -3  -2   0  -1
DST1208*30  X220   0   2   6   8   9  10   8   4   4   2   4   6   6   8   9   8   7   6   6   2   1   0   0  -4  -3   5
DST1208*31  X220   0  -2   2   6  11  13  10   8   7   5   4   4   2  -4  -2   1   3   6   8   9  14  16  16  16  14   7


DST1209*01  X220   0  14  16  18  17  17  12  10  11  11   4   0  -8 -13 -13 -12 -11  -9  -5   2   6   9   9  10   6   4
DST1209*02  X220   0  -2  -8 -11 -11 -12 -20 -27 -29 -26 -22 -17 -22 -25 -29 -33 -36 -41 -47 -47 -39 -35 -41 -42 -45 -28
DST1209*03  X220   0 -47 -48 -49 -50 -57 -63 -65 -65 -62 -66 -69 -63 -38 -44 -52 -56 -53 -51 -52 -61 -57 -43 -48 -45 -54
DST1209*04  X220   0 -33 -31 -40 -46 -42 -48 -58 -59 -54 -42 -34 -32 -39 -34 -31 -22 -17 -22 -25 -27 -30 -30 -28 -27 -35
DST1209*05  X220   0 -34 -39 -45 -41 -45 -64 -55 -63 -61 -43 -37 -35 -35 -41 -38 -32 -34 -20 -22 -33 -33 -27 -19 -10 -38
DST1209*06  X220   0 -12 -13 -16 -32 -26 -30 -30 -28 -25 -22 -23 -27 -27 -26 -24 -25 -17 -10 -13 -20 -25 -25 -24 -23 -23
DST1209*07  X220   0 -20 -17 -11 -17 -23 -24 -20 -22 -27 -30 -28 -28 -29 -30 -27 -28 -27 -29 -32 -30 -30 -25 -27 -32 -26
DST1209*08  X220   0 -35 -31 -28 -26 -30 -31 -28 -21 -17 -20 -23 -24 -26 -28 -27 -22 -20 -22 -24 -23 -21 -18 -16 -17 -24
DST1209*09  X220   0 -17 -13  -8  -5  -5  -8 -10 -11 -11 -10  -9  -9 -10  -8  -9 -11 -13 -14 -13 -12 -12  -9  -6  -7 -10
DST1209*10  X220   0 -11 -12  -6  -1  -2  -1  -1  -1   2   2   2   3   5   1   8   4  -4  -6  -1   2   1  -1  -1   0  -1
DST1209*11  X220   0   2   3   6   9  10   7   4   2   3   2   0   1   2   1  -1  -4  -4  -6  -7  -7  -6  -5  -4  -2   0
DST1209*12  X220   0   0   3   2   2   3  -1  -1   3   5   4   2   3   1   3   6   7   7   6   9  12  11  15  13  11   5
DST1209*13  X220   0   6   3   6   8   8   1  -4  -1   1   0   0   0   0  -1  -2  -2   0  -3  -5  -4  -3  -3  -1   1   0
DST1209*14  X220   0   3   6   9  11   9   7   4   4   7   9  10  12  13  11   9   8   7   6   4   1   0   0   0  -8   6
DST1209*15  X220   0 -12  -8  -1   4   6   1  -2  -6  -9  -6  -4  -3  -3  -2  -2   1   3   0  -4  -6  -6  -4  -3   0  -3
DST1209*16  X220   0   2   6   5   2   0  -1  -5  -6  -9  -8 -12  -9  -6  -4  -4   0   3   1  -5  -1  -6  -1  -1  -1  -3
DST1209*17  X220   0   0   6   9  11  10   7   5   5   7   4   2   3   2   2   3   2   4   4   3   2   1   1   2   3   4
DST1209*18  X220   0   5   8   4   4   2  -4 -10 -14 -11 -11 -11 -15 -15 -11  -9  -5  -7  -3  -1   0   1   1   3   4  -4
DST1209*19  X220   0   4   5   8   7   2  -4  -5  -4  -4  -4  -2   0  -4  -7  -6   1  -2 -11 -11  -7 -19 -31 -36 -25  -6
DST1209*20  X220   0 -17 -23 -16 -13 -11  -9  -3   1  -5 -13 -12 -17 -17 -18 -15 -13 -15 -14 -14 -11 -11 -11 -13 -15 -13
DST1209*21  X220   0 -15 -12 -11 -10 -10 -11  -6  -3  -3   1   0   2   0   0  -1  -1   0  -3  -4  -7  -7  -4  -3  -3  -5
DST1209*22  X220   0  -7  -9  -9  -8  -7  -3  -2  -4  -6 -10  -6   0  -1  -3  -4  -5  -2  -1   1  -1  -1  -2   0   1  -4
DST1209*23  X220   0   1   1   1   3   4   3   3   3   5   5   6   5   5   3   2   4   5   5   5   4   2  -1  -3  -4   3
DST1209*24  X220   0   0   2   5   5   5   6  10  12   9   7   8   9  11  12  13   9   7   6   9  11  13  10   7   3   8
DST1209*25  X220   0   1   1   0  -1  -1   1   5   4   4   5   5   3   3   2   1   2   5   6   3   0  -1   2   4   6   3
DST1209*26  X220   0   9  10  13  13  15  18  19  19  21  21  21  20  16  13   7  11  13  14  11   8  -5  -4  -4  -1  12
DST1209*27  X220   0   0  -1   2   2  -1  -2  -3  -1   0   3   2  -1  -1  -2  -4  -5  -3  -1  -2  -2  -4  -3   1   4  -1
DST1209*28  X220   0   6   6   5   4   3   3   5   6   7   9   8   6   6   8  11  13  14  14  12  10   9  12  16  18   9
DST1209*29  X220   0  17  15  17  16  16  14  10  10  10   7   5   4   4   4   5   6   3  -2  -3  -3   0   1   1   1   7
DST1209*30  X220   0   5  10  13  12   9  10  10  11  10   9   8  15  20  24   5 -11 -20 -26 -31 -34 -39 -32 -30 -21  -3


DST1210*01  X220   0 -60 -98-104-117-122-109-106-103 -99 -91 -83 -74 -67 -67 -70 -64 -59 -58 -54 -50 -45 -38 -31 -30 -75
DST1210*02  X220   0 -24 -31 -34 -35 -37 -38 -36 -32 -32 -35 -46 -47 -47 -41 -39 -35 -35 -32 -30 -31 -28 -23 -21 -25 -34
DST1210*03  X220   0 -29 -32 -32 -26 -20 -19 -16 -19 -24 -23 -21 -20 -20 -19 -18 -19 -15 -14 -16 -20 -24 -25 -23 -22 -22
DST1210*04  X220   0 -22 -22 -19 -13 -12 -12 -15 -17 -17 -15 -11  -9 -10 -11 -10  -9 -10 -12 -13 -13 -13 -12 -11  -9 -13
DST1210*05  X220   0  -8  -8  -8  -9  -8  -8  -5  -1   3   1  -1  -3  -2  -1  -1  -6 -10 -12 -13 -13 -15 -15 -15 -15  -7
DST1210*06  X220   0 -13 -10  -8 -10 -13 -14 -13 -13 -11 -11 -13 -16 -15 -18 -17 -19 -23 -23 -20 -14 -14 -17 -15 -11 -15
DST1210*07  X220   0  -7  -7  -8  -9 -11 -10  -6  -2  -2  -4  -3   0   2  -1  -4  -6  -4  -3  -7 -15 -21 -22 -22 -20  -8
DST1210*08  X220   0 -20 -19 -21 -23 -25 -27 -41 -66 -82 -89 -98 -97 -99 -89 -77 -77 -70 -61 -58 -62 -72 -83 -92 -99 -64
DST1210*09  X220   0 -93-101 -99 -85 -91-107-105 -99-109-107 -86 -73 -66 -64 -64 -64 -57 -52 -49 -42 -32 -32 -39 -36 -73
DST1210*10  X220   0 -30 -28 -31 -35 -37 -40 -40 -35 -38 -42 -43 -45 -42 -39 -37 -35 -35 -40 -37 -38 -40 -40 -38 -34 -37
DST1210*11  X220   0 -30 -29 -32 -34 -33 -31 -31 -33 -30 -30 -31 -29 -25 -21 -23 -26 -29 -27 -25 -25 -24 -23 -20 -10 -27
DST1210*12  X220   0  -6 -11 -11 -17 -20 -26 -24 -22 -17 -19 -17 -20 -20 -19 -17 -19 -25 -23 -22 -28 -28 -31 -27 -25 -21
DST1210*13  X220   0 -22 -24 -28 -37 -52 -68 -80 -90 -82 -78 -83 -78 -59 -47 -47 -48 -49 -62 -66 -71 -71 -60 -53 -49 -59
DST1210*14  X220   0 -44 -40 -32 -36 -34 -36 -38 -36 -40 -43 -47 -54 -44 -35 -34 -36 -36 -38 -40 -50 -52 -46 -47 -44 -41
DST1210*15  X220   0 -39 -37 -35 -36 -38 -38 -35 -31 -30 -29 -29 -28 -26 -23 -23 -22 -21 -21 -24 -20 -21 -23 -22 -20 -28
DST1210*16  X220   0 -19 -17 -17 -19 -20 -22 -19 -16 -13  -8  -8  -7  -9 -15 -19 -19 -18 -15 -13 -12 -13 -12 -12 -11 -15
DST1210*17  X220   0 -16 -19 -21 -24 -29 -28 -25 -25 -22 -20 -14 -10  -9  -9  -9  -8  -9  -8  -6  -6  -7 -11 -12 -16 -15
DST1210*18  X220   0 -14 -10  -7  -9 -15 -16 -14 -13 -11 -12 -14 -14 -14 -11 -10  -9 -11 -10 -11 -11 -15 -13 -12 -10 -12
DST1210*19  X220   0 -10 -10  -9  -8 -10 -10  -8  -7  -7 -10 -11 -10  -9  -5  -3  -2  -2  -2  -3  -4  -5  -7  -8  -9  -7
DST1210*20  X220   0  -9  -8  -5  -3  -2  -1   0   0   0  -1  -5  -9 -10  -8  -7  -6  -4  -2  -2  -2  -3  -3  -3  -3  -4
DST1210*21  X220   0  -5  -8  -9  -9  -8  -4  -4  -2  -2  -2  -2  -5  -4  -3  -2  -2   0   1   2   3   2   1   0  -1  -3
DST1210*22  X220   0  -3  -4  -4  -5  -4   0   1   3   5   4   2   1   0   0  -1   0   3   5   4   4   4   4   5   4   1
DST1210*23  X220   0   7  10   9   2  -1   4   4   1  -4 -10  -8  -8  -9  -6  -6  -9  -9 -13 -14 -14 -12 -12  -6  -2  -4
DST1210*24  X220   0  -1  -4  -7  -8  -9 -11 -10  -8  -5  -5  -6  -9  -9  -6  -5  -5  -6  -7  -9  -9 -11  -6  -2  -1  -7
DST1210*25  X220   0  -1  -4  -6  -7  -5  -2  -1  -1  -4  -5  -5  -5  -6  -5  -1  -1  -2  -2  -6  -9  -9  -6  -6  -3  -4
DST1210*26  X220   0  -1   0  -1  -4  -5  -4  -3  -6  -4   0   0  -3  -3  -1   0  -1  -4  -6  -2  -2  -6  -8  -8 -11  -3
DST1210*27  X220   0 -13 -14 -15 -18 -20 -19 -15 -14 -12 -11 -10 -11 -12 -12 -10  -8  -9  -8  -6  -4  -5  -2   2   5 -10
DST1210*28  X220   0   6   5   1   0  -3  -3  -4  -3   0   0  -2   0   0   0   0   0   0  -2  -2  -4  -5  -4  -2  -2  -1
DST1210*29  X220   0  -1  -2  -3  -6  -8 -10 -10  -9  -6  -5  -5  -5  -5  -4  -2  -2  -2  -2   0   2   3   3   4   5  -3
DST1210*30  X220   0   5   5   2   1   0  -1  -2  -1   1   3   4   7   8   8   7   6   5   5   5   6   7   8  10   9   5
DST1210*31  X220   0  11  12  13  14  13  12  11  12  14  15  15  15  12  11  12  21  37  33  31  26  27  19  24  25  18


DST1211*01  X220   0  22  11  21  19  13  -3 -16 -28 -42 -43 -44 -53 -59 -59 -59 -52 -54 -53 -57 -61 -65 -59 -50 -46 -34
DST1211*02  X220   0 -39 -39 -38 -36 -29 -23 -21 -24 -21 -21 -26 -30 -31 -28 -24 -19 -18 -17 -15 -22 -24 -23 -20 -18 -25
DST1211*03  X220   0 -17 -17 -16 -15 -14 -12 -13 -10 -11  -9  -9 -11 -11  -6  -9 -10 -11 -13 -14 -14 -15 -16 -15 -14 -13
DST1211*04  X220   0 -11  -8  -8 -10  -9  -8  -7  -8 -11 -11 -11 -13 -15 -13 -12 -10  -8  -8  -7  -8  -9  -8  -7  -7  -9
DST1211*05  X220   0  -7  -6  -5  -4  -3  -3  -1  -1  -4  -5  -3  -5  -5  -4  -7 -10 -13 -14 -14 -16 -16 -15 -12  -9  -8
DST1211*06  X220   0  -9  -8  -6  -5  -2  -1  -2  -3  -5  -6  -4  -3  -5  -9 -10 -13 -15  -9  -4  -1   0  -1   5  14  -4
DST1211*07  X220   0  15  10   0  -1   5   6   7   7   5   2   1   6   7   6  -2  -4  -2  -4  -3  -3  -3  -3  -7  -5   2
DST1211*08  X220   0  -5  -7  -6  -5  -5  -5  -5  -3  -1  -1  -4  -7  -5  -3   0   3   3   3   3   5   8   8   5   3  -1
DST1211*09  X220   0   2   2   3   3   1   1   1   4   5   5   5   5   6   6   9  10   6   3   3   2   1   2   1  -1   4
DST1211*10  X220   0  -3  -3  -1   1   2   4   5   7  10  12  14  13  10   8   9  12  13  13   9   7   7   7   7   8   7
DST1211*11  X220   0   8   5   3   3   6   8  10  13  13  11   7   8   8   6   3   3   5   6   4   3   1   1   1   2   6
DST1211*12  X220   0   2   1   1   0   1   2   0   1   2   5   6   6   5   5   7  13  19  18  17  16   8  -2 -10  -1   5
DST1211*13  X220   0  -4  -9 -10  -3   4  -1  -4  -5   0  -8 -11  -8  -7  -4   2   0  -2   0  -2 -14 -22 -27 -25 -29  -8
DST1211*14  X220   0 -35 -52 -74 -90 -97-102-103-108-100 -96 -87 -72 -72 -69 -64 -55 -50 -49 -48 -44 -41 -37 -38 -40 -68
DST1211*15  X220   0 -39 -38 -39 -40 -40 -38 -39 -38 -36 -32 -27 -24 -26 -27 -24 -22 -23 -23 -23 -25 -25 -22 -22 -24 -30
DST1211*16  X220   0 -25 -27 -25 -26 -22 -23 -23 -22 -23 -21 -20 -22 -25 -20 -19 -17 -17 -21 -21 -22 -24 -21 -17 -14 -22
DST1211*17  X220   0 -10  -7  -7 -11 -13 -13  -4  -6  -1   2  -1   1  -2  -4  -3   1   1  -1  -1  -6  -7  -7  -7  -8  -5
DST1211*18  X220   0 -12 -13 -14 -14 -17 -17 -16 -15 -13 -11 -10 -11 -11 -11 -13 -11 -12 -12 -10  -6  -5  -3  -4  -5 -11
DST1211*19  X220   0  -6  -6  -3  -2  -5  -9 -12 -13  -8  -3  -2  -8 -10  -8  -8  -6  -3  -5  -4  -3  -2   0   3   3  -5
DST1211*20  X220   0   3   3  -1  -8 -16 -21 -21 -18 -14 -15 -13 -10 -16 -20 -24 -23 -23 -22 -25 -29 -29 -33 -31 -31 -18
DST1211*21  X220   0 -33 -36 -38 -34 -30 -29 -31 -34 -32 -27 -22 -22 -25 -25 -24 -22 -20 -19 -20 -19 -14 -14 -14 -13 -25
DST1211*22  X220   0 -14 -14 -15 -17 -16 -17 -18 -16 -11  -8  -9 -12 -13 -11  -9  -6  -7 -10 -10  -6  -5  -4  -5  -7 -11
DST1211*23  X220   0  -9 -10  -9  -9  -9  -8  -8  -9  -8  -6  -9 -12 -15 -13 -10  -8  -5  -5  -7  -8  -6  -4   9  -3  -8
DST1211*24  X220   0  -9 -18 -30 -37 -35 -38 -34 -34 -37 -40 -31 -24 -24 -13  -8   1  -8 -11 -13 -11 -10  -6  -7  -7 -20
DST1211*25  X220   0  -6  -6  -5  -5  -3   1   1   0   3   6   8  11   4  -6  -7 -10 -10 -10 -12 -10  -8  -5  -5  -7  -3
DST1211*26  X220   0 -10 -12  -9  -5  -4   6  10   9   7   6   8   6   3   2   1   0   0   2   1  -1  -2  -1   0   1   1
DST1211*27  X220   0   2   2   0  -2  -3  -1  -3  -6  -8  -6  -5  -1  -2  -2  -1  -3  -1  -1  -2  -2   1   0  -1  -1  -2
DST1211*28  X220   0   2   1   1   0   0   0  -1  -3  -2   1   1   2   1  -1  -1  -1  -2  -1   0   2   2   1   3   5   0
DST1211*29  X220   0   7   6   4   2   2   1  -1  -1  -1  -1  -1   2   2   1   2   1  -1  -2  -1   0   3   4   3   4   1
DST1211*30  X220   0   2   2   3   4   3   2   0  -2   0   1   0   5   9  10   9   9   8  10  12  14  18  20  18  13   7


DST1212*01  X220   0  11  11  10  13  15  13  11  11  13  17  17  17  16  13  17  22  20  20  14   7   6   7   5   5  13
DST1212*02  X220   0   3   1   1   5   6   2   0  -3  -2 -10  -6  -4   0  -5  -3  -4  -5  -4  -2  -1   1   2   1   2  -1
DST1212*03  X220   0   2   1   1   0  -1   0  -1   0   5   5   8   8   8   9   8   6   7   7   8  11  11  11  13  10   6
DST1212*04  X220   0  12  13  16  15  11  10   5   6  10  12  10   8   5   3   4   4   2   3   3   2   3   5   4   2   7
DST1212*05  X220   0   1   1   1   1   1   1   0  -1   0   4   9   9   8   7   7   8   6   5   5   6   6   7   6   6   4
DST1212*06  X220   0   6   5   5   7   7   8   8   6   7  10  11   8   6   4   4   4   5   6   7   7   8   9   9   7   7
DST1212*07  X220   0   7   6   5   7   8   9  10  12  14  15  14  12  11  11  12  13  12  13  14  13  13  14  12  12  11
DST1212*08  X220   0  12  11  11  12  14  17  19  20  20  18  15  18  20  20  21  20  20  20  22  21  20  25  28  28  19
DST1212*09  X220   0  28  28  28  29  25  28  27  27  27  22  20  22  24  18  14  10   7   6   5   3   0  -4  -3   0  16
DST1212*10  X220   0  -1   1   2   1   1  -2  -4  -6  -5  -2  -4  -1   3   2   3   8  10  13  15  16  15  13  11  10   4
DST1212*11  X220   0  11  10   9   7   7   5   4   3   5   9  11  13  14  18  17  14  13  14  18  17  16  17  17  15  12
DST1212*12  X220   0  14  15  21  22  22  20  19  19  17  16  16  16  13  13  16  17  16  16  18  18  17  14  12  10  17
DST1212*13  X220   0   9   9   5   1   3   3   3   2   3   3   2   3   6  11  13  10   5   5  10  15  17  16  14  14   8
DST1212*14  X220   0  16  12  13  15  15  17  18  16  13  10   9  12  14  13  13  13  10   7   9  11  17  12  11  12  13
DST1212*15  X220   0  11  16  12  10   7   8   5   3  -2  -4  -4  -6  -4  -5   1  -3 -12 -13  -7  -6  -5  -3   0   1   0
DST1212*16  X220   0   0   2   2   1   1  -4 -10  -7  -4  -7 -12 -14 -16 -13 -10  -5  -4  -3   5   9  13  11   7   4  -2
DST1212*17  X220   0   5  -1  -1   2  -1  -5  -8  -6  -8  -5  -2  -3 -11  -9  -9  -6  -3  -3   0   5  10  11   9   7  -1
DST1212*18  X220   0   4   1   0  -2  -3  -4  -5  -5  -5   1   2  -4  -4   0  -1  -3  -2   1   5   6   6   6   8   9   0
DST1212*19  X220   0   9   6   4   4   3   0  -2   2   6   2  -1  -3  -4  -4  -2  -2   0   2   4   6   6   9   9  11   3
DST1212*20  X220   0  12  10   9   7   5   6   6   6   7   9   7   1   1   1  -6 -13 -10  -6  -8  -6  -4  -2  -4  -4   1
DST1212*21  X220   0  -2  -1   0   0  -2  -1  -1   0  -1  -1  -1  -2  -3  -2  -2  -2  -1  -3  -4  -1   1   2   5   7  -1
DST1212*22  X220   0   7   7   7   7   5   4   3   2   0   1   3   5   7   5   5   6   3   3   8   9   9   8   9  12   6
DST1212*23  X220   0  15  18  15  14  12  11  13  16  17  16  14  14  15  12   7   5   4   4   6   9  12  13  14  16  12
DST1212*24  X220   0  20  21  16  13  12  14  16  16  16  13  12  13  17  17  17  12   6   2   2   5   8   9  10  12  12
DST1212*25  X220   0  15  15  14  13  14  14  11  10  10   8   7   7   8   8   8   8   6   3   3   6   8  12  14  15  10
DST1212*26  X220   0  15  15  15  14  12  11  10  11  13  11   9   9   5   2   6   7   8   7   6   8   8   9   9   8  10
DST1212*27  X220   0   9  10  12  12  10   9   8   9   9   9   7  10  11  13  14  15  16  17  15  14  13  13  14  14  12
DST1212*28  X220   0  17  17  17  18  19  22  22  22  21  19  17  17  19  19  19  20  18  16  14  16  14  11  10  12  17
DST1212*29  X220   0  13  12  12  12  12   9   9   5   0  -1  -2   5  10  10  12  14  14  13  12  12   9   7   3   6   9
DST1212*30  X220   0  10  14  16  16  17  16  17  20  21  25  21  14  14  19  19  15   9  11   6   4   5   2   4   2  13
DST1212*31  X220   0   2   6  10  12  10   9   8  10  12  11   7   4   4   3   3   4   4   2   4   4   5   7   8   8   7


DST1301*01  X220   0   4   4   3   2   1   3   1   0  -1  -3  -4  -4  -1   2   1   0  -1   0   2   3   1   2   3   5   1
DST1301*02  X220   0   7   9  10  10  10  11  11   6   2  -2  -3   0   3   0  -2  -1  -1   1   3   5   5   3   1   2   4
DST1301*03  X220   0   7   8  11  12  11  11   9   9   9  11  11  16  20  20  19  16  13   9   7   8  10  10   7   6  11
DST1301*04  X220   0   5   5  11  13  12  11   9   9   8   8   9  11  12  13  14  14   9  12  12   8   7   3   1   1   9
DST1301*05  X220   0   2   2   4   5   6   6   6   5   7   8   8   9   9   9  10   9   5   4   5   6   7   6   4   0   6
DST1301*06  X220   0  -3  -3   0   3   7   8   9  12  15  16  18  19  17  18  22  21  17  10   9  11  15  14  11   6  11
DST1301*07  X220   0   5   4   4   6   7   7   4   3   5   8  12  16  17  16  16  16  14  13  14  13   8   8   3   3   9
DST1301*08  X220   0   2   1   2   3   4   6   7   7   7   5   5  11  14  16  20  19  14  11  10   9   7   1  -1   2   8
DST1301*09  X220   0   1   0   7  10   9   6   3   4   5   5   5   4   0  -1   2   2   0  -3  -1   1   0  -3  -6  -5   2
DST1301*10  X220   0  -2  -3  -1  -2  -4  -4  -4  -2   0   1   2   6   6   3   2   2   1   3   3   3   6   5   4   2   1
DST1301*11  X220   0   4   8  12  12  10  12  15  16  15  10  11  14  15  17  15  12   9  10  12  12  10   8   4  -2  11
DST1301*12  X220   0  -5  -5  -6  -3  -1  -1   0   3   4   3   5   7  10  13  15  15  13  10   9   8   5   6   6   5   5
DST1301*13  X220   0   3   3   9  10   8   6   1   3  -2  -8  -8  -3   3   5   8   8   9  11   9   5  -3 -10 -18 -13   2
DST1301*14  X220   0 -11 -15 -15  -9  -6  -9 -15 -20 -20 -24 -28 -28 -25 -21 -11  -7  -6  -5  -5  -4  -4  -5  -6  -5 -13
DST1301*15  X220   0  -5  -5  -4  -5  -5  -6  -6  -9 -13 -17 -24 -24 -20 -15 -11  -3  -3  -4  -3  -1  -1  -1  -3  -5  -8
DST1301*16  X220   0  -7  -6  -5  -3   2   2   1  -1  -2  -7  -7  -5  -4  -3   2   3   2   4  10   9   2   2  -1  -1  -1
DST1301*17  X220   0  13  28  41  43  31  26  22  14  12   9   6   9  19  34  27   1 -26 -44 -47 -43 -48 -51 -51 -52  -1
DST1301*18  X220   0 -52 -47 -43 -41 -34 -29 -28 -27 -22 -20 -21 -18 -10  13  10   5  10  12  21  26  23  19   4  -8 -11
DST1301*19  X220   0 -15 -15 -13 -13 -18 -16 -14 -10 -10 -17 -20 -23 -24 -25 -19 -13 -11  -2   7   6   4  -5 -12 -14 -12
DST1301*20  X220   0 -19 -25 -33 -31 -27 -25 -28 -29 -28 -25 -22 -24 -20 -16 -15 -15 -17 -19 -14 -12 -11 -10  -9 -10 -20
DST1301*21  X220   0 -12 -12 -12 -14 -17 -17 -16 -13 -12 -12 -12 -14 -15 -13  -9  -7  -7  -9  -7  -5  -5  -6  -9 -10 -11
DST1301*22  X220   0  -7  -6  -8 -10 -10  -8  -7  -2   1   0  -2  -2  -2  -6  -8  -6  -3  -2  -1  -1  -1   0  -1   0  -4
DST1301*23  X220   0   2  -1  -3  -5  -7  -7  -4   0   1   1   3   7  10  10  11  14  13   9   5   3   0   0  -3  -6   2
DST1301*24  X220   0  -7  -8 -10  -8  -4  -1  -3  -5  -7  -6  -2   2   4   6   6   5   4   3   3   4   8  12  15  15   1
DST1301*25  X220   0  14  17  19  14   9   3   2   1   1   6   7   4   7  10  10  13  11  20  15  18  22  20  19   6  11
DST1301*26  X220   0 -21 -19 -15  -9 -11 -15 -22 -16 -16 -26 -25 -26 -24 -21 -22 -35 -34 -26 -28 -28 -30 -43 -51 -39 -25
DST1301*27  X220   0 -37 -35 -35 -36 -33 -32 -32 -30 -27 -29 -29 -24 -19 -17 -16 -15 -16 -17 -16 -17 -16 -19 -20 -18 -24
DST1301*28  X220   0 -18 -16 -16 -14 -15 -16 -15 -15 -12 -12 -13 -15 -15 -15 -16 -14 -12 -11 -12 -10 -12 -14 -13 -11 -14
DST1301*29  X220   0  -9  -9  -9 -10 -13 -14 -12  -7  -3  -4  -5  -6  -2   0   1   2   1  -2  -2  -3  -4  -5  -7  -6  -5
DST1301*30  X220   0  -4  -5  -4  -3  -2  -1   0   1   2   1  -2  -6  -8  -8  -4  -1   1   2   0  -3  -6  -9 -12 -13  -4
DST1301*31  X220   0 -12 -12 -10  -6  -3   2   7  11  13  12  11  10  10   8   8   9  10  10   8   9  11  10   7   0   5


DST1302*01  X220   0  -7  -9  -6  -3   0   4   5   5   4   2  -1  -2  -7  -6  -3   3  12  17  17  19  15  17   3  -1   3
DST1302*02  X220   0  -3  -8  -6  -7 -10 -16  -7  -6  -8  -9  -7  -8  -9 -14 -17 -18 -13 -10 -13 -14 -14 -11  -9  -7 -10
DST1302*03  X220   0  -6  -4  -5  -8  -7  -5  -1   2   5   8   9   7   6   9   6   4   5   3   3   0  -1  -2  -2  -1   1
DST1302*04  X220   0   0   1   2   2   1   0   1   3   4   4   4   0  -2  -3  -5  -5  -5  -6  -3   3  10  13  14  14   2
DST1302*05  X220   0  13  11   8   8   5   0  -4  -6  -5  -6  -9  -9  -8  -5  -3  -3  -3  -3   0   1   2   2   2   3   0
DST1302*06  X220   0   2   2   3   3   0   0   0   2   4   4   2   0   2   4   4   6   8   8   5   3   4   6   5   4   3
DST1302*07  X220   0   6   5   3   3   5   5   4  -1 -10 -25 -23 -16 -18 -21 -20 -15  -9  -6  -5  -5  -9  -8  -6  -5  -7
DST1302*08  X220   0  -2  -1  -5  -7  -9  -7  -5 -11  -6   0  -1  -5 -10 -20 -22 -16  -9  -8  -6  -7 -11 -11 -11 -10  -8
DST1302*09  X220   0 -10  -9  -8  -9  -6  -4  -2  -4  -3  -2  -5 -11 -12 -12 -10  -9  -7  -6  -6  -7  -5  -4  -2  -1  -6
DST1302*10  X220   0  -1   0   5   6   4   1  -5  -5  -4  -5  -2  -2  -6  -8  -6  -3  -1  -1  -3  -4  -5  -6 -10 -12  -3
DST1302*11  X220   0 -13 -15 -14 -14 -15 -13  -8  -3  -1   0   0   0   0   3   6   6   9  15  18  14   1  -5  -8  -9  -2
DST1302*12  X220   0 -11 -11 -10  -8  -6  -4  -2   1   0  -3  -8  -4  -1  -2   1   3   2  -6  -9  -7  -2   0  -4  -8  -4
DST1302*13  X220   0 -11  -7  -8 -10  -4  -1   1   2   2   3   4   3   4   1   2  -2   0   3   3  -3 -11  -7  -7 -15  -2
DST1302*14  X220   0 -22 -22 -19 -17 -21 -29 -33 -37 -30 -24 -27 -24 -27 -25 -26 -22 -19 -16 -11 -16 -17 -18 -18 -21 -23
DST1302*15  X220   0 -21 -19 -17 -13 -11 -12  -9  -6  -6  -5   0   0  -3  -4  -6  -5  -4  -4  -7  -7 -11 -17 -17 -18  -9
DST1302*16  X220   0 -17 -15 -12 -10  -8  -5  -2   1   3   1  -2  -5   2   7  11  14   2 -14 -21 -17 -18 -18 -19 -16  -7
DST1302*17  X220   0 -12 -10 -10 -10 -11 -14 -11  -5  -6  -7  -9 -12 -14 -19 -21 -19 -22 -29 -36 -37 -40 -40 -36 -32 -19
DST1302*18  X220   0 -30 -27 -24 -21 -19 -15 -13 -11 -11 -12 -12  -9  -8 -12 -14 -12 -11 -11 -11 -10 -13 -22 -31 -28 -16
DST1302*19  X220   0 -24 -21 -20 -20 -17 -10  -5  -5  -3  -5 -11 -14 -13 -11 -12 -14 -16 -14 -17 -18 -14 -11 -13 -14 -13
DST1302*20  X220   0 -14 -11  -7  -5  -4  -4  -3   0   3  -1  -9 -19 -23 -23 -23 -15 -13 -13 -14 -14 -14 -10  -9 -11 -11
DST1302*21  X220   0 -14 -12 -17 -17 -12  -8  -4   2   6   7   7   4   3   1  -1  -4  -9 -11 -11  -9 -10 -20 -24 -24  -7
DST1302*22  X220   0 -23 -23 -22 -22 -16 -12 -12 -13 -11 -11  -7  -5  -9 -14 -19 -22 -24 -25 -24 -20 -19 -19 -23 -28 -18
DST1302*23  X220   0 -31 -32 -31 -30 -25 -20 -16 -13 -11 -10  -9 -12 -12  -8  -8  -8 -12 -16 -18 -20 -20 -20 -21 -24 -18
DST1302*24  X220   0 -23 -22 -20 -20 -19 -18 -16 -13 -13  -9  -7  -5  -5  -5  -7  -7  -8 -12 -12 -12 -13 -13 -10  -9 -12
DST1302*25  X220   0  -7  -5  -4  -4   0   3   5   8   8  11  15  19  22  19  15  13  10  10  16  16  14  11   7   3   9
DST1302*26  X220   0   3   3   4   7   8  11   8   5   2   4  12  14   7   2  -3  -6  -8 -13 -15 -16 -14 -15 -16 -14  -1
DST1302*27  X220   0  -7   0   0   1   1   1   2   5   8   7  11  12   9   9   6   5   6   4   1   2   3   2   1   2   4
DST1302*28  X220   0   0   3   7   9   9  12  11   8   2   3   2   2   4   2  -4  -1   2   5   7   4   1  -6  -6 -18   2


DST1303*01  X220   0 -24 -27 -22 -25 -22 -17 -15 -12 -14 -37 -55 -40 -30 -28 -38 -46 -48 -51 -41 -37 -40 -44 -51 -52 -34
DST1303*02  X220   0 -44 -37 -38 -37 -33 -28 -25 -25 -27 -20 -16 -16 -22 -27 -28 -24 -21 -25 -27 -23 -22 -22 -27 -30 -27
DST1303*03  X220   0 -27 -26 -30 -31 -28 -20 -19 -25 -26 -23 -17 -11 -10 -12 -15 -15 -16 -18 -18 -18 -21 -24 -25 -26 -21
DST1303*04  X220   0 -29 -34 -35 -32 -25 -20 -18 -16 -13 -11 -13 -14 -11  -9  -8  -8  -9 -10 -11 -11 -13 -17 -19 -19 -17
DST1303*05  X220   0 -19 -16 -16 -18 -15 -13  -9  -9  -6   0   2   0  -3  -5  -6  -6  -8  -8  -7  -5  -2  -1  -5 -12  -8
DST1303*06  X220   0 -17 -17 -19 -16 -11  -8  -4  -4  -2   0   4   7   6   4   2   0   0   2   8   8   6   2   2   5  -2
DST1303*07  X220   0  -2   1  -1   3   7   7   8   6   6   7   5   1   3   4   4   2   0  -2  -1  -1   0   1   2   4   3
DST1303*08  X220   0   4   3   2   2   2   5   8   8   7   7   6   4   2   2   0   1   3   3   4   2  -1  -1   3   5   3
DST1303*09  X220   0   2   0   2   2   2   3   0   0   0   2   0  -1   2   6   3   3   4   2   1   8  10   4   2   5   3
DST1303*10  X220   0   9  11  10  10  12  12  10   7   7   9  12  13  13  12  10   7   7   9  11  11  10   2  -5  -6   8
DST1303*11  X220   0  -2  -2  -1   2   5   8   5  -3  -3   1   3   6   8   9  10   6   4   2   0   2   4   7   9  10   4
DST1303*12  X220   0   9   5   3   7   8   9  10   7   8  15  20  22  22  20  15  10   5  -2   0   9   9   6   2   1   9
DST1303*13  X220   0   0  -3  -5  -2   1   1   1   0  -1   2   6   9   9  11  11  10   9   7   6   8   9   9   8   7   5
DST1303*14  X220   0   8   9  11  11   7   6   7   6   6   9  10  14  15  19  18  17  10   7   4   6   5   6   5   1   9
DST1303*15  X220   0   1   1   3   2   1  12   7  -6  -5   2   3   3   1   3   3   3   3   1   0   1  -1  -2  -2  -3   1
DST1303*16  X220   0  -4  -9 -11 -19 -19 -22 -24 -22 -23 -25 -23 -16  -9 -10 -10 -10 -11 -11  -9  -6  -6  -7 -10  -9 -14
DST1303*17  X220   0 -11 -13 -11  -8  -8  -7  15  -5 -23 -66 -89 -82 -86 -85 -89 -89 -84 -99 -98-115-132-131-116-105 -64
DST1303*18  X220   0 -96 -84 -77 -68 -64 -64 -60 -56 -55 -50 -43 -42 -43 -41 -45 -47 -50 -50 -48 -47 -48 -46 -47 -46 -55
DST1303*19  X220   0 -44 -45 -43 -37 -37 -37 -35 -37 -40 -41 -40 -37 -35 -33 -31 -32 -31 -29 -30 -29 -36 -36 -33 -32 -36
DST1303*20  X220   0 -31 -32 -30 -28 -31 -34 -31 -29 -29 -32 -31 -28 -21 -24 -30 -33 -38 -39 -34 -26 -23 -32 -35 -42 -31
DST1303*21  X220   0 -48 -52 -50 -52 -54 -52 -50 -53 -53 -49 -41 -36 -36 -35 -34 -33 -34 -36 -36 -33 -33 -28 -23 -23 -41
DST1303*22  X220   0 -22 -21 -20 -18 -17 -19 -26 -29 -28 -25 -18 -11 -15 -17 -12 -12 -14 -20 -27 -32 -27 -21 -20 -20 -20
DST1303*23  X220   0 -18 -11 -13 -14 -13 -10 -10 -15 -19 -20 -19 -10  -7  -8 -10 -15 -18 -19 -15 -16 -20 -13  -6   0 -13
DST1303*24  X220   0  -3  -8  -5  -5  -5  -5  -8 -10  -8  -6  -5  -4  -7  -9 -10 -14 -16 -16 -17 -20 -18 -17 -17 -15 -10
DST1303*25  X220   0 -13 -12 -11 -10 -10 -11 -12  -8  -8  -5  -9  -6  -4  -5  -4  -2   1   3   4  -2  -4  -4  -7  -6  -6
DST1303*26  X220   0  -4  -5  -3  -3  -4  -7  -6  -8  -8  -8  -5  -4  -4  -6  -5  -4  -4  -6  -7  -5  -3   0   2   4  -4
DST1303*27  X220   0   7  11   8   0  -7  -9 -12 -15 -12 -15 -23 -20  -9  -2  -6 -14 -31 -33 -25 -25 -29 -31 -31 -32 -15
DST1303*28  X220   0 -29 -23 -25 -25 -26 -25 -26 -26 -26 -23 -21 -22 -19 -17 -16 -16 -21 -27 -29 -30 -30 -25 -17 -12 -23
DST1303*29  X220   0 -16 -21 -18 -18 -26 -38 -47 -47 -42 -46 -45 -47 -43 -40 -51 -50 -59 -59 -53 -47 -49 -47 -45 -44 -42
DST1303*30  X220   0 -39 -41 -35 -45 -43 -40 -38 -37 -38 -42 -38 -33 -31 -30 -30 -29 -31 -33 -37 -35 -36 -34 -31 -28 -36
DST1303*31  X220   0 -24 -21 -17 -15 -14 -16 -17 -19 -21 -20 -19 -20 -20 -20 -16 -14 -17 -21 -26 -26 -26 -22 -20 -18 -20


DST1304*01  X220   0 -17 -17 -20 -20 -20 -20 -19 -22 -28 -31 -28 -23 -21 -22 -23 -24 -24 -26 -27 -25 -22 -22 -21 -18 -23
DST1304*02  X220   0 -17 -17 -15 -14 -14 -13 -16 -17 -18 -17 -16 -14 -12 -11 -11 -10 -11 -14 -14 -14 -11 -12 -14 -13 -14
DST1304*03  X220   0 -12 -11 -12 -13 -12 -11 -10 -11 -13 -15 -15 -13 -11 -11 -11 -10 -10 -11 -11 -12 -12 -15 -15 -17 -12
DST1304*04  X220   0 -16 -14 -11 -10  -8  -7  -6  -6  -8 -11 -13 -14 -15 -17 -19 -18 -19 -20 -19 -19 -19 -17 -17 -17 -14
DST1304*05  X220   0 -14 -13 -11 -11 -12 -12 -11 -10 -10 -10 -10  -7  -6  -6  -6  -5  -3  -4  -2  -5  -5  -5  -5  -4  -8
DST1304*06  X220   0  -3  -1   0   1   2   2  -3 -10  -9  -5  -3  -6  -9 -10  -8  -6  -9 -14 -17 -16 -12 -12 -11  -9  -7
DST1304*07  X220   0  -9  -9  -9 -11 -13 -13 -10  -6  -1  -1  -1  -3  -8 -12 -12  -8  -9 -12 -12  -9  -6  -7  -9  -8  -8
DST1304*08  X220   0  -8  -7  -8  -8  -7  -6  -7  -5  -4  -2  -3  -5  -7  -7  -6  -5  -6  -5  -5  -9 -10  -6  -6  -7  -6
DST1304*09  X220   0  -4  -4  -8  -6  -4  -2  -2  -3  -3   0  -2  -3  -5  -4  -1   0  -2  -2  -3  -5  -6  -7  -6  -4  -4
DST1304*10  X220   0  -3  -2   0   7   8  10  15  12   8   5   4   0  -1   2   5  10   9   7   8   7   5  -2  -3   1   5
DST1304*11  X220   0   5   7   9  11   9  10  10  11   7   5   4   0   1   5  10  11   8   5   1  -1  -1  -3  -5 -10   5
DST1304*12  X220   0  -8  -6  -3  -2  -1  -1  -1  -2  -3  -2   0   3   2   1   1   3   2   3   3   4   2   0  -2  -3   0
DST1304*13  X220   0  -4  -4  -6  -4  -2   1   0  -1  -2  -5  -5  -4  -3  -2   0   1   0  -3  -5  -4  -1   0   1  19  -1
DST1304*14  X220   0  16  19  20  20  18  16  12  -1   0   8  16  17  15  14  18  16  17  10  11  17  18  14   6   0  13
DST1304*15  X220   0  -4  -3  -4   2   3   1   3   3  -2  -3  -6  -6  -3  -2   0   0  -2  -2  -3   3   4   5   2  -5  -1
DST1304*16  X220   0  -6  -2   1   3   4   3   3   4   4   2   1   2   3   3   3   4   2  -1  -6 -11 -14 -15 -17 -16  -2
DST1304*17  X220   0 -14 -13 -15 -14 -11  -8 -11 -12 -10  -9  -8  -7  -6  -8  -9  -8  -6  -5  -5  -4  -2  -1  -2  -3  -8
DST1304*18  X220   0  -6  -8  -5  -3  -2  -1   2   4   4   6   7   6   6   7   5   2   0   0   0   1  -2  -4  -4  -3   1
DST1304*19  X220   0  -2  -2  -2  -1   0   0   0   1   0  -2  -1   0   0   2   3   5   6   5   3   3   5   3   1   3   1
DST1304*20  X220   0   5   8  10  10  10   9   9  11  10   5   5   5   4   4   7   8   5   0  -3  -3   1   6   8   7   6
DST1304*21  X220   0   7   9  12  12   9   8   8   7   6   5   5   3   2   3   5   6   6  11  16  17  19  18  16  15   9
DST1304*22  X220   0  12  10  12   8   8   8   9   9   7   9   7   4   4   3   5   7   9  12  10   6   5   6   4   8   8
DST1304*23  X220   0  11  10  11  11  14  22  19  12  11  12  13  15  20  22  23  24  21  22  26  28  22  16   9   4  17
DST1304*24  X220   0  -6 -11 -16 -22 -30 -31 -20 -16  -9  -6   0 -10 -12 -19 -21 -33 -39 -42 -48 -47 -47 -46 -43 -40 -26
DST1304*25  X220   0 -36 -34 -28 -25 -25 -26 -23 -20 -20 -19 -16 -15 -15 -12 -12 -16 -18 -22 -21 -20 -22 -24 -21 -19 -21
DST1304*26  X220   0 -18 -14 -14 -18 -30 -22 -24 -20 -20 -34 -33 -24 -18 -19 -17 -20 -21 -20 -18 -19 -22 -27 -24 -21 -22
DST1304*27  X220   0 -25 -24 -21 -20 -17 -16 -15 -14 -16 -14 -16 -15 -16 -15 -14 -12 -13 -12 -10 -10 -11 -15 -17 -14 -16
DST1304*28  X220   0 -12 -11  -9  -8  -9  -8  -5   0   0  -2  -4  -9 -10  -8  -5  -7  -6  -3  -4  -5  -7  -7 -11 -13  -7
DST1304*29  X220   0 -10  -9  -6  -6  -7  -8  -7  -7  -8 -10  -7  -4  -5  -5  -5  -3   2   5   3   3   2   0  -2  -4  -4
DST1304*30  X220   0  -5  -7  -5  -6  -8  -8  -8  -8 -12 -10  -2   1   2   4   3   0   1   1   2   1   1  -2  -3  -7  -3


DST1305*01  X220   0 -13 -19 -22 -23 -30 -29 -33 -47 -44 -40 -42 -43 -51 -53 -49 -55 -60 -67 -72 -70 -65 -64 -65 -53 -46
DST1305*02  X220   0 -47 -54 -57 -53 -47 -42 -43 -37 -33 -37 -37 -32 -30 -29 -29 -28 -30 -29 -32 -33 -32 -30 -29 -26 -37
DST1305*03  X220   0 -25 -25 -23 -21 -22 -21 -21 -18 -17 -19 -19 -18 -17 -15 -16 -16 -16 -16 -16 -14 -17 -18 -18 -20 -19
DST1305*04  X220   0 -19 -17 -14 -13 -14 -15 -13 -13 -15 -15 -13 -13 -13 -13 -16 -15 -16 -18 -20 -25 -26 -23 -24 -27 -17
DST1305*05  X220   0 -27 -25 -23 -24 -25 -29 -33 -28 -25 -19 -14 -15 -14 -12 -11 -11  -3  -3  -5  -5  -5  -6  -4  -2 -15
DST1305*06  X220   0  -2  -1   0  -1   1   3   7   5   7  -3  -2   2   8  10  10  13   9  10   8   6   2  -9  -9  -9   3
DST1305*07  X220   0  -8 -12 -15 -12  -8 -10  -9  -5  -7  -6  -4  -3  -3  -3   0   0   0  -1  -1  -3  -6  -9  -9  -6  -6
DST1305*08  X220   0  -4  -3   0   0  -4  -7  -7  -3  -6  -9  -6  -6  -3  -2  -1  -1  -3  -7  -5  -5  -5  -6  -8  -7  -5
DST1305*09  X220   0  -9  -9  -7  -6  -6  -5  -3  -4  -2   0   1   2   3   5   4   2   0  -2  -4  -4   0   2   5   5  -1
DST1305*10  X220   0   6   9  10   7   3   1   1   0  -1   0  -2  -2  -3  -1   6  10   9   7   5   4   4   2   0   3   3
DST1305*11  X220   0   5   3   3   2   3   1   1   2   2   2   2   2   0  -1  -2  -2  -1   0   1   2   2   2   1   0   1
DST1305*12  X220   0   1   1  -1  -3  -3  -3  -3  -3  -5  -4  -3  -2  -1   0   1   3   6   8   7   5   7   8   5   5   1
DST1305*13  X220   0   2   5   5   4   5   6   7   4   1   0   3   8   7   7   7   9  12  11  12  12  13  12  13  15   8
DST1305*14  X220   0  16  17  11   8   9  12  14  12   4  -6 -13 -18 -13 -11 -10 -14 -15 -13 -11  -6 -10 -12  -7  -2  -2
DST1305*15  X220   0  -2  -3  -3   1   7  11  11   8   5  16  14  12   8  14  10  14  15  12   9  11  12   6   6   6   8
DST1305*16  X220   0   8   9   0  -4  -3  -5  -9 -11  -9  -6  -3  -6  -6  -4  10   1   8   0  -4 -12 -21 -24 -32 -35  -7
DST1305*17  X220   0 -33 -28 -25 -26 -25 -25 -22 -16  -7  -3  -1  -4  -4  -1   4   3   1  -8  -7 -11  -9 -10 -15 -18 -12
DST1305*18  X220   0 -18 -17 -32 -53 -61 -55 -52 -56 -61 -52 -44 -40 -35 -32 -27 -26 -25 -29 -34 -35 -34 -39 -44 -47 -40
DST1305*19  X220   0 -46 -45 -43 -37 -34 -32 -32 -36 -38 -42 -44 -45 -46 -48 -51 -51 -49 -43 -38 -36 -36 -36 -34 -18 -40
DST1305*20  X220   0 -14 -15 -14 -11 -10 -11 -12 -13 -14 -11  -8  -6  -7  -6  -6  -7  -8 -12 -11 -11  -9 -12 -14 -14 -11
DST1305*21  X220   0 -12 -13 -15 -14 -15 -16 -16 -20 -16  -9  -9  -9  -9  -7  -8  -8  -7  -7  -8 -10 -11  -7  -4 -10 -11
DST1305*22  X220   0 -13 -16  -8  -1   1  -1   2   8  11   9   1   5  12   8  12   9  -1  -7  -6  -6 -15 -18 -21 -15  -2
DST1305*23  X220   0 -11  -8  -7 -10  -5  -6  -4  -5  -7  -9  -8  -5  -6  -3  -1  -4  -6  -7  -7 -10 -11 -15 -16 -14  -8
DST1305*24  X220   0  -8  -5  -5  -4  -5 -10  -8  -7 -10 -16 -19 -18 -22 -27 -25 -21 -22 -20  -5 -11 -20 -27 -19 -19 -15
DST1305*25  X220   0 -22 -21 -27 -41 -47 -58 -59 -51 -38 -30 -20 -36 -31 -28 -30 -37 -49 -55 -53 -56 -47 -51 -51 -42 -41
DST1305*26  X220   0 -22 -11 -20 -30 -28 -43 -41 -41 -39 -41 -42 -41 -37 -35 -32 -30 -28 -28 -26 -32 -34 -36 -41 -37 -33
DST1305*27  X220   0 -31 -28 -25 -30 -36 -33 -29 -29 -29 -26 -26 -20 -22 -26 -28 -24 -22 -21 -26 -30 -29 -27 -29 -29 -27
DST1305*28  X220   0 -32 -34 -31 -34 -31 -27 -27 -26 -24 -28 -26 -23 -23 -24 -22 -21 -22 -23 -23 -22 -21 -22 -22 -20 -25
DST1305*29  X220   0 -19 -19 -17 -15 -14 -15 -14 -15 -15 -16 -17 -19 -21 -21 -20 -19 -20 -19 -17 -16 -16 -17 -17 -15 -17
DST1305*30  X220   0 -15 -16 -14 -12 -13 -13 -13 -12 -11 -11 -12 -11 -10 -10 -12 -12 -10  -7  -9 -10 -10 -11 -12 -11 -12
DST1305*31  X220   0  -8  -6  -3   0   0  -4  -2   2   2  -1  -2  -5  -4  -4  -2  -1  10  16  14  11   9   6   6   5   2


DST1306*01  X220   0  13   3 -38 -73-103-110-109-122-124-103 -89 -83 -82 -83 -73 -68 -68 -65 -60 -55 -54 -51 -50 -44 -70
DST1306*02  X220   0 -42 -44 -40 -49 -50 -50 -53 -45 -40 -38 -40 -43 -38 -36 -41 -42 -42 -39 -39 -43 -40 -34 -31 -31 -41
DST1306*03  X220   0 -32 -31 -34 -33 -33 -31 -28 -24 -24 -26 -27 -29 -27 -25 -25 -22 -22 -21 -21 -20 -22 -23 -20 -25 -26
DST1306*04  X220   0 -23 -28 -29 -26 -27 -26 -25 -27 -23 -19 -20 -25 -25 -25 -24 -25 -25 -22 -18 -16 -15 -11  -9  -9 -22
DST1306*05  X220   0 -14 -13 -12 -13 -20 -23 -20 -15 -13 -13 -14 -14 -12  -8 -10 -11 -12 -15 -18 -20 -20 -21 -23 -24 -16
DST1306*06  X220   0 -26 -25 -24 -18 -15 -12 -12 -15 -20 -17 -15 -17 -19 -22 -21 -13 -20 -17 -20 -37 -45 -55 -62 -60 -25
DST1306*07  X220   0 -64 -69 -78 -68 -76 -78 -74 -73 -56 -52 -49 -40 -43 -46 -43 -47 -44 -39 -38 -34 -30 -28 -26 -24 -51
DST1306*08  X220   0 -24 -26 -27 -26 -21 -23 -18 -19 -11  -7  -8 -17 -16 -17 -17 -20 -19 -17 -13 -14 -14 -14 -14 -16 -17
DST1306*09  X220   0 -14 -13  -8  -6  -3   0  -1  -1   0   0   0  -2   0  -3  -7 -14 -17 -21 -12 -10  -6  -9 -11 -10  -7
DST1306*10  X220   0 -10 -14 -18 -17 -19 -18 -15 -14 -10 -12  -9 -11 -12 -14 -10 -13  -9  -8  -8 -11 -12 -14 -14 -12 -13
DST1306*11  X220   0 -11  -9  -9  -9 -11 -10 -10  -7  -7  -8  -7  -6  -9  -9 -14 -16 -17 -15 -19 -16 -14 -14 -13 -12 -11
DST1306*12  X220   0 -16 -15 -11 -11 -13 -12 -12 -14 -13 -14 -11 -11 -11 -12 -13 -13 -10 -10  -9  -8  -7  -9  -8 -10 -11
DST1306*13  X220   0 -15 -18 -14 -10  -6  -5  -3  -3  -5  -6  -5  -4  -6  -8  -9 -11  -9  -8  -7  -6  -5  -5  -6  -6  -8
DST1306*14  X220   0  -5  -5  -5  -5  -5  -6  -6  -6  -4  -4   0  -1   0   3   5   5   6   6   4   1   0   0  -3  -6  -1
DST1306*15  X220   0  -8  -3   0   2   4   9  10   4   2  -1  -2  -5  -8 -11 -11 -10  -8  -8  -4  -2  -4  -6  -8  -7  -3
DST1306*16  X220   0  -6  -4   0   2   1   2   0   1   1   2   1   1   2   0  -1  -1  -2  -4  -6  -7  -4  -2   1   2  -1
DST1306*17  X220   0   2   3  -2  -4  -5  -6  -6  -7  -5  -6  -7  -8 -10 -11 -10 -10  -8  -4  -4  -2  -1  -1   2   8  -4
DST1306*18  X220   0   9   7   0  -7 -14 -15 -12 -10  -9  -8 -10 -11 -14 -13 -14 -14 -15 -14 -15 -13 -11 -12  -9   0  -9
DST1306*19  X220   0   5   3  -3  -7  -6  -5  -4  -1   0   1   0  -2  -7 -10 -10  -9  -6  -4  -2  -3  -5  -4   0   6  -3
DST1306*20  X220   0   1  -8 -10  -9 -11 -10  -7  -3  -1   3   2   5   3  -4 -10 -12 -12  -9  -6  -7 -10 -12  -7  -9  -6
DST1306*21  X220   0 -11 -21 -23 -18 -18 -18 -18 -17 -17 -15 -17 -16 -16 -17 -17 -13  -8  -5  -5 -10 -14 -27 -25 -21 -16
DST1306*22  X220   0 -17 -20 -20 -21 -18 -20 -18 -18 -17 -18 -22 -25 -25 -24 -22 -23 -22 -24 -24 -29 -32 -30 -26 -21 -22
DST1306*23  X220   0 -19 -19 -18 -22 -20 -19 -23 -17 -16 -28 -32 -32 -27 -23 -25 -27 -26 -28 -25 -25 -23 -29 -37 -38 -25
DST1306*24  X220   0 -33 -27 -25 -28 -32 -33 -25 -19 -18 -28 -33 -36 -36 -30 -27 -31 -31 -32 -36 -44 -40 -46 -49 -49 -33
DST1306*25  X220   0 -40 -35 -35 -36 -34 -30 -27 -25 -22 -21 -26 -28 -30 -29 -25 -22 -19 -15 -15 -18 -21 -23 -19 -18 -26
DST1306*26  X220   0 -18 -18 -14 -11  -9  -8  -6  -5  -7 -10 -10 -13 -13 -11 -10  -9 -11 -13 -10 -12 -15 -18 -19 -18 -12
DST1306*27  X220   0 -18 -16 -13 -13 -15 -14 -11 -10 -11 -13 -14 -15 -14 -13  -6   4   0  -2   0  -4  -5  -5  -5  -2  -9
DST1306*28  X220   0   5   3  -6  -4 -13 -17 -15 -14 -14 -14 -16 -19 -25 -32 -36 -36 -45 -48 -52 -59 -67 -77 -82 -91 -32
DST1306*29  X220   0 -95-100-100 -97 -98-100-102 -98-101 -92 -97 -78 -91 -83 -74 -75 -74 -75 -67 -67 -70 -62 -49 -45 -83
DST1306*30  X220   0 -47 -51 -45 -41 -43 -39 -36 -35 -34 -35 -34 -32 -34 -32 -31 -32 -33 -33 -35 -35 -39 -41 -42 -41 -38


DST1307*01  X220   0 -39 -39 -40 -36 -35 -35 -35 -33 -31 -31 -31 -30 -30 -32 -30 -30 -30 -30 -27 -25 -24 -22 -19 -16 -30
DST1307*02  X220   0 -16 -17 -19 -19 -19 -18 -16 -16 -17 -19 -20 -20 -21 -20 -19 -19 -19 -17 -12 -12 -11 -10 -10  -7 -16
DST1307*03  X220   0  -9 -13 -15 -16 -16 -15 -13 -10 -11 -12 -14 -15 -16 -17 -17 -16 -13 -10 -11 -14 -12 -10  -5  -4 -13
DST1307*04  X220   0  -8  -9  -8  -9  -9 -10  -8  -6  -3  -3  -2  -3  -4  -5  -7  -8  -7  -3   4   9  12  10  11   8  -2
DST1307*05  X220   0   1  -1   1   0  -6 -18 -24 -21 -20 -17  -9   1  -2  -1  -6  -3  -1   3  12   3  -9 -10  -6  -2  -6
DST1307*06  X220   0  -9 -23 -35 -46 -52 -58 -67 -72 -77 -79 -79 -78 -78 -81 -83 -85 -86 -85 -87 -86 -83 -82 -79 -67 -69
DST1307*07  X220   0 -49 -47 -45 -42 -37 -33 -29 -28 -27 -25 -25 -23 -23 -22 -21 -19 -17 -14 -15 -20 -20 -19 -19 -17 -27
DST1307*08  X220   0 -17 -15 -15 -15 -16 -18 -23 -21 -18 -16 -17 -16 -16 -15  -9 -10 -11 -10  -8  -7  -6  -8 -10  -8 -14
DST1307*09  X220   0  -5  -3  -1   0  -1   0   0   0  -3  -5  -1   1   3   5   1  -2  -5  -2  -5  -5  -1  14   8   4   0
DST1307*10  X220   0   3   0 -12 -18 -29 -40 -47 -50 -51 -49 -49 -54 -49 -42 -49 -53 -53 -51 -52 -50 -52 -56 -53 -43 -42
DST1307*11  X220   0 -34 -33 -34 -27 -26 -32 -38 -45 -38 -41 -44 -44 -46 -48 -47 -47 -42 -44 -43 -47 -43 -41 -36 -32 -40
DST1307*12  X220   0 -27 -24 -21 -27 -30 -29 -27 -24 -24 -24 -22 -22 -21 -18 -18 -18 -19  -8  -7 -12 -17 -16  -9  -7 -20
DST1307*13  X220   0 -14 -17   3   2  -6  -7 -10  -7  -8  -9  -5  -5  -4  -3  -2   1   0  -2  -6 -14 -23 -27 -27 -27  -9
DST1307*14  X220   0 -27 -32 -34 -32 -31 -34 -37 -31 -30 -38 -43 -45 -37 -46 -52 -58 -59 -65 -70 -67 -68 -78 -81 -80 -49
DST1307*15  X220   0 -74 -60 -52 -54 -50 -49 -45 -49 -52 -48 -46 -49 -50 -52 -53 -54 -51 -49 -43 -37 -34 -35 -34 -30 -48
DST1307*16  X220   0 -27 -24 -25 -27 -28 -26 -26 -25 -25 -25 -24 -23 -23 -20 -18 -20 -23 -24 -22 -20 -21 -21 -17 -13 -23
DST1307*17  X220   0 -13 -11  -9  -8  -8 -10  -9  -6  -2   0   2   3   2   0  -2  -1   1   3   5   7   7   3   0   0  -2
DST1307*18  X220   0  -1   0   1   0   1   4   7   5   9  11   9  11   8  15  17   8   7   5   3  -6  -7 -10 -10  -7   3
DST1307*19  X220   0  -5  -5  -9 -18 -20 -20 -15 -16 -20 -23 -18 -16 -11 -15 -18 -17 -19 -25 -21 -18 -16 -18 -16 -15 -16
DST1307*20  X220   0 -12 -14  -9  -8  -8  -8  -8  -9 -11 -10  -9  -8  -7  -5  -5  -5  -8  -9  -9 -12 -14 -15 -12 -10  -9
DST1307*21  X220   0  -8  -3  -1  -1  -2  -1  -1  -3  -3  -5  -6  -4   0   0  -1   2   1  -6  -7  -7  -8  -5  -4  -2  -3
DST1307*22  X220   0  -2  -1  -1  -1   0   2   6   5   4   5   6   6   5   5   6   6   5   4   0  -2  -2  -4  -2  -1   2
DST1307*23  X220   0   0   0  -5  -5  -4  -2  -1   0   0  -2  -2  -4  -7  -6  -3   0   0  -2  -4  -7  -8 -11 -13 -10  -4
DST1307*24  X220   0  -9 -11 -11 -12 -11  -8  -4  -2  -2   1   3   3   1  -1  -1  -1  -2  -6  -9 -13 -12 -11  -9  -7  -6
DST1307*25  X220   0  -5  -3   0   2   3   2  -1  -4  -4  -1   3   6  11  14  15  16  16  18   8   3   4  -6  -2  -6   4
DST1307*26  X220   0 -19 -19 -12 -10 -17 -16  -9  -8 -11 -11  -9  -7  -8 -12  -5  -6 -10  -9 -13 -20 -21 -22 -20 -17 -13
DST1307*27  X220   0 -17 -18 -16 -17 -13 -12 -10 -11 -10  -9  -7  -2   0   1   1   3  -2  -6 -14 -16 -14 -13 -15 -20 -10
DST1307*28  X220   0 -22 -21 -25 -27 -21 -18 -14 -17 -17 -16 -12  -7  -4  -4  -4  -8  -8  -9 -10 -11 -15 -17 -18 -17 -14
DST1307*29  X220   0 -16 -13 -10  -8  -7  -8  -8  -8  -8  -7  -5  -1   0  -2  -4  -2  -3  -4  -4  -2   1   2   2   2  -5
DST1307*30  X220   0   1   2  -2  -5  -8  -5  -5  -6  -4  -1  -2  -3  -4  -8 -10  -9 -10 -12 -17 -19 -19 -16 -15 -12  -8
DST1307*31  X220   0 -12 -12 -10  -9 -10  -7  -6  -5  -4  -4  -4  -4  -1   1   1  -2  -2  -5  -6  -6  -5  -5  -3  -4  -5


DST1308*01  X220   0  -5  -6  -6  -4  -4  -5  -5  -8  -9  -9  -8  -7  -4  -2   2   3   1   7   8   9   8   6   7   9  -1
DST1308*02  X220   0   8   7   5   4   5   6   5   4   3   4   5   5   4   3   6   5   5   4   3   3   2   2   3   0   4
DST1308*03  X220   0  -2  -3  -2   1   5   7   7   8   7   7   8   7   6   7   7   8   8  10   6   3   2   1  -2   4   5
DST1308*04  X220   0   7   4   3   6  12  18  19  12   5   3  11  12   8   9   8  14   3 -30 -28 -28 -35 -41 -46 -37  -4
DST1308*05  X220   0 -41 -49 -50 -44 -45 -40 -33 -33 -37 -38 -34 -32 -26 -24 -25 -27 -28 -27 -23 -22 -28 -32 -34 -36 -34
DST1308*06  X220   0 -40 -39 -34 -30 -28 -23 -22 -22 -22 -21 -17 -15 -15 -13 -13 -14 -13 -12 -15 -18 -19 -24 -25 -22 -22
DST1308*07  X220   0 -24 -25 -23 -19 -16 -12 -10 -10  -9  -8  -8  -8  -5  -3  -5  -8  -9 -11 -14 -17 -17 -17 -18 -17 -13
DST1308*08  X220   0 -18 -18 -18 -15 -11  -6  -6  -9 -10 -12 -11  -8  -6  -5  -4  -6  -7 -11 -11 -11  -6  -2  -7  -8  -9
DST1308*09  X220   0  -9 -12 -10  -2   4   2   6   5   7  10   9   6   2   6  11   9   5   2   2   1   2  -3  -4  -7   2
DST1308*10  X220   0  -9  -9 -12  -9  -4   0   2  -1   0  -1   1   5   8   6   0   2   3   7   8  10  10  10   7   4   2
DST1308*11  X220   0  -2  -6  -1   0  -1   2   5   5   5   5   5   4   4   4   3   0  -1  -3  -5  -2   1   0  -2  -7   1
DST1308*12  X220   0  -9  -6  -2   2   7  10  11   9   8   9   9   8   7   6   5   8   4   6   4   3   5   3  -1  -3   4
DST1308*13  X220   0  -5  -5  -7  -6  -2   4   7   6   9   7   2   4  11  15  15  18  10  -4 -10  -6  -2  -7 -10  -8   2
DST1308*14  X220   0 -13 -18 -27 -28 -26 -18 -15 -11  -9  -7  -7  -5  -6  -7  -8  -7  -2   6   8   1  -2  -8 -16 -21 -10
DST1308*15  X220   0 -28 -31 -29 -24 -17 -10  -7  -2  -5 -13 -24 -22 -10  -6  -9 -11 -14 -16 -11  -7 -10 -17 -26 -25 -16
DST1308*16  X220   0 -19 -24 -26 -32 -41 -35 -25 -28 -36 -36 -31 -26 -32 -32 -34 -33 -33 -31 -32 -28 -26 -26 -28 -29 -30
DST1308*17  X220   0 -28 -26 -26 -23 -24 -22 -20 -17 -16 -17 -17 -19 -20 -22 -24 -24 -20 -19 -19 -21 -21 -22 -20 -16 -21
DST1308*18  X220   0 -15 -15 -14 -15 -14 -11 -11 -13 -14 -10  -9 -10 -12 -13 -13 -12 -10 -16 -20 -22 -20 -17 -15 -13 -14
DST1308*19  X220   0 -13 -14 -13 -10  -6  -3  -2  -2  -3  -4  -5  -6  -8 -10 -14 -16 -14 -13 -14 -13 -12 -13 -13 -11 -10
DST1308*20  X220   0 -10 -10  -8  -6  -5  -4  -4  -4  -4  -3  -2  -3  -5  -6  -6  -3   0   2   4   9  10  12  19  28   0
DST1308*21  X220   0  20  21  20   3 -15 -26 -24 -15 -13 -15 -14 -18 -21 -21 -15 -11  -6   3   4 -13 -12 -23 -22 -16 -10
DST1308*22  X220   0 -15 -14 -19 -16 -10 -10 -15 -18 -14 -14 -17 -16 -20 -18 -18 -18 -19 -18 -18 -10 -11 -16 -21 -29 -16
DST1308*23  X220   0 -34 -38 -40 -31 -26 -26 -26 -23 -22 -27 -34 -32 -23 -23 -26 -28 -26 -26 -24 -22 -20 -21 -23 -25 -27
DST1308*24  X220   0 -23 -19 -18 -15 -10  -6  -6  -7 -11 -15 -16 -17 -18 -18 -23 -23 -17 -16 -15 -19 -20 -22 -23 -23 -17
DST1308*25  X220   0 -23 -21 -16 -11  -9 -11 -14 -18 -22 -23 -18 -21 -24 -24 -24 -26 -23 -24 -25 -25 -25 -26 -27 -29 -21
DST1308*26  X220   0 -27 -24 -21 -18 -14 -13 -13 -11 -11  -8  -8  -8 -11 -10 -10  -8  -9  -9  -7  -4  -5  -6  -7 -10 -11
DST1308*27  X220   0 -14 -18 -17 -13 -12  -9  -7  -4  -3  -3  -5 -11 -16 -16 -14  -2   0  -6 -24 -41 -55 -59 -53 -52 -19
DST1308*28  X220   0 -50 -49 -53 -53 -50 -43 -40 -35 -29 -28 -29 -28 -27 -28 -30 -29 -26 -23 -24 -25 -26 -26 -28 -27 -34
DST1308*29  X220   0 -22 -19 -17 -16 -14 -13 -12 -12 -11 -11 -13 -13 -11  -9 -12 -15 -14  -9 -13 -12 -10 -12 -12 -12 -13
DST1308*30  X220   0  -9  -6  -4  -1   1  -1   1   1   2   6   8   2   1   2   5   6   4   1  -2  -8 -11  -9 -16 -31  -2
DST1308*31  X220   0 -38 -39 -39 -35 -27 -21 -21 -32 -42 -38 -34 -28 -26 -32 -33 -31 -28 -24 -22 -21 -19 -14 -15 -16 -28


DST1309*01  X220   0 -18 -17 -15 -15 -14 -15 -15 -18 -13  -8  -8  -9 -12 -18 -23 -25 -22 -22 -24 -26 -30 -31 -29 -26 -19
DST1309*02  X220   0 -24 -22 -17 -12 -10 -20 -19 -15 -17 -21 -21 -20 -17 -19 -24 -22 -19 -20 -25 -24 -20 -17 -16 -14 -19
DST1309*03  X220   0  -9  -5   2   7   9   8   2   1   4  -3  -5  -9 -11 -11 -13 -11  -6  -3  -3  -7  -7  -7 -13 -20  -5
DST1309*04  X220   0 -15 -10  -6  -2  -1  -2  -3  -5  -3  -1  -1  -9 -11  -9  -7  -6  -3  -1   0  -2  -4  -9 -11 -10  -5
DST1309*05  X220   0  -4  -1   0   2   4   4   3   3   4   3   0   0   2   2   2   2   2   2   1  -1  -4  -9 -12  -9   0
DST1309*06  X220   0  -8  -3  -1  -3   1   2   3   3   2   1  -2   0   1   3   2  -1  -3  -5  -8 -11 -14 -19 -20 -19  -4
DST1309*07  X220   0 -13 -10  -9  -6  -4  -7  -8  -5  -3  -4  -4  -2   2   3   2   2   1   1   1   2   1   1   0   1  -2
DST1309*08  X220   0   2   8   6   0   8   9   5   0  -1  -2  -4  -8  -9  -9  -8  -6  -6  -5  -3  -3  -5  -7  -9 -12  -2
DST1309*09  X220   0 -12 -12 -11  -9  -7  -6  -5  -6  -3  -3  -8  -8  -7  -5  -4  -4  -2   1   5   5   3   1  -2  -5  -4
DST1309*10  X220   0  -5  -8  -8  -4  -1   2   3   3   2  -2  -6  -7  -1   0  -3   5   4   5   2   3  -6 -11 -10  -6  -2
DST1309*11  X220   0  -2  -1   3   6   6   5   3  -1  -3  -4  -2   0   1   1   1  -1  -5  -6  -6  -2   1   2   0  -2   0
DST1309*12  X220   0  -1   1   7   8   5   1  -4  -6  -8  -5  -1   3   4   8   9   7  10  13  11  10   2  -7  -8 -10   2
DST1309*13  X220   0  -6  -3  -1   1   2   0   0  -2  -3  -1   2   2  -1   0   3   4   3   3   1  -7  -7  -7  -6  -5  -1
DST1309*14  X220   0  -4  -4  -2  -3  -3  -3  -5  -6  -6  -4  -4  -3  -3   0   0  -1   0   2   0  -2  -1  -1  -2  -4  -2
DST1309*15  X220   0  -5  -3  -1   1   1   2   1   1   2   3   3   3   2   3   5   3   3   4   3   2   1  -1  -3  -4   1
DST1309*16  X220   0  -2  -5  -5  -3  -5  -4  -5  -5  -4  -1   1   1   0  -1  -2  -2  -2  -1  -1  -1  -3  -4  -4  -1  -2
DST1309*17  X220   0   5   8   6   5  -3 -10  -9 -12  -9 -10  -9  -7  -7  -3   3   9   8   6   9  14   8  -3  -5  -7  -1
DST1309*18  X220   0  -7  -2   3   1   1   1   1   4   4   5   5   9  10  17  14  10   4   7  10   3  -4  -5  -8 -10   3
DST1309*19  X220   0  -6  -4  -5  -6 -11 -17 -15 -14 -16 -10 -10 -12 -15 -10  -7  -6  -6  -9 -10 -11 -15 -17 -17 -13 -11
DST1309*20  X220   0  -6   0   2  -1  -5  -8 -10 -14 -13 -11 -12 -11  -9  -8  -6  -3  -2  -2   0  -1  -3  -9  -8  -8  -6
DST1309*21  X220   0  -7 -11 -11  -7  -5  -2  -2  -3  -5  -5  -1   3   4   1   1   0  -2   3   3   2   0  -2  -6  -6  -2
DST1309*22  X220   0  -6  -4  -5  -4  -8  -6  -3  -5  -7  -6  -5  -3  -2  -3  -4  -4  -5   0   4   5   2  -1  -3  -4  -3
DST1309*23  X220   0  -4  -5  -4  -4  -2  -4  -2  -1  -1  -2   0   1   2   1   1   1   5   8   8   7   4   1  -2  -7   0
DST1309*24  X220   0  -7  -8  -8  -4  -2   1   2   4   8  15  10 -11 -22 -11 -19 -18 -17 -11  -8  -9 -13 -19 -23 -22  -8
DST1309*25  X220   0 -19 -13 -11  -8  -9 -10  -9 -11 -10 -10  -9  -8  -8  -6  -4  -3   0   2   2  -1  -5  -5  -8 -11  -7
DST1309*26  X220   0 -12  -8  -4  -3  -3  -3  -2  -1  -2  -2  -2   0   2   3   3   1  -1  -3  -1  -2  -3  -3  -1   2  -2
DST1309*27  X220   0   5   6   6   5   5   7   6   5   4   4   4   4   4   2   2   3   4   1   2   3   2   2   3   3   4
DST1309*28  X220   0   5   7   6   3   1   1   1   1   0   0   0   1   0   0   1   3   4   3   3   2   3   6   7   6   3
DST1309*29  X220   0   7   8   8   6   3   3   4   5   6   8   9   7   7   5   6   8   9   8   8  10  14  11  10  11   8
DST1309*30  X220   0   9   6   8   8   8   6   4   6   7   5   3   2   2   3   2   2   2   5   8   8   7   8   8   8   6


DST1310*01  X220   0  10  12  13  13  16  16  16  18  16  16  17  14  13  10   9   3   8  15  15   9   5  -2  -7  -8  10
DST1310*02  X220   0  -5  -3  26 -10 -19 -39 -68 -72 -68 -62 -64 -60 -64 -61 -58 -55 -49 -43 -42 -47 -50 -54 -53 -46 -44
DST1310*03  X220   0 -46 -53 -53 -50 -49 -48 -46 -45 -42 -39 -36 -34 -34 -32 -31 -26 -20 -17 -15 -15 -25 -25 -27 -27 -35
DST1310*04  X220   0 -26 -25 -21 -19 -21 -20 -20 -20 -20 -16 -18 -20 -21 -21 -21 -20 -18 -18 -17 -16 -16 -15 -14 -15 -19
DST1310*05  X220   0 -17 -17 -15 -14 -14 -14 -14 -13 -15 -15 -14 -14 -13 -12 -12 -12 -12 -12 -13 -12 -11  -8  -7  -7 -13
DST1310*06  X220   0  -9  -9  -8  -7  -6  -5  -3  -3  -4  -4  -3  -2  -3  -4  -5  -6  -4  -2  -3  -5  -7  -9 -10  -8  -5
DST1310*07  X220   0  -6  -3   0  -5  -9 -11 -13 -14 -15 -17 -14 -11 -10 -10 -12 -11 -11 -12 -14 -15 -12 -10 -10 -12 -11
DST1310*08  X220   0 -12 -11 -11 -12  -9  -6  -3  -4  -6  -7  -7  -8 -10  -9  -2   4   7  10  11   5  17  10 -33 -19  -4
DST1310*09  X220   0 -66 -69 -61 -63 -56 -53 -53 -48 -45 -34 -33 -43 -44 -40 -30 -19 -20 -27 -30 -28 -23  -8 -11 -13 -38
DST1310*10  X220   0 -26 -37 -33 -32 -39 -41 -38 -32 -29 -27 -27 -29 -30 -28 -27 -26 -23 -23 -23 -23 -22 -23 -19 -19 -28
DST1310*11  X220   0 -23 -26 -25 -24 -26 -24 -22 -25 -25 -24 -24 -21 -19 -14 -12 -12 -10  -9  -6  -9 -11 -10 -11 -12 -18
DST1310*12  X220   0 -13 -14 -15 -15 -15 -15 -12 -10 -10 -10  -9  -9  -6  -4  -1   2   4   1  -2  -1  -2  -1  -4 -10  -7
DST1310*13  X220   0 -11 -11 -10  -8  -7  -6  -3   0   2   3   1  -1  -4  -4  -5  -3  -1   2   2   2   2   1  -3  -8  -3
DST1310*14  X220   0 -10  -9 -12 -15 -15 -10  -9  -7  -3   3  -7 -19 -17  -9 -11 -20 -25 -27 -27 -40 -43 -40 -38 -42 -19
DST1310*15  X220   0 -42 -46 -43 -49 -44 -44 -40 -37 -31 -27 -27 -27 -30 -25 -25 -25 -24 -19 -17 -17 -15 -16 -13 -18 -29
DST1310*16  X220   0 -22 -24 -25 -30 -31 -26 -24 -25 -26 -25 -24 -22 -19 -16 -15 -17 -21 -20 -21 -15 -10 -10  -9 -12 -20
DST1310*17  X220   0 -14 -15 -18 -16 -15 -19 -21 -20 -21 -23 -22 -22 -22 -17 -17 -19 -22 -23 -21 -20 -17 -13 -15 -16 -19
DST1310*18  X220   0 -13 -13 -14 -17 -17 -16 -15 -17 -18 -16 -15 -15 -14 -11  -9  -8  -7  -9 -11  -8  -4  -5  -6  -6 -12
DST1310*19  X220   0  -6  -7  -7  -7  -6  -4  -4  -4  -5  -6  -5  -4  -4  -4  -5  -5  -7  -7  -6  -7  -8  -8  -7  -5  -6
DST1310*20  X220   0  -2  -2  -3  -5  -6  -6  -5  -4  -4  -1  -1  -2  -2  -1  -2  -2  -3  -4  -4  -5  -5  -4  -2   0  -3
DST1310*21  X220   0   1  -1  -2  -3  -4  -3  -2  -2  -1  -1   1   2   4   6   8   7   6   6   7  10   9   7   6   6   3
DST1310*22  X220   0   7   9   9  14  15  15  13  12  11  11  13  12  12  10   7   3   5   7   6   6   8   5   2   1   9
DST1310*23  X220   0   0  -1  -2  -3  -3  -6 -10 -13  -8  -8 -10  -6  -2   0   3   2   2   2   1   2   3   3   0  -3  -2
DST1310*24  X220   0  -5  -5  -4   0   1   5   5   5   5   5   5   5   7   7   8   8   8   8   7   8   7   5   2  -2   4
DST1310*25  X220   0  -3  -4  -4  -5  -3   2   5   5   4   1   0   2   1   0  -1  -2   1   3   3   6   6   8   3   3   1
DST1310*26  X220   0   2   1  -1  -1   0   3   5   7   4   4   4   3   1   1   0   0   1   4   3   1   1   2   2   4   2
DST1310*27  X220   0   5   7   6   5   3   5   6   4   7  10  12  12  11   9   8   8  10  11   8   6   7  10   8   6   8
DST1310*28  X220   0   7   4   3   6   7   7   5  10   9   9   9   9   9   7   5   7   8   8   7   5   7   8   8   8   7
DST1310*29  X220   0   7   8   8   7   8   9  11  11   9   5   8   6   0   5   9   7   7   7   5   2  -4  -3   2   4   6
DST1310*30  X220   0   5   3  -2  -2   2   5   0  -8 -18 -25 -29 -35 -34 -30 -26 -26 -25 -24 -26 -35 -41 -47 -55 -56 -22
DST1310*31  X220   0 -46 -39 -38 -39 -36 -33 -31 -29 -29 -24 -18 -12 -15 -13 -11  -9 -10 -11 -19 -21 -23 -22 -25 -24 -24


DST1311*01  X220   0 -29 -29 -27 -26 -29 -28 -28 -30 -32 -31 -29 -24 -20 -24 -23 -20 -16 -14 -15 -18 -19 -16 -11 -12 -23
DST1311*02  X220   0 -13 -12 -12 -12 -12 -12 -13 -13 -12 -11  -4   0   0  -1  -4  -6  -5  -3  -2  -3  -4  -7  -7 -10  -7
DST1311*03  X220   0 -13 -12 -11 -12 -16 -16 -16 -21 -17 -14 -12  -8  -3  -3  -3  -2  -1  -2  -3  -4  -5  -4 -11 -13  -9
DST1311*04  X220   0 -11 -11 -10  -9 -11 -15 -13 -14 -11 -12 -20 -19 -15 -12 -11 -15 -14  -7  -6  -8  -8  -8  -8 -10 -12
DST1311*05  X220   0 -11 -14 -13 -13 -16 -18 -18 -19 -24 -26 -20 -17 -16 -13 -11 -10  -8  -4  -3  -2  -3  -2  -1  -2 -12
DST1311*06  X220   0  -3  -3  -2  -1  -2  -4  -4  -5  -8  -6  -4  -1   0   2   5   8   8   9   7   6   6   3  -3  -7   0
DST1311*07  X220   0  -4   0   1  -1  -7 -13 -19 -22 -19 -27 -37 -45 -50 -40 -34 -34 -31 -27 -24 -15 -17 -21 -23 -22 -22
DST1311*08  X220   0 -22 -19 -16 -13 -15 -18 -20 -19 -17 -14 -17 -14 -13 -11 -11 -11 -10  -8  -6  -2   0   3   7   9 -11
DST1311*09  X220   0  10   7   4  -6 -21 -33 -56 -73 -80 -73 -72 -65 -56 -53 -45 -44 -42 -40 -35 -30 -27 -25 -23 -22 -38
DST1311*10  X220   0 -22 -27 -30 -29 -28 -25 -25 -26 -30 -35 -34 -30 -26 -28 -33 -33 -29 -28 -25 -19 -22 -25 -28 -29 -28
DST1311*11  X220   0 -35 -40 -38 -30 -36 -51 -66 -68 -57 -52 -53 -51 -48 -45 -35 -36 -36 -30 -26 -29 -27 -26 -25 -23 -40
DST1311*12  X220   0 -22 -22 -23 -23 -23 -20 -21 -24 -24 -20 -16 -14 -13 -12 -13 -14 -14 -14 -14 -16 -16 -16 -20 -23 -18
DST1311*13  X220   0 -24 -23 -20 -17 -18 -20 -23 -25 -24 -23 -22 -16 -13 -13 -17 -17 -16 -14 -14 -12 -10 -10 -10  -9 -17
DST1311*14  X220   0  -7  -9  -9 -11 -10  -9  -7  -6  -7  -9 -10  -6  -5  -6 -10 -10 -10 -10  -9  -8  -9  -8  -9 -11  -9
DST1311*15  X220   0 -10 -12 -15 -16 -13 -16 -17 -20 -17 -18 -18 -13 -13  -8  -4  -5 -13 -13 -16 -17 -23 -23 -24 -28 -16
DST1311*16  X220   0 -35 -40 -40 -36 -28 -30 -31 -27 -27 -26 -24 -20 -22 -14 -10 -11  -8  -8  -9 -11 -12 -13 -14 -15 -21
DST1311*17  X220   0 -12 -11 -11 -13 -15 -17 -21 -25 -22 -20 -21 -21 -18 -14 -14 -15 -12  -9 -10  -9 -10 -10 -10 -10 -15
DST1311*18  X220   0 -12 -12  -8  -7  -5  -5  -9 -14 -17 -17 -15 -11 -10  -9 -10  -8  -6  -6  -6  -2  -1  -1  -2  -1  -8
DST1311*19  X220   0   2   5   3   1  -2  -1  -3  -5  -6  -6  -5   0   3   4   3   7   9   7   2  -2  -5  -4  -4  -3   0
DST1311*20  X220   0  -2  -4  -5  -3  -2  -3  -4  -8 -12 -15 -11  -9 -11  -6  -4  -3  -2  -3  -3  -4  -7  -6  -6  -6  -6
DST1311*21  X220   0  -4  -3  -4  -4  -4  -3  -3  -4  -4  -2  -1   1  -1  -1   0   2   1   0  -1  -1  -2  -2  -5  -6  -2
DST1311*22  X220   0  -7  -6  -4  -2   1   0   0   1  -1  -3  -3  -2   1   2   2   4   5   6   6   3   1   0  -3  -3   0
DST1311*23  X220   0  -2   0   4   2  -1   3   3  -3 -14 -21 -23 -27 -27 -20 -20 -16 -14  -9  -9  -9  -7  -8  -9  -9 -10
DST1311*24  X220   0  -6  -4  -4  -6  -8  -8  -7  -6  -7  -9 -10  -9  -6  -5  -4  -6  -8  -7  -5  -7  -6  -5  -6  -4  -6
DST1311*25  X220   0  -2  -2  -3  -4  -3  -2  -1  -3  -4  -4  -5  -5  -5  -6  -4  -2  -2  -2  -1   0   0   1   2   4  -2
DST1311*26  X220   0   3   3   2   3   2   1   0  -1   0   0  -2  -1   0   1   2   2   5   8  10   9  10  11  15  17   4
DST1311*27  X220   0  17  19  18  16  13  12  10   8   9  11  10  10   9  11  11  12   8   8   9   9   9  11  11  12  11
DST1311*28  X220   0  11  11  12  14  14  14  12  13  12  11  11   9   9  12  12  12  14  13  10  10   9   5   4   2  11
DST1311*29  X220   0   2   4   8  18  18  13  12   7   1   3   8   6   8  12  11   7  10   3   0  -5  -8  -9  -7  -6   5
DST1311*30  X220   0  -7  -6  -6  -3  -1  -2  -1   0  -3  -6  -9  -9  -6  -2  -5  -7  -9  -9  -8 -11 -11  -3  -5 -12  -6


DST1312*01  X220   0  -8 -16 -20 -17 -22 -20 -16 -16 -18 -17 -13  -7  -5   4  -5  -6  -9  -7  -9 -10 -11 -12  -9 -11 -12
DST1312*02  X220   0  -9  -8  -5  -3  -4  -4  -4   0   1   0  -2  -3  -3  -4  -4  -2  -2  -3  -4  -7 -11 -12 -10  -9  -5
DST1312*03  X220   0  -6  -5  -2  -3  -4   0   3   1   0  -8 -14 -18 -18 -19 -14 -18 -21 -16 -18 -19 -20 -15 -15 -13 -11
DST1312*04  X220   0 -10  -8  -6  -3   2   6   5  -2  -4  -6  -7  -7  -4  -6  -7  -6  -5  -6 -10 -13 -16 -20 -20 -20  -7
DST1312*05  X220   0 -20 -19 -17 -15 -12 -13 -16 -19 -19 -16 -19 -15 -15  -8  -3  -3  -4  -4  -4  -7 -11 -13 -13 -12 -12
DST1312*06  X220   0 -10  -6  -3  -1   4   4   6   8   8   4   1   1   1   0  -2  -2  -1   1   3   3  -1  -2  -3   1   1
DST1312*07  X220   0   5   6  -1  -4  -5  -8  -7  -7  -7  -5  -5  -5  -6  -5  -3   1   2   3   4   4   2   4  16  17   0
DST1312*08  X220   0  13   8   8 -12 -49 -41 -38 -53 -66 -57 -50 -41 -37 -34 -31 -33 -30 -33 -34 -30 -34 -33 -33 -31 -32
DST1312*09  X220   0 -28 -26 -22 -21 -18 -14 -14 -17 -20 -23 -23 -24 -26 -27 -26 -24 -22 -17 -17 -18 -16 -16 -18 -17 -21
DST1312*10  X220   0 -16 -14 -12 -12 -12  -7 -12 -20 -24 -24 -23 -21 -18 -17 -16 -17 -17 -16 -12 -10 -10  -9  -8  -7 -15
DST1312*11  X220   0  -6  -7  -7  -7  -8  -8 -10 -10 -11 -11 -11 -10 -12 -12 -11 -10 -10  -9  -6  -5  -6  -7  -8  -9  -9
DST1312*12  X220   0  -9 -10 -10  -8  -8  -6  -7  -8 -10 -11 -10  -8  -7  -9 -10 -11 -12  -9  -6  -5  -3  -2   0   0  -7
DST1312*13  X220   0   0   2   2   0   1   3   3   2   3   4   8  10  11  20  30  26  26  22  25  24  23  24  21  20  13
DST1312*14  X220   0  22  14   5   2  -2  -2   3   2   2   1   2   4   1  -2  -7 -13 -27 -38 -37 -30 -25 -19 -17 -13  -7
DST1312*15  X220   0 -11 -10  -9  -6  -7  -9 -12 -16 -17 -17 -16 -16 -19 -15  -9  -6  -3 -11 -14 -14 -14 -15 -16 -14 -12
DST1312*16  X220   0  -9  -6   1  -4 -10 -18 -23 -22 -24 -21 -19 -16 -13 -13 -14 -19 -20 -17 -16 -16 -14 -10 -10 -11 -14
DST1312*17  X220   0 -10  -7  -5  -6  -7  -6  -8  -9 -10 -11 -11 -11 -12 -12  -9  -6  -6  -7  -8  -9  -8  -5  -3  -4  -8
DST1312*18  X220   0  -3   0   1  -4  -9 -10 -10 -11 -11  -9  -8  -7  -6  -4  -4  -7 -10 -10  -6  -5  -6  -8  -7  -4  -7
DST1312*19  X220   0  -2  -2  -5  -6  -6  -4  -6  -9 -11 -10  -7  -7  -6  -6  -6 -10 -14 -18 -20 -23 -20 -19 -15 -11 -10
DST1312*20  X220   0 -11 -11  -7  -6 -11  -8  -6  -7 -10 -13 -15 -13 -10  -6  -6  -5  -8 -11 -10 -10  -9 -10 -10 -13  -9
DST1312*21  X220   0 -13 -10  -8  -9  -9  -9 -10 -10  -8  -5  -5  -5  -5  -3  -1  -2  -4  -5  -3  -3  -2  -1   1   2  -5
DST1312*22  X220   0   2   2   1  -2  -1   7   7   4   3   3   6  10   9   8   7   7   8   8   9   6   5   5   6   6   5
DST1312*23  X220   0   5   5   5   4   3   3   5   5   6   6   6   7   7  10  11   9   3   2   3   3   3   3   5   6   5
DST1312*24  X220   0   6   6   5   6   5   7   8   9  11  13  13  13  13  13  11   7   2   1   5   5   3   3   6   7   7
DST1312*25  X220   0   7   9  11  14  15  18  13   5  -2 -10 -16 -21 -31 -35 -33 -35 -33 -30 -28 -19 -14 -14 -13 -12 -11
DST1312*26  X220   0 -11 -12 -10 -11 -13 -15 -13 -10  -6  -4  -8  -8  -7  -3   1   2   2   1   2   2   2   0   1   0  -5
DST1312*27  X220   0  -1   0   1   1   3   4   5   6   9   9   9  10   9   8   8   9   8   6   4   8  16  19  19  22   8
DST1312*28  X220   0  22  19  16  14  13  12  14  15  18  20  20  19  12   6   5   5   6   4   8  14  16  12   4   1  12
DST1312*29  X220   0  -4  -4  -7  -6  -6  -3   1   0   0   0  -2   1   4   7   6   2  -1  -3  -1   0   2   2   4   2   0
DST1312*30  X220   0   2   1   0   0  -2  -3  -5  -6  -6  -7 -11 -10  -5  -4  -1  -3  -8  -7  -5  -2  -2  -1  -2  -3  -4
DST1312*31  X220   0  -8  -9  -6  -3  -7  -5  -3  -1   1  -5  -4   1   4   4   5   5   4   5   5   5   6   8   8   8   1


DST1401*01  X220   0   4   3   1   1  -1  -4  -6  -7  -5   3  12  10  -1 -19 -32 -39 -32 -27 -26 -26 -27 -25 -17 -13 -11
DST1401*02  X220   0 -15 -14 -15 -23 -24 -19 -17 -22 -19 -20 -24 -23 -15 -20 -25 -27 -24 -18 -18 -12 -11 -15 -16 -13 -19
DST1401*03  X220   0  -9  -6  -5  -9 -13 -11 -15 -18 -17 -20 -22 -19 -19 -17 -15 -16 -26 -29 -28 -31 -30 -24 -21 -19 -18
DST1401*04  X220   0 -14 -10 -10 -12 -12 -13 -10  -8  -8 -12 -12  -6  -1  -4  -7 -10 -10  -7  -5 -11 -15 -14 -11 -10 -10
DST1401*05  X220   0 -10  -8  -8  -8  -9  -7  -4  -6  -7  -9 -11 -13 -14 -12  -9 -10 -10  -5  -3  -5  -8  -8  -7  -8  -8
DST1401*06  X220   0 -10  -9  -8  -8  -6  -3  -3  -6  -8 -10 -10  -9  -5  -6  -5  -2  -2  -5  -6  -9  -9  -8 -10 -10  -7
DST1401*07  X220   0 -10  -8  -7 -10 -10  -6  -6  -9 -10 -10 -11  -9  -9 -12 -10  -2  -2  -8  -9  -3  -1   0   4   2  -7
DST1401*08  X220   0  -1  -8 -12 -13 -14 -11 -11 -11 -12 -13 -12 -10 -12 -14 -13  -9  -9  -5  -3  -4  -7  -3   1   0  -9
DST1401*09  X220   0   0  -5 -14 -22 -22 -20 -16 -15 -19 -21 -21 -18 -17 -15  -9  -4  -1   0   1  -3   4   3   4   6  -9
DST1401*10  X220   0   5   2  -1  -2  -5  -8  -6  -4  -3   3   4   2  -1  -3  -2   0  -5  -7  -6  -5  -4  -2  -2  -4  -2
DST1401*11  X220   0  -4  -5  -6  -8  -8  -5   0   3   4   6   8  10  10   9   9   8   5   6   5  -2  -7 -10  -8  -2   1
DST1401*12  X220   0  -2  -8  -9  -7  -6  -5  -2   1  -2  -6  -7  -7  -8 -12 -13 -10  -8  -8  -6  -9 -13  -8 -13 -15  -8
DST1401*13  X220   0 -15 -17 -19 -20 -20 -13  -8  -1   1   3   4   2  -1  -2  -2  -4  -3  -4  -3  -3  -5  -5  -4  -6  -6
DST1401*14  X220   0 -10 -17 -14 -12 -10 -11 -10  -8 -10  -8  -3  -1  -5  -9 -11 -13 -10  -7  -4  -7 -10  -8  -5  -8  -9
DST1401*15  X220   0 -10 -12 -11 -12 -17 -18 -18 -15 -14 -13 -11  -9  -7  -5  -4  -4  -4  -3  -2  -3  -5  -7  -8  -8  -9
DST1401*16  X220   0  -8  -9  -7  -6  -5  -4  -4  -3   0   1   0   0  -2  -3  -2  -1   0   2   4   3   4   5   4   0  -1
DST1401*17  X220   0  -1   0   2   2   0  -1   0   3   6   6   5   4   3   2   2   3   6   9   8   4   0  -1  -4  -5   2
DST1401*18  X220   0  -7  -9 -10  -8  -8  -6  -4  -4  -4  -4  -3  -1   1   3   4   4   2   0   2   5  12  14  14  12   0
DST1401*19  X220   0  13  13  13  11   6   7   8   9   9   8   8  11  11  12  12  13  11  11  10   6   2   0   0   0   9
DST1401*20  X220   0  -1  -1   2   6   9   9   7   4   4   1  -1  -3  -2  -3  -3   0   0   1   2   1   2   6   5   8   2
DST1401*21  X220   0   7   5   9  11  10  10   5   1   7   9   0  -5   0   2  11  17  12   2   1   3   3  -9  -8  -6   4
DST1401*22  X220   0  -6  -9 -10 -10 -12 -12 -13 -16 -17 -13  -9  -9 -12 -10 -11  -9  -4  -3  -1  -3  -4  -6  -6  -5  -9
DST1401*23  X220   0  -5  -9  -8  -7 -12 -14 -10  -8  -6  -4  -3  -1  -3  -9  -9  -4  -4  -2   0  -3  -7 -10 -13 -16  -7
DST1401*24  X220   0 -15 -12 -12  -9 -11  -8  -5  -2  -2  -3  -3  -1   0   3   3   3   3   5   5   5   6   6   1  -1  -2
DST1401*25  X220   0  -1  -5 -11 -15 -15 -13 -12 -12  -5  -2  -1   0   2   1  -5  -9 -11  -7  -2  -1  -2 -11 -17 -21  -7
DST1401*26  X220   0 -21 -19 -19 -21 -24 -26 -27 -26 -24 -17 -12  -8  -8  -9  -8  -8  -8  -8  -6  -9  -7  -5  -3  -1 -14
DST1401*27  X220   0   0   0  -3  -8 -13 -13 -10  -8  -6  -2   1   0  -2  -4  -3  -1   0   1   2   0  -2  -3  -4  -4  -3
DST1401*28  X220   0  -2  -1  -2  -6 -10 -10  -6  -2   1  -1  -5  -5  -5  -5  -2  -1   2   3   2  -2  -4 -11 -12 -12  -4
DST1401*29  X220   0 -10  -2  -4  -6 -12 -13 -15 -15 -12  -6  -2   0   2  -1  -5  -8 -10  -8  -7  -6  -5  -6  -4  -5  -7
DST1401*30  X220   0  -5  -4  -5 -11 -15 -11 -11 -13 -13 -11  -7  -5  -4  -4  -6  -8  -7  -5  -1  -5  -2  -1  -7  -8  -7
DST1401*31  X220   0  -7  -8  -9  -8  -7  -7  -6  -4  -1   2   5   5   4   2   0   0   1   3   5   6   4   1  -2  -3  -1


DST1402*01  X220   0   0   3   4   3   3   4   4   4   4   2   1   5   8   8  11  12  11  11   9   4   3  -3  -6  -3   4
DST1402*02  X220   0  -3  -2  -1  -1  -4  -5  -5  -5  -5  -5  -2   1   4   4   2   1   4   8   9   7   2  -2  -4  -5   0
DST1402*03  X220   0   3   8   9   9   5   0   2   6   4   5   3   5   6   4   0  -1  -4  -1   4   5   3   0  -8 -12   2
DST1402*04  X220   0  -9 -11  -5   0   2   4   2   3   3   3   2   0  -2  -1  -1   0  -2   0   5   9  10   9   8   6   1
DST1402*05  X220   0   6   4   5   4   8  10   8   7   8   8   5   4   5   3   1   3   7  10  12  13  14  12   7  -1   7
DST1402*06  X220   0  -2  -2  -3  -1  -4 -10 -15 -15 -16 -21 -28 -29 -28 -31 -31 -25 -27 -20 -16 -11 -11 -16 -18 -19 -17
DST1402*07  X220   0 -20 -20 -20 -18 -15 -14 -16 -17 -20 -20 -19 -19 -18 -16 -15 -11 -11   9   7   9   7  10   4 -22 -11
DST1402*08  X220   0 -26   6  15  17   8  -6 -10 -19 -29 -23 -21 -20 -17 -28 -28 -28 -27 -32 -31 -25 -22 -29 -32 -28 -18
DST1402*09  X220   0 -31 -39 -35 -31 -26 -31 -38 -35 -34 -28 -23 -24 -22 -28 -28 -25 -26 -27 -28 -21 -27 -31 -31 -28 -29
DST1402*10  X220   0 -25 -24 -21 -19 -22 -26 -27 -27 -29 -30 -29 -27 -26 -25 -24 -23 -21 -20 -12 -13 -22 -21 -21 -23 -23
DST1402*11  X220   0 -21 -20 -18 -16 -14 -14 -17 -17 -14 -14 -17 -17 -15 -13 -13 -14 -11  -8  -6  -6 -13 -19 -23 -24 -15
DST1402*12  X220   0 -17 -14 -13 -13 -17 -20 -20 -17 -14 -16 -22 -20 -16 -14 -14 -15 -18 -17 -14 -11 -10  -9  -4  -3 -15
DST1402*13  X220   0   0   5   5   6   7   7   8   5   3   0   4   4   5   5   3   3   3   2   2   3   3   2   2   2   4
DST1402*14  X220   0   4   5   6   6   6   5   7   8   5   3   3   3   0   5   9   5   4   0   0   1   0   2   2   1   4
DST1402*15  X220   0  -3  -7  -9  -5   0   2   3   3   1  -5  -6  -1   8  24  24  29  31  34  38  39  42  44  38  27  15
DST1402*16  X220   0   6 -13  -5  -1  -9 -13  -9  -8 -10 -15 -23 -24 -18 -12 -14 -12 -23 -25 -24 -27 -30 -31 -28 -22 -16
DST1402*17  X220   0 -21 -23 -25 -22 -17 -19 -21 -23 -23 -25 -27 -25 -22 -17 -18 -21 -22 -17 -13 -14 -14 -11 -15 -17 -20
DST1402*18  X220   0 -14 -13 -11  -9 -10 -11  -8  -4  -8 -10 -11  -8  -2   0  -1  -3 -10 -19 -16 -20 -27 -35 -43 -52 -14
DST1402*19  X220   0 -61 -62 -67 -58 -55 -74 -97-107-119 -98 -87 -76 -71 -58 -60 -59 -53 -51 -49 -45 -44 -44 -42 -47 -66
DST1402*20  X220   0 -49 -52 -53 -37 -50 -74 -80 -65 -64 -62 -78 -93 -95 -85 -67 -64 -65 -57 -47 -47 -45 -49 -50 -50 -62
DST1402*21  X220   0 -52 -56 -56 -48 -46 -46 -49 -49 -52 -53 -53 -51 -46 -45 -47 -49 -43 -40 -40 -40 -40 -38 -43 -56 -47
DST1402*22  X220   0 -61 -64 -54 -54 -50 -50 -51 -44 -41 -41 -36 -36 -32 -30 -29 -29 -26 -27 -26 -24 -21 -21 -26 -27 -38
DST1402*23  X220   0 -26 -28 -27 -24 -17  -8  -4   8   2   2  -2 -14 -20 -18 -10 -24 -38 -42 -48 -55 -51 -44 -50 -54 -25
DST1402*24  X220   0 -52 -49 -47 -46 -41 -38 -37 -36 -38 -36 -32 -31 -32 -31 -31 -31 -27 -24 -20 -14 -12 -11  -9 -11 -31
DST1402*25  X220   0 -13 -17 -18 -17 -16 -17 -17 -17 -16 -13 -13 -16 -19 -19 -18 -15 -13 -13 -15 -14 -13 -11 -12 -10 -15
DST1402*26  X220   0 -12 -14 -14 -11  -8  -6  -6  -6  -6  -4  -5  -5  -6  -7  -8  -9  -8  -7  -8  -7  -4   1   5   1  -6
DST1402*27  X220   0  -1  -1  -4  -8  -8  -5  -5  -5  -4  -3  -2  -4 -11 -13 -16 -20 -15  -8 -19 -36 -64 -94 -95 -97 -22
DST1402*28  X220   0 -93 -94 -92 -81 -74 -70 -67 -65 -68 -62 -56 -53 -56 -58 -58 -56 -54 -57 -50 -44 -39 -36 -34 -32 -60


DST1403*01  X220   0 -33 -33 -32 -32 -34 -39 -46 -51 -52 -50 -48 -46 -43 -41 -37 -35 -35 -32 -31 -30 -27 -23 -24 -24 -37
DST1403*02  X220   0 -28 -29 -30 -28 -26 -26 -26 -24 -24 -25 -26 -27 -26 -25 -25 -24 -24 -22 -19 -14 -10  -4  -1  -2 -21
DST1403*03  X220   0  -5 -12 -18 -23 -25 -26 -24 -25 -25 -24 -22 -22 -25 -23 -19 -15 -12 -12 -12  -9  -6  -4  -5  -6 -17
DST1403*04  X220   0  -9 -14 -15 -13  -9  -4  -3  -2  -4  -9 -16 -19 -17 -17 -15 -16 -14 -11  -9  -6  -6  -5  -4  -8 -10
DST1403*05  X220   0  -9 -11 -10  -9  -7  -5  -6  -7  -8 -10 -12 -12 -11  -8  -9  -9  -6  -4  -7  -7 -12  -6  -6  -6  -8
DST1403*06  X220   0  -6  -9  -9  -6  -5  -4  -5  -6  -5  -8 -12 -10  -8  -8 -11 -14 -17 -15 -14 -11  -8  -6  -4  -5  -9
DST1403*07  X220   0  -7  -9  -9  -7  -7  -6  -6  -6  -4  -6  -6  -5  -4  -5  -5  -6  -7  -8  -8  -8  -7  -7  -8  -9  -7
DST1403*08  X220   0 -11 -12 -10  -9  -7  -6  -6  -5  -6  -6  -6  -6  -7  -7  -7  -8  -7  -7  -9  -8  -6  -2  -2  -6  -7
DST1403*09  X220   0  -5  -5  -5  -3  -3  -3  -6  -6  -3  -3  -2  -2  -4  -5  -5  -3   0   1   0   2   4   4   6   5  -2
DST1403*10  X220   0   4   3   3   3   7   9  10  11   9   4  -4  -2  -1  -2  -3  -1  -2  -5  -9 -10  -7  -5  -3  -2   0
DST1403*11  X220   0  -1  -2  -5  -5  -3  -1   0   1  -1   0   0   0   2   1  -1  -2  -2  -3  -6  -8 -10  -9  -7  -5  -3
DST1403*12  X220   0  -6  -7  -9 -11 -10  -8  -8  -9  -8  -5  -2  -1  -4  -6  -5  -5  -6  -3  -4  -3  -1  -1  -6 -12  -6
DST1403*13  X220   0 -12 -20 -33 -41 -43 -36 -35 -33 -24 -24 -22 -22 -20 -24 -22 -19 -15 -14 -13  -9 -13 -12  -7  -5 -22
DST1403*14  X220   0  -7 -12 -19 -21 -19 -17 -15 -12 -12 -11 -13 -15 -16 -16 -15 -14 -13 -12 -13 -12 -11  -7  -4  -7 -13
DST1403*15  X220   0 -10 -12 -14 -17 -15 -14 -11 -10  -7  -6  -6  -3   0   1   1   1   1   1  -2  -5  -8  -7  -3  -2  -6
DST1403*16  X220   0  -4  -6  -8 -10 -12 -12 -10  -8  -7  -5  -2  -3  -5  -5  -4  -3  -3  -3  -2  -4  -4  -4  -4  -3  -5
DST1403*17  X220   0   0   2   4   3   2   3   4   5   5   5   4   0   3   5   7   5   5   4   6   7   4   0  -4  -4   3
DST1403*18  X220   0  -5  -5  -3  -3  -4  -7  -5  -3  -2  -8 -10 -11 -12 -14 -15 -12 -10  -6  -4  -4  -2   1   3   1  -6
DST1403*19  X220   0  -2  -3  -4  -3  -4  -4  -6  -4  -6  -4   0   2   1  -1  -2  -3  -2  -1  -2  -1  -3   0   2   0  -2
DST1403*20  X220   0  -3  -3  -3  -3  -2  -1   4   9   7   2   2   5  14  19  19  18  18  15  14  10   9  15  16  10   8
DST1403*21  X220   0   3  -1  -6 -13 -15 -15 -16 -17 -21 -21 -22 -17  -7  -7 -13  -8  -9  -9  -7  -6  -9  -9 -10  -6 -11
DST1403*22  X220   0  -2   2  -4  -1   0   3   4   7   6   5   4   3   3   3   2   3   1   1   3   3   0   0   1   0   2
DST1403*23  X220   0  -3  -4  -4  -3  -4  -5  -1   0  -2  -4  -6  -7  -5  -3  -2  -4  -6  -6  -6 -12 -10  -9 -11 -11  -5
DST1403*24  X220   0 -10  -9  -7  -5  -2   0   3   4   3   3   0  -2   2   5   4   4   2  -2  -4  -3  -1  -2  -3  -6  -1
DST1403*25  X220   0  -8  -8  -4   1   4   5   7   8   9  13   8   8  11   8  11  11   7   2   0   1  14  16  11  -2   6
DST1403*26  X220   0  -8 -14 -17 -13 -11 -12 -12 -19 -23 -13 -11 -15 -14  -9  -6  -5  -4  -5 -10 -13 -10  -7  -5  -3 -11
DST1403*27  X220   0  -2  -1   0   0   1  -1  -4  -3  -2  -4 -10 -14 -15 -14 -17 -19 -19 -22 -24 -24 -19 -15 -13 -11 -11
DST1403*28  X220   0 -10  -9  -8  -6  -6  -6  -8  -7  -4  -9 -15 -12 -13 -12  -9  -8  -8  -8  -8  -8 -12 -11 -11 -17  -9
DST1403*29  X220   0 -19 -18 -19 -22 -23 -17 -14 -16 -12 -10  -8  -8  -9  -7  -6  -5  -4  -3  -3  -4  -5  -7  -4  -3 -10
DST1403*30  X220   0  -3   0   3   4   0  -4  -5  -1   2   2  -2  -2  -2   3   6   7   6   6   4   1  -1  -4  -4  -3   1
DST1403*31  X220   0  -5  -4  -3  -3  -3   0   2   1   0  -2  -1  -4  -2   3   6   7   1  -8 -13  -9  -8  -8 -10 -13  -3


DST1404*01  X220   0 -15 -15 -12  -9  -7  -4  -4  -6  -6  -6  -5  -2   3   7  10   5  -1  -4  -7  -5  -4  -2  -6  -6  -4
DST1404*02  X220   0  -6  -4  -1   1   2   2   1   0  -2  -5  -5  -2   2   3   4   4   1  -2  -1  -1  -3  -5  -5  -6  -1
DST1404*03  X220   0  -8  -7  -4  -1   2   2   1   2   0  -4  -3  -2   3   6   6   6   1  -1   0   3   2  -3  -4  -4   0
DST1404*04  X220   0  -4  -2   1   4   4   5   3   0  -3  -2  -1   1   0   5   6   5   4   2   1   1   2   0  -1  -1   1
DST1404*05  X220   0  -2  -3   0   4   5   4   1   4   4  -5  -9  -5 -15  -8  -3   0   2   8  10   8  10   5   6  -5   1
DST1404*06  X220   0  -9  -7  -5  -2  -2  -1   1   1   0  -3  -5  -3  -2  -4  -6  -6  -7  -6  -5  -4  -3  -2  -1  -2  -3
DST1404*07  X220   0 -10 -12 -12 -12 -15 -15 -14 -12  -8  -6  -4  -2   3   9   4 -10  -7  -9  -8 -13 -18 -21 -21 -23 -10
DST1404*08  X220   0 -19 -16 -15 -12 -14 -13  -9  -8  -8  -6  -8  -8  -9 -16 -14 -11 -12 -15 -15 -16 -18 -16 -13 -10 -13
DST1404*09  X220   0  -9  -7  -6  -6  -6  -5  -6 -10 -12 -13 -13 -12 -10 -10 -10 -10 -11 -12 -13 -17 -18 -16 -15 -13 -11
DST1404*10  X220   0 -11  -9  -8  -7  -7  -7  -8 -12 -15 -12 -10 -10  -9  -5  -4  -5  -5  -5  -6  -9  -5  -2  -2  -1  -7
DST1404*11  X220   0  -1   1   4   6   9  15  16  10   2   4   6   5   3   1  -3  -3  -6 -10 -17 -24 -31 -34 -41 -51  -6
DST1404*12  X220   0 -61 -53 -56 -57 -67 -76 -83 -82 -86 -87 -85 -82 -76 -62 -60 -59 -57 -57 -52 -51 -57 -56 -52 -49 -65
DST1404*13  X220   0 -45 -46 -49 -54 -58 -63 -59 -52 -52 -50 -41 -32 -32 -32 -35 -34 -30 -29 -33 -35 -36 -42 -46 -40 -43
DST1404*14  X220   0 -34 -30 -30 -27 -26 -23 -25 -24 -24 -22 -22 -21 -20 -20 -18 -18 -18 -19 -20 -25 -29 -30 -28 -29 -24
DST1404*15  X220   0 -24 -18 -17 -17 -19 -16 -18 -16 -16 -16 -15 -14 -13 -15 -13 -13 -13 -13 -15 -19 -21 -21 -20 -16 -17
DST1404*16  X220   0 -11  -7  -5  -4  -3  -5  -6  -6  -5  -5  -8  -9  -5   1   3   4   3   3   5   3   0  -2  -2  -3  -3
DST1404*17  X220   0  -4  -2 -10 -12  -9  -3  -4  -5  -6  -6  -4   1   4   4  -8 -17 -18 -16 -15 -13 -14 -12 -11 -11  -8
DST1404*18  X220   0 -12 -10  -7  -5 -11 -11  -9  -9 -12 -13 -13  -7  -2   2   0   3   7  10  11   8   5   2   4   0  -3
DST1404*19  X220   0  -1  -3  -7   3   7 -11 -19 -13  -6 -13 -17 -12  -8  -1  -1  -1  -2  -1   3   2  -1  -4 -10 -14  -5
DST1404*20  X220   0 -11   0   5   4   4  -6  -7  -4  -5  -5  -2  22  19  10  13   0  -3  -2  -6  -3   6  -1  -9 -14   0
DST1404*21  X220   0 -14 -13 -21 -23 -22 -19 -19 -16  -3 -13 -20 -16 -17 -25 -32 -29 -17 -18 -19 -12  -8 -13 -13 -13 -17
DST1404*22  X220   0 -17 -18 -19 -20 -15 -12 -10  -5  -1   0  -4 -10 -12 -12 -13 -14 -15 -14 -16 -15 -13 -12 -11 -10 -12
DST1404*23  X220   0 -11 -10  -5  -6  -5  -4  -2  -2  -3  -3  -5  -8  -9 -10  -9  -9  -7 -10 -13 -18 -15 -10  -6  -7  -8
DST1404*24  X220   0 -10  -7   0   4   0  -3  -4  -6 -16 -19 -15 -18 -17 -17 -20 -20 -21 -20 -18 -17 -15 -12 -16 -21 -13
DST1404*25  X220   0 -20 -16 -13 -12 -14 -11 -10  -9 -10 -11  -9 -11 -15 -16 -14 -15 -15 -17 -13 -19 -21 -21 -21 -22 -15
DST1404*26  X220   0 -20 -18 -16 -16 -18 -18 -15 -12 -10  -9 -14 -18 -19 -20 -21 -20 -20 -23 -25 -25 -24 -21 -17 -13 -18
DST1404*27  X220   0 -10  -7  -8  -9  -9  -9  -6  -4  -4  -3  -3  -4  -3  -3  -3  -4  -5  -4  -3  -5  -3  -2  -1   4  -5
DST1404*28  X220   0   6   8   5  -2  -8 -11 -11 -14 -18 -16 -11 -11 -12 -15 -13 -11 -11 -10  -9  -8  -8  -8 -10  -7  -9
DST1404*29  X220   0  -3  -3  -5  -4  -5  -5  -4   0  -1  -1   1   2   4   7   7   7   9  10  14  15  19  10   3  -2   3
DST1404*30  X220   0 -11 -19 -24 -30 -39 -48 -58 -62 -63 -67 -65 -59 -56 -52 -53 -56 -55 -52 -49 -39 -39 -39 -34 -27 -46


DST1405*01  X220   0 -27 -24 -20 -20 -23 -24 -21 -20 -17 -15 -13 -11 -10 -11 -13 -10  -9 -11 -11 -14 -14 -14 -13 -11 -16
DST1405*02  X220   0 -13 -11 -10 -12 -13 -12  -9  -8  -8  -6  -4  -1  -1  -4  -6  -7  -6  -4  -1   0  -1  -2  -2  -2  -6
DST1405*03  X220   0  -3  -2   2   3   6   7   9   6   5   6   9  12  11   9   7   7   9  11  13   2  -2 -14 -24 -27   3
DST1405*04  X220   0 -31 -33 -30 -28 -35 -40 -43 -42 -47 -45 -33 -29 -24 -33 -32 -29 -29 -31 -28 -21 -17 -19 -18 -14 -30
DST1405*05  X220   0 -13 -11 -10  -7 -16 -27 -23 -19 -21 -17 -11 -10 -13 -13 -14 -20 -28 -31 -25 -21 -17 -16 -13 -14 -17
DST1405*06  X220   0 -13 -12 -11 -11 -11 -13 -11 -10  -9  -7  -7  -8  -6  -4  -6  -8  -7  -5  -5  -5  -4  -4  -4  -2  -8
DST1405*07  X220   0  -1  -1  -1   0  -1  -2  -2  -3  -3  -4  -4  -2  -3  -6  -7  -7  -5  -4  -3  -4  -5  -6  -2   0  -3
DST1405*08  X220   0  -1  -4  -6 -11 -18 -22 -29 -39 -46 -38 -26 -15 -18 -23 -27 -29 -36 -35 -33 -24 -30 -38 -41 -34 -26
DST1405*09  X220   0 -34 -38 -35 -34 -36 -35 -30 -31 -26 -21 -18 -17 -15 -14 -11 -10 -12 -13 -12  -9  -9 -10  -8  -6 -20
DST1405*10  X220   0  -5  -5  -5  -7 -10 -16 -12 -13 -20 -19 -14 -10 -11 -12 -14 -13 -13 -13 -15 -22 -29 -32 -24 -20 -15
DST1405*11  X220   0 -25 -32 -25 -25 -25 -24 -15 -12 -14 -16 -21 -18 -15 -15 -17 -19 -19 -20 -21 -24 -25 -27 -22 -15 -20
DST1405*12  X220   0 -13 -16 -14 -16 -18 -17 -16 -16 -19 -18 -17 -18 -18 -16 -15 -14 -14 -11  -9 -12 -13 -12 -10  -7 -15
DST1405*13  X220   0  -5  -2  -3  -5  -5  -1   0  -2  -2  -3  -1  -2  -2   2   3   5   4   3   6   8   6   4   4   5   1
DST1405*14  X220   0   6   6   5   4   3   4   6   7   6   6   6   5   3  -1  -3  -3  -4  -1   2   4   3   1   3   6   3
DST1405*15  X220   0   5   2   2   3   5   6   5   5   4   3   4   6   7   5   8  10  12  10   9   9   9  10  11   9   7
DST1405*16  X220   0   5   3   2  -3  -7  -4   2   5   6   8  12  11  10   9  10   9   6   5   2  -1  -2  -3  -2  -1   3
DST1405*17  X220   0   1   2   2  -2  -4  -2   0  -1  -2  -3  -3  -5  -7  -7  -7  -3   0   2   3   8  10   9   7   3   0
DST1405*18  X220   0   1  -3   1   2  -4  -1   4   4   5   6   8   7   6   6   4   2   1   0   1   3   5   5   3   1   3
DST1405*19  X220   0   1   1   1  -1  -1   2   7   8   8   9   9   7   3   0  -2  -1   1   2   3   6   6   5   3   4   3
DST1405*20  X220   0   4   1   0   0  -1   1   2  -1  -4  -3  -1   2  -1  -3  -1   0   0   1   5   5   6   6   6   6   1
DST1405*21  X220   0   5   3   3   2   3   4   4   6   7   8   9   7   7   7   8  11  12  14  15  15  15  18  18  16   9
DST1405*22  X220   0  14  13  14  14  15  10   7   6   6   8  11  11  10   7   8   1  -1  -4 -10 -14 -15  -9  -5  -2   4
DST1405*23  X220   0 -11 -14 -21 -25 -19 -15 -11  -8  -2  -1   1   2   0  -4  -4  -4  -7 -14 -16 -24 -28 -36 -19 -23 -13
DST1405*24  X220   0 -21 -21 -24 -23 -23 -20 -20 -16 -15 -12  -9  -8  -9 -10 -14 -17 -19 -20 -19 -19 -19 -19 -15 -14 -17
DST1405*25  X220   0 -11 -11 -14 -14 -14 -12 -10  -9  -7  -4  -3  -5  -8 -11 -12 -13 -11  -8  -6  -5  -5  -6  -5  -5  -9
DST1405*26  X220   0  -6  -6  -6  -6  -7  -8  -6  -6  -7  -5  -6  -4  -4  -4  -4  -5  -6  -5  -4  -6  -8 -10  -9  -6  -6
DST1405*27  X220   0  -5  -7  -5  -4  -3  -1   2   2   1   2   3   5   4   5   8  10  12  11  10   8   8   6   9  15   4
DST1405*28  X220   0  18  11   4   1  -2   0   3   4   3   3   4   3   2   1   2   0  -2  -5  -4  -2  -2   2   5   3   2
DST1405*29  X220   0   7   6   5   2   0   1   4   5   2  -1  -6 -14 -15 -15 -14 -13 -11 -10  -8 -10  -9  -6  -6  -7  -5
DST1405*30  X220   0  -9  -9  -7  -4   0   1   0  -2  -1   4  11  16  10  10   5  -1  -6  -9 -16 -28 -22 -14  -9  -9  -4
DST1405*31  X220   0  -7  -7  -4   1   6  11   8   5   3   3   5   8  13  14  15  14  12  10   8  10  11  10  11  15   7


DST1406*01  X220   0  13  10   8   7   9  11  12  12  15  12   8  10  11  10  11  10   8   8  10  12  12  11  12   9  10
DST1406*02  X220   0   7   5   6   7   5   8   8   8   9  11  11  12  12  12  11   6   4   8  11  13  15  14  11   8   9
DST1406*03  X220   0   0  -6 -10  -1   8   6   4   2   1   3   6   9   9   8   5   4   3   5   9  13  13  10  11  11   5
DST1406*04  X220   0   8   8   6   4   2   4   3   0  -2  -1   1   3   7   8   6   1  -2   1   1  -3  -2  -3  -1  -3   2
DST1406*05  X220   0  -4  -4  -6  -9  -9  -3   2   0   0   1   3   3   0   0   1   0   1   3   3   1   0  -3  -3  -4  -1
DST1406*06  X220   0 -10 -16 -16 -17 -15  -9  -7  -6  -5  -3   0   1   0   0  -1  -1   6   7   4   1   4   6   9  11  -2
DST1406*07  X220   0  10   7   2   3   4   3   3   5  -2  -8  -9  -6  -1  -1  -4  -6  -4  17  22  29  14   8  13   6   4
DST1406*08  X220   0   0  -4  17  15   8 -12 -34 -25  -8  -7 -20 -34 -30 -32 -30 -33 -25 -22 -25 -26 -30 -36 -36 -37 -19
DST1406*09  X220   0 -35 -33 -32 -30 -23 -19 -17 -22 -24 -23 -24 -23 -21 -23 -24 -25 -26 -24 -24 -22 -21 -18 -13  -9 -23
DST1406*10  X220   0  -8 -10 -12 -15 -15 -13  -9 -10 -11  -9  -7   2   5   6   3   5   2   1  -2  -2  -4 -11  -9  -6  -5
DST1406*11  X220   0   0   3   6   5   2   4   2   3   4   1  -1   3   5   5   2  -2  -1   0  -1  -5  -8  -8  -6  -6   0
DST1406*12  X220   0  -6  -6  -8  -8  -7  -6  -6  -7  -8  -7  -6  -6  -5  -3   0   0  -1   0   2   0   1  -1   2   5  -3
DST1406*13  X220   0   3   2   3   6   9  11  11   9   9   7  10  14  21  24  23  22  19  17  17  15  14  11   8   6  12
DST1406*14  X220   0   1   2   2   6  11   4   2   2  -5  -6  -2   0  -1  -1  -1  -1   0  -2  -5  -4   0  -2  -5  -2   0
DST1406*15  X220   0  -2  -4  -2  -2  -1   0   0   1  -1  -1   0   0   1   1   0   2   2   4   5   6   7   7   4   2   1
DST1406*16  X220   0   2   2   3   5   4   5   8   4   3   5   6   7   6   5   4   2   1  -2  -3   0  -1   0  -1  -6   2
DST1406*17  X220   0  -8  -9  -4  -2   1  -1  -3  -8 -15  -9  -4   1   5   8   8   9   9   9   8  10   5  -8 -14 -14  -1
DST1406*18  X220   0 -23 -26 -25 -22 -18 -14 -17 -21 -22 -25 -22 -19 -15 -13 -14 -15 -22 -26 -24 -21 -14 -17 -34 -25 -21
DST1406*19  X220   0 -14  -8  -9 -17 -13 -13 -11 -13 -18 -16 -13 -16 -14 -16 -16 -14 -14 -15 -15 -13 -15 -14 -14 -14 -14
DST1406*20  X220   0 -14 -12 -11  -9  -8  -7  -8  -6  -7  -7  -5  -1   2   1   6   3   6   7   8   8   4   1  -4  -4  -2
DST1406*21  X220   0  -1   4   9   9   5   2   0  -8 -17 -23 -21 -18 -18 -16 -16 -14 -13 -10  -9 -11 -13 -14 -12  -6  -9
DST1406*22  X220   0  -3  -4  -4  -4  -6  -7  -6  -5  -5  -5  -4  -5  -5  -8  -9  -9  -8  -9  -9 -10 -14 -15 -13 -11  -7
DST1406*23  X220   0  -9  -2   2   2   1   0  -2  -4  -5  -3  -3  -4  -3   0   2   3   3   2   3   2   3   1  -1  10   0
DST1406*24  X220   0   9  14  16  12   3  -1  -5  -5  -5  -4  -3  -2  -1  -1   0  -1   0   1   3   9   7   3  -2  -4   2
DST1406*25  X220   0  -1   1   3   4   6   7   3  -2  -9  -5   0   7  14  14  18  15  12   9  17  19  16   1   1   1   6
DST1406*26  X220   0   0   3   6  10  12  14  11   6   5   3   1   0  -3  -4  -6  -7  -2   2   1  -2  -1  -1   0   0   2
DST1406*27  X220   0  -2   3   6   7   5   3   1   1   2   4   5   4   3   2   2   2   3   3   4   3   6   6   5   5   3
DST1406*28  X220   0   6   6  11  14  10   7   5   7   9   9   8   4   3   0  -3  -5  -4   2   7   6   0  -5  -2  -1   4
DST1406*29  X220   0   2   2   3   7  10   6   2   0   3   3   2   1   1   3   4   4   5   9  13  18  16  14  12   8   6
DST1406*30  X220   0  -2  -5   1   3   5   5   5   5   5   7  10  11   7   6   5   5   3   1   4   7   6   6   1  -4   4


DST1407*01  X220   0  -5  -1   4   4   2   3   4   3   2   0   1   4   8  10  12  10  11  11   9   4   2   2   1   4   4
DST1407*02  X220   0   8  12  14  15  16  12  11  11  10  11  11  11   9  11  14  16  15  13  11  11  12  11  12  14  12
DST1407*03  X220   0  19  32  32  27  16   4  -2 -11 -13  -7 -12 -12 -15 -14 -10  -9  -8  -7  -6  -8  -9  -6  -1  -1  -1
DST1407*04  X220   0   0   1   0   0   1   1  -1  -3  -6  -8  -3   0  -2  -2  -1   1   2   4   5   6   7   7   6   4   1
DST1407*05  X220   0   4   7   7   6   5   6   6   4   5   4   4   4   4   8  10  13  15  17  17  12   9   7   9   8   8
DST1407*06  X220   0   7   6   6   6   9   8   8   7   7   7   6  14  12  13  16  17  17  18  19  19  18  17  14  10  12
DST1407*07  X220   0  11  12  13  12   8   6   5   5   7   7   8   7   4   0   2   6   7   7   8   6  10   7   4   6   7
DST1407*08  X220   0  10  12   9   6   8   9   8   6   1   3   9  10  10   9  10  14  19  18  15   8   2  -3   1  -3   8
DST1407*09  X220   0  -2   2   5   4   3   1   4   7   8   4   1  -2  -8  -8  -2   3   8  11  10   8   5  -1  -5  -8   2
DST1407*10  X220   0  -8 -14 -18 -23 -19 -17 -15 -12  -9  -7  -5  -7  -8  -9 -12 -12  -7   0   1  -1  -3  -4  -7  -6  -9
DST1407*11  X220   0  -6  -7  -7  -8  -7  -3  -4  -5  -5  -7  -5  -8 -12 -12 -12  -9  -7  -5  -5  -5  -4  -6  -6  -3  -7
DST1407*12  X220   0   3   8   7   4  -6 -12  -9  -8 -11 -16 -18 -22 -28 -28 -24 -21 -18 -16 -14 -10  -5  -6 -11 -11 -11
DST1407*13  X220   0  -9  -7  -5  -2  -5  -9  -7  -6  -1   4   5   2  -2  -3  -2   0   1   4   4   4   4   7   5   2  -1
DST1407*14  X220   0   1   7  10   6   2   3   6   9  14  17  24  28  31  31  37  46  39  32  30  24  14   9   8  13  18
DST1407*15  X220   0  17  21  21  20  16  16  12   6   0  -2   0  -3  -3  -6  -5  -6  -9  -9  -7  -7  -4  -2  -2  -3   3
DST1407*16  X220   0  -2  -2  -2  -3   0  -1  -5  -6  -3   0   1   0  -2  -2   1   3   3   5   3   3   6   5   3   4   0
DST1407*17  X220   0   7   8   7   6   4   4   6   4   3   5   5   4   0   2   1   1   1   3   3   2   4   4   3   2   4
DST1407*18  X220   0  -2  -3  -3  -2  -2   0  -1  -1   1   3   3   3   2   1   0   2   4   4   2  -1  -2  -1   1   3   0
DST1407*19  X220   0   4   4   4   3   2   2   3   2   4   4   5   4   4   2   0   1   0   0   2   4   7   9   7   9   4
DST1407*20  X220   0  12  13  11   9   5   5   5   7   8   8   9   8  10  14  10   8   6   5   8  10  12  12  12  12   9
DST1407*21  X220   0  12   9   6   4   6   8  10  12  14  15  13   8   3   0   1   3   3   4   4   1   2   4   0  -3   6
DST1407*22  X220   0  -6  -7  -5  -2  -1   1   0   0   1   2   4   3   3   3   3   2   1   0  -2  -2  -5  -6  -3   2  -1
DST1407*23  X220   0   8   8   6   3   2   1   3   3   3   2   2   4   6   9  13  17  14  11   9   4   8   9   7   3   6
DST1407*24  X220   0   1   5   8   7   9   7   6   6   6   2   1   2   0  -4  -4  -2  -2   0   0   3   6  11  14  17   4
DST1407*25  X220   0  12   4   0   3   6   4   2   0  -5  -8  -7  -5  -3  -1  -2   1   4   4   4   2  -1   0   2   3   1
DST1407*26  X220   0   3   5   3   0   1  -2  -5 -10 -19 -18 -16 -14 -12 -10  -9  -8  -9 -10 -10  -7  -7  -9  -7  -6  -7
DST1407*27  X220   0  -8  -9  -7  -4  -5  -5  -4  -3  -3  -6  -3   1   5   6   7   6   6   8  10   8   6   3   5  10   1
DST1407*28  X220   0  14  12  16  13  14  11  12   2  -9  -4   0   4   7   9  12  12   7   7   8   1  -7 -10 -11 -13   4
DST1407*29  X220   0 -14 -13 -10  -5   2   5   5   3   1   1   0  -1  -3  -4  -2   1   3   3   5   8   7   7   8   7   1
DST1407*30  X220   0   3  -1   1   5   5   1   0   0  -1  -3  -6  -4   0   2   3   3   4   4   5   4   4   4   5   4   2
DST1407*31  X220   0   2  -1   0   3   4   5   5   7   8   9  10  13  12  10   9   6   6   6   4   4   6   3   2   4   6


DST1408*01  X220   0   1  -2  -3   0   3   9  14  14  11   7   1  -3   2   6   9   7   9  12  12   4  -2   0  -3  -3   4
DST1408*02  X220   0  -6 -10 -11 -11 -14 -15 -15 -14  -7  -6 -11 -12 -12 -15 -18 -17 -13 -11  -8  -6  -5  -5  -5  -5 -11
DST1408*03  X220   0  -4  -3  -4  -9 -10  -5  -1   1  -1  -1  -4  -3   2   4   2   3   4   2   0  -4  -6 -10 -10  -3  -3
DST1408*04  X220   0  -1  -2  -1  -6 -12 -14 -10  -7  -9 -15 -19 -16 -13 -12 -12 -14 -13 -14  -8 -11 -18 -15  -9  -6 -11
DST1408*05  X220   0  -7 -13 -11 -11 -11 -15 -18 -14  -9  -8 -11 -18 -22 -22 -22 -20 -18 -16 -21 -25 -25 -21 -15 -11 -16
DST1408*06  X220   0  -8 -10 -11 -18 -24 -28 -25 -23 -18 -18 -19 -21 -24 -24 -23 -20 -19 -16 -16 -17 -14  -9  -4   1 -17
DST1408*07  X220   0   3   3  -3  -7  -9  -8  -7  -9  -9 -10  -9 -12 -13 -11  -7  -2   0  -3  -7 -13 -13  -8  -4  -4  -7
DST1408*08  X220   0  -9 -14 -18 -13 -11 -13 -18 -23 -20 -17 -14 -10  -7  -6  -6  -6  -4  -3  -4  -8  -8  -7  -4  -3 -10
DST1408*09  X220   0  -5  -8  -9 -10 -13 -11  -9  -8  -5  -4  -1   1   1   0   0  -2  -3  -2  -2  -3  -2  -1   3   7  -4
DST1408*10  X220   0   8   6   4   4   3   3   4   3   4   7   7   3  -2  -5 -10 -12  -8  -7  -8  -7  -8  -4   6  14   0
DST1408*11  X220   0  14  12   5   2   2   4  10  13  12  11  14  14  12   9   7   1  -6  -4  -2  -2  -2  -2   2  -2   5
DST1408*12  X220   0  -7 -11 -13 -13  -8  -3   0   2   3   1   2   3   2   0  -3  -6  -4  -9 -16 -11 -14  -9  -7  -9  -5
DST1408*13  X220   0 -14 -15 -13 -14 -11  -9  -9 -10 -14 -14 -12  -6  -3  -5 -10 -11 -10  -5  -4  -5  -8  -6  -2   1  -9
DST1408*14  X220   0  -3  -8 -11 -12  -9  -7  -6  -4  -5  -4  -5  -3   0  -3  -7 -10  -8  -5  -5  -3  -1   0   4   8  -4
DST1408*15  X220   0   6   1  -2  -6  -3  -1   1   2   3   2   1   1  -2  -1  -7 -10  -8  -5  -3  -2  -1  -1  -1  -1  -2
DST1408*16  X220   0  -2  -6  -9  -9  -6  -3   0   1   2   2   3   5   6   5   4   4   4   5   2   0  -1   0   4   6   1
DST1408*17  X220   0   9   5   1   1   4   8  13  15  16  16  16  20  28  19  18  18  20  21  19  19  19  17  13  14  15
DST1408*18  X220   0   8   5   1   1   3   3   5   2   4   4   5   7   8   4   1   1   1   0  -2  -3  -1   0   0   2   2
DST1408*19  X220   0   0  -1  -2  -2  -1   0   2   9   7   4   4  13  14  11  10  12  16  18   5  -4  -7 -13 -12 -11   3
DST1408*20  X220   0 -10  -8 -12 -11  -9  -8  -2   0   0   0  -1   2   0  -1  -6 -10 -10  -8  -8  -6   1  -2  -4  -5  -5
DST1408*21  X220   0 -11 -22 -26 -28 -27 -28 -30 -30 -28 -20 -19 -20 -20 -21 -24 -26 -27 -28 -29 -27 -25 -23 -18 -13 -24
DST1408*22  X220   0 -15 -19 -18 -16 -14 -10  -9  -7  -7  -8  -9  -8  -8  -7  -7  -9  -8  -7  -7  -6  -5  -5  -6  -4  -9
DST1408*23  X220   0  -2  -2  -5  -6  -6  -7  -6  -6  -5  -3   0   2   4   6   2   0   1   0   0   0  -1   2   4   5  -1
DST1408*24  X220   0   7   8   6   3   2   1  -1  -4  -5  -6  -3  -4  -5  -4  -1  -2   2   3   1   3   5   4   2   0   1
DST1408*25  X220   0  -2  -1   5   9  12  10   8  10   9   8   6   6   4   6   4  -2   0   1   2   6   8   7   5   3   5
DST1408*26  X220   0   1   1   1   3   5   5   7   8   8   8   9   6   6  12  15  15  12  11  13  14  13   9   7   7   8
DST1408*27  X220   0   8   8   9  11   0 -12 -20 -28 -38 -49 -58 -62 -58 -54 -60 -70 -74 -71 -79 -75 -74 -71 -64 -53 -43
DST1408*28  X220   0 -48 -48 -49 -46 -53 -57 -63 -60 -51 -44 -40 -41 -41 -40 -36 -40 -50 -52 -50 -40 -37 -37 -32 -27 -45
DST1408*29  X220   0 -26 -29 -34 -30 -33 -37 -41 -37 -31 -26 -32 -36 -26 -20 -22 -23 -24 -20 -15 -22 -32 -28 -24 -32 -28
DST1408*30  X220   0 -40 -43 -41 -38 -39 -32 -27 -21 -21 -22 -22 -23 -21 -17 -16 -16 -14 -15 -19 -22 -19 -13 -11 -13 -24
DST1408*31  X220   0 -18 -22 -23 -21 -19 -21 -17 -15 -12 -13 -22 -26 -28 -23 -19 -20 -19 -20 -18 -19 -21 -20 -26 -32 -21


DST1409*01  X220   0 -30 -32 -39 -36 -32 -26 -23 -26 -27 -25 -22 -18 -18 -20 -21 -25 -24 -20 -22 -21 -20 -14 -13 -16 -24
DST1409*02  X220   0 -19 -19 -17 -17 -15 -15 -17 -13 -12 -14 -13 -18 -16 -14 -17 -23 -23 -22 -21 -17 -19 -22 -20 -19 -18
DST1409*03  X220   0 -20 -20 -21 -22 -23 -23 -23 -21 -20 -19 -20 -16 -14  -9  -9 -12 -17 -16 -15 -15 -14 -14 -14 -14 -17
DST1409*04  X220   0 -16 -19 -19 -20 -24 -25 -28 -27 -21 -19 -18 -19 -15 -13 -12 -14 -13 -13 -15 -15 -15 -16 -14 -13 -18
DST1409*05  X220   0  -7  -4  -4  -5  -9 -10 -13 -13 -12 -11  -9 -12 -13 -13 -10 -12 -18 -21 -22 -20 -15 -13 -11  -8 -12
DST1409*06  X220   0  -8  -7  -6  -5   0   3  -4 -14 -11  -4   1   0  -2  -5   6   4  -5  -2   1   0   3  -7 -12 -17  -4
DST1409*07  X220   0 -16 -22 -28 -27 -28 -22 -11  -8 -11 -11 -12 -14 -17 -17 -14 -17 -18 -18 -16 -14  -8  -7  -7  -5 -15
DST1409*08  X220   0  -7  -6  -6  -6  -6  -4  -3 -10  -9  -5  -3  -3  -5  -8 -10 -12 -10  -8  -9 -10  -8  -9  -7  -4  -7
DST1409*09  X220   0  -5  -5  -7  -7  -8  -9 -11 -10  -9  -7  -5  -3  -5  -4  -2  -3  -1   2   1   2   2  -3  -8  -9  -5
DST1409*10  X220   0  -8  -6  -5   0   3   5   6   5   0  -1  -2  -2  -4  -4   0   3   5   4   6   5   3   0   3   3   1
DST1409*11  X220   0  -5  -5  -8 -14 -13 -15 -13 -13 -15 -17 -21 -20 -15 -12 -11 -13 -15 -13 -11 -11 -11 -10  -7  -1 -12
DST1409*12  X220   0  16  -6 -31 -25 -23 -20 -19 -15 -12 -17 -22 -21 -21 -15 -10  -9  19   8   6  16  10 -20 -65 -88 -15
DST1409*13  X220   0 -63 -58 -62 -65 -61 -54 -33 -29 -43 -40 -41 -42 -44 -36 -32 -33 -26 -28 -26 -19 -22 -31 -39 -39 -40
DST1409*14  X220   0 -40 -40 -38 -36 -35 -34 -32 -31 -30 -32 -33 -31 -29 -27 -24 -23 -25 -29 -29 -28 -25 -22 -21 -21 -30
DST1409*15  X220   0 -22 -24 -25 -24 -23 -19 -16 -13 -14 -16 -18 -18 -16 -12  -9  -8 -11 -13 -14 -14 -14 -13 -12 -14 -16
DST1409*16  X220   0 -13 -11  -9  -6  -3  -7 -10  -7  -5  -6 -10 -10 -11  -8  -8 -10  -7  -8  -4  -2  -4  -8 -10 -14  -8
DST1409*17  X220   0 -21 -22 -18 -14 -12 -10 -11  -9  -8  -8  -4  -3  -4  -7  -7   2   3   2   2   3  -1   4   3   4  -6
DST1409*18  X220   0   7  11  10  10   8   6   8   8   9   6   2   1   4   8  10   8   7   3  -3  -7 -16 -18 -15 -19   2
DST1409*19  X220   0 -27 -35 -34 -30 -35 -32 -22 -10 -21 -19 -20 -18 -18 -14 -15 -19 -16 -25 -28 -23 -21 -24 -24 -23 -23
DST1409*20  X220   0 -23 -19 -16 -16 -17 -18 -18 -17 -17 -14 -15 -17 -17 -15 -17 -19 -19 -15 -12 -10 -10 -13 -14 -16 -16
DST1409*21  X220   0 -17 -11  -9 -10 -12 -16 -17 -16 -14 -11 -10  -9  -8  -9 -11 -13 -14 -12  -9  -7  -7 -11 -13 -14 -12
DST1409*22  X220   0 -12  -7  -6 -11 -15 -18 -22 -19 -16 -14 -20 -27 -25 -26 -26 -27 -26 -29 -29 -22 -18 -18 -16 -15 -19
DST1409*23  X220   0 -12 -10  -9  -5  -3  -5 -11 -11  -7  -4 -14 -18 -27 -25 -22 -17 -17 -19 -22 -30 -25 -18 -14 -20 -15
DST1409*24  X220   0 -32 -37 -40 -33 -35 -36 -34 -32 -33 -30 -28 -25 -21 -25 -24 -25 -30 -23 -25 -33 -35 -38 -31 -35 -31
DST1409*25  X220   0 -30 -25 -25 -27 -26 -23 -17 -16 -19 -23 -19 -16 -13 -11 -12 -11 -15 -17 -14 -17 -12 -12 -15 -21 -18
DST1409*26  X220   0 -23 -22 -16 -15 -18 -18 -15 -16 -13 -15 -22 -35 -30 -25 -32 -40 -40 -40 -35 -31 -33 -38 -38 -35 -27
DST1409*27  X220   0 -29 -30 -34 -33 -32 -36 -31 -33 -29 -24 -26 -28 -31 -27 -28 -31 -33 -32 -31 -30 -28 -25 -22 -20 -29
DST1409*28  X220   0 -19 -20 -17 -18 -16 -16 -15 -18 -20 -16 -11 -22 -30 -29 -29 -28 -29 -33 -34 -28 -23 -22 -22 -22 -22
DST1409*29  X220   0 -23 -21 -18 -14 -10  -8 -10 -15 -17 -12 -12 -14 -13 -18 -17 -18 -20 -20 -20 -21 -20 -24 -23 -22 -17
DST1409*30  X220   0 -23 -28 -31 -33 -39 -37 -36 -34 -35 -31 -32 -34 -34 -31 -28 -31 -35 -34 -36 -35 -30 -30 -34 -38 -33


DST1410*01  X220   0 -34 -32 -31 -27 -24 -23 -22 -26 -23 -23 -24 -23 -26 -28 -25 -25 -28 -31 -31 -28 -24 -22 -21 -19 -26
DST1410*02  X220   0 -19 -20 -17 -16 -15 -20 -19 -19 -15 -13  -8 -12 -16 -14 -16 -15 -15 -17 -16 -16 -19 -24 -27 -28 -17
DST1410*03  X220   0 -24 -23 -21 -19 -14  -9  -9  -7  -5  -7  -9  -9 -11 -12 -12  -8  -6  -4  -1  -1  -2  -2  -2  -2  -9
DST1410*04  X220   0   0   3   2   0  -2  -3  -5  -8  -6  -4  -2   2   3   2   2   3   2   0  -2  -5  -5  -4   1   6  -1
DST1410*05  X220   0   9   6  10  10   8   9   9  12  11   9   8   6   4   2  -1  -2  -8  -9  -9  -7  -5  -2  -1  -2   3
DST1410*06  X220   0  -3  -7  -9  -9  -5  -4  -5  -6  -8  -7  -6  -6  -7  -7  -4  -1  -1  -3  -5  -6  -6  -8  -6  -4  -6
DST1410*07  X220   0  -2  -6 -11 -11 -13 -12 -10  -9  -9  -8  -9 -12 -16 -15 -13 -11 -11 -11 -11  -9  -6  -7  -5  -2 -10
DST1410*08  X220   0   4   7   8  13  17  17  14  15  14  10  -5 -14 -23 -23 -19 -15 -18 -25 -28 -30 -30 -31 -29 -28  -8
DST1410*09  X220   0 -26 -27 -28 -30 -32 -34 -46 -51 -50 -40 -34 -30 -38 -39 -32 -27 -25 -26 -26 -23 -25 -24 -20 -18 -31
DST1410*10  X220   0 -19 -18 -22 -24 -29 -32 -27 -24 -25 -24 -21 -19 -19 -18 -16 -18 -21 -20 -18 -14 -12 -18 -22 -25 -21
DST1410*11  X220   0 -28 -30 -33 -31 -27 -25 -31 -39 -42 -40 -38 -34 -35 -33 -28 -25 -20 -14  -9  -7  -6  -9 -12 -14 -25
DST1410*12  X220   0 -14 -13 -10  -7  -6  -5  -4  -3  -4  -4  -4  -5  -4  -3   0  -2  -3  -4  -1   4  15  16  11   7  -2
DST1410*13  X220   0   7   6   7   7   8   9   9  -1  -3  -3  -3  -3   1   2   3   0  -3  -2  -7  -3  -1  -3 -12 -10   0
DST1410*14  X220   0  -9 -11 -11  -6   1   7   9   8   9   7  10   9   5   2   4   1 -26 -35 -46 -46 -36 -34 -47 -49 -12
DST1410*15  X220   0 -36 -40 -44 -41 -38 -34 -34 -29 -26 -21 -18 -16 -19 -21 -23 -27 -29 -25 -22 -18 -16 -15 -15 -16 -26
DST1410*16  X220   0 -16 -20 -17 -18 -18 -18 -20 -21 -18 -14 -13 -14 -22 -20 -20 -18 -16 -15 -15 -15 -11 -14 -20 -19 -17
DST1410*17  X220   0 -19 -18 -16 -22 -27 -21 -16 -16 -19 -18 -15 -12 -12 -11 -10 -12 -13 -16 -17 -18 -17 -21 -21 -20 -17
DST1410*18  X220   0 -24 -31 -28 -25 -19 -20 -14 -13 -16 -16 -16 -16  -4  -2  -5 -13 -21 -20 -23 -24 -28 -30 -32 -25 -19
DST1410*19  X220   0 -31 -37 -36 -30 -24 -23 -26 -33 -31 -27 -23 -24 -30 -32 -30 -28 -25 -26 -26 -30 -28 -21 -14 -12 -27
DST1410*20  X220   0 -16 -19 -18 -15 -16 -26 -34 -36 -33 -27 -26 -28 -41 -49 -44 -38 -48 -51 -50 -50 -41 -37 -38 -44 -34
DST1410*21  X220   0 -43 -39 -39 -39 -38 -37 -36 -46 -45 -34 -30 -31 -33 -28 -30 -33 -36 -36 -33 -38 -39 -33 -33 -36 -36
DST1410*22  X220   0 -40 -41 -46 -42 -37 -35 -35 -35 -29 -25 -22 -22 -22 -28 -30 -27 -31 -27 -31 -29 -28 -30 -28 -26 -31
DST1410*23  X220   0 -25 -25 -26 -27 -24 -22 -24 -24 -27 -32 -31 -25 -23 -25 -24 -16 -17 -18 -20 -20 -19 -15 -15 -19 -23
DST1410*24  X220   0 -22 -23 -21 -20 -19 -19 -22 -24 -30 -32 -32 -26 -20 -19 -26 -27 -33 -40 -40 -35 -33 -29 -26 -30 -27
DST1410*25  X220   0 -32 -34 -29 -27 -31 -36 -33 -32 -32 -29 -24 -26 -31 -33 -27 -21 -17 -17 -16 -19 -17 -20 -20 -20 -26
DST1410*26  X220   0 -26 -26 -30 -29 -24 -25 -32 -41 -36 -30 -27 -25 -26 -30 -34 -36 -35 -30 -27 -26 -20 -17 -17 -21 -28
DST1410*27  X220   0 -27 -30 -30 -27 -27 -32 -30 -31 -35 -35 -28 -29 -26 -21 -16 -13 -16 -21 -18 -20 -24 -31 -40 -49 -27
DST1410*28  X220   0 -54 -57 -50 -49 -48 -48 -45 -40 -39 -43 -44 -38 -35 -33 -29 -27 -26 -23 -24 -26 -34 -32 -30 -30 -38
DST1410*29  X220   0 -32 -38 -42 -41 -36 -32 -35 -38 -37 -36 -34 -31 -27 -23 -20 -22 -26 -28 -26 -27 -26 -23 -24 -27 -30
DST1410*30  X220   0 -29 -29 -28 -27 -27 -25 -26 -26 -28 -27 -27 -23 -17 -12 -11 -12  -9  -8 -10 -10 -11 -10  -4  -9 -19
DST1410*31  X220   0  -8  -6  -6  -7 -12 -10  -9 -10  -4  -3  -1  -1   1   0   3   3   0  -2  -3  -6 -15 -16 -15 -16  -6


DST1411*01  X220   0 -16 -15 -15 -15 -14 -14 -14  -4  -3   1   1  -1  -3  -5  -4  -3  -6  -8  -7  -4  -2  -2  -4  -6  -7
DST1411*02  X220   0  -8  -7  -7  -9 -13 -11 -13 -12  -7  -3   5   3  -3  -7  -4   3  -2  -1  -1   3   9   9   8   3  -3
DST1411*03  X220   0   2   2  -6  -6  -6  -6  -7  -7  -6   1   1  -4  -3   0   1   2   2   1  -1  -3  -3   0  11  23  -1
DST1411*04  X220   0  25  25  22  21  19  22  19  11  -2 -23 -44 -40 -29 -36 -44 -40 -31 -23 -20 -23 -28 -19 -18 -22 -12
DST1411*05  X220   0 -24 -21 -21 -20 -31 -28 -26 -27 -34 -43 -39 -40 -38 -25 -19 -19 -23 -23 -22 -20 -21 -25 -29 -26 -27
DST1411*06  X220   0 -26 -25 -23 -22 -22 -27 -27 -26 -21 -15 -15 -16 -17 -15 -11  -8 -10 -11 -10  -7  -9  -8 -12 -18 -17
DST1411*07  X220   0 -22 -22 -20 -20 -27 -27 -26 -20 -17 -17 -15 -13 -10 -14  -8  -4  -4  -6  -5  -1   1  -8 -14 -22 -14
DST1411*08  X220   0 -21 -23 -24 -24 -24 -25 -23 -20 -19 -17 -14 -16 -14  -9 -14 -12 -13 -11 -11  -9  -7  -6  -9 -14 -16
DST1411*09  X220   0 -12 -14 -17 -14 -13  -9 -11 -10  -9  -3   2   1  -2   0   1   1  -3  -5 -14 -19 -15  -7  -5  -8  -8
DST1411*10  X220   0 -16 -29 -16  -4  -7 -11 -12  -7 -20 -14 -13 -32 -38 -34 -41 -38 -46 -65 -53 -49 -52 -49 -45 -42 -31
DST1411*11  X220   0 -40 -36 -41 -40 -41 -41 -38 -34 -26 -25 -23 -22 -18 -11  -5  -5  -9 -10  -8  -7  -8 -14 -23 -36 -23
DST1411*12  X220   0 -40 -35 -35 -37 -37 -34 -30 -30 -33 -28 -27 -26 -24 -19 -17 -15 -15 -15 -15 -16 -13 -15 -16 -16 -25
DST1411*13  X220   0 -20 -23 -23 -25 -26 -23 -19 -17 -14 -11 -14 -13 -11 -11  -9  -7  -7  -7  -9  -8  -7  -5  -8 -13 -14
DST1411*14  X220   0 -10 -22 -24 -22 -23 -21 -12 -27 -26 -22 -20 -19 -14 -11  -4  -5  -6  -7  -8 -14 -20 -23 -22 -19 -17
DST1411*15  X220   0 -20 -21 -21 -23 -28 -33 -33 -35 -34 -35 -38 -36 -28 -31 -29 -26 -24 -19 -14 -15 -20 -19 -16 -26 -26
DST1411*16  X220   0 -22 -29 -42 -48 -48 -47 -56 -59 -50 -42 -37 -39 -35 -32 -38 -39 -39 -39 -41 -37 -33 -35 -31 -31 -40
DST1411*17  X220   0 -33 -32 -32 -36 -41 -40 -37 -30 -27 -25 -23 -21 -26 -28 -20 -18 -22 -24 -20 -17 -21 -18 -18 -21 -26
DST1411*18  X220   0 -25 -25 -28 -31 -30 -30 -34 -29 -26 -21 -23 -31 -32 -26 -24 -24 -28 -27 -27 -28 -27 -22 -20 -23 -27
DST1411*19  X220   0 -29 -31 -29 -29 -31 -34 -36 -34 -27 -22 -19 -18 -17 -12  -8  -8 -12 -13 -10 -11 -18 -17 -14 -11 -20
DST1411*20  X220   0 -15 -20 -19 -20 -25 -33 -38 -38 -34 -30 -23 -27 -25 -21 -17 -20 -28 -35 -36 -33 -26 -24 -23 -25 -26
DST1411*21  X220   0 -31 -33 -27 -26 -35 -43 -38 -34 -32 -33 -32 -26 -23 -19 -19 -26 -32 -34 -31 -29 -32 -33 -30 -31 -30
DST1411*22  X220   0 -33 -34 -34 -32 -34 -38 -35 -31 -32 -31 -32 -32 -27 -22 -18 -20 -20 -21 -21 -25 -21 -21 -21 -18 -27
DST1411*23  X220   0 -18 -20 -19 -20 -23 -29 -31 -27 -25 -26 -28 -32 -24 -25 -23 -27 -31 -32 -29 -27 -30 -31 -30 -29 -27
DST1411*24  X220   0 -30 -27 -28 -29 -31 -30 -31 -31 -27 -23 -23 -20 -19 -19 -19 -24 -29 -26 -26 -29 -31 -32 -31 -29 -27
DST1411*25  X220   0 -27 -25 -25 -24 -25 -24 -25 -22 -18 -16 -18 -20 -19 -11  -7  -9 -12 -17 -21 -19 -22 -25 -29 -19 -20
DST1411*26  X220   0 -21 -17 -16 -18 -20 -22 -22 -23 -25 -26 -22 -18 -16 -17 -16 -16 -18 -18 -16 -15 -15 -17 -20 -22 -19
DST1411*27  X220   0 -24 -21 -15 -13 -20  -7  -9  -8  -8  -4  -1   1   1   0   1  -2  -8  -3   3   2  -7 -15 -14 -17  -8
DST1411*28  X220   0 -17 -12  -6  -5  -3   1   0  -3  -2   0   1   0   1  -3 -13  -8 -10  -7  -7  -6  -5  -2  -3  -3  -5
DST1411*29  X220   0  -2   0  -1   2   5   3   3   4   8   9   8   6   3   2   3   6   7   3   1  -1   0  -3  -5   3   3
DST1411*30  X220   0  -3  -1   3   5   2   2   4   5   4   5   0   2   9  15  15  11   2  -5  -1  -1  -8 -12 -19 -18   1


DST1412*01  X220   0 -17 -12 -11  -9  -9  -5 -10  -8 -11 -10  -8  -2  -2   2  11  10   9   7  -1   3  -3  -7 -26 -28  -6
DST1412*02  X220   0 -23 -16 -18 -17 -17 -22 -28 -25 -20 -24 -28 -22 -13  -9  -8 -11 -21 -23 -26 -22 -19 -22 -23 -20 -20
DST1412*03  X220   0 -18 -23 -23 -20 -19 -19 -19 -16 -11  -5  -5  -7  -5  -4  -1  -2  -2  -3  -6 -15 -15 -14 -13 -13 -12
DST1412*04  X220   0 -18 -17 -12 -13 -17 -16 -14 -11  -9  -9  -9  -4  -2  -4  -8 -15 -22 -21 -18 -17 -14 -11 -12 -17 -13
DST1412*05  X220   0 -11  -6 -10 -16 -16 -27 -30 -29 -27 -26 -28 -23 -14 -15 -14 -16 -21 -23 -22 -20 -19 -18 -19 -18 -20
DST1412*06  X220   0 -16 -14 -12  -7 -13 -16 -13  -4   5   7  -1   2   9  11  12  19   9  11   9   3 -13 -15 -21 -30  -3
DST1412*07  X220   0 -27 -27 -26 -22 -22 -24 -28 -29 -25 -23 -28 -35 -23 -25 -31 -33 -36 -40 -37 -37 -43 -43 -42 -39 -31
DST1412*08  X220   0 -36 -36 -36 -35 -35 -34 -33 -29 -30 -28 -32 -33 -29 -27 -22 -21 -19 -24 -18 -24 -27 -27 -32 -35 -29
DST1412*09  X220   0 -42 -42 -34 -30 -30 -33 -35 -33 -28 -31 -37 -35 -35 -25 -28 -33 -33 -33 -28 -27 -32 -27 -25 -24 -32
DST1412*10  X220   0 -18 -16 -15 -13 -15 -14 -16 -21 -27 -23 -19 -20 -20 -16 -12 -13 -15 -17 -19 -21 -22 -23 -24 -24 -18
DST1412*11  X220   0 -21 -18 -13 -11 -11 -11 -10  -8  -6  -6  -8  -8  -6  -5  -5  -7  -8  -7  -8  -8  -3  -4   1   1  -8
DST1412*12  X220   0  -2  -2 -14 -14  -8  -8 -16 -22 -26 -29 -27 -21 -28 -37 -41 -50 -53 -49 -47 -51 -51 -45 -43 -40 -30
DST1412*13  X220   0 -37 -36 -35 -34 -33 -31 -26 -23 -24 -26 -26 -24 -25 -29 -26 -25 -29 -30 -28 -28 -28 -28 -36 -40 -29
DST1412*14  X220   0 -36 -32 -31 -31 -31 -31 -29 -27 -28 -27 -28 -28 -31 -32 -34 -32 -29 -29 -29 -31 -31 -26 -19 -17 -29
DST1412*15  X220   0 -15 -14 -13 -18 -21 -13 -11 -14 -27 -35 -37 -29 -23 -28 -32 -31 -30 -29 -28 -26 -25 -36 -36 -31 -25
DST1412*16  X220   0 -28 -26 -26 -23 -24 -23 -24 -23 -21 -20 -22 -24 -26 -24 -28 -23 -19 -18 -21 -19 -19 -24 -25 -27 -23
DST1412*17  X220   0 -31 -32 -29 -21 -28 -27 -22 -23 -27 -25 -22 -22 -23 -22 -21 -22 -26 -28 -25 -22 -22 -19 -16 -17 -24
DST1412*18  X220   0 -12  -9 -10 -14 -14 -12 -11 -11 -10 -14 -13 -11 -11 -11 -10 -11 -13 -14 -15 -13 -15 -16 -15 -15 -13
DST1412*19  X220   0 -12 -14 -13 -12  -9  -7 -12 -14 -15 -18 -17 -15 -16  -8  -6 -16 -20 -26 -32 -31 -26 -20 -17 -14 -16
DST1412*20  X220   0  -8 -10 -15 -15 -16 -18 -20 -18 -16 -17 -20 -23 -24 -20 -17 -19 -23 -22 -20 -17 -17 -18 -17 -16 -18
DST1412*21  X220   0 -11  -9  -9 -11 -19 -28 -34 -32 -28 -30 -33 -33 -30 -25 -27 -31 -38 -44 -44 -36 -41 -49 -45 -37 -30
DST1412*22  X220   0 -39 -40 -43 -50 -56 -71 -68 -62 -61 -55 -53 -44 -39 -36 -32 -23 -23 -21 -13  -7  -1   2   0   1 -35
DST1412*23  X220   0   0  -5  -6  -9 -13 -13  -8  -8  -9 -11 -13   7  11   8   4   5   2   2  -3  -9 -25 -45 -57 -50 -10
DST1412*24  X220   0 -57 -56 -54 -45 -40 -39 -42 -41 -35 -38 -42 -40 -35 -32 -29 -35 -39 -38 -42 -48 -43 -48 -53 -53 -43
DST1412*25  X220   0 -45 -36 -33 -34 -37 -39 -36 -34 -33 -32 -29 -25 -23 -31 -27 -32 -36 -35 -31 -25 -26 -36 -46 -49 -34
DST1412*26  X220   0 -47 -57 -52 -54 -52 -48 -45 -40 -39 -44 -42 -37 -32 -31 -29 -26 -24 -23 -29 -42 -49 -49 -46 -43 -41
DST1412*27  X220   0 -47 -46 -40 -36 -32 -36 -37 -36 -37 -35 -35 -32 -32 -33 -27 -23 -21 -22 -24 -25 -24 -22 -23 -22 -31
DST1412*28  X220   0 -18 -22 -24 -24 -20 -16 -14 -18 -18 -17 -18 -17 -16 -11  -8  -6 -11 -17 -12 -16 -25 -19 -17 -14 -17
DST1412*29  X220   0 -16 -13 -11 -10  -7  -9 -10 -11 -14 -21 -33 -30 -29 -25 -25 -18 -27 -40 -38 -33 -32 -42 -31 -40 -24
DST1412*30  X220   0 -37 -36 -36 -40 -40 -42 -29 -25 -26 -29 -28 -28 -26 -25 -22 -23 -21 -22 -21 -22 -29 -30 -36 -27 -29
DST1412*31  X220   0 -23 -18 -20 -17 -17 -19 -16 -14 -11  -9  -4  -4  -9 -16 -18 -15 -18 -19 -24 -26 -27 -27 -23 -23 -17


DST1501*01  X220   0 -18 -18 -20 -20 -19 -20 -19 -16 -15 -13 -11  -9  -4   0   2   1  -2  -3  -4  -8 -12 -13 -12 -19 -11
DST1501*02  X220   0 -26 -26 -22 -13 -11 -11 -11  -7  -8  -3   2   1   1  -3 -12  -9  -5  -8 -22 -36 -49 -49 -43 -36 -17
DST1501*03  X220   0 -36 -42 -34 -27 -16 -25 -36 -34 -30 -31 -31 -33 -26 -25 -20 -18 -20 -20 -22 -21 -20 -19 -19 -20 -26
DST1501*04  X220   0 -21 -22 -20 -16 -16 -19 -26 -33 -35 -34 -29 -36 -47 -59 -63 -62 -68 -57 -62 -65 -68 -78 -67 -57 -44
DST1501*05  X220   0 -67 -51 -42 -38 -41 -51 -55 -48 -47 -42 -39 -37 -37 -39 -33 -31 -28 -29 -31 -35 -40 -46 -43 -42 -41
DST1501*06  X220   0 -44 -40 -38 -35 -32 -37 -39 -37 -40 -49 -46 -38 -35 -32 -29 -29 -32 -30 -32 -20 -22 -27 -26 -18 -34
DST1501*07  X220   0 -14  -5   0  -2  -2  -6  -1   9 -29 -73-106-107-100-101-103 -98 -87 -73 -62 -50 -47 -39 -49 -51 -50
DST1501*08  X220   0 -54 -58 -47 -48 -48 -41 -48 -56 -57 -56 -56 -55 -49 -44 -39 -40 -43 -40 -38 -38 -35 -35 -38 -41 -46
DST1501*09  X220   0 -42 -44 -42 -38 -32 -32 -35 -38 -43 -43 -40 -37 -33 -32 -32 -30 -34 -36 -35 -34 -33 -28 -24 -26 -35
DST1501*10  X220   0 -32 -37 -29 -26 -25 -22 -27 -30 -32 -31 -30 -31 -28 -24 -19 -17 -19 -24 -24 -23 -16 -20 -17 -14 -25
DST1501*11  X220   0 -18 -23 -25 -26 -24 -26 -28 -30 -37 -36 -33 -34 -37 -39 -36 -30 -30 -31 -29 -26 -22 -29 -29 -26 -29
DST1501*12  X220   0 -26 -24 -23 -24 -20 -17 -21 -19 -19 -20 -25 -34 -38 -40 -37 -34 -30 -30 -28 -28 -28 -25 -24 -19 -26
DST1501*13  X220   0 -21 -22 -21 -20 -17 -15 -17 -19 -16 -15 -17 -18 -25 -32 -27 -22 -20 -21 -21 -19 -19 -25 -23 -22 -21
DST1501*14  X220   0 -26 -25 -23 -23 -23 -20 -17 -15 -14 -16 -25 -28 -30 -28 -21 -15 -13 -14 -16 -17 -15 -13 -13 -14 -19
DST1501*15  X220   0 -16 -15 -15 -14 -13 -13 -13 -17 -14  -7  -4 -11 -15 -14 -19 -18 -20 -18 -17 -15 -13 -11 -13 -12 -14
DST1501*16  X220   0 -11  -9  -7  -8 -21 -21 -20 -22 -15 -11 -12 -17 -19 -21 -17 -14 -15 -18 -17 -19 -19 -13 -13 -14 -16
DST1501*17  X220   0 -18 -21 -20 -20 -25 -28 -25 -23 -23 -22 -21 -16 -14 -15 -16 -14 -12 -10 -11 -12 -14 -10 -13 -13 -17
DST1501*18  X220   0 -11 -11 -12 -14 -13 -10  -9  -6  -4  -3  -3  -3  -1  -5 -10 -11 -13 -12 -11 -12 -15 -19 -16 -16 -10
DST1501*19  X220   0 -12 -12 -12 -10  -8  -9 -12 -13 -12  -7  -5  -4  -2  -2   0   0  -1  -3  -6  -7  -9  -9 -15 -23  -8
DST1501*20  X220   0 -21 -16 -12 -12 -11 -11 -11 -11 -14 -16 -16 -13 -10  -8  -3  -1   1   2   3   5   7  11  18  29  -5
DST1501*21  X220   0  35  29  32  36  28  33  25  19   7   5   7  12  10   4  -2 -10 -19 -19 -19 -19 -14 -12 -10  -8   6
DST1501*22  X220   0 -10 -15 -13 -14 -20 -19 -16 -14 -14 -15 -19 -21 -23 -30 -27 -25 -20 -16 -14 -16 -14 -13 -13 -14 -17
DST1501*23  X220   0 -13 -15 -15 -17 -17 -15 -18 -14 -10 -14 -18 -19 -20 -16 -14 -12 -13 -15 -16 -14 -13 -12 -11  -9 -15
DST1501*24  X220   0  -7  -8  -7  -7 -10 -10  -7  -6  -7 -11 -17 -22 -23 -21 -18 -17 -20 -19 -16 -13 -15 -10  -6  -7 -13
DST1501*25  X220   0 -10 -10  -8 -10  -9  -5  -6  -4  -2  -4  -9  -8  -9 -11  -9  -9 -13 -13  -9  -3  -3   0  -1  -3  -7
DST1501*26  X220   0 -10  -9 -10 -19 -15 -13  -8  -6 -11 -21 -43 -32 -26 -24 -25 -28 -34 -33 -27 -24 -21 -20 -23 -24 -21
DST1501*27  X220   0 -26 -24 -20 -19 -27 -26 -26 -14 -15 -16 -18 -20 -18 -14  -9 -10 -11 -13 -10  -4  -5 -17 -23 -24 -17
DST1501*28  X220   0 -17 -18 -17 -13 -11 -14 -19 -22 -18 -17 -18 -19 -16 -13 -14 -16 -20 -18 -11  -8  -9  -9  -6  -6 -15
DST1501*29  X220   0  -7  -6  -6 -12 -16 -17 -18 -15 -13 -10 -11  -4  -8 -10 -13 -10  -9  -5 -10  -9 -19 -11  -9 -13 -11
DST1501*30  X220   0 -17 -13 -12 -15 -16 -20 -20 -16 -21 -21 -19 -18 -16 -14 -16 -16 -20 -27 -29 -31 -31 -33 -28 -20 -20
DST1501*31  X220   0 -18 -16 -14 -18 -20 -19 -20 -23 -24 -23 -21 -19 -17 -13 -15 -19 -22 -22 -23 -21 -16 -16 -23 -21 -19


DST1502*01  X220   0 -16 -16 -19 -19 -18 -20 -14 -14 -12 -12 -16 -13 -13  -9  -5  -6  -8  -8 -17 -12  -9 -26 -31 -28 -15
DST1502*02  X220   0 -21 -22 -30 -37 -35 -45 -55 -47 -44 -47 -45 -34 -35 -30 -23 -27 -35 -37 -33 -32 -28 -28 -25 -18 -34
DST1502*03  X220   0 -18 -21 -21 -25 -28 -32 -34 -33 -31 -29 -26 -24 -22 -23 -29 -27 -26 -27 -23 -20 -19 -18 -14 -11 -24
DST1502*04  X220   0 -11 -14 -13 -14 -18 -20 -23 -25 -25 -25 -28 -22 -20 -16 -19 -22 -23 -21 -21 -21 -21 -18 -15 -10 -19
DST1502*05  X220   0 -10 -16 -16 -14 -10  -2   0  -5  -7 -13 -15  -9  -3   1  -8 -12 -17 -19 -11 -14 -19 -20 -18 -14 -11
DST1502*06  X220   0 -16 -19 -19 -17 -15 -14 -14 -15 -16 -16 -17 -17 -12  -9  -8  -8  -9  -9  -9  -8  -9 -10  -6  -5 -12
DST1502*07  X220   0  -4  -3  -3  -3  -1  -1  -2 -11 -29 -44 -44 -33 -23 -21 -26 -30 -29 -30 -27 -21 -19 -18 -17 -18 -19
DST1502*08  X220   0 -21 -18 -17 -16 -20 -28 -32 -37 -33 -33 -25 -23 -21 -20 -17 -17 -20 -23 -25 -22 -19 -18 -16 -17 -22
DST1502*09  X220   0 -19 -18 -15 -14 -12 -15 -16 -16 -17 -18 -20 -16 -13 -11 -13 -17 -18 -14 -14 -14 -13 -21 -23 -19 -16
DST1502*10  X220   0 -17 -19 -17 -15 -18 -21 -17 -15 -19 -21 -20 -16 -12 -10 -12 -12 -12  -9  -7 -12 -14 -16 -14 -15 -15
DST1502*11  X220   0 -13 -10 -12 -16 -12 -10 -10 -14 -13 -11 -11 -10 -13 -17 -19 -14 -11 -12 -12 -11  -9  -7  -7  -7 -12
DST1502*12  X220   0 -14 -15 -13  -9  -6  -5  -4  -6  -5  -6  -7  -2   0  -3  -6  -9 -11 -12 -12 -12 -14 -18 -16 -17  -9
DST1502*13  X220   0 -16 -16 -14 -11  -7  -5  -6  -7  -7  -9  -8  -8  -6  -3   0   1   1  -2  -3  -2  -3  -3  -3  -3  -6
DST1502*14  X220   0  -1  -1  -1  -2  -4  -5  -3   0   3   4   4   5   4   5   5   4   3   4   4   7   8   9   8  11   3
DST1502*15  X220   0  14  16  14   7   9   7   8   1   0  -5 -11  -4  -1  -2 -16 -19 -17 -12 -13 -14 -10  -4   0   1  -2
DST1502*16  X220   0   1   4   4   5   7   4   2   1  -1  -4  -3   0   4   3   1   1   0   3   5  13  16   6  -2  -7   3
DST1502*17  X220   0 -17 -23 -30 -31 -23 -18 -23 -28 -29 -38 -38 -30 -25 -19 -15 -16 -21 -28 -35 -35 -27 -44 -65 -67 -30
DST1502*18  X220   0 -69 -62 -55 -57 -53 -54 -60 -61 -60 -58 -53 -50 -43 -40 -39 -37 -38 -39 -38 -31 -29 -27 -28 -23 -46
DST1502*19  X220   0 -23 -26 -28 -33 -35 -33 -32 -29 -29 -26 -27 -24 -22 -22 -24 -24 -26 -23 -20 -20 -24 -25 -23 -17 -26
DST1502*20  X220   0 -16 -15 -15 -17 -20 -22 -19 -24 -25 -28 -31 -25 -19 -17 -13 -12 -12 -11  -9 -10 -12 -17 -20 -22 -18
DST1502*21  X220   0 -24 -24 -22 -18 -15 -12 -13 -15 -19 -22 -26 -20 -14 -11  -7  -5  -7 -10 -10  -9 -11 -11  -5  -6 -14
DST1502*22  X220   0  -9  -8 -10  -9 -11 -13 -14 -12 -10  -9 -12  -9  -8 -12 -10  -8  -7  -7  -7  -7  -5  -3  -2  -8  -9
DST1502*23  X220   0 -15  -9  -9  -1  -1 -12 -15 -20 -18 -20 -19 -23 -27 -31 -26 -22 -34 -38 -24 -17 -16 -24 -32 -28 -20
DST1502*24  X220   0 -22 -22 -37 -56 -55 -52 -56 -58 -47 -43 -46 -35 -35 -33 -28 -27 -27 -27 -26 -27 -26 -25 -30 -29 -36
DST1502*25  X220   0 -26 -26 -26 -25 -22 -22 -19 -18 -30 -25 -23 -26 -22 -21 -21 -22 -16 -15 -16 -11 -12 -11 -11 -11 -20
DST1502*26  X220   0 -12 -14 -14 -13 -13 -12 -13 -16 -14 -14 -15 -14 -15 -14 -14 -13 -10 -11 -10 -11  -8  -9  -5  -5 -12
DST1502*27  X220   0  -5  -3  -2  -2   0   0   0   1   4   6   8   6   4   5   3   4   7   7   5   4   1   0   1   0   2
DST1502*28  X220   0   2   4   4   3   4   2   5   5  -2  -6  -2   1  -1  -3  -4   4   3  -6 -15 -14 -26 -26 -17 -16  -4


DST1503*01  X220   0 -34 -44 -30 -31 -28 -42 -55 -53 -56 -51 -50 -47 -46 -41 -36 -32 -29 -26 -22 -21 -22 -21 -27 -26 -36
DST1503*02  X220   0 -21 -20 -30 -35 -30 -42 -43 -53 -64 -62 -54 -50 -53 -53 -49 -49 -41 -40 -36 -29 -27 -27 -25 -23 -40
DST1503*03  X220   0 -24 -22 -28 -26 -25 -26 -27 -26 -22 -26 -28 -27 -25 -27 -27 -27 -25 -25 -28 -21 -21 -23 -27 -31 -26
DST1503*04  X220   0 -27 -18 -16 -17 -15 -13 -11  -8  -4  -5  -6  -7 -11 -15 -16 -19 -20 -20 -17 -14 -15 -11 -14 -18 -14
DST1503*05  X220   0 -15 -11  -9  -9  -7  -5  -4  -3  -3  -6  -8  -7 -12 -19 -13 -14 -15 -12 -10 -10  -8  -7  -3  -3  -9
DST1503*06  X220   0  -3   0   2   6   3  -5 -14 -30 -30 -20 -17 -14 -16 -16 -14 -12 -11  -8  -8  -9 -14 -17  -9  -6 -11
DST1503*07  X220   0  -8 -11 -12 -17 -20 -27 -27 -25 -19 -20 -24 -22 -19 -12 -11 -12 -10 -14 -14 -16 -20 -24 -24 -20 -18
DST1503*08  X220   0 -17 -13 -13 -14 -15 -12  -7  -7  -9  -8 -12 -18 -21 -18 -21 -19 -17 -20 -21 -18 -15 -14 -13 -15 -15
DST1503*09  X220   0 -18 -23 -21 -22 -19 -16 -17 -18 -17 -16 -14 -11  -9  -9 -10  -9 -10 -10  -5  -4  -4  -4  -4  -3 -12
DST1503*10  X220   0  -1  -4  -4  -6  -6  -4  -2  -1   1  -3  -7  -3  -5  -6  -6  -7  -7  -6  -6  -8  -6  -4  -4  -5  -5
DST1503*11  X220   0  -6  -6  -6  -6  -5   5   6   8   0   2   1   2  -6 -11 -14 -14 -12 -12 -15 -20 -19 -16 -15 -14  -7
DST1503*12  X220   0 -15 -12  -8 -10 -11  -7 -12 -22 -24 -23 -19 -19 -15 -17 -18 -13  -9  -9  -9  -8  -8 -11 -13 -15 -14
DST1503*13  X220   0 -13 -12  -9  -3  -2   1   1   0  -1  -2  -2   0  -3 -16 -20 -11  -7 -10 -15 -15 -11 -10  -7 -10  -7
DST1503*14  X220   0 -12 -11 -12 -13 -14 -15 -12  -9  -8  -7  -5  -4  -4  -4   1   3   4   2   3   2  -1  -3  -5 -11  -6
DST1503*15  X220   0 -11 -11 -11 -12 -11 -11  -9  -9  -7  -6  -7  -5  -5  -3   1   4  -1   0   2   1  -2  -7  -7  -2  -5
DST1503*16  X220   0   4  10  15  10   7  15   1 -10  -2   5  11  19  17  11   7  12  17  17  15  16  11   9   6   3   9
DST1503*17  X220   0   4   3   3   2  13  45  25 -18 -54 -83 -75 -54 -55 -75 -93-118-143-162-154-177-182-198-234-225 -84
DST1503*18  X220   0-200-189-172-155-148-136-133-124-123-117-111 -99 -97 -91 -88 -91 -86 -82 -88 -94 -95 -94 -94 -93-117
DST1503*19  X220   0 -99 -94 -86 -81 -86 -84 -81 -73 -71 -76 -75 -76 -77 -83 -84 -80 -73 -72 -71 -70 -71 -69 -65 -70 -78
DST1503*20  X220   0 -75 -81 -74 -69 -65 -64 -71 -68 -63 -61 -62 -65 -58 -57 -55 -56 -62 -66 -64 -60 -59 -56 -56 -65 -64
DST1503*21  X220   0 -69 -65 -64 -58 -48 -46 -49 -46 -45 -44 -50 -48 -46 -45 -46 -46 -46 -44 -44 -44 -47 -40 -43 -41 -49
DST1503*22  X220   0 -39 -42 -36 -33 -40 -43 -45 -56 -50 -50 -45 -33 -41 -48 -55 -51 -49 -52 -54 -52 -47 -46 -45 -44 -46
DST1503*23  X220   0 -40 -45 -46 -47 -50 -47 -44 -46 -47 -44 -46 -42 -36 -35 -32 -37 -39 -35 -36 -37 -40 -50 -47 -47 -42
DST1503*24  X220   0 -48 -48 -45 -40 -34 -33 -32 -29 -30 -29 -26 -31 -32 -30 -28 -26 -33 -34 -31 -31 -28 -28 -34 -34 -33
DST1503*25  X220   0 -30 -30 -36 -34 -32 -34 -33 -32 -31 -28 -17 -13  -5  -5  -4 -12 -22 -17 -17 -22 -28 -32 -33 -31 -24
DST1503*26  X220   0 -29 -25 -25 -23 -23 -26 -27 -21 -18 -15 -15 -10  -9 -13 -11 -16 -20 -20 -21 -20 -27 -30 -31 -29 -21
DST1503*27  X220   0 -28 -29 -27 -27 -25 -30 -35 -29 -23 -27 -23 -22 -22 -23 -29 -30 -26 -23 -23 -23 -21 -20 -21 -21 -25
DST1503*28  X220   0 -20 -18 -11  -6  -3  -5 -23 -39 -42 -33 -27 -25 -27 -28 -26 -20 -15 -11 -12 -15 -19 -20 -18 -17 -20
DST1503*29  X220   0 -19 -22 -20 -24 -30 -34 -34 -31 -26 -32 -43 -46 -35 -30 -34 -33 -33 -36 -40 -40 -37 -32 -32 -31 -32
DST1503*30  X220   0 -30 -28 -26 -27 -26 -24 -23 -22 -19 -20 -26 -26 -23 -21 -23 -25 -26 -26 -26 -27 -26 -28 -29 -28 -25
DST1503*31  X220   0 -24 -20 -15 -12 -12 -14 -17 -19 -14  -8  -9  -5 -13 -11  -7  -5  -4   2  -7  -9 -10 -12 -12 -12 -11


DST1504*01  X220   0 -13  -8  -1   2   3   0   0  -3  -4  -4   0   3  -1   0  -1   2   0  -4  -6  -2  -4  -6 -11  -9  -3
DST1504*02  X220   0  -8  -3   3   9   3   2  -1  -2 -17 -25 -22 -19 -16 -16 -16 -13 -14 -17 -15 -13 -13 -33 -35 -27 -13
DST1504*03  X220   0 -23 -20 -21 -23 -19 -18 -17 -14 -15 -16 -18 -15 -12 -10 -16 -15 -13 -13 -16 -17 -19 -22 -26 -33 -18
DST1504*04  X220   0 -33 -30 -27 -25 -22 -20 -22 -20 -18 -16 -18 -17 -15 -15 -13 -18 -17 -20 -20 -14 -12 -11 -11 -13 -19
DST1504*05  X220   0 -15 -17 -16 -13 -14 -17 -17 -18 -14 -11 -11  -8  -8  -9  -9 -10  -8  -6  -5  -3  -2  -6 -16 -15 -11
DST1504*06  X220   0 -17 -18 -18 -14 -10  -8 -11 -14 -15 -13 -12 -11 -12 -16 -17 -13 -10  -9  -8  -6  -8 -12 -15 -19 -13
DST1504*07  X220   0 -19 -19 -16 -13 -12 -12 -10  -7  -5  -4  -4  -4  -6  -8 -11  -9  -6  -4  -1  -3  -1  -1  -1  -5  -8
DST1504*08  X220   0  -8  -6  -5  -5  -3  -5  -5  -3  -1   0  -2  -2  -1   0   0  -1  -2  -4  -5  -3  -2   0   0  -4  -3
DST1504*09  X220   0  -6  -8  -2  -6 -10 -13 -12 -13 -17 -15  -7  -9  -5  -4  -5  -2   0   1   2   6  12  11  11   3  -4
DST1504*10  X220   0 -28 -44 -38 -42 -60 -57 -45 -47 -50 -55 -50 -43 -37 -36 -29 -24 -21 -23 -31 -37 -36 -37 -42 -44 -40
DST1504*11  X220   0 -50 -58 -63 -64 -69 -74 -79 -83 -82 -85 -79 -66 -63 -67 -67 -68 -67 -59 -56 -53 -46 -42 -38 -33 -63
DST1504*12  X220   0 -30 -31 -31 -30 -27 -28 -28 -27 -27 -25 -25 -25 -25 -23 -23 -20 -19 -18 -19 -21 -21 -21 -22 -23 -25
DST1504*13  X220   0 -20 -23 -28 -30 -23 -13  -7 -15 -19 -21 -22 -16 -10  -7  -7  -8 -10 -11  -8  -4  -5  -3  -4  -5 -13
DST1504*14  X220   0  -9 -11  -8  -3  -1  -2   1   0   2   2  -1  -4  -1   0  -9 -16 -17 -34 -35 -25 -23 -30 -48 -46 -13
DST1504*15  X220   0 -39 -35 -32 -27 -30 -29 -18 -10  -8 -10 -29 -52 -47 -46 -45 -40 -40 -41 -54 -61 -65 -54 -52 -53 -38
DST1504*16  X220   0 -53 -47 -54 -58 -57 -66 -69 -81 -71 -64 -62 -51 -50 -56 -54 -51 -46 -51 -56 -62 -58 -61 -85 -88 -60
DST1504*17  X220   0 -79 -75 -69 -65 -67 -71 -69 -65 -64 -58 -53 -52 -53 -52 -48 -50 -46 -44 -49 -50 -45 -41 -42 -42 -56
DST1504*18  X220   0 -44 -44 -39 -36 -35 -35 -32 -26 -27 -24 -21 -20 -19 -20 -23 -29 -31 -34 -31 -34 -34 -37 -38 -38 -31
DST1504*19  X220   0 -39 -37 -33 -33 -31 -30 -31 -29 -29 -32 -36 -33 -26 -27 -30 -30 -27 -24 -26 -30 -28 -26 -28 -31 -30
DST1504*20  X220   0 -34 -34 -30 -26 -28 -24 -21 -21 -20 -15 -12 -14 -12  -7   1   4   6  10   5   2  -4   3  -9 -14 -12
DST1504*21  X220   0 -16 -25 -19 -21 -30 -33 -34 -37 -35 -26 -29 -26 -30 -28 -28 -36 -33 -28 -28 -23 -23 -25 -32 -29 -28
DST1504*22  X220   0 -28 -24 -23 -22 -23 -24 -28 -29 -30 -30 -27 -21 -20 -21 -20 -19 -20 -16 -14 -14 -11 -10 -13 -17 -21
DST1504*23  X220   0 -18 -19 -19 -25 -29 -24 -17 -15 -16 -17 -16 -13  -9  -7  -8  -9  -9  -8 -10 -11 -11 -12 -14 -14 -15
DST1504*24  X220   0 -12 -17 -16 -18 -23 -26 -21 -18 -19 -19 -18 -19 -19 -18 -17 -17 -18 -18 -17 -16 -11  -9  -9  -9 -17
DST1504*25  X220   0  -7  -7  -7  -7  -8  -8  -5  -5  -5  -5  -5  -6  -6  -5  -4  -5  -7  -8 -11 -10  -6  -1   1   2  -6
DST1504*26  X220   0   1   1   3   3   3   3   3   1   0   0  -1   0  -2  -4  -3  -5  -6  -3  -2  -4  -1   1   1   1   0
DST1504*27  X220   0  -2  -2  -1  -1  -5  -6  -6  -2   1  -1  -5  -5 -10 -14 -17 -18 -19 -23 -29 -32 -30 -25 -28 -33 -13
DST1504*28  X220   0 -36 -32 -26 -22 -23 -25 -24 -22 -16 -18 -26 -27 -22 -22 -23 -25 -27 -28 -21 -11  -3  -4  -5  -6 -21
DST1504*29  X220   0 -10  -9  -9 -10 -12 -14 -11  -9  -8 -10 -11  -9  -9  -9  -7 -10 -12  -9 -10 -14 -17 -20 -21 -16 -12
DST1504*30  X220   0 -10  -4  -1  -1   0  -1  -4  -7  -9  -6  -7  -6  -5  -4  -5  -7  -6  -5  -5  -9  -6  -1   0  -2  -5


DST1505*01  X220   0  -1   3   4  -3 -11 -15 -10  -7  -6  -8  -8 -11  -9  -7  -7  -5   0  -2  -1   1   6   7   4  -1  -4
DST1505*02  X220   0  -4   0   3   2   0   0  -4  -4  -4  -1   0   1   0  -2  -3  -3  -8  -9  -9  -9  -4 -10 -11 -17  -4
DST1505*03  X220   0 -21 -17 -13 -12 -16 -12 -10 -14 -18 -14 -14 -16 -16 -15 -11 -13 -11  -9  -9  -6  -2  -1  -3  -6 -12
DST1505*04  X220   0  -9  -8 -12  -9  -8  -7  -9 -10 -12  -9  -3  -2  -5  -6 -13 -14 -13 -13  -8  -4  -8 -10  -7  -7  -9
DST1505*05  X220   0  -4  -1  -1  -1  -2  -3  -6  -8 -11 -16 -13 -12 -11  -9 -10 -10 -13 -15 -15 -13 -11  -7  -1  -7  -8
DST1505*06  X220   0 -12  -6  11   8   9   3  -4  -6  -6 -12 -22 -25 -23 -21 -20 -25 -22 -33 -35 -29 -24 -23 -21 -13 -15
DST1505*07  X220   0  -3   2   1  -3  -9 -13 -13 -16 -15 -14 -15 -15 -16 -13 -12 -16 -12 -15 -19 -13  -6  -1  -4 -13 -11
DST1505*08  X220   0 -12  -9  -7  -9   2   5   4  -2 -10 -11 -12 -10 -13 -13 -14 -15 -15 -13 -13 -13 -11 -10 -12 -10  -9
DST1505*09  X220   0  -9  -9  -6  -5  -8  -9  -6  -3  -2   0   8  10  13  17  15   9  -2   7   9   2   8   8  -3  -2   2
DST1505*10  X220   0  -2   1   3   6   2  -4  -5 -14 -17 -15 -26 -35 -27 -23 -21 -18 -17 -17 -15 -18 -19 -21 -24 -27 -15
DST1505*11  X220   0 -29 -38 -45 -52 -57 -51 -48 -40 -33 -31 -32 -37 -39 -39 -38 -41 -41 -36 -37 -40 -37 -35 -29 -20 -39
DST1505*12  X220   0 -15 -12 -10 -17 -29 -38 -36 -34 -41 -43 -45 -48 -44 -37 -35 -34 -39 -45 -51 -49 -38 -22 -15 -18 -33
DST1505*13  X220   0 -15 -32 -45 -45 -36 -55 -82 -77 -72 -66 -69 -74 -73 -71 -65 -65 -63 -67 -66 -72 -70 -63 -51 -36 -60
DST1505*14  X220   0 -29 -29 -29 -34 -37 -39 -32 -29 -33 -28 -26 -27 -30 -29 -33 -37 -39 -36 -33 -30 -26 -30 -26 -19 -31
DST1505*15  X220   0 -15 -13 -13 -17 -21 -21 -25 -29 -29 -29 -29 -28 -27 -28 -29 -29 -29 -30 -29 -27 -23 -18 -15 -10 -23
DST1505*16  X220   0 -10  -9  -9 -13 -16 -18 -20 -17 -16 -17 -18 -21 -21 -19 -20 -21 -21 -21 -22 -17 -12  -7  -5  -2 -16
DST1505*17  X220   0  -1  -2  -3  -4  -5  -7 -15 -19 -16 -14 -12 -12 -11 -10 -12  -9  -7  -8 -10  -7  -4  -1  -1  -1  -8
DST1505*18  X220   0   3   7  10  10  12  13  11  10   5   0  10   1 -17 -22 -16 -15 -14 -18 -18 -15  -9  -8 -22 -47  -5
DST1505*19  X220   0 -37 -25 -32 -48 -40 -38 -36 -30 -26 -22 -19 -17 -16 -18 -24 -32 -32 -26 -25 -23 -23 -20 -19 -19 -27
DST1505*20  X220   0 -19 -19 -18 -24 -25 -18 -19 -17 -16 -16 -15 -16 -20 -24 -24 -22 -23 -23 -24 -26 -24 -25 -26 -26 -21
DST1505*21  X220   0 -22 -20 -19 -15 -14 -14 -13 -13 -14 -15 -14 -15 -16 -16 -17 -17 -17 -17 -16 -14  -9 -10  -9  -8 -15
DST1505*22  X220   0 -11 -10  -8  -5  -5  -7  -7  -9  -9  -8  -7  -6  -5  -9  -7  -8  -9  -9 -10  -9  -9  -7  -6  -1  -8
DST1505*23  X220   0   0   1   1   1   2   6   4   0  -4  -5  -7  -5  -3   1   0   2   6   4   5   6   8   5   5   3   2
DST1505*24  X220   0   1  -1  -3  -7 -10 -10  -8  -9  -7  -4  -2  -2  -2  -1   0  -1  -2  -2  -3  -6  -6  -6  -5  -4  -4
DST1505*25  X220   0  -2  -2  -1   0   0   1   2   5   4   2   0   0   0   0  -2  -3  -2  -2   0  -1   0   2   4   8   1
DST1505*26  X220   0   6   4   5   9   4   2   1   6   8   8   7   5   3   1   0   1  -2  -2  -6  -2  -1   1   4   5   3
DST1505*27  X220   0   7   6   6   7   7   7   6   3   1   1  -1  -3  -1   3   0  -4  -8 -10 -12 -15 -14 -11  -9 -10  -2
DST1505*28  X220   0 -13  -9  -4   2   1   1   1   3   4   4   2  -3 -10 -11  -9  -8  -7  -8  -5  -2   3   8   8   5  -2
DST1505*29  X220   0   5   8   8   7   7   7   9   8   7   8   8   7   6   7   7   6   5   3   4   5   5   4   4   6   6
DST1505*30  X220   0   9  13  12  10   9   8   6   5   8   8   5   5   7  10   9   7   5   4   5   4   3   3   2   0   7
DST1505*31  X220   0   3   3   1  -2  -2  -1  -1  -2  -6  -4  -3  -5  -4  -2   1   8   8   5   8   9   8   9  11   8   2


DST1506*01  X220   0   3  -1   1   0  -4  -7 -10 -10  -8  -5  -8  -7  -4  -2  -1  -1   1   4   0  -7  -7  -6  -3   4  -3
DST1506*02  X220   0   7   8   7   5   3   3   2   2   3   4   4   3   4   3   3   5   5   5   6   6  10  11  11  10   5
DST1506*03  X220   0   8   6   6   4   5   7   6   6   5   5   4   5   8   8   8   7   8   9   6   5   6   6   7   8   6
DST1506*04  X220   0   8   8   8   7   7   7   8   7   8   7   7   6   8   9  10   9   7   7   9  10   9   9   9  11   8
DST1506*05  X220   0  10   8  10  10   9   9   8   8   7  10  15  16  16  17  17  16  14  13  13  13  14  16  18  21  13
DST1506*06  X220   0  22  23  23  25  25  27  26  27  24  25  26  20  12  12  12  12  10  11  12  16  18  18  16  17  19
DST1506*07  X220   0  17  18  17  14  13   9   6   0   1   7  15  15  22  27  28  26  25  27  30  29  22  14  17  22  18
DST1506*08  X220   0  21  13  12  15  16  10 -14 -60 -67 -54 -46 -37 -58 -63 -58 -57 -62 -56 -61 -52 -49 -48 -39 -37 -35
DST1506*09  X220   0 -33 -29 -29 -26 -28 -27 -27 -27 -21 -18 -18 -17 -19 -19 -27 -30 -30 -33 -37 -34 -34 -32 -28 -22 -27
DST1506*10  X220   0 -23 -19 -18 -17 -15 -15 -18 -18 -20 -20 -19 -17 -17 -19 -22 -23 -23 -20 -21 -21 -24 -23 -18 -16 -19
DST1506*11  X220   0 -16 -20 -20 -25 -24 -21 -16 -18 -21 -18 -15 -15 -15 -17 -19 -20 -22 -19 -18 -18 -18 -18 -18 -13 -19
DST1506*12  X220   0 -10 -12 -14 -16 -16 -15 -15 -12  -8  -7  -6  -8  -9   6  11  10  17  23  21  18  13   6   6   6   0
DST1506*13  X220   0   5  -3  -2  -1  -2  -4  -4  -8  -4  -6 -10 -10  -9 -10 -11 -11 -11 -12 -15 -14 -15  -9  -1   1  -7
DST1506*14  X220   0  -7  -9  -9  -8 -10 -10 -11 -14 -16 -19 -17 -15 -12 -11  -8  -6  -6 -10  -8  -9 -10 -14 -12 -10 -11
DST1506*15  X220   0 -11 -11 -13 -15 -16 -14 -14 -12 -11 -13 -14 -20 -21 -20 -19 -25 -28 -23 -17 -23 -21 -20 -15 -15 -17
DST1506*16  X220   0 -20 -20 -15 -14 -12 -15 -15 -16 -21 -23 -20 -17 -16 -17 -17 -19 -22 -22 -17  -9  -7  -7  -6  -8 -16
DST1506*17  X220   0  -8  -6 -11 -15 -22 -23 -26 -28 -31 -32 -27 -30 -32 -32 -32 -37 -36 -30 -28 -25 -25 -26 -28 -26 -26
DST1506*18  X220   0 -24 -21 -16 -13 -11 -15 -15 -13 -13 -12 -12 -12 -14 -18 -23 -25 -25 -22 -18 -16 -16 -17 -14 -11 -17
DST1506*19  X220   0 -12 -17 -19 -17 -15 -16 -18 -14 -10 -10 -11 -12 -11 -11 -12 -13 -12  -9  -7  -4  -5  -5  -7  -9 -12
DST1506*20  X220   0  -8  -7  -7  -5  -2  -2   0   1  -2  -3  -4  -2  -2   0   0  -3  -6  -7  -6  -2   1   3   3   6  -2
DST1506*21  X220   0   7   4   4   7   7   6   5   4   6   7   7   7   9   9   8   7  14  40  42  39  30  29  21  18  14
DST1506*22  X220   0  13  13  14  14  14  18  20  12  13   5   3   9   6   1 -12 -28 -46 -35  -2 -47-114-100 -91 -96 -17
DST1506*23  X220   0 -95-126-141-174-198-179-171-153-153-153-149-137-131-122-106-108-105-104 -91 -82 -91 -94 -96 -88-127
DST1506*24  X220   0 -86 -80 -78 -80 -77 -77 -79 -78 -71 -71 -68 -71 -72 -63 -50 -51 -49 -50 -47 -40 -45 -50 -53 -54 -64
DST1506*25  X220   0 -50 -41 -31 -27 -28 -26 -29 -41 -35 -40 -47 -47 -43 -59 -78 -80 -81 -78 -76 -80 -77 -71 -66 -64 -54
DST1506*26  X220   0 -58 -60 -57 -50 -53 -54 -50 -45 -40 -44 -44 -44 -45 -46 -49 -50 -50 -51 -50 -49 -48 -44 -40 -34 -48
DST1506*27  X220   0 -38 -39 -35 -27 -30 -32 -32 -32 -33 -31 -31 -37 -36 -37 -34 -33 -32 -30 -31 -32 -28 -27 -27 -33 -32
DST1506*28  X220   0 -39 -39 -32 -31 -32 -41 -46 -46 -37 -37 -41 -41 -41 -39 -39 -43 -38 -36 -34 -40 -36 -37 -34 -33 -38
DST1506*29  X220   0 -29 -27 -24 -22 -21 -21 -24 -21 -21 -20 -15 -13 -17 -22 -26 -26 -26 -27 -26 -27 -26 -26 -26 -23 -23
DST1506*30  X220   0 -18 -15 -19 -21 -19 -15 -16 -15 -12 -10 -10 -10 -12 -10  -9 -11 -12 -12  -9  -8  -5  -3  -7 -11 -12


DST1507*01  X220   0 -12 -12  -9  -6  -8 -10 -13 -13 -13 -10 -11 -15 -17 -18 -17 -18 -18 -19 -19 -17 -16 -20 -23 -22 -15
DST1507*02  X220   0 -19 -18 -15 -16 -15 -14 -13 -15 -15 -12 -13 -12 -13 -12 -13 -16 -16 -15 -14 -15 -17 -15 -14 -12 -15
DST1507*03  X220   0 -11 -13 -12  -8  -4  -4  -4  -4  -5  -6  -6  -3  -3  -3  -4  -6  -8  -9  -7  -3   1   0  -3  -3  -5
DST1507*04  X220   0  -1  -1   1   4   2   1   4   6   8   8   8   9   4   8  15  26  28  15   1 -13 -12 -54 -64 -56  -2
DST1507*05  X220   0 -50 -55 -64 -58 -71 -74 -64 -60 -59 -57 -53 -52 -48 -50 -56 -56 -54 -51 -47 -41 -41 -41 -38 -37 -53
DST1507*06  X220   0 -37 -41 -54 -54 -45 -42 -41 -43 -42 -41 -40 -36 -35 -37 -36 -35 -36 -40 -40 -41 -39 -37 -35 -32 -40
DST1507*07  X220   0 -31 -32 -28 -25 -27 -28 -27 -23 -20 -24 -23 -24 -25 -27 -30 -32 -30 -27 -24 -25 -25 -27 -28 -27 -27
DST1507*08  X220   0 -27 -26 -27 -26 -25 -24 -21 -18 -13 -13 -14 -19 -21 -20 -22 -24 -27 -29 -23 -20 -15 -13 -11 -10 -20
DST1507*09  X220   0 -11 -16 -20 -22 -25 -26 -18 -10  -9 -11 -10 -11 -10 -10 -11 -14 -12  -9 -10 -11 -10 -11  -9 -10 -13
DST1507*10  X220   0 -15 -18 -19 -18 -17 -15 -13 -12 -11  -7  -6  -6  -8  -8  -9  -9  -3   1   3   7  12  14  22  19  -5
DST1507*11  X220   0   1  -3  -7 -22 -13 -14 -22 -24 -26 -26 -23 -30 -30 -33 -32 -35 -33 -29 -29 -29 -28 -24 -27 -25 -23
DST1507*12  X220   0 -22 -26 -25 -26 -28 -28 -24 -23 -20 -21 -24 -23 -23 -25 -26 -25 -24 -22 -21 -25 -32 -28 -24 -20 -24
DST1507*13  X220   0 -21 -16 -15 -22 -35 -43 -44 -48 -53 -57 -62 -65 -57 -63 -65 -68 -66 -58 -59 -54 -51 -59 -59 -54 -50
DST1507*14  X220   0 -49 -43 -42 -42 -43 -39 -36 -31 -28 -25 -23 -22 -24 -27 -31 -33 -28 -23 -17 -20 -20 -19 -20 -21 -29
DST1507*15  X220   0 -19 -18 -16 -15 -17 -20 -19 -15 -13 -12 -11  -8  -7 -11 -16 -18 -20 -22 -22 -23 -22 -22 -19 -22 -17
DST1507*16  X220   0 -22 -23 -21 -22 -20 -23 -23 -20 -21 -19 -20 -21 -20 -21 -25 -30 -31 -28 -25 -24 -26 -27 -28 -26 -24
DST1507*17  X220   0 -21 -17 -18 -22 -24 -25 -24 -20 -17 -17 -17 -19 -21 -21 -20 -18 -16 -15 -18 -19 -18 -18 -18 -20 -19
DST1507*18  X220   0 -21 -18 -17 -17 -17 -15 -13 -11  -8  -6  -8 -11 -12 -12 -11 -11  -9  -8  -8 -13 -15 -15 -15 -15 -13
DST1507*19  X220   0 -13  -8  -7  -8 -11 -12 -11  -9  -7  -7  -5  -3  -3  -4  -4  -4  -4  -3  -3  -2   0   0   1   2  -5
DST1507*20  X220   0   0  -3  -1   0   1   0   0  -3  -4  -3  -2  -2  -2  -1   2   9  10   9   9  10  12  12  12  15   3
DST1507*21  X220   0  19  23  10   5   5   7  10   6   5  -5  -5  -3  -2  -5  -6  -5  -3  -3  -5  -4  -1  -4  -2  -8   1
DST1507*22  X220   0 -14 -13 -10  -7  -5  -3  -2   0   0   0  -1   0   0   2   3  -4   1   0  -6  -6  -5  -5  -3  -8  -4
DST1507*23  X220   0 -16 -10  -3  -6 -16 -36 -58 -71 -72 -65 -59 -55 -56 -62 -62 -57 -53 -50 -51 -59 -58 -54 -49 -50 -47
DST1507*24  X220   0 -49 -44 -37 -35 -34 -34 -30 -30 -27 -26 -26 -26 -27 -26 -29 -33 -34 -35 -33 -33 -34 -33 -32 -30 -32
DST1507*25  X220   0 -29 -31 -37 -36 -33 -27 -23 -22 -26 -30 -26 -22 -23 -23 -25 -27 -26 -27 -28 -30 -31 -35 -39 -41 -29
DST1507*26  X220   0 -42 -38 -37 -37 -36 -31 -27 -23 -22 -23 -24 -24 -22 -24 -28 -29 -29 -24 -16 -14 -11 -11 -14 -13 -25
DST1507*27  X220   0 -13 -15 -18 -20 -14 -12 -15 -18 -22 -25 -23 -19 -20 -18 -18 -21 -21 -23 -23 -25 -23 -22 -21 -17 -19
DST1507*28  X220   0 -14 -16 -16 -17 -23 -19 -16 -15 -22 -28 -28 -26 -24 -23 -24 -25 -23 -24 -24 -22 -23 -23 -23 -20 -22
DST1507*29  X220   0 -18 -17 -16 -17 -14 -11 -12 -12 -11  -9  -7  -6  -1  -1  -4  -6  -5  -5 -10 -15 -14 -13 -14 -14 -11
DST1507*30  X220   0 -10  -8  -7  -9 -13 -12  -4  -2  -2  -3   0   3   3   1   0   5  14  11  -4 -17 -30 -26 -23 -17  -6
DST1507*31  X220   0 -21 -24 -31 -35 -30 -22 -18 -18 -20 -21 -16  -7  -8  -8  -4  -7  -8 -22 -20 -16 -19 -26 -33 -35 -20


DST1508*01  X220   0 -27 -20 -17 -17 -16 -13 -12 -10 -13 -14 -14  -8  -3  -2  -3  -5 -11 -16 -18 -13 -11 -12 -11 -12 -12
DST1508*02  X220   0 -19 -21 -27 -24 -19 -17 -18 -17 -19 -17 -12  -9  -9 -15 -19 -22 -18 -12  -6  -8 -10 -13 -18 -17 -16
DST1508*03  X220   0 -15 -14 -12  -9  -7  -9  -8 -10 -10  -8  -7  -4  -6 -11 -15 -16 -17 -12  -9  -7  -7  -9 -13 -11 -10
DST1508*04  X220   0 -10 -13 -11 -11  -8  -8  -8 -10  -8  -6  -2   1   3   3  -2  -7  -8  -4  -4  -5  -7 -12 -13  -9  -7
DST1508*05  X220   0 -10 -10 -10 -11 -10 -12  -9  -7  -7  -6  -4   1   2   4   3  -1  -1   2   0  -4  -6 -10 -11 -10  -5
DST1508*06  X220   0  -8  -8  -5  -1   1   1   1   2  -4 -14 -22 -19 -14 -13  -9 -10 -12 -12 -13 -14 -10 -13 -13 -15  -9
DST1508*07  X220   0 -19 -21 -23 -20 -19 -19 -10 -19 -20 -24 -23 -24 -27 -24 -23 -26 -22  -7  -8  -9 -13 -18 -20 -22 -19
DST1508*08  X220   0 -24 -20 -15 -13 -11 -11 -17 -18 -22 -27 -30 -37 -34 -32 -25 -22 -22 -23 -22 -23 -30 -34 -27 -20 -23
DST1508*09  X220   0 -18 -19 -18 -18 -20 -26 -17 -19 -25 -27 -22 -17 -12  -5  -7 -11 -12 -17 -20 -22 -20 -21 -16 -14 -18
DST1508*10  X220   0 -15 -15 -14 -16 -20 -19 -17 -20 -27 -29 -26 -21 -17 -16 -16 -14 -12 -11 -18 -27 -27 -20 -16 -15 -19
DST1508*11  X220   0 -11 -16 -21 -19 -19 -18 -18 -20 -22 -24 -24 -18 -16 -15 -16 -16 -13 -14 -17 -16 -16 -16 -12  -9 -17
DST1508*12  X220   0  -7  -8  -8 -10 -10 -17 -16 -17 -17 -13 -11 -10  -9 -10 -14 -19 -15 -14 -18 -29 -29 -24 -24 -29 -16
DST1508*13  X220   0 -35 -38 -38 -33 -32 -29 -25 -28 -31 -32 -29 -29 -29 -28 -27 -25 -26 -30 -34 -37 -38 -35 -30 -23 -31
DST1508*14  X220   0 -16 -11 -11 -12 -14 -14 -14 -16 -17 -17 -14 -12 -11 -10 -11 -11 -11 -13 -12  -8  -6  -6  -5  -7 -12
DST1508*15  X220   0  -6 -10 -14  -8  -8  -8 -10  -8   8  13   2 -36 -70 -57 -65 -61 -62 -63 -67 -71 -66 -58 -56 -59 -35
DST1508*16  X220   0 -69 -72 -71 -71 -71 -78 -90 -98 -93 -81 -64 -53 -46 -42 -44 -45 -42 -40 -38 -43 -51 -54 -50 -47 -61
DST1508*17  X220   0 -43 -40 -42 -40 -44 -49 -47 -52 -51 -51 -50 -51 -47 -43 -45 -47 -50 -49 -46 -40 -46 -44 -38 -33 -45
DST1508*18  X220   0 -27 -26 -36 -38 -38 -33 -35 -34 -32 -34 -33 -29 -29 -30 -29 -30 -27 -27 -27 -26 -24 -25 -26 -25 -30
DST1508*19  X220   0 -35 -44 -44 -47 -53 -60 -64 -62 -61 -54 -47 -39 -35 -33 -32 -23 -25 -24 -28 -29 -31 -32 -32 -27 -40
DST1508*20  X220   0 -27 -27 -24 -22 -23 -26 -24 -23 -26 -29 -25 -19 -20 -20 -16 -17 -17 -23 -26 -25 -25 -24 -25 -21 -23
DST1508*21  X220   0 -15 -15 -18 -22 -24 -24 -22 -18 -16 -14 -11 -15 -16 -13 -18 -16 -12 -12 -15 -16 -13 -13 -10 -11 -16
DST1508*22  X220   0 -13 -12 -12 -15 -18 -15 -12 -14 -16 -23 -24 -21 -29 -31 -34 -34 -29 -26 -26 -23 -18 -15  -8  -6 -20
DST1508*23  X220   0  -6 -10  -3  -4  -6  -4  -6 -26 -57 -57 -48 -43 -36 -37 -40 -43 -41 -41 -41 -38 -36 -34 -31 -26 -30
DST1508*24  X220   0 -26 -26 -24 -23 -24 -28 -28 -33 -37 -32 -30 -28 -27 -26 -22 -20 -17 -16 -17 -21 -24 -22 -18 -16 -24
DST1508*25  X220   0 -12 -12 -12 -18 -22 -26 -27 -27 -27 -24 -22 -21 -20 -20 -22 -22 -19 -21 -27 -31 -30 -22 -14 -15 -21
DST1508*26  X220   0 -19 -20 -22 -23 -24 -19 -21 -33 -41 -51 -41 -35 -39 -37 -47 -53 -59 -65 -67 -75 -78 -79 -70 -56 -45
DST1508*27  X220   0 -52 -59 -73 -72 -81 -92 -84 -85 -82 -72 -72 -70 -72 -72 -66 -63 -70 -81 -90-101-103-100 -95 -81 -79
DST1508*28  X220   0 -62 -53 -52 -65 -78 -87 -91 -94-100-102 -99 -86 -76 -69 -68 -80 -80 -84 -88 -83 -73 -61 -51 -45 -76
DST1508*29  X220   0 -42 -46 -40 -42 -42 -38 -39 -40 -42 -38 -37 -34 -30 -28 -29 -29 -31 -29 -32 -29 -26 -24 -23 -24 -34
DST1508*30  X220   0 -26 -26 -24 -22 -21 -22 -23 -25 -25 -23 -22 -23 -24 -25 -23 -20 -20 -19 -17 -14 -13 -15 -15 -17 -21
DST1508*31  X220   0 -20 -19 -19 -19 -19 -20 -17 -15 -16 -15 -15 -15 -18 -20 -21 -19 -18 -18 -15 -14 -10 -10 -12 -11 -16


DST1509*01  X220   0  -6  -3  -3  -5  -8  -8  -9 -12 -12 -10  -9 -11 -10 -12 -12 -10  -7  -3  -1   0  -3  -8  -4  -1  -7
DST1509*02  X220   0   3   3  -2  -5  -6  -6  -7  -8 -10  -9  -8  -6  -9  -8  -9  -6   1   5  -8  -8  -9 -10 -12 -14  -6
DST1509*03  X220   0 -11  -8 -12 -16 -18 -18 -19 -18 -19 -16 -14 -10  -7  -5  -1  -1  -1   1   0  -2  -3   1  -3 -13  -9
DST1509*04  X220   0 -30 -40 -41 -45 -44 -44 -50 -42 -35 -32 -23 -23 -22 -26 -30 -28 -31 -31 -33 -33 -28 -23 -21 -21 -32
DST1509*05  X220   0 -19 -15 -14 -16 -21 -22 -24 -26 -23 -22 -18 -14 -17 -23 -26 -25 -27 -29 -25 -18 -15 -18 -17 -15 -20
DST1509*06  X220   0  -7  -6  -4  -5 -13 -22 -27 -27 -22 -21 -22 -24 -23 -33 -30 -22 -19 -17 -23 -27 -26 -19 -14 -10 -19
DST1509*07  X220   0  -8  -7 -10 -11 -13 -19 -23 -32 -33 -33 -27 -26 -25 -21 -28 -42 -51 -51 -56 -65 -75 -72 -72 -67 -36
DST1509*08  X220   0 -61 -72 -73 -61 -47 -37 -35 -33 -33 -25 -19 -18  -9  -8 -15 -14 -12 -13 -14 -11  -7  -9 -15 -15 -27
DST1509*09  X220   0 -16 -26 -42 -57 -69 -85 -88 -87 -99-101 -96-101-105 -97 -92 -94 -93 -84 -89 -91 -90 -90 -77 -62 -80
DST1509*10  X220   0 -53 -45 -44 -46 -47 -45 -41 -38 -39 -42 -38 -36 -32 -28 -31 -29 -23 -39 -39 -48 -24 -12  -8 -18 -35
DST1509*11  X220   0 -15 -14 -11 -15 -22 -35 -28 -19 -50 -62 -62 -56 -62 -82 -87 -85 -77 -70 -59 -53 -46 -45 -46 -51 -48
DST1509*12  X220   0 -43 -37 -34 -41 -44 -42 -38 -40 -37 -36 -39 -42 -40 -39 -37 -35 -35 -36 -35 -31 -30 -27 -26 -25 -36
DST1509*13  X220   0 -22 -21 -20 -22 -21 -20 -18 -20 -26 -34 -35 -35 -36 -39 -36 -39 -42 -44 -41 -37 -30 -34 -33 -29 -31
DST1509*14  X220   0 -26 -25 -24 -22 -22 -28 -27 -23 -20 -15 -22 -27 -29 -29 -29 -38 -47 -45 -38 -36 -29 -31 -35 -34 -29
DST1509*15  X220   0 -31 -31 -32 -31 -23 -23 -22 -22 -24 -20 -19 -23 -29 -35 -34 -33 -36 -36 -33 -29 -27 -32 -31 -31 -29
DST1509*16  X220   0 -23 -17 -15 -17 -20 -17 -18 -19 -14 -12 -15 -18 -22 -26 -28 -24 -21 -24 -24 -19 -14 -23 -23 -24 -20
DST1509*17  X220   0 -23 -18 -17 -23 -24 -26 -31 -28 -22 -20 -23 -25 -26 -30 -31 -28 -27 -25 -22 -18 -15 -15 -14 -13 -23
DST1509*18  X220   0 -16 -12 -10 -13 -15 -15 -19 -21 -23 -28 -29 -31 -37 -38 -35 -38 -33 -30 -30 -25 -19 -19 -21 -26 -24
DST1509*19  X220   0 -21 -24 -26 -26 -17 -11 -12 -25 -32 -25 -23 -19 -20 -24 -24 -23 -21 -18 -18 -13 -11 -11 -15 -12 -20
DST1509*20  X220   0  -5  -8  -4 -13 -23 -22 -12 -40 -60 -66 -75 -79 -74 -66 -66 -81 -73 -64 -62 -55 -48 -46 -42 -44 -47
DST1509*21  X220   0 -42 -32 -30 -32 -32 -35 -31 -26 -23 -24 -17 -21 -19 -17 -25 -28 -30 -26 -25 -23 -18 -16 -18 -12 -25
DST1509*22  X220   0  -7  -7  -7  -6  -6 -10 -13 -24 -20 -18 -17 -13 -12 -15 -20 -18 -17 -18 -21 -25 -24 -19 -18 -17 -16
DST1509*23  X220   0 -15 -13  -8  -1  -3  -2   0   2  -7 -18 -23 -27 -27 -24 -22 -27 -24 -42 -40 -32 -23 -19 -22 -20 -18
DST1509*24  X220   0 -13 -11 -16 -14 -17 -22 -24 -20 -19 -21 -22 -20 -19 -20 -19 -14 -14 -17 -24 -26 -22 -18 -17 -13 -18
DST1509*25  X220   0 -10 -11  -8  -2  -3  -2  -2  -3  -2  -4 -11 -16 -20 -17 -16 -14 -13 -12 -15 -12 -12 -12 -10  -9 -10
DST1509*26  X220   0  -9  -9  -3  -3  -5  -7  -8  -7  -7  -8  -9  -8  -5  -3  -5  -7  -8 -10 -10 -10 -12  -8  -7  -5  -7
DST1509*27  X220   0  -7  -7  -6  -2  -3  -5  -3   1   1   1   0  -3  -5  -7  -7  -7  -6  -6  -6  -5  -7  -8 -10 -10  -5
DST1509*28  X220   0 -13 -14 -11  -5   0   2   2   4   7   5   0  -1  -1   0  -3  -2  -1  -4  -7  -8 -10 -11 -15 -16  -4
DST1509*29  X220   0 -17 -18 -19 -20 -20 -19 -16 -12 -12 -10  -9  -9  -7  -7  -7  -7  -5  -7  -7  -7  -8  -9  -9 -10 -11
DST1509*30  X220   0 -10  -6  -2   1   3   5   6   6   8   9  10  10  11  12  11   9   9   7   5   3   2   0  -2  -1   4


DST1510*01  X220   0  -1   1   3   7   8   8   7   6   8   9   9   6   1  -6 -14 -20 -17 -19 -35 -42 -48 -43 -33 -28 -10
DST1510*02  X220   0 -27 -27 -24 -25 -33 -35 -29 -30 -32 -31 -32 -32 -31 -37 -40 -40 -35 -34 -33 -31 -29 -29 -29 -29 -31
DST1510*03  X220   0 -31 -31 -30 -25 -23 -28 -35 -40 -39 -40 -36 -27 -21 -21 -27 -33 -33 -30 -28 -30 -30 -25 -23 -24 -30
DST1510*04  X220   0 -24 -33 -40 -45 -48 -54 -53 -57 -60 -63 -57 -47 -42 -42 -47 -46 -41 -38 -40 -36 -36 -31 -42 -49 -45
DST1510*05  X220   0 -48 -36 -28 -29 -30 -31 -46 -42 -37 -40 -34 -37 -36 -39 -38 -36 -35 -36 -39 -38 -35 -33 -34 -35 -36
DST1510*06  X220   0 -33 -34 -36 -31 -29 -32 -33 -24 -16 -17 -21 -24 -28 -32 -35 -34 -34 -43 -49 -52 -51 -47 -44 -35 -34
DST1510*07  X220   0 -27 -22 -17 -19 -36 -54 -65 -81 -93-101 -93 -65 -52 -47 -69 -83 -87 -84-102-116-120-126-130-114 -75
DST1510*08  X220   0 -97 -88 -81 -75 -76 -80 -67 -63 -59 -60 -59 -56 -61 -63 -65 -65 -66 -68 -61 -57 -53 -56 -57 -55 -66
DST1510*09  X220   0 -49 -51 -56 -49 -49 -47 -45 -39 -34 -35 -44 -51 -40 -45 -51 -53 -49 -47 -52 -54 -55 -57 -55 -54 -48
DST1510*10  X220   0 -50 -46 -47 -48 -44 -45 -43 -47 -38 -34 -34 -35 -36 -35 -36 -40 -42 -43 -43 -45 -46 -49 -52 -56 -43
DST1510*11  X220   0 -55 -50 -48 -49 -48 -42 -39 -32 -27 -26 -27 -30 -32 -33 -31 -30 -26 -24 -30 -35 -41 -39 -33 -27 -36
DST1510*12  X220   0 -24 -23 -22 -21 -18 -20 -20 -24 -22 -22 -28 -30 -34 -32 -27 -27 -33 -40 -52 -48 -42 -46 -49 -44 -31
DST1510*13  X220   0 -41 -37 -33 -32 -33 -35 -41 -39 -30 -32 -31 -28 -25 -26 -28 -31 -37 -41 -36 -30 -34 -44 -44 -51 -35
DST1510*14  X220   0 -50 -46 -42 -44 -48 -53 -53 -41 -41 -39 -37 -49 -43 -40 -40 -39 -38 -36 -41 -37 -37 -36 -34 -31 -41
DST1510*15  X220   0 -27 -26 -23 -22 -21 -22 -24 -25 -29 -32 -33 -27 -25 -23 -22 -22 -21 -25 -27 -30 -29 -27 -27 -26 -26
DST1510*16  X220   0 -27 -30 -32 -29 -31 -35 -33 -25 -17 -15 -18 -19 -19 -20 -19 -17 -17 -18 -18 -17 -18 -20 -20 -16 -22
DST1510*17  X220   0 -15 -20 -22 -18 -18 -19 -19 -14 -12 -13 -18 -13  -8 -14 -20 -25 -26 -20 -17 -14  -8  -6  -8  -4 -15
DST1510*18  X220   0  -9 -12 -14  -4  -2  -8 -11 -13 -32 -56 -49 -42 -43 -48 -48 -51 -50 -48 -46 -43 -42 -40 -37 -36 -33
DST1510*19  X220   0 -35 -33 -33 -29 -27 -29 -27 -24 -20 -18 -18 -18 -19 -19 -19 -20 -19 -17 -16 -15 -15 -16 -17 -16 -22
DST1510*20  X220   0 -18 -20 -20 -17 -15 -16 -15 -14 -12  -9  -6  -8 -12 -15 -18 -19 -17 -17 -22 -21 -22 -19 -14 -11 -16
DST1510*21  X220   0  -8  -9  -8  -7  -3   3  -1  -3   1   9  13  -8  -4 -13 -10 -11 -13 -16 -21 -25 -25 -22 -20 -21  -9
DST1510*22  X220   0 -23 -23 -20 -14  -9  -8  -8 -10 -11  -9  -8  -9  -8  -7 -12 -17 -18 -16 -18 -16 -20 -19 -13 -16 -14
DST1510*23  X220   0 -17 -10 -10  -8  -5  -6  -7  -3  -3  -3  -5  -4  -3  -8 -11 -14 -13 -14 -13 -11 -11 -10 -11 -10  -9
DST1510*24  X220   0 -15 -18 -20 -15 -13 -13 -16  -7  -5  -5  -5  -3  -1  -2  -4  -3  -2  -2  -5  11   8   9   7   5  -5
DST1510*25  X220   0   7   2   1   3   4   2   2   0  -4  -4  -5  -5  -3  -4  -7  -3   1  -1  -2  -3  -3  -6 -10 -11  -2
DST1510*26  X220   0 -12  -8  -6  -4  -2  -3  -4   0   1  -3  -5  -7  -9  -9  -9 -10 -11 -15 -16 -16 -14 -13 -11 -10  -8
DST1510*27  X220   0 -10 -12 -13 -11 -11 -10 -10  -9  -8  -9 -11 -12 -13 -11  -9  -8  -7  -7  -5  -8  -9  -9 -11 -11 -10
DST1510*28  X220   0  -9  -8  -9  -6  -7  -9  -8  -6  -7  -9  -9  -6  -2   1   1   1   0  -2  -1   3   4   2   3   3  -3
DST1510*29  X220   0   2   4   5   8   8  10  11  11   5  -1  -5  -7  -7  -2   1   2   2   2  -1  -4  -7  -9  -7 -13   0
DST1510*30  X220   0 -15 -14 -11  -9  -6  -5  -2   2   4   1   0  -5 -10 -12 -12 -19 -25 -24 -21 -15 -13 -14 -16 -20 -11
DST1510*31  X220   0 -11  -7 -10  -8  -7 -11  -9  -5  -2  -2  -1  -5  -4  -8 -11 -12 -15 -16 -13 -12 -12 -10 -10  -9  -9


DST1511*01  X220   0 -17 -16 -14 -12 -12 -16 -24 -31 -26 -24 -32 -40 -37 -30 -31 -32 -33 -31 -29 -23 -19 -16 -15 -10 -24
DST1511*02  X220   0  -8  -7   0   1  -1  -5  -5  -2  -2  -3  -3  -5   0   0 -10 -14 -13 -11 -10 -10  -9  -6  -3   7  -5
DST1511*03  X220   0  11  23  29  22  25  13  24  36 -18 -37 -35 -39 -51 -43 -39 -38 -35 -34 -37 -50 -47 -40 -41 -41 -18
DST1511*04  X220   0 -45 -46 -43 -34 -14 -27 -37 -39 -35 -38 -41 -51 -56 -52 -43 -40 -34 -27 -27 -21 -26 -32 -29 -26 -36
DST1511*05  X220   0 -26 -28 -24 -21 -24 -28 -27 -31 -33 -34 -34 -33 -32 -30 -31 -31 -32 -33 -36 -36 -34 -35 -37 -35 -31
DST1511*06  X220   0 -32 -27 -25 -24 -26 -28 -27 -24 -27 -25 -24 -23 -21 -19 -17 -14 -13 -16  -2   0 -10 -15 -19 -19 -20
DST1511*07  X220   0 -31 -29 -27 -43 -66 -84 -87 -82 -71 -80 -70 -62 -76 -75 -68 -69 -69 -65 -62 -54 -50 -45 -42 -38 -60
DST1511*08  X220   0 -33 -30 -24 -23 -29 -27 -24 -24 -24 -27 -29 -28 -38 -41 -43 -44 -45 -42 -43 -49 -48 -47 -49 -50 -36
DST1511*09  X220   0 -47 -46 -45 -49 -49 -46 -46 -44 -42 -48 -47 -42 -45 -49 -51 -54 -55 -50 -42 -40 -32 -32 -36 -28 -44
DST1511*10  X220   0 -25 -27 -30 -34 -42 -39 -37 -48 -54 -49 -40 -40 -54 -56 -53 -47 -48 -48 -44 -44 -35 -34 -32 -32 -41
DST1511*11  X220   0 -31 -25 -22 -21 -25 -31 -33 -33 -30 -30 -27 -29 -26 -29 -27 -29 -30 -34 -36 -36 -34 -31 -31 -32 -30
DST1511*12  X220   0 -28 -26 -23 -24 -23 -20 -20 -25 -27 -32 -33 -35 -34 -32 -30 -29 -27 -24 -24 -23 -24 -22 -21 -23 -26
DST1511*13  X220   0 -24 -23 -18 -17 -14 -13 -12 -13 -14 -13 -11  -8  -7  -5 -18 -31 -25 -24 -23 -23 -20 -18 -24 -28 -18
DST1511*14  X220   0 -24 -24 -22 -25 -28 -27 -27 -30 -27 -27 -28 -24 -26 -23 -25 -23 -19 -17 -17 -13 -14  -7  -6 -11 -21
DST1511*15  X220   0 -11  -9  -7  -8 -12 -12 -10 -12 -15 -15 -13 -10 -10  -8  -8  -4  -3  -6  -4  -4  -4  -8 -16 -19 -10
DST1511*16  X220   0 -22 -24 -26 -26 -29 -26 -28 -23 -24 -22 -26 -26 -30 -33 -37 -38 -37 -34 -32 -27 -24 -24 -23 -22 -28
DST1511*17  X220   0 -20 -14 -13 -14 -17 -16 -15 -14 -15 -14 -12 -10 -12 -14 -15 -16 -17 -18 -15  -8  -5  -2  -4  -7 -13
DST1511*18  X220   0  -8  -6  -4  -8  -4   1   3   0  -8 -21 -25 -29 -26 -22 -24 -27 -27 -22 -17 -15  -3  -9 -22 -34 -15
DST1511*19  X220   0 -22 -18 -24 -25 -25 -25 -22 -20 -22 -25 -26 -32 -35 -27 -22 -18 -17 -14 -13 -11  -9  -5  -6  -9 -20
DST1511*20  X220   0  -6  -3  -3  -4  -9  -6  -6   7   0 -10 -11  -9  -8  -8  -5  -5  -5  -4   1   6  10  12  10   8  -2
DST1511*21  X220   0   1  -6 -13 -13 -11  -9  -7  -7  -7  -6  -5  -7  -8  -7  -4  -1  -2  -3  -5  -4  -3  -1   0  -1  -5
DST1511*22  X220   0  -2  -2  -4  -6  -7  -5  -6  -6  -4  -3  -3  -5  -6 -10 -11  -7  -6  -3   0   0   1   4   4   2  -4
DST1511*23  X220   0   3   3   2   2   0  -2  -4  -5  -5  -2  -1  -2  -4  -4  -2  -1  -1   0  -1  -1   2   4   4   5   0
DST1511*24  X220   0   5   4   3   2   2   3   2   1   0   0  -2  -3  -2  -2  -1   2   3   4   6   7   7   7   6   4   2
DST1511*25  X220   0   5   5   6   6   6   7   7   7   6   5   5   7   9  11  12  12  11  12  13  13  12  15  14  13   9
DST1511*26  X220   0  14  13  11  12  13  14  14  13  12  10   9   9   6   6  11  10   7   3  -1  -5  -5  -6  -7  -7   7
DST1511*27  X220   0  -9 -10 -10  -9 -10  -9  -6  -3  -6  -7  -4  -2  -7  -8  -5   0  -4  -5  -3   1   1   2   2   2  -5
DST1511*28  X220   0   3   8  11  12  13  13  11  13  13  11  11   5  -7 -11  -5   0   7   8  11  10   3  -9 -11 -12   5
DST1511*29  X220   0  -9  -7  -9  -8  -3   5   7   6   6  -3 -10  -6  -3  -1  -1  -2  -3  -2   3   6  -1  -8 -15 -14  -3
DST1511*30  X220   0 -11 -12 -10  -6  -3   1   9   2 -15 -24 -31 -42 -39 -37 -32 -27 -26 -22 -17 -17 -19 -17 -13 -12 -18


DST1512*01  X220   0 -17 -15 -16 -15 -17 -15 -12 -11  -4  -2  -7 -21 -32 -31 -25 -24 -25 -23 -22 -26 -34 -33 -27 -26 -20
DST1512*02  X220   0 -28 -29 -26 -26 -25 -23 -22 -23 -21 -20 -24 -29 -29 -26 -21 -18 -18 -17 -16 -17 -21 -20 -18 -17 -22
DST1512*03  X220   0 -18 -21 -19 -19 -17 -15 -13 -11 -12 -11 -11 -12 -11 -12 -13 -12 -11 -10  -8  -6  -4  -7  -9 -10 -12
DST1512*04  X220   0  -8  -9  -8 -10 -13 -11  -9  -9  -9 -10 -10  -9 -10  -8  -7  -6  -8  -7  -4  -4  -5  -5  -7  -8  -8
DST1512*05  X220   0 -10 -12 -11  -8  -5  -4   2   4  -5 -14 -11  -7  -7  -9 -11 -14 -18 -21 -15 -14 -19 -21 -18 -15 -11
DST1512*06  X220   0 -13 -11 -13 -15 -20 -22 -22 -24 -27 -26 -22 -27 -31 -39 -29 -25 -23 -20 -21 -22 -27 -25 -20 -23 -23
DST1512*07  X220   0 -21 -20 -20 -19 -20 -20 -15 -13 -16 -17 -24 -25 -21 -16 -20 -19 -18 -19 -18 -20 -18 -17 -14 -14 -19
DST1512*08  X220   0 -18 -21 -20 -20 -21 -24 -25 -22 -20 -20 -21 -26 -24 -21 -19 -17 -12 -11 -12 -13 -11 -10 -10  -8 -18
DST1512*09  X220   0  -9  -8 -12 -14 -14 -12  -9  -6  -4  -2  -5  -6  -8  -7 -11 -14 -14  -9  -6 -10 -12  -8  -4   0  -9
DST1512*10  X220   0  -3 -10 -10 -10 -17 -13 -14 -19 -19 -24 -21 -17 -19 -22 -19 -14 -16 -10 -13 -15  -9  -7  -7  -9 -14
DST1512*11  X220   0  -8  -7  -7 -11 -14 -18 -20 -23 -18 -21 -20 -20 -16 -11 -16 -15 -10 -13 -14 -14 -15 -16 -18 -13 -15
DST1512*12  X220   0 -11 -15 -21 -23 -21 -20 -19 -18 -15 -16 -18 -18 -16 -14 -13 -16 -14 -15 -13 -14 -12 -10  -9  -9 -15
DST1512*13  X220   0 -10 -12 -12 -11 -12  -9 -12 -16 -16 -12 -12 -10 -12 -10  -6  -7  -4  -2  -2  -4  -6  -5  -6  -7  -9
DST1512*14  X220   0  -8 -12 -13 -12  -9  -8  -8  -9 -11 -10 -13 -11  -6   1   7  18   3 -29 -41 -55 -44 -47 -54 -45 -17
DST1512*15  X220   0 -39 -47 -45 -47 -41 -40 -39 -40 -40 -40 -37 -39 -34 -31 -28 -26 -27 -25 -20 -19 -25 -26 -21 -21 -33
DST1512*16  X220   0 -21 -35 -37 -32 -25 -24 -25 -25 -24 -24 -27 -26 -25 -20 -19 -19 -17 -16 -17 -17 -17 -17 -10 -10 -22
DST1512*17  X220   0 -11 -13 -14 -10  -6  -2   1  -2  -3  -5 -10 -14 -16 -17 -19 -21 -21 -20 -19 -24 -27 -25 -17 -19 -14
DST1512*18  X220   0 -20 -22 -20 -16 -16 -16 -15 -13 -14 -13 -12 -12 -12 -12 -12 -11  -8  -8 -11 -14 -13 -16 -17 -15 -14
DST1512*19  X220   0 -11 -14 -18 -18 -16 -15 -16 -16 -11 -12 -12  -8  -6  -4  -7  -9   7  11  29  25  21  30  33  31   0
DST1512*20  X220   0  21  10  -1  10  -3 -26 -38 -57 -72 -82 -80 -74 -57 -68 -82 -94 -94-117-128-121-130-144-166-161 -73
DST1512*21  X220   0-148-159-153-141-138-126-120-126-130-127-118-101 -97 -86 -82 -81 -76 -68 -63 -64 -64 -50 -42 -35-100
DST1512*22  X220   0 -36 -43 -47 -44 -43 -46 -46 -47 -46 -42 -39 -42 -49 -46 -43 -39 -36 -35 -35 -42 -44 -42 -41 -38 -42
DST1512*23  X220   0 -37 -39 -36 -31 -32 -30 -31 -31 -27 -27 -25 -23 -17 -18 -28 -31 -26 -26 -28 -30 -33 -28 -24 -18 -28
DST1512*24  X220   0 -19 -22 -21 -22 -24 -26 -24 -23 -22 -19 -14 -15 -16  -8 -13 -14 -12 -14 -15 -20 -16 -15 -16 -18 -18
DST1512*25  X220   0 -17 -18 -18 -20 -19 -18 -19 -19 -19 -17 -14 -12 -15 -12 -10 -13 -14  -7  -6 -10 -14 -16 -12  -9 -15
DST1512*26  X220   0 -13 -14 -13 -13 -12  -9 -11 -16 -15 -13  -9  -7  -7  -7 -17 -20 -18 -13 -11 -12 -14 -18 -18 -20 -13
DST1512*27  X220   0 -21 -18 -20 -20 -18 -19 -27 -33 -35 -35 -27 -27 -22 -20 -11 -11 -11 -12 -11  -8  -4  -4  -1  -2 -17
DST1512*28  X220   0 -10 -10  -6  -1  -3  -4 -10 -11  -9  -8  -8  -9 -11 -11 -11 -12 -15 -13 -10 -10 -10  -8  -4  -2  -9
DST1512*29  X220   0  -3  -2  -5  -8 -10 -13 -13 -11 -11 -11 -11  -8  -3  -5  -4  -1  -1  -6 -11 -16 -17 -13 -13 -13  -9
DST1512*30  X220   0 -11 -12 -11  -7  -5  -3  -5  -7  -8  -6  -5  -1   1  -1  -1  -3  -6  -7  -9 -13 -13 -11 -10  -8  -7
DST1512*31  X220   0  -4   8   8   7  -1   2  -1  -2  -6  -5  -6   3 -12 -40 -54 -58 -52 -47 -42 -58 -68 -81 -96-105 -30


DST1601*01  X220   0-116-114-102 -98 -96 -94 -92 -83 -80 -75 -73 -65 -57 -57 -55 -52 -48 -45 -44 -43 -39 -34 -35 -39 -68
DST1601*02  X220   0 -35 -29 -40 -39 -36 -32 -24 -26 -23 -23 -21 -17 -17 -21 -23 -26 -30 -29 -24 -24 -25 -21 -17 -18 -26
DST1601*03  X220   0 -21 -18 -19 -18 -18 -21 -23 -22 -21 -18 -17 -15 -16 -17 -14 -14 -13 -15 -12 -16 -20 -21 -20 -25 -18
DST1601*04  X220   0 -25 -26 -27 -27 -24 -21 -18 -18 -14  -9  -7  -7  -9 -11 -13 -10  -9  -8  -5  -6 -11 -11 -12 -11 -14
DST1601*05  X220   0  -9  -7  -6  -5  -7  -4  -6  -3   4   2   0   0   0   4   6   7   9   4  -3  -5  -1   4   6  10   0
DST1601*06  X220   0   6 -13 -18 -18 -15 -18 -25 -28 -25 -24 -30 -31 -27 -25 -22 -17 -15 -11 -12 -13 -19 -25 -23 -17 -19
DST1601*07  X220   0 -17 -20 -21 -20 -14 -15 -17 -22 -21 -20 -22 -17 -18 -17 -13 -12 -12 -12 -10 -11 -15 -17 -16 -16 -16
DST1601*08  X220   0 -17 -19 -18 -17 -16 -17 -16 -16 -19 -20 -19 -21 -20 -22 -17 -18 -16 -15 -15 -15 -16 -14 -12 -13 -17
DST1601*09  X220   0 -18 -17 -14 -13 -13 -12 -13 -14 -17 -16 -15 -12 -13 -13 -17 -17 -16 -12  -8  -6  -4  -2   0   0 -12
DST1601*10  X220   0  -4 -11 -11  -8  -9  -6  -6  -8 -11 -11 -12 -14 -16 -12  -9  -8  -8  -6  -6  -6 -10 -12 -11  -7  -9
DST1601*11  X220   0  -4  -2  -2  -1  -4  -5  -8 -15 -18 -19 -21 -21 -19 -14 -12 -17 -18 -24 -23 -24 -21 -20 -24 -26 -15
DST1601*12  X220   0 -33 -36 -32 -28 -25 -22 -28 -28 -22 -23 -22 -19 -18 -12  -9 -10 -11 -10 -13 -18 -20 -27 -17 -15 -21
DST1601*13  X220   0 -19 -24 -23 -26 -25 -21 -22 -21 -22 -22 -27 -28 -27 -28 -21 -18 -17 -14 -14 -16 -14 -14 -13 -12 -20
DST1601*14  X220   0 -12 -13 -13 -12 -11 -11 -10 -13 -13 -14 -17 -17 -21 -20 -22 -21 -22 -23 -21 -20 -22 -25 -22 -20 -17
DST1601*15  X220   0 -20 -22 -25 -23 -17 -15 -17 -18 -20 -21 -23 -24 -23 -21 -19 -19 -17 -13 -14 -15 -18 -19 -19 -19 -19
DST1601*16  X220   0 -18 -18 -14 -11  -9  -7  -7  -6  -7  -7  -7  -3   1   6   1  -1  -1  -2  -2  -2   0  -2  -5  -6  -5
DST1601*17  X220   0  -5  -5  -4  -2  -3  -2  -3  -5  -9  -6  -5  -7 -12 -16 -13 -10  -9 -10 -12 -11 -11 -11 -10  -8  -8
DST1601*18  X220   0  -8  -8 -10 -10  -8  -5  -3  -1   2   0  -4  -8 -10 -11  -8  -9 -11 -11 -10  -9  -8  -4  12   6  -6
DST1601*19  X220   0  -3 -10 -13 -16 -17 -16 -18 -17 -21 -17 -14 -13 -14  -7   0  -2  -1   3   7   7   5   4   6   0  -7
DST1601*20  X220   0   4   5   4   3   1  -4 -10 -18 -31 -46 -62 -73 -72 -81 -91 -95-101 -99 -90 -91 -94 -94 -89 -74 -54
DST1601*21  X220   0 -64 -59 -58 -47 -45 -64 -60 -54 -51 -52 -58 -58 -58 -47 -42 -46 -46 -38 -43 -42 -42 -41 -43 -39 -50
DST1601*22  X220   0 -38 -39 -37 -34 -39 -36 -37 -35 -34 -39 -40 -41 -39 -32 -27 -28 -30 -26 -27 -30 -35 -30 -30 -28 -34
DST1601*23  X220   0 -26 -25 -22 -21 -25 -28 -26 -30 -28 -24 -21 -22 -26 -28 -29 -27 -29 -28 -27 -29 -31 -29 -23 -20 -26
DST1601*24  X220   0 -19 -19 -21 -19 -21 -22 -21 -21 -19 -18 -18 -17 -14 -13 -14 -11  -9  -1  -8 -15  -3  -4  -8 -13 -15
DST1601*25  X220   0 -16 -16 -17 -18 -19 -18 -16 -13 -10  -9 -10  -9  -9  -9  -6  -9 -11 -12 -14 -14 -14 -15 -15 -15 -13
DST1601*26  X220   0 -14 -11  -8  -6  -4  -3  -2   0   1  -1  -2   1  -1   1  -1   0  -1  -3  -1  -1  -3  -3  -1  -1  -3
DST1601*27  X220   0   0   0   3   8   5   5   4   7   7   2  -3  -2   1   4   2  -3  -6  -4  -2  -3  -5  -6  -4  -5   0
DST1601*28  X220   0  -7  -6  -2   0   1   2   3   1  -9 -16 -26 -30 -23 -14 -10 -10 -12 -16 -18 -19 -20 -19 -16 -13 -12
DST1601*29  X220   0 -11 -12 -13 -13 -16 -15 -14 -13 -12 -12 -12  -8  -7  -6  -8  -8 -10 -11 -12 -12 -13 -11  -9  -8 -11
DST1601*30  X220   0  -8  -6  -6  -5  -6  -5  -2  -4  -7  -9 -11 -12 -11  -7  -4  -5  -5  -4  -2  -1   0   2   3   0  -5
DST1601*31  X220   0  -3  -6  -5  -5  -7  -9 -16 -19 -22 -24 -27 -31 -27 -20 -15 -20 -27 -32 -32 -34 -39 -44 -43 -46 -23


DST1602*01  X220   0 -44 -46 -48 -44 -38 -41 -45 -51 -53 -49 -41 -34 -29 -26 -24 -21 -21 -16 -15 -14 -14 -14 -11  -9 -31
DST1602*02  X220   0 -10 -11 -12 -11  -9  -9  -9  -3   1   3   1   5   9  10   9   4   4   5  -1  -1   1 -11 -18 -28  -3
DST1602*03  X220   0 -41 -54 -57 -55 -54 -52 -45 -40 -36 -32 -27 -24 -20 -16 -14 -17 -19 -20 -19 -23 -22 -19 -15 -11 -31
DST1602*04  X220   0 -10 -10 -11 -10 -10  -7  -5  -2   1   3   2  -2   1   2   0   1   0  -1  -1  -3  -3  -3   1   5  -3
DST1602*05  X220   0   5  -4  -8 -12  -9 -14 -16 -13 -12 -14 -14 -15 -12 -13 -10 -10 -15 -18 -20 -20 -18 -18 -14  -8 -13
DST1602*06  X220   0  -4  -3  -5 -10 -15 -16 -15 -13 -11 -10 -13 -10  -7  -5  -6  -9 -11  -8  -5  -4  -5  -3   0  -6  -8
DST1602*07  X220   0  -7  -4  -2  -1  -3  -4   3   1   3  -1  -8 -12 -14 -15 -17 -19 -20 -22 -25 -24 -23 -23 -23 -24 -12
DST1602*08  X220   0 -30 -30 -32 -32 -35 -40 -40 -45 -39 -30 -27 -29 -28 -27 -29 -28 -29 -27 -22 -18 -18 -19 -17 -17 -29
DST1602*09  X220   0 -11  -6  -4   0   3   6   6   0  -3 -13 -24 -20 -15 -13 -14 -15 -18 -17 -11  -8  -9 -13 -15 -14 -10
DST1602*10  X220   0 -14 -15 -13 -11 -10 -12 -15 -19 -25 -27 -23 -18 -14 -14 -16 -18 -17 -15 -12 -11 -16 -20 -22 -25 -17
DST1602*11  X220   0 -24 -23 -21 -19 -18 -20 -25 -29 -33 -32 -30 -26 -20 -14 -20 -23 -28 -29 -22 -16 -18 -21 -33 -44 -25
DST1602*12  X220   0 -45 -42 -31 -29 -24 -17 -13 -12 -11 -17 -36 -42 -30 -16 -13 -14 -15 -19 -15  -3   7  10   9  11 -17
DST1602*13  X220   0  11   8   7  17  20  13  -6 -10  -4  -6 -11 -12  -8  -1   2  -2  -7  -9  -7  -7  -9 -11 -10 -10  -2
DST1602*14  X220   0 -10 -11  -8  -5  -2  -4  -8 -16 -20 -21 -21 -20 -19 -14 -13 -17 -19 -16 -13 -12 -13 -16 -14 -10 -13
DST1602*15  X220   0 -11 -11 -10  -8 -11 -11  -8  -6  -5  -3  -3  -5  -7  -8  -5  -6  -7  -5  -2  -2  -3  -7 -18 -24  -8
DST1602*16  X220   0 -33 -27 -25 -28 -25 -26 -21 -21 -10 -23 -26 -14 -22 -32 -28 -25 -35 -49 -49 -65 -57 -54 -53 -52 -33
DST1602*17  X220   0 -47 -49 -40 -38 -32 -33 -42 -46 -43 -34 -35 -41 -41 -32 -35 -34 -33 -34 -34 -40 -48 -57 -56 -58 -41
DST1602*18  X220   0 -62 -55 -52 -58 -57 -58 -58 -52 -52 -47 -48 -42 -39 -34 -32 -34 -36 -35 -40 -36 -40 -39 -32 -31 -45
DST1602*19  X220   0 -32 -34 -34 -32 -28 -33 -37 -38 -34 -31 -26 -24 -26 -31 -32 -36 -37 -38 -39 -34 -36 -36 -31 -28 -33
DST1602*20  X220   0 -30 -30 -30 -28 -28 -31 -31 -27 -25 -24 -22 -22 -21 -24 -25 -25 -26 -27 -27 -26 -26 -25 -22 -18 -26
DST1602*21  X220   0 -13 -14 -14 -17 -17 -18 -16 -18 -18 -17 -16 -13 -11 -14 -16 -17 -18 -20 -20 -20 -22 -18 -15 -13 -16
DST1602*22  X220   0 -12 -11  -9 -10 -10  -7  -4  -1  -1  -1  -1   0   0  -2  -5  -9  -8  -9  -7  -7  -8  -7  -7  -7  -6
DST1602*23  X220   0  -6  -6 -10  -8  -8  -8  -7  -6  -4  -3  -4  -2  -2  -2  -4  -6  -9 -12 -14 -11 -12 -15 -15 -16  -8
DST1602*24  X220   0 -13 -14 -16 -15 -15 -16 -20 -18 -16 -17 -14 -13 -14 -15 -11 -10 -12 -13 -10 -10 -13 -14 -12 -11 -14
DST1602*25  X220   0  -8  -4  -3  -1   1   1  -3  -3  -2  -1   0   3   0  -3  -2  -1  -3  -3  -3   0   6  12   7  -3  -1
DST1602*26  X220   0  -7  -9 -11  -9  -8 -14 -12  -9  -6  -4  -3  -2  -5  -6  -6  -6  -7  -9  -8  -7  -5  -3   2   6  -6
DST1602*27  X220   0   8   9   7   6   0  -7 -10 -10  -6  -4  -4  -8  -5  -5  -1  -2  -2  -3  -1  -1  -1   1   5   6  -1
DST1602*28  X220   0   6   3   1   1   2   5   6   4   6   7  10   9   4  -3  -6  -3  -2  -2  -2  -1  -1  -3  -7  -9   1
DST1602*29  X220   0  -7  -4  -3  -3  -1   1   2   4   2   0   0   2   2   3   7   9  10  11  15  20  23  19  10   0   5


DST1603*01  X220   0  -1   4   7  10   7   1  -2   1   9  12  10  10   7   7   9  10   6   5   6   8   7   5   4  -8   6
DST1603*02  X220   0  -9  -2   2   3   0   1   2   2   5   8  10   5   6   4   1  -3   0   2   2   3   4   3   1   1   2
DST1603*03  X220   0   2   1   2   1   3   0  -1   0  -4  -4  -7  -3  -2  -5  -6  -3  -3  -1  -1   1  -1  -4  -2  -1  -2
DST1603*04  X220   0  -4  -7 -10  -9  -8  -6  -6  -5  -6  -6  -5  -4  -3  -3  -4  -6  -7  -7  -5  -1   1   0   0  -1  -5
DST1603*05  X220   0   0   2   6   8   7   6   4   0  -5  -6  -6  -2   0   4   4   2   1  -1  -1   0   0   2   4   5   1
DST1603*06  X220   0  10  15  20  22  21  21  19  22  18  22  25  25  23  22  25  23   2 -33 -42 -68 -91 -99 -95 -88  -8
DST1603*07  X220   0 -84 -71 -71 -74 -76 -76 -70 -72 -73 -71 -65 -61 -50 -43 -43 -47 -52 -50 -50 -46 -46 -48 -49 -47 -60
DST1603*08  X220   0 -50 -50 -46 -41 -39 -38 -40 -35 -32 -30 -25 -23 -25 -28 -31 -34 -32 -31 -28 -25 -29 -27 -26 -25 -33
DST1603*09  X220   0 -25 -22 -16 -16 -21 -22 -22 -23 -25 -22 -20 -21 -23 -25 -26 -26 -27 -26 -22 -22 -27 -31 -34 -34 -24
DST1603*10  X220   0 -29 -23 -22 -22 -21 -21 -23 -25 -28 -31 -32 -30 -27 -22 -20 -18 -18 -21 -20 -20 -20 -20 -15 -16 -23
DST1603*11  X220   0 -16 -13 -12 -13 -12 -14  -7 -14 -17 -15  -1  19  20   4  -5   1   6   3   5   4 -17 -15 -13 -13  -6
DST1603*12  X220   0 -13  -7  -5  -8 -10 -10 -12 -10 -11 -11  -9  -9  -9  -8  -8  -8  -9 -16 -21 -23 -18 -18 -17 -17 -12
DST1603*13  X220   0 -12  -7  -6  -6  -6  -6  -7  -5  -4  -4  -5  -7  -8  -8  -6  -5  -6  -6  -5  -3  -4  -5  -7  -8  -6
DST1603*14  X220   0 -10  -9  -8  -7  -8 -10 -10  -9 -11  -9  -6  -4  -4  -4   3   5   5  19  45  37   8  -4 -12 -21  -1
DST1603*15  X220   0 -29 -23 -20 -30 -37 -39 -44 -50 -44 -34 -33 -32 -29 -27 -23 -17 -16 -17 -20 -30 -30 -30 -39 -46 -31
DST1603*16  X220   0 -40 -39 -34 -29 -27 -31 -31 -34 -28 -18 -22 -31 -28 -25 -20 -17 -17 -16 -17 -22 -36 -46 -48 -56 -30
DST1603*17  X220   0 -52 -44 -47 -52 -51 -45 -35 -30 -25 -30 -33 -39 -38 -30 -24 -24 -26 -26 -24 -25 -25 -27 -29 -29 -34
DST1603*18  X220   0 -27 -27 -28 -26 -22 -18 -14 -16 -15 -15 -16 -15 -20 -27 -27 -25 -23 -21 -24 -28 -29 -27 -25 -28 -23
DST1603*19  X220   0 -26 -23 -21 -19 -24 -23 -25 -37 -45 -45 -46 -40 -32 -33 -33 -33 -32 -28 -25 -25 -28 -24 -22 -22 -30
DST1603*20  X220   0 -22 -22 -23 -24 -22 -22 -24 -23 -20 -17 -17 -19 -20 -16 -15 -20 -29 -38 -34 -37 -40 -42 -38 -37 -26
DST1603*21  X220   0 -34 -28 -23 -20 -20 -18 -17 -17 -12 -15 -18 -15 -12  -4   0  -3  -9  -9  -3  -3  -3  -6 -10 -13 -13
DST1603*22  X220   0 -12 -10  -4  -3  -2  -1  -1   0   1   1   2   1  -3  -4  -3  -5  -8  -7  -8  -7  -5  -7  -4  -2  -4
DST1603*23  X220   0  -5  -1   1   3   1 -10 -15 -14  -7  -3  -8 -11 -12 -12  -8  -5  -2   2   5   3   3  -6  -6  -9  -5
DST1603*24  X220   0 -12 -15 -13  -9  -8  -4  -2  -1   3   5   5   3   3   5   3   3   1  -2  -2   0   2   1  -2  -6  -2
DST1603*25  X220   0 -12 -20 -24 -21 -17 -15 -13  -9  -5  -4  -2  -5  -6  -7  -7  -6  -4  -4  -5  -5  -3  -3  -3  -3  -8
DST1603*26  X220   0  -3  -4  -3  -2  -2  -3  -1   1   4   6   6   6   6   6   9  12  12  12  13  10  11  13  14  16   6
DST1603*27  X220   0  12  10   9  10  12   9   6  14  10  -5   0   4   1   4   6   5   6  -6  -2  -2   1   1  -2  -3   4
DST1603*28  X220   0   2   8   8   0 -10 -14 -10  -6  -4  -4  -4  -4  -3  -2   0   4   5   5   3   0  -2  -5  -2   0  -1
DST1603*29  X220   0  -3 -11 -17 -17 -14  -9 -12 -12  -8  -9  -8 -11 -14 -14  -8  -6 -11 -13  -8  -8  -9 -10 -12 -13 -11
DST1603*30  X220   0 -10  -9 -13  -8  -5  -3  -5  -3  -1   0  -3 -10 -19 -19 -14 -12 -15 -15 -16 -17 -13 -11  -8  -8 -10
DST1603*31  X220   0 -13 -15 -12  -9  -7  -8  -8 -10  -7  -6  -8  -9  -8  -8  -6  -5  -3  -3  -2  -5  -4  -5  -8  -9  -7


DST1604*01  X220   0  -9  -7  -5  -2  -1  -1  -1   1   4   5   3   2   1  -2   0   0  -1   1   1   0   2   5   7   7   0
DST1604*02  X220   0   5   3   1   0   1   0   0   2   4   5   5   7  13  24  34  13   2 -16 -29 -30 -38 -43 -57 -59  -6
DST1604*03  X220   0 -52 -47 -44 -39 -35 -38 -37 -38 -27 -21 -25 -23 -21 -18 -16 -16 -17 -20 -26 -32 -37 -36 -30 -29 -30
DST1604*04  X220   0 -23 -22 -24 -23 -18 -19 -22 -22 -18 -16 -16 -12 -12 -15 -15 -17 -16 -11  -9 -10 -16 -20 -18 -15 -17
DST1604*05  X220   0 -14 -13 -14 -12 -12 -13 -13 -11  -7  -5 -10 -10 -10  -9 -10 -12 -13 -14 -14 -17 -14 -16 -13 -12 -12
DST1604*06  X220   0  -9  -8  -7  -8 -10  -9  -6  -7  -5 -10 -11  -6  -2  -5  -6  -9  -9 -12 -13 -16 -19 -22 -23 -23 -11
DST1604*07  X220   0 -16 -11  -9  -2   0   2   4   5   2   4   7  12  16  16  16  16  15  16   3 -26 -55 -61 -59 -60  -7
DST1604*08  X220   0 -62 -56 -44 -39 -31 -35 -30 -22 -18 -18 -18 -17 -15 -12 -12 -15 -15 -16 -16 -18 -19 -20 -22 -21 -25
DST1604*09  X220   0 -20 -16 -13 -10  -7  -5  -5  -7  -4  -2  -1  -1  -3  -4  -6  -4  -4  -5  -3  -3  -1  -1  -2  -4  -5
DST1604*10  X220   0  -4  -4  -4  -3  -4  -4 -10 -12  -9  -2   6  14  15  13   5   5   6   8   5  -2  -2  -4 -12 -10   0
DST1604*11  X220   0  -7  -5  -4  -3  -3  -1   4   9  11   9   4   6   6   6   5   3   1   7   3  -1  -3   0   0  -5   2
DST1604*12  X220   0  -2  -5 -11 -14  -7  -6   0   3   3   3  -2  -4  -9 -14 -11  -9  -6  -8 -11  -7 -10 -20 -35 -43  -9
DST1604*13  X220   0 -47 -56 -55 -51 -55 -56 -51 -43 -39 -29 -26 -25 -30 -29 -32 -36 -36 -31 -30 -40 -36 -32 -31 -35 -39
DST1604*14  X220   0 -33 -35 -33 -29 -29 -29 -27 -20 -12 -16 -26 -35 -37 -39 -45 -53 -51 -51 -54 -60 -61 -52 -50 -44 -38
DST1604*15  X220   0 -41 -44 -37 -30 -29 -27 -23 -23 -20 -16 -16 -12 -10  -4   2   2   1  -2  -1   1   0  -5  -6  -6 -14
DST1604*16  X220   0  -5  -6  -9 -11 -10  -9  -9 -10 -15 -19 -18 -13  -7  -4  -6 -11 -15 -15 -23 -37 -55 -58 -55 -45 -19
DST1604*17  X220   0 -39 -34 -19 -22 -30 -29 -30 -29 -26 -24 -26 -25 -19  -9 -12 -17 -18 -16 -15 -10 -13 -15  -7  -1 -20
DST1604*18  X220   0   2  -2 -12 -12 -10  -8  -9  -4   1   0  -4  -6  -8  -8  -7  -8  -8  -9 -10 -15 -14 -13 -13 -10  -8
DST1604*19  X220   0  -8  -8  -9 -11 -12 -11 -10  -7  -3  -1  -2  -3  -5  -7  -1   0  -1   0   0   0   0  -2  -1   2  -4
DST1604*20  X220   0   3   3   2   1   0  -2  -1  -5  -9 -12 -11  -6  -7  -4  -5  -9  -8  -7  -7  -9 -10  -8  -6  -3  -5
DST1604*21  X220   0  -2  -4  -4  -5  -4   0   6   8  13  14   5   5   8   9  12  11  11  10   6   4   2   4   6   7   5
DST1604*22  X220   0   7   0  -3  -1   0   1   1   6   8  10  10  14  20  21   8   6   1   3   1  -1  -4 -14 -12 -11   3
DST1604*23  X220   0 -10 -11 -10 -12 -10  -2   3   5   7   8   8   5   4   0   1   6   9  13  12  -1  -4 -14 -14  -8  -1
DST1604*24  X220   0  -3  -1   0  -3  -5  -6  -7  -4  -1   1   0  -1   0   1  -5  -7 -16 -12  -9 -15 -14 -13 -11  -7  -6
DST1604*25  X220   0  -6  -5  -4  -2  -2  -4  -3  -4  -5  -4  -5  -1   1   5   3  -1  -2  -1   0  -1  -4  -6  -6  -5  -3
DST1604*26  X220   0  -6  -5  -4  -4  -3  -2   0   1   3   1  -4  -4   0   0   0   2   2   2   1   0  -7 -13  -5   1  -2
DST1604*27  X220   0   3   4   3   0  -3  -3  -4  -7  -5  -3  -2  -3  -2   1   0   0  -1   1   3  -3 -10 -16 -16  -9  -3
DST1604*28  X220   0  -4  -3  -4  -3   1   2   0  -3  -6  -9  -9  -8  -4  -2   3   3   4   4   0  -3  -5  -3  -1  -2  -2
DST1604*29  X220   0  -2  -3  -2   1   3   3   5   5   5   3   2   5   6   8  11  12  11  12  14  17  15  13  11  10   7
DST1604*30  X220   0  11  12  13  15  17  19  19  22  15   9   7   4   3   2   4   5   2  -1  -7 -12 -13 -10 -12  -8   5


DST1605*01  X220   0  -3  -1  -4  -6  -7  -9  -3  -7  -3   2   3   2   2  -3  -8 -13 -17 -15 -19 -35 -41 -33 -28 -35 -12
DST1605*02  X220   0 -36 -34 -38 -45 -37 -36 -36 -34 -33 -33 -30 -27 -23 -21 -20 -17 -25 -37 -38 -34 -35 -38 -34 -39 -33
DST1605*03  X220   0 -37 -38 -41 -42 -40 -36 -38 -37 -31 -23 -21 -21 -18 -17 -15 -16 -21 -20 -18 -18 -18 -17 -16 -17 -26
DST1605*04  X220   0 -16 -16 -17 -19 -20 -19 -18 -16 -14 -14 -16 -15 -14 -16 -18 -19 -19 -19 -18 -18 -17 -19 -18 -14 -17
DST1605*05  X220   0 -10  -6  -4  -3  -7  -9 -10 -11  -9 -15 -22 -21 -16 -15 -17 -18 -15 -18 -14 -12 -11 -12 -11 -11 -12
DST1605*06  X220   0 -12 -10 -10  -8  -9 -11 -11 -15 -14 -14 -12 -16  -6 -10 -14 -14 -15 -18 -30 -34 -35 -33 -34 -31 -17
DST1605*07  X220   0 -32 -30 -23 -18 -18 -18 -16 -15 -17 -16 -15 -16 -20 -15 -16 -16 -21 -21 -17 -12 -12 -14 -12  -5 -17
DST1605*08  X220   0  -3  -3 -25 -40 -54 -63 -69 -95 -95 -82 -79 -83 -74 -58 -44 -56 -78 -75 -72 -80 -87 -85 -74 -75 -65
DST1605*09  X220   0 -88 -75 -64 -65 -66 -60 -54 -52 -53 -54 -51 -50 -45 -39 -37 -38 -41 -42 -43 -44 -51 -57 -56 -49 -53
DST1605*10  X220   0 -43 -44 -41 -40 -41 -40 -47 -49 -46 -45 -40 -39 -36 -37 -39 -39 -34 -31 -30 -30 -32 -32 -32 -34 -38
DST1605*11  X220   0 -36 -36 -36 -34 -32 -29 -28 -26 -25 -25 -27 -29 -30 -29 -24 -23 -23 -24 -25 -25 -24 -22 -23 -25 -28
DST1605*12  X220   0 -23 -23 -24 -22 -20 -18 -18 -20 -20 -19 -17 -18 -21 -23 -22 -19 -17 -17 -17 -17 -14 -13 -15 -17 -19
DST1605*13  X220   0 -18 -20 -22 -21 -18 -16 -14 -19 -18 -18 -19 -19 -20 -20 -22 -21 -24 -26 -29 -28 -28 -23 -20 -16 -21
DST1605*14  X220   0 -19 -24 -26 -27 -27 -27 -24 -14  -7 -13 -12  -3  -2  -6  -4  -4  -3  -7 -12 -11 -10  -9  -7 -21 -13
DST1605*15  X220   0 -27 -26 -23 -19 -17 -16 -17 -16 -10  -5   0   5   3  -7 -17 -16 -11 -13 -16 -22 -17 -13 -12 -11 -13
DST1605*16  X220   0 -11 -11 -17 -18 -14 -16 -14 -16 -11  -8 -12 -12 -14 -18 -16 -16 -19 -28 -23 -21 -16 -16 -17 -19 -16
DST1605*17  X220   0 -19 -17 -12  -9  -4   0  -2  -7  -5  -4  -9  -4  -5  -4  -4  -3  -4  -9 -12 -13 -15 -21 -20 -18  -9
DST1605*18  X220   0 -14 -12 -13 -14 -17 -22 -22 -18 -20 -18 -11  -8  -6  -5   1   0  -2  -5  -5  -5  -4  -4  -4  -5 -10
DST1605*19  X220   0  -5  -3  -2  -2   0   0  -1  -1  -3  -8 -10 -14 -18 -16 -10  -8  -2  -7 -13 -13  -9  -7  -4  -1  -7
DST1605*20  X220   0   4  -3  -4  -4  -2   0  -4  -3  -2  -2  -3   1   1   4   0  -1  -1  -3  -3   3   7   7   9   9   0
DST1605*21  X220   0  12  16  16  10   5   7  -6 -19 -27 -24 -18 -14 -12 -12 -11 -16 -13 -11 -16 -15 -18 -18 -17 -14  -9
DST1605*22  X220   0  -9  -9 -10 -13 -21 -20 -18 -15 -21 -18 -16 -13 -12 -11  -5  -3  -6 -10 -12 -14 -11 -11 -12 -12 -13
DST1605*23  X220   0 -10 -11 -10  -9  -7  -6  -6  -6  -7  -9  -6  -5  -6  -6  -5  -4  -4  -5  -7  -7  -8  -6  -6  -5  -7
DST1605*24  X220   0  -4  -3   1   0   0  -1  -1   1  -1  -3  -6  -9  -8  -9  -6  -5  -4  -3  -2   0  -1  -3  -3  -2  -3
DST1605*25  X220   0   0   1   1   2   1   1   1   0  -2  -2  -1   1   5   8   9   6   5   4   5   4   4   2   1   1   2
DST1605*26  X220   0   0  -1   4   6   6   6   6   5   8   9   6   6   8   8   9   8  11  14  14  14  12  12  15  17   8
DST1605*27  X220   0  18  16  13  11  -1  -9  -7  -2   0   4   6   1  -4  -7  -6  -7  -9 -11  -6   1   6   8   1   5   1
DST1605*28  X220   0  -1  -4  -4  -1  -3  -6 -15 -20  -6  -6  -4  -6  -5  -8  -9  -6  -7 -11 -12 -15 -17 -21 -19 -16  -9
DST1605*29  X220   0 -17 -17 -10  -9  -7  -6  -3  -1  -7 -12 -10  -7  -6  -8  -6  -4  -5  -6 -11 -16 -19 -24 -25 -20 -11
DST1605*30  X220   0 -20 -21 -20 -17 -16 -15 -15 -12 -15 -17 -14 -11  -8  -6  -3  -2  -2  -1   0  -3  -8 -10 -11  -8 -11
DST1605*31  X220   0  -7  -5  -6  -5  -5  -5  -5  -7 -10  -8  -6   0   3   4   3  -4  -8 -11 -12  -4  -6 -16 -21 -18  -7


DST1606*01  X220   0 -16 -13 -12 -15 -17 -16 -12  -9  -7  -5  -5  -6  -9 -11 -11  -7  -6  -7  -6  -6  -8  -7  -4  -3  -9
DST1606*02  X220   0  -2  -3  -4  -3  -5  -8  -6  -5  -5  -5  -6  -9 -10 -11 -11  -9  -8  -7  -5  -4  -4  -3  -3  -3  -6
DST1606*03  X220   0  -5  -2   0   1  -2  -2  -1  -1   2   3   2   4   4   2   1   1   2   2   1  -1   0  -1  -2  -1   0
DST1606*04  X220   0   0  -2  -2   1   2   3   3   3   4   7   8  10  12  15  14  11  10   9   8   7   5   6   6  14   6
DST1606*05  X220   0  18  16  16  14  15  18  23  32  34  17   8  12  13  21   7 -10 -12  -7  -3  -5 -21 -31 -24 -28   5
DST1606*06  X220   0 -25 -29 -35 -35 -35 -39 -41 -39 -41 -35 -35 -37 -34 -29 -28 -30 -32 -33 -28 -24 -21 -18 -18 -16 -31
DST1606*07  X220   0 -14 -15 -15 -13 -11 -11 -11 -10 -10 -10 -10 -11  -9 -10 -12 -10 -11  -9 -11 -11 -12 -18 -21 -21 -12
DST1606*08  X220   0 -22 -22 -21 -25 -25 -23 -18 -14 -12 -12 -12 -12 -12 -14 -13 -12 -12  -9  -8  -9  -9 -10  -9 -13 -15
DST1606*09  X220   0 -14 -14 -12 -13 -11 -11  -9  -6  -4  -4  -4  -5  -7  -9  -9  -8  -9  -8  -8  -8  -4  -5  -5  -4  -8
DST1606*10  X220   0  -4  -2  -3  -1  -2  -2   0   1  -1   0   7  14  20  20  15  14  16  17  16  17  14   6   9   7   7
DST1606*11  X220   0   2  -7  -8  -5  -5  -7  -9 -10 -11 -10  -7  -8  -6  -3  -2  -1  -8  -7   0   0   3  -1  -1  -2  -5
DST1606*12  X220   0   3   5   4   2   3   4  -2  -6   1   9   8   9  11  11   5   5   7   8   3   5   4   2  -2  -3   4
DST1606*13  X220   0  -2   0   1  -1   3   2   1   2   2   0   0   7  10  10   7   5   4   3   1   0  -3  -3  -1   1   2
DST1606*14  X220   0   0  -3  -5  -1   0   0   0   0   4   1   0   6  15  16  13  11  16  22  20   3   0 -17 -16  -7   3
DST1606*15  X220   0  -8 -13 -15 -12 -13 -13 -14 -12 -13 -12 -11  -5   4   6   6   6   2  -1  -1   1   0  -3  -5  -6  -6
DST1606*16  X220   0  -5  -3  -3  -1   0   0  -2  -5  -4  -3  -3  -1   2   2   0  -4  -3  -4  -4  -4  -2   3   4   2  -2
DST1606*17  X220   0   0   1   3   2   1  -5 -12  -8  -6 -11 -12  -9  -2   0   0  -1  -3  -5  -7  -7  -5  -3  -2  -1  -4
DST1606*18  X220   0  -6  -6  -3  -8 -14 -12  -8  -8  -6  -5  -7  -7  -4  -4  -5  -8  -5  -2   1   0  -2   0  -1  -3  -5
DST1606*19  X220   0  -7 -10  -8  -5  -5  -9  -8  -6  -5  -4  -2  -3  -4  -3   0   2   3   1  -1  -3  -2  -1   1   3  -3
DST1606*20  X220   0   7   8   9   6   6   5   4   2   1   2   2   3   4   3   3   4   3   4   4   5   6   3   0  -1   4
DST1606*21  X220   0  -2  -2  -1   0   3   3   4   1  -2   2   2   1   0  -1   2   2   3   4   6   5   7   5   4   4   2
DST1606*22  X220   0   3   1  -1   1   3   8   7   7   8  13  16  15  15  13  14  14  14  12   9  -1   6  -8  -5  -8   7
DST1606*23  X220   0  -6  -8  -1  -4  -4   3   9  14  10  10  11  11  11   7   6   7   4  -1  -2   1   2   4   3  -4   3
DST1606*24  X220   0 -17 -25 -29 -26 -16 -17 -24 -24 -19 -17 -13  -7  -6  -9 -11 -12 -13 -18 -19 -19 -16 -16 -18 -17 -17
DST1606*25  X220   0 -16 -19 -21 -18 -19 -20 -19 -17 -14 -12 -13 -12  -8  -6  -7  -8  -9  -7  -5  -3   4   5  -1  -4 -10
DST1606*26  X220   0  -3  -4  -3  -1  -1   3   1   2   2  -1  -5  -3   2   1   0   0  -1   1   0   1   1  -4 -11 -16  -2
DST1606*27  X220   0 -22 -21 -17 -16 -17 -14 -14 -16 -11 -12  -9  -7  -6  -8  -6  -3  -3  -4  -3  -1   0   1  -3  -6  -9
DST1606*28  X220   0  -5  -7  -6  -5  -7  -7 -10 -10 -11  -9  -5  -5  -3  -1   0   0  -3  -4   0   2   4   7   5   1  -3
DST1606*29  X220   0  -4  -4  -4  -4  -4  -3   0  -2  -4  -5  -1   4   6   4   2  -2  -4  -5  -5  -4   1   5   6   2  -1
DST1606*30  X220   0  -2  -3  -1  -3  -2  -1   3   4   3   3   6   9  10  12  12  12  10  14  15   7   2   1   1   0   5


DST1607*01  X220   0  -1  -3  -4  -1  -2  -3   1   0  -3  -6  -4  -5  -4  -4  -3  -6  -5  -5  -5  -5  -3  -2  -2  -1  -3
DST1607*02  X220   0  -2  -1  -2  -3  -9 -11  -8  -6  -4  -3  -2  -3  -3   1   3   8  11  12  18  24  30  28  27  13   5
DST1607*03  X220   0  14  14  10   5   2   1  -1   0   3   1   0   2   5  11  14   8   4   2   2   1   4   7   5   3   5
DST1607*04  X220   0   2   2  -2  -1   0   0  -3  -4  -5  -5  -6  -4  -2  -2  -2  -2  -2  -3  -3   2   3   5   3   3  -1
DST1607*05  X220   0   2   2  -2  -5  -5  -4  -1  -3  -3  -2  -2  -2  -2  -2  -2   0  -1   2   2   2   1   0  -2  -4  -1
DST1607*06  X220   0  -7  -6  -3  -1   3   3   6   9   9   8   7   9  11  13  16  15  13  13  14  13  15  17  17  15   9
DST1607*07  X220   0  13  17  12  15   9   4  -3 -13  -7  -4  -3  -4  -4  -3   1   3  -1  -2   1  -1  -5  -2 -13 -21   0
DST1607*08  X220   0 -20 -25 -23 -15 -10 -10 -13 -14 -21 -23 -21 -27 -26 -20 -23 -25 -21 -24 -29 -23 -13  -8  -4  -3 -18
DST1607*09  X220   0  -6 -16 -25 -24 -20 -14 -11 -12 -14 -10  -8  -6  -6  -4  -7 -11 -11 -10  -9  -6  -5  -5  -6  -8 -11
DST1607*10  X220   0  -8  -8 -11 -13 -11 -10  -8  -5  -5  -8 -10 -10  -9  -5   0   2  -2  -5  -5  -5  -2   0  -1  -6  -6
DST1607*11  X220   0 -16 -20 -17 -16 -19 -15 -13 -12  -9  -8 -11 -17 -20 -14  -8  -7 -10 -11 -13 -10  -5  -3  -4  -4 -12
DST1607*12  X220   0 -10 -17 -21 -21 -25 -28 -24 -24 -31 -36 -34 -28 -23 -19 -11 -10  -7 -10 -12 -10  -7  -8 -11 -17 -19
DST1607*13  X220   0 -19 -22 -21 -18 -18 -16 -13 -14 -13 -13 -11  -8 -11  -8  -8  -6  -5  -4  -2  -3  -3  -1   1  -4 -10
DST1607*14  X220   0  -7  -9  -6  -7  -6  -5  -9 -12 -13 -21 -19 -11  -5  -3  -4  -7 -11  -8  -8  -4   4   7   4  -2  -7
DST1607*15  X220   0  -9 -10  -7 -11 -19 -18 -17 -19 -21 -19 -21 -16 -11  -9  -9  -7  -8 -11 -11 -11  -6  -4  -7 -11 -12
DST1607*16  X220   0 -14 -14 -13 -11 -10  -8  -9 -10  -7  -6  -6  -6 -11 -14 -11  -9  -9  -8 -11  -9  -3  -2  -4  -6  -9
DST1607*17  X220   0  -8  -8  -7  -8  -7  -9  -8 -10 -12 -13 -11 -12 -11  -8  -6  -7  -8  -7  -4   0   2  -3  -6  -6  -7
DST1607*18  X220   0  -8  -8  -6  -3   1   1  -3  -7 -12 -13 -13 -12  -9  -9  -8  -7  -6  -4  -1   1   1  -1  -2  -2  -5
DST1607*19  X220   0   0  -1  -1  -1  -2  -5  -4  -4  -2  -3  -2   0   2   6   6   6   4   1   2   4   7   9   7  11   2
DST1607*20  X220   0  46  28  14  -2 -18 -24 -26 -25 -18 -14  -8  -2   6   9  11   4  -1  -5 -12 -12  -6  -7  -7  -8  -3
DST1607*21  X220   0  -9  -7  -8  -8  -7  -6  -9 -10  -9 -11 -13 -12 -11  -7  -9  -2  -2  -6  -8  -8  -5  -4  -3  -6  -8
DST1607*22  X220   0  -6  -4  -3  -1  -4  -8 -12 -13 -14 -16 -20 -19 -16 -14 -10 -12  -8 -13 -18 -15  -8  -6  -9 -11 -11
DST1607*23  X220   0 -10 -10 -11 -11 -11 -12 -15 -20 -22 -23 -19 -16 -13 -12  -8  -7  -8  -9 -10  -9 -10 -11 -11  -9 -12
DST1607*24  X220   0  -7  -7  -8  -6  -4  -4  -2  -2   4   9  12   8   7  13  15  18  10  -2  -9 -13  -8  -8  -7 -13   0
DST1607*25  X220   0 -10 -18 -16 -24 -28 -31 -31 -33 -35 -32 -37 -37 -38 -37 -35 -32 -30 -35 -29 -26 -22 -16 -10 -12 -27
DST1607*26  X220   0 -13 -13 -12 -13 -12 -10  -9  -6  -5  -5  -5  -8  -9  -9  -9  -9 -10  -9 -10 -12 -15 -15 -13 -10 -10
DST1607*27  X220   0 -10  -8  -9  -9  -8  -9  -7  -3  -1   0   1   3   3   5   6   7   8  10  11  11  10  10   8   7   2
DST1607*28  X220   0  13  14  13  11   4   5   7   2 -12 -11  -7  -5  -5  -8   2   6   7  -4 -23 -31 -27 -17 -14 -15  -4
DST1607*29  X220   0 -13 -13 -12 -13 -15 -18 -12 -13 -14 -14 -13  -9  -9  -6  -3  -3 -11 -11 -15 -15 -15 -14 -10 -10 -12
DST1607*30  X220   0 -14 -15 -10  -9 -15 -16 -14 -12  -8  -7 -11 -10  -7  -4  -2  -2  -1  -4  -6  -8  -7  -5  -2  -2  -8
DST1607*31  X220   0   3   1   2   2   1   1   0   0   1   2   3   4   4   4   0  -3  -4  -5  -6  -5  -2   0   0  -1   0


DST1608*01  X220   0  -2  -3  -2  -1  -1  -1  -1   0   1  -1  -3  -2  -4  -3   1   3   4   3   4   2   2   1   0   2   0
DST1608*02  X220   0   4   5   8   8   7  20  15  14  16  22  29  33  38  42  47  39  39  27  26  30  34  19  -8 -16  21
DST1608*03  X220   0 -14  -1  12  10   3 -17 -43 -37 -24 -37 -51 -51 -39 -45 -50 -52 -50 -49 -41 -36 -32 -32 -29 -27 -31
DST1608*04  X220   0 -24 -22 -22 -23 -23 -22 -16 -19 -22 -27 -20 -16 -16 -16 -24 -31 -29 -28 -30 -27 -21 -19 -16 -16 -22
DST1608*05  X220   0 -16 -14 -13 -10 -16 -22 -26 -26 -27 -25 -23 -21 -19 -17 -18 -20 -20 -18 -16 -16 -17 -24 -30 -25 -20
DST1608*06  X220   0 -21 -22 -20 -18 -19 -18 -19 -19 -21 -20 -20 -22 -20 -19 -20 -21 -25 -20 -13 -11 -10 -13 -22 -18 -19
DST1608*07  X220   0 -17 -19 -17 -16 -15 -15 -16 -15 -13 -11 -11  -8  -9 -14 -11 -17 -16  -9  -4  -8  -8  -8 -16 -21 -13
DST1608*08  X220   0 -19 -19 -22 -25 -28 -27 -24 -23 -17 -12  -8  -3   0   0  -6 -13 -24 -21 -20 -12  -6  -8 -11 -11 -15
DST1608*09  X220   0  -9  -7  -6  -6  -8  -8 -10  -7  -6 -12 -13 -13  -7 -12 -16 -21 -21 -21 -17 -12 -10 -15 -22 -25 -13
DST1608*10  X220   0 -23 -18 -16 -13 -10 -12 -17 -18 -21 -28 -21 -17 -13 -13 -14 -17 -15 -16 -18 -17 -20 -27 -23 -23 -18
DST1608*11  X220   0 -18 -11  -7  -4  -4  -5  -5  -4  -1  -1  -3  -3  -6  -4  -2  -3  -6 -13 -18 -17 -18 -14 -17 -14  -8
DST1608*12  X220   0 -12 -15 -20 -23 -27 -26 -18 -18 -18 -17 -14 -13 -14 -14 -17 -16 -15 -13 -13 -11 -12 -15 -15 -13 -16
DST1608*13  X220   0 -11 -12 -14 -12 -11 -13 -12 -10 -10 -10  -8  -9 -10  -7  -8 -12 -16 -16 -15 -13 -14 -17 -18 -14 -12
DST1608*14  X220   0  -9  -4   0   0  -1  -1   0  -1  -1   1   2   1   0  -2  -3  -3  -3  -3  -5  -7  -4  -4  -5  -4  -2
DST1608*15  X220   0  -4  -3  -4  -3  -2  -4  -6  -5  -2  -3  -2  -1  -1  -1   0  -1  -1  -2  -2  -1   0   0   0   1  -2
DST1608*16  X220   0   2   1   3   1   0  -3  -6  -6  -5  -4  -1   1   2  -3  -4  -5   0   5   9  12  15  10  -2  -7   1
DST1608*17  X220   0   0  11  12   7   2   0  -4  -3  -2  -1  -2  -2  -4  -4  -2  -4  -2   0   1  -5  -7 -11 -17 -14  -2
DST1608*18  X220   0 -12 -10  -9 -13 -20 -19 -21 -24 -23 -21 -14 -10  -7  -6 -11 -13  -8  -4  -2  -6 -10 -14 -13  -9 -12
DST1608*19  X220   0  -6  -5  -5  -2   1   2   2   0  -5  -8  -8  -5  -5  -2  -4 -10  -9  -4  -3  -3  -5  -8  -9  -9  -5
DST1608*20  X220   0 -11 -10 -12 -10  -6  -3  -5  -7  -9  -5   2   4   3   1   1   1   4   7   9   9   6   3   2   2  -1
DST1608*21  X220   0   2   3   4   7  10  16  18  18  20  18  22  26  24  25  22  12  17  17  15  15  13   6  -1  -1  14
DST1608*22  X220   0  -1  -2  -3  -3  -1   3   3   1   1   0   2   6   7   6   4   1   0  -2  -1   1   1  -2  -5  -7   0
DST1608*23  X220   0  -9  -8  -6  -4  -1   3   5   9   9  10  11  17   3 -12 -24 -29 -26 -26 -28 -43 -60 -73 -64 -46 -16
DST1608*24  X220   0 -33 -39 -35 -36 -32 -32 -33 -28 -25 -23 -28 -32 -37 -32 -28 -26 -25 -26 -25 -26 -29 -29 -26 -21 -29
DST1608*25  X220   0 -16 -15 -18 -20 -19 -18 -11 -11 -19 -23 -19 -16 -15 -13 -19 -18 -17 -16 -10 -14 -11 -11 -14 -12 -16
DST1608*26  X220   0 -20 -19 -20 -20 -15 -11  -6  -2  -1  -3  -3  -4  -7  -8  -9 -12 -13 -12 -12  -9  -5  -4  -3  -3  -9
DST1608*27  X220   0  -6  -6  -6 -10 -13 -10  -5  -5  -5  -7  -7 -10  -9  -7  -8  -7  -3   0  -1  -2  -1   0   2   2  -5
DST1608*28  X220   0   2   2   1   0  -1  -1  -2  -2  -3  -4  -5  -8  -7  -4  -1   0   2   5   6   7  10  14  15  16   2
DST1608*29  X220   0  11   8   7   4   6  10  12  14  12  13  18  20  13  12   4   0   2   4   5   6   4   9  11  12   9
DST1608*30  X220   0   9   1  -8  -8  -7  -8  -9 -16 -15 -10  -4  -2  -4  -6 -20 -27 -18 -13 -13 -13 -14 -19 -13  -8 -10
DST1608*31  X220   0  -5  -8  -9  -7  -5  -5  -4  -3   0   3   5   3   1   0   0   2   3   9   7   1  -7 -11 -14 -15  -2


DST1609*01  X220   0 -13 -13 -19 -24 -29 -34 -37 -40 -45 -57 -48 -39 -32 -39 -38 -37 -26 -13 -15 -21 -22 -35 -38 -37 -31
DST1609*02  X220   0 -39 -58 -59 -54 -51 -51 -42 -36 -31 -30 -30 -28 -25 -27 -21 -21 -25 -30 -25 -21 -20 -25 -30 -28 -34
DST1609*03  X220   0 -23 -27 -38 -45 -51 -43 -32 -38 -40 -41 -39 -44 -42 -36 -38 -39 -37 -38 -37 -37 -39 -46 -45 -36 -39
DST1609*04  X220   0 -44 -40 -27 -26 -27 -29 -39 -36 -31 -28 -33 -34 -34 -34 -35 -36 -30 -29 -25 -23 -31 -29 -28 -27 -31
DST1609*05  X220   0 -28 -28 -32 -30 -32 -31 -27 -26 -26 -29 -32 -29 -24 -22 -24 -21 -21 -25 -30 -37 -35 -26 -24 -25 -28
DST1609*06  X220   0 -24 -24 -26 -29 -28 -25 -26 -31 -38 -36 -29 -26 -28 -29 -28 -24 -20 -17 -15 -11  -8  -8  -7 -10 -23
DST1609*07  X220   0 -16 -17 -19 -24 -21 -18 -15 -14 -17 -17 -15 -20 -23 -23 -18 -20 -22 -24 -23 -19 -14 -13 -12 -14 -18
DST1609*08  X220   0 -16 -12 -19 -24 -26 -28 -29 -26 -30 -32 -34 -32 -31 -27 -28 -31 -31 -27 -21 -15 -10 -10 -12 -12 -23
DST1609*09  X220   0 -11 -11 -11 -13 -15 -15 -14 -14 -14 -13 -13 -14 -11 -10  -9  -9  -6  -4  -3  -3  -4  -6  -8  -9 -10
DST1609*10  X220   0  -9  -9  -9  -9 -14 -17 -14 -12 -11 -11 -13 -12 -13 -11 -11 -11 -10  -7  -6  -6  -5  -7  -8  -4 -10
DST1609*11  X220   0  -4  -4  -5  -8 -12 -11  -9 -11 -11 -11  -9  -8  -9 -11 -11  -9 -10 -11 -11  -8  -7  -6  -4   0  -8
DST1609*12  X220   0   4   7   4   3   2   5   3   5   2   2   6   5   4   3   1   1   5   6   5   6   6   2  -1   0   4
DST1609*13  X220   0  -1  -5 -12 -18 -20 -19 -14 -14 -14 -12 -11  -6  -4  -3   0  -3  -4  -2   0   2   2   2   1  -3  -7
DST1609*14  X220   0  -8 -12 -14 -11  -5  -3  -4  -2  -3  -2   2  -1  -2  -3  -7  -8  -7  -2  -2  -4 -14 -22 -20 -21  -7
DST1609*15  X220   0 -25 -30 -34 -33 -33 -32 -34 -34 -32 -29 -25 -19 -13  -6  -5  -3  -1   2   2   3   5   2   2   3 -15
DST1609*16  X220   0   4   1  -2  -4  -5  -5  -3  -1  -1   0   0   1   4   6   6   5   3   1   0  -1   0  -1  -1  -2   0
DST1609*17  X220   0  -2  -1   5   8  10  12  12  10   9  14  13  11  13  12  11  10   9   7   6   6   6   5   7   5   8
DST1609*18  X220   0  -1   2   4   9  10   8   4   3   3  -3 -14 -18 -12  -6  -7  -8 -11 -13 -14 -10  -5  -3  -1   2  -3
DST1609*19  X220   0   3   4   4   4   4   6   9   2 -18 -34 -37 -33 -27 -25 -23 -12  -4   4   7  11  15  18  11  12  -4
DST1609*20  X220   0  12 -11 -30 -31 -28 -26 -22 -23 -28 -25 -24 -24 -22 -23 -22 -19 -18 -14  -9  -7  -4  -1  -2  -2 -17
DST1609*21  X220   0  -9 -12 -10  -8 -11 -13 -14 -15 -11 -12 -11  -9  -7  -6  -9  -6  -3  -2  -3   2   4   5   4   2  -6
DST1609*22  X220   0   2  -1  -2  -5  -5  -6  -7  -8  -9  -7  -6  -6  -6  -5  -2   2   3   3   2   0   1   1   1   0  -3
DST1609*23  X220   0   0   1   0   1   5   6   5   4   6   5   1  -1   1   3   5   8  11  10  10  11  12  12  11  10   6
DST1609*24  X220   0   8   7   6   8   9  10  12  10   8   5   4   5   8  11   9   9   8  10   7   0  -4  -5  -9 -11   5
DST1609*25  X220   0 -10 -17 -28 -30 -23 -13  -7  -5  -4   0  -6 -22 -28 -19 -12 -13 -15 -10 -17 -23 -34 -26 -25 -23 -17
DST1609*26  X220   0 -24 -28 -28 -26 -23 -25 -27 -26 -23 -18 -19 -22 -19 -25 -29 -29 -29 -32 -41 -41 -41 -29 -18 -20 -27
DST1609*27  X220   0 -25 -34 -40 -42 -38 -32 -29 -32 -43 -48 -45 -35 -34 -31 -39 -38 -32 -24 -25 -25 -20 -13 -18 -19 -32
DST1609*28  X220   0 -24 -22 -33 -40 -39 -31 -25 -26 -27 -30 -26 -30 -31 -25 -27 -36 -46 -51 -48 -49 -45 -44 -42 -34 -35
DST1609*29  X220   0 -29 -31 -34 -36 -43 -43 -32 -44 -57 -65 -52 -52 -56 -54 -58 -53 -51 -45 -44 -43 -39 -37 -38 -35 -45
DST1609*30  X220   0 -36 -31 -26 -29 -27 -29 -32 -30 -30 -28 -24 -28 -30 -32 -28 -28 -26 -33 -35 -32 -34 -36 -38 -41 -31


DST1610*01  X220   0 -41 -33 -30 -31 -36 -33 -35 -35 -32 -30 -31 -28 -30 -32 -25 -24 -20 -26 -34 -42 -37 -27 -28 -28 -31
DST1610*02  X220   0 -29 -28 -29 -25 -25 -31 -28 -24 -28 -26 -31 -30 -26 -23 -22 -18 -16 -17 -16 -23 -30 -31 -27 -23 -25
DST1610*03  X220   0 -19 -17 -16 -17 -20 -25 -33 -30 -27 -23 -24 -26 -24 -22 -18 -18 -22 -21 -24 -26 -28 -25 -22 -22 -23
DST1610*04  X220   0 -27 -36 -46 -48 -47 -42 -37 -35 -42 -50 -45 -35 -34 -26 -24 -22 -23 -28 -29 -31 -27 -24 -34 -32 -34
DST1610*05  X220   0 -27 -28 -35 -37 -34 -30 -29 -27 -25 -24 -23 -27 -27 -25 -25 -21 -19 -20 -19 -16 -14 -18 -19 -19 -25
DST1610*06  X220   0 -17 -21 -20 -18 -16 -15 -14 -15 -13 -11 -13 -15 -16 -13  -9  -9 -12 -16 -16 -13 -11  -6 -10 -14 -14
DST1610*07  X220   0 -19 -23 -25 -24 -21 -17 -16 -19 -17 -16 -13 -13 -13 -13 -14 -14 -17 -17 -19 -22 -16 -14 -12 -11 -17
DST1610*08  X220   0 -12 -13 -15 -14 -16 -18 -22 -21 -20 -16 -17 -21 -21 -19 -17 -17 -20 -21 -20 -17 -16 -16 -13 -11 -17
DST1610*09  X220   0 -10 -11 -10 -10 -13 -15 -16 -17 -19 -20 -21 -21 -22 -21 -21 -19 -17 -13  -8  -7  -5  -5  -4  -8 -14
DST1610*10  X220   0  -9 -12  -9  -7 -16 -17 -17 -19 -16 -12 -10 -14 -17 -18 -15 -15 -20 -25 -22 -17 -20 -18 -18 -14 -16
DST1610*11  X220   0 -11 -13 -11 -10  -6  -5  -7  -7  -4  -3  -4  -5  -7  -6  -4  -4  -4  -3  -3  -4  -5  -7  -6  -4  -6
DST1610*12  X220   0  -4  -5  -9  -7  -6  -4  -3  -3  -2   0   2  -1  -4  -4  -4  -6  -7  -9  -9 -12 -13 -10   6  16  -4
DST1610*13  X220   0  16  12  21  16  11   7   4 -18 -35 -46 -50 -63 -64 -70 -86 -97-105-110-104 -95 -97 -99-102-109 -53
DST1610*14  X220   0-102 -89 -83 -84 -80 -77 -75 -73 -66 -57 -46 -43 -41 -37 -34 -37 -37 -33 -31 -27 -22 -23 -22 -19 -52
DST1610*15  X220   0 -17 -19 -18 -15 -14 -19 -21 -22 -24 -21 -22 -27 -25 -20 -14 -14 -18 -25 -22 -22 -22 -24 -25 -24 -21
DST1610*16  X220   0 -21 -22 -20 -17 -15 -15 -18 -18 -15 -15 -15 -15 -11 -13 -23 -19 -16 -18 -26 -27 -25 -25 -23 -19 -19
DST1610*17  X220   0 -16 -12 -12 -14 -14 -21 -26 -27 -22 -22 -20 -16 -19 -16 -16 -19 -23 -20 -21 -22 -28 -33 -30 -26 -21
DST1610*18  X220   0 -27 -24 -21 -22 -25 -23 -20 -22 -24 -26 -23 -22 -22 -19 -17 -18 -19 -18 -17 -16 -19 -22 -22 -23 -21
DST1610*19  X220   0 -17 -14 -13 -13 -12 -14 -15 -17 -18 -18 -18 -16 -15 -12 -11 -12 -13 -12 -12 -13 -12 -12 -14 -15 -14
DST1610*20  X220   0 -14 -15 -14 -14 -11  -8  -5  -3  -3  -1   1   1   0  -1  -1  -1  -3  -5  -6  -7  -5  -4  -4  -4  -5
DST1610*21  X220   0  -3   0   1  -1  -3  -3  -2  -2  -1   0   2   3   4   4   3   2   1   0   1   0  -4  -6  -6  -7  -1
DST1610*22  X220   0  -7  -6  -1   4   7  10  11  11   6   5   4   7  11   7   4   0  -3  -3  -6  -6  -4   0  -2  -8   2
DST1610*23  X220   0  -6  -4   0   3   3   5  -1 -11  -8  -4  -5  -7  -7  -4  -3  -4  -7  -8  -9 -10 -10 -12 -16 -17  -6
DST1610*24  X220   0 -22 -23 -24 -24 -25 -28 -26 -29 -28 -24 -23 -22 -26 -26 -29 -33 -35 -34 -28 -23 -27 -31 -39 -38 -28
DST1610*25  X220   0 -32 -34 -34 -37 -32 -27 -30 -38 -44 -36 -28 -37 -36 -47 -57 -54 -54 -65 -57 -62 -65 -52 -62 -62 -45
DST1610*26  X220   0 -55 -50 -54 -56 -57 -55 -46 -46 -47 -42 -35 -36 -33 -30 -37 -50 -54 -49 -49 -48 -48 -50 -50 -45 -47
DST1610*27  X220   0 -44 -42 -39 -44 -46 -47 -45 -39 -46 -40 -40 -37 -41 -40 -40 -45 -49 -54 -44 -38 -41 -42 -48 -51 -43
DST1610*28  X220   0 -47 -40 -41 -42 -43 -43 -41 -42 -42 -41 -33 -32 -31 -28 -30 -28 -34 -29 -29 -31 -35 -42 -41 -42 -37
DST1610*29  X220   0 -40 -50 -62 -70 -63 -63 -65 -68 -56 -45 -47 -50 -43 -42 -42 -43 -42 -41 -43 -45 -42 -36 -34 -36 -49
DST1610*30  X220   0 -36 -33 -38 -45 -47 -41 -42 -42 -44 -42 -31 -30 -37 -43 -39 -35 -32 -36 -40 -41 -37 -37 -33 -31 -38
DST1610*31  X220   0 -31 -33 -35 -34 -33 -30 -32 -36 -35 -28 -29 -27 -26 -24 -24 -27 -28 -28 -24 -24 -22 -20 -21 -23 -28


DST1611*01  X220   0 -25 -22 -23 -24 -23 -21 -20 -23 -26 -25 -21 -24 -30 -31 -33 -34 -30 -25 -15 -12 -14 -14 -13 -22 -23
DST1611*02  X220   0 -25 -18 -15 -15 -16 -20 -23 -23 -19 -16 -16 -15 -21 -29 -36 -39 -37 -33 -30 -25 -22 -24 -33 -34 -24
DST1611*03  X220   0 -29 -25 -26 -32 -38 -41 -42 -46 -49 -42 -45 -35 -37 -34 -34 -35 -33 -33 -28 -26 -27 -25 -24 -20 -34
DST1611*04  X220   0 -19 -21 -20 -19 -19 -22 -28 -28 -27 -23 -20 -17 -15 -13 -14 -15 -14 -12 -11 -12 -13 -15 -12 -11 -18
DST1611*05  X220   0 -12 -10  -9 -12 -11 -13 -16 -16 -16 -15 -13 -13 -12  -9  -7  -8  -7  -6  -7  -7  -8  -7  -7  -8 -10
DST1611*06  X220   0  -8  -7  -7  -5  -4  -5  -8 -10  -9 -11 -12  -9  -6  -4  -5  -8  -8  -7  -7  -7  -7  -5  -7 -11  -7
DST1611*07  X220   0 -11  -9  -8  -7  -5  -4  -2   1   1  -2  -1   0   1   5   3  -3  -5  -4  -5  -5  -2   0   0  -1  -3
DST1611*08  X220   0  -3  -5  -5  -4  -3  -1  -2  -2   1   1  -1  -1  -2  -4  -4  -4  -5  -6  -5  -4  -3  -2  -2  -1  -3
DST1611*09  X220   0  -1   0   2   2   3   5   9  15  14   6  -5  -9  -8  -4  -2  -3  -5  -3  -3   1   3   4   1   1   1
DST1611*10  X220   0   0   0  -4   0  -7  -7  -4  -4  -6  -6  -8 -17 -21 -22 -34 -49 -57 -60 -54 -49 -45 -37 -36 -42 -24
DST1611*11  X220   0 -46 -39 -34 -30 -30 -29 -30 -30 -26 -25 -29 -24 -19 -13 -14 -14 -13 -17 -16 -14 -10  -6  -5  -7 -22
DST1611*12  X220   0  -7  -7  -2  -2  -5 -19 -13  -9  -5  -6 -11 -18 -15 -14 -14 -15 -21 -23 -24 -26 -26 -21 -17 -20 -14
DST1611*13  X220   0 -20 -17 -20 -21 -19 -18 -17 -20 -26 -22 -21 -21 -17 -19 -17 -17 -21 -18 -16 -17 -20 -24 -21 -14 -19
DST1611*14  X220   0 -12 -14 -17 -16 -14 -11 -13 -16 -20 -17 -19 -16 -12 -11 -10 -12 -16 -13 -13 -11 -10  -9 -13 -12 -14
DST1611*15  X220   0 -14 -13 -14 -15 -14 -13 -12 -17 -18 -19 -20 -21 -18 -13 -11 -10 -13  -9  -6  -6  -6  -6  -6  -7 -13
DST1611*16  X220   0  -7  -8  -7  -8  -7  -8 -10 -10  -9  -5  -3  -4  -1   3   2   0  -1   1   1  -2  -1   0  -3  -4  -4
DST1611*17  X220   0  -1  -2  -2   1   0  -1  -4  -7  -6  -6  -5  -6  -5  -3  -3  -5  -8 -10 -10 -10  -7  -6  -7  -6  -5
DST1611*18  X220   0  -8  -9  -9  -6  -5  -3  -4  -4  -4  -5  -6  -8  -5  -3  -3  -4  -4  -2  -1   0   3   4   3   1  -3
DST1611*19  X220   0   1   2   2   1   0   0   0   1   1   2   3   7   8   8   8   9   9   7   6   8   7   9   6  10   5
DST1611*20  X220   0  11  10   9   8   9  13  11  11  12  11   8  10   5   4   3   4   3   5   7   8   6   6   3  -1   7
DST1611*21  X220   0  -2  -4  -5  -7  -4  -1   3   1   0   5  10   8  10   8   9  10   9   6   1  -4  -7  -8  -4  -3   1
DST1611*22  X220   0  -4  -4  -9  -8  -5   1   3   1  -2  -4   2   6  11   5   0  -2  -6  -9  -7 -12  -3  -8  -1   0  -2
DST1611*23  X220   0 -13 -25 -29 -28 -26 -26 -26 -23 -22 -21 -18 -13 -14 -12 -13 -16 -15 -14 -16 -12 -11  -8  -2  -4 -17
DST1611*24  X220   0 -11 -11 -10  -8 -10 -12 -21 -30 -23 -22 -25 -33 -32 -33 -32 -38 -36 -30 -28 -23 -19 -21 -22 -33 -23
DST1611*25  X220   0 -35 -32 -38 -42 -41 -45 -45 -39 -33 -31 -31 -30 -26 -24 -23 -26 -30 -30 -28 -28 -27 -27 -23 -18 -31
DST1611*26  X220   0 -19 -24 -25 -29 -31 -28 -29 -28 -25 -20 -17 -12 -15 -12 -14 -18 -19 -19 -21 -20 -18 -15 -17 -18 -21
DST1611*27  X220   0 -16 -14 -15 -19 -23 -22 -19 -22 -22 -22 -21 -19 -16 -12 -10 -14 -18 -17 -15 -13 -12 -10  -9  -9 -16
DST1611*28  X220   0 -13 -15 -14 -13 -13 -12 -13 -15 -16 -15 -13 -11  -7  -5  -5  -5  -4  -7  -5  -3  -7 -13 -15 -13 -11
DST1611*29  X220   0 -11 -11 -12 -15 -17 -14 -12 -14 -17 -17 -18 -13  -7  -7  -5  -7  -9  -8  -5  -4  -2  -1  -1  -2 -10
DST1611*30  X220   0  -7  -7  -6  -8  -9  -7  -8  -9  -8  -8  -6  -5  -6  -6  -4  -2  -2  -1  -2  -3  -5  -3  -1   0  -5


DST1612*01  X220   0   2   4   7   4   2  -4  -7  -5  -4  -2  -1   2   5   8   8   6   6   7   8   6   7   8   8   7   3
DST1612*02  X220   0   4   0   0  -2  -3  -2  -5  -5  -5  -2   0  -1   0   0  -1  -2  -4  -2  -1  -1  -2  -1  -1  -3  -2
DST1612*03  X220   0  -4  -3  -2  -2  -1  -1   0   0   0   0   1   2   3   3   0   0   1   3   4   6   6   8   9   7   2
DST1612*04  X220   0   5   5   6   6   7   8   7   6   5   4   2   4   7   6   7   9  13  18  20  20  20  20  18  15  10
DST1612*05  X220   0  14  13  12  10   5   6   4   3   4   7   9  10  12  11   7   6   7   5   6   6   7   8   5   9   8
DST1612*06  X220   0  14  14  14  13  15  16  15  15  16  15  17  16  -3  -5 -10 -10  -5  -1  -5  -8  -9  -7  -4   0   5
DST1612*07  X220   0   2   2   0  -4  -8 -10 -12 -15 -11 -11 -11 -10  -5  -2   2  -5  -7  -7   2   1  -9  -8  -4  -5  -6
DST1612*08  X220   0  -4  -7  -1   0   2  -1  -9  -6  -3  -2 -20 -14 -13 -15 -15 -23 -23 -23 -20 -16 -21 -17 -21 -19 -12
DST1612*09  X220   0 -14 -15 -14 -11 -12  -7 -15 -20 -16  -9  -4  -5  -7  -8  -9 -12 -10 -17 -37 -39 -35 -32 -35 -31 -17
DST1612*10  X220   0 -26 -26 -24 -24 -21 -22 -22 -25 -25 -21 -20 -18 -17 -16 -18 -22 -21 -19 -18 -20 -25 -22 -18 -15 -21
DST1612*11  X220   0 -10  -8  -6  -9 -15 -15 -12 -15 -14 -16  -9  -9  -7  -6  -9 -18 -17 -14 -12 -11  -9  -6  -1   2 -10
DST1612*12  X220   0   1  -2  -6  -7  -5  -9 -13 -14 -10  -8  -5  -3  -2  -3  -6  -7  -6  -4  -1  -1  -3  -2  -2   0  -5
DST1612*13  X220   0   0  -1   0   0   0  -4  -8 -10 -10  -8  -6  -6  -1  -1  -3  -2  -6  -7  -7  -7  -7  -7  -5  -5  -5
DST1612*14  X220   0  -4  -1   1   0  -2  -4  -6  -5  -2   1   2   1  -1   0   2   1   0  -2  -4  -7  -8  -5  -6  -5  -2
DST1612*15  X220   0  -4  -6  -5  -4  -1  -1   1   0   3   5   2   3   2   3   3   0  -2  -4  -3  -4  -4  -3  -4  -3  -1
DST1612*16  X220   0   0   1   1  -1  -1  -1   0   1   4   6   6   5   5   5   6   5   4   5   5   5   3   2   4   6   3
DST1612*17  X220   0   8   8   9   9   8   6   6   6   6   7   9   7   3   5  10  10   5   2   3  -1   3   7   8   7   6
DST1612*18  X220   0  -2  -9  -6  -5 -10 -11 -17 -20 -10  -3  -3  -5  -8 -10 -11  -9 -11 -10  -7  -7  -4  -4  -8  -7  -8
DST1612*19  X220   0  -5  -5  -1  -2  -3  -8 -11 -11 -11 -10 -10 -11 -14 -16 -15 -14 -13  -9  -6  -2  -1  -4  -2  -3  -8
DST1612*20  X220   0  -6  -8  -5  -2  -3  -2  -4  -5  -6  -3  -2   0  -3  -5  -4  -8 -11  -9  -1   0   1   4  -1  -5  -4
DST1612*21  X220   0  -8  -9  -7  -3  -1   0  -5   1   7  13   0 -13 -13  -5 -14 -31  -6 -36 -28 -34 -39 -35 -33 -33 -14
DST1612*22  X220   0 -29 -29 -36 -28 -24 -32 -38 -38 -33 -29 -31 -27 -25 -24 -29 -26 -24 -22 -23 -21 -24 -30 -28 -26 -28
DST1612*23  X220   0 -22 -18 -22 -25 -19 -21 -23 -25 -19 -19 -18 -26 -23 -22 -22 -23 -23 -26 -26 -27 -39 -36 -33 -29 -24
DST1612*24  X220   0 -26 -26 -29 -25 -20 -23 -24 -24 -25 -26 -22 -20 -19 -17 -12 -13 -17 -17 -19 -18 -16 -12 -10  -8 -20
DST1612*25  X220   0  -4  -3  -9 -11  -6  -9 -14 -14 -14 -19 -25 -20 -20 -18 -21 -21 -26 -28 -27 -22 -18 -16 -19 -19 -17
DST1612*26  X220   0 -20 -18 -14 -18 -20 -24 -23 -21 -21 -25 -27 -23 -28 -24 -23 -27 -29 -23 -19 -19 -21 -22 -21 -23 -22
DST1612*27  X220   0 -20 -17 -18 -16 -14 -16 -19 -20 -16 -16 -15 -13 -13 -18 -17 -16 -14 -12 -13 -13 -14 -18 -19 -18 -16
DST1612*28  X220   0 -15 -13 -11 -12 -11 -13 -14 -15 -14  -7  -5  -7  -9  -7  -7  -8  -9 -13 -11 -12 -11 -10  -7  -4 -10
DST1612*29  X220   0  -3  -8  -9  -7  -6  -5  -7  -8  -9  -9  -9 -10 -12 -14 -14 -16 -19 -19 -16 -13 -12  -9  -8  -4 -10
DST1612*30  X220   0  -2  -3  -3  -3  -4  -4  -4  -3  -3  -5  -5  -2  -3  -2  -1   2   0  -4  -8 -10  -8  -8  -4  -1  -4
DST1612*31  X220   0  -1   2   5   6   2   1   5   7   8   4   3 -11 -20 -28 -21 -19 -13 -11 -13 -17 -25 -25 -13  -9  -8


DST1701*01  X220   0 -12 -12 -15 -22 -29 -31 -28 -21 -17 -16 -12 -14 -12 -10 -11 -11 -13 -15 -11  -9 -10 -10 -10  -7 -15
DST1701*02  X220   0  -4  -5  -7  -9 -11 -10 -11 -15 -14 -11 -12 -12 -16 -21 -27 -27 -24 -21 -18 -16 -14 -12 -13  -7 -14
DST1701*03  X220   0  -6  -6  -4  -3  -5  -4   1   6   3   7  -5 -16 -20 -19 -16 -15 -15 -21 -25 -19 -18 -20 -18 -16 -11
DST1701*04  X220   0 -11  -7  -3   2  12  12   8   3   0  -2  -4  -4  -5 -10  -6  -4 -15 -14 -16 -21 -23 -27 -22 -21  -7
DST1701*05  X220   0 -20 -18 -17 -17 -11  -6 -10 -10 -11 -10  -9  -5  -2  -1  -2  -3  -9 -16 -14  -9  -9 -13 -19 -32 -11
DST1701*06  X220   0 -29 -29 -28 -20 -16 -15 -18 -20 -15 -18 -18 -15 -12 -18 -19 -15 -15 -18 -17 -14 -14 -15 -13 -13 -18
DST1701*07  X220   0 -15 -17 -13 -12 -12 -15 -17 -15 -12 -10  -9 -10  -9 -16 -15 -13 -16 -18 -18 -19 -19 -21 -24 -20 -15
DST1701*08  X220   0 -16 -16 -16 -13 -12 -13 -14 -12 -12 -19 -17 -17 -18 -17 -15 -18 -23 -22 -20 -18 -20 -22 -27 -30 -18
DST1701*09  X220   0 -28 -24 -22 -21 -19 -17 -16 -13 -12 -11 -10 -13 -15 -16 -22 -20 -19 -18 -15 -12 -14 -16 -19 -18 -17
DST1701*10  X220   0 -20 -21 -19 -17 -17 -16 -11  -5  -4  -6  -8  -9 -10 -15 -12 -10 -16 -23 -21 -22 -22 -19 -17 -16 -15
DST1701*11  X220   0 -17 -13 -10  -8 -10 -13 -17 -15 -12  -7  -4  -2  -5 -11 -12 -10  -8 -10 -12 -13 -17 -19 -16 -13 -11
DST1701*12  X220   0 -10  -9  -6  -7  -7  -7  -6  -2   2   2   1   0  -2  -4  -5  -7  -7  -4  -3  -4  -6  -6  -7  -8  -5
DST1701*13  X220   0  -6  -5  -1   0  -1  -1   0   1   1   0  -2  -2  -3   1   2   0  -2   1  -1   1   0   2   1   1  -1
DST1701*14  X220   0  -7  -6  -2  -2  -2  -4  -2   0   3   4   3   2   3   1   0   2   2   3   5   4   5   6   3   3   1
DST1701*15  X220   0   4   5   5   5   7   8   8  10   9   8   5   7   7   3   6   4   2  -2  -3  -2  -3  -4  -5  -2   3
DST1701*16  X220   0   2   5   3   3   6   8   9  11  10   7   5   6   6   6   7   8   7   6   7   5   5   3   1   2   6
DST1701*17  X220   0   3   2   0  -1  -1   0   0   2   4   6   6   7   5   4  -1  -4  -3   1   5   7   9   8  10  18   4
DST1701*18  X220   0  21  24  27  33  33  17  11   4  -4 -12 -10  -7  -5 -15 -23 -22 -18 -17 -19 -19 -22 -17 -16 -16  -3
DST1701*19  X220   0 -19 -23 -29 -32 -25 -20 -16 -17 -23 -20 -17 -14 -12 -15 -13 -11 -11 -10 -14 -15 -15 -13 -12 -13 -17
DST1701*20  X220   0 -13 -14 -15 -13 -11 -10 -11  -7  -8 -11 -12 -11 -14 -14 -16 -12  -9 -11 -14 -12 -10  -8  -7  -9 -11
DST1701*21  X220   0 -14 -13 -10  -8  -7  -7  -9 -11  -8 -10  -8  -8 -11 -12  -9  -4   4  -3  -7 -15 -18 -15 -16 -12 -10
DST1701*22  X220   0 -11 -23 -28 -24 -12  -9  -8 -10 -12 -12 -13 -12 -16 -16 -12 -11 -11 -11  -7  -8 -10 -11 -10  -9 -13
DST1701*23  X220   0 -11 -14 -16 -14 -10  -8  -8  -5  -2  -3  -2  -3  -6  -7  -7  -5  -4  -5  -5  -7  -7  -9  -8  -6  -7
DST1701*24  X220   0  -9 -13 -15 -15 -12  -9  -8  -9  -8  -7  -6  -5  -6  -5  -4  -1   1  -5  -8  -8  -9  -8  -5  -2  -7
DST1701*25  X220   0   1   1  -4  -7  -9  -9  -9  -8  -4  -3  -2  -1   0  -1  -1   2   2   0   0   2   3   0  -1   1  -2
DST1701*26  X220   0   3   3   1   2   3   1   0   0   4   2   6  13  13   5  -4  -5  -3 -14 -24 -25 -21  -8  -3  -2  -2
DST1701*27  X220   0 -12 -22 -18 -18 -20 -16 -21 -27 -22 -20 -19 -13 -12 -14 -12 -11  -9 -11 -13 -14 -13 -14 -16 -13 -16
DST1701*28  X220   0 -10  -9  -7  -8  -9 -10 -11 -11 -11 -12  -9  -9  -9  -8  -6  -7  -9  -9  -9  -7  -9 -11 -12  -8  -9
DST1701*29  X220   0  -8 -11 -10 -11 -13 -13 -12 -11 -10  -9  -8  -5  -2  -4  -6  -3  -3  -6  -9  -7  -6  -4  -3  -3  -7
DST1701*30  X220   0  -4  -4  -3   1   4   6   8   7   5   7  13  15  15   5   2   1  -1  -5  -6  -4  -4  -6  -6   0   2
DST1701*31  X220   0   2   1   1  -1   1   1   0   5   8 -12  -8  -3  -8  -4  -4  -5 -22 -27 -29 -19 -22 -18 -21 -18  -8


DST1702*01  X220   0 -17 -24 -24 -25 -22 -25 -27 -31 -32 -42 -39 -27 -16 -15 -13  -7 -11 -14 -15 -11 -15 -15 -29 -28 -22
DST1702*02  X220   0 -19 -19 -19 -22 -23 -25 -21 -22 -22 -19 -18 -24 -22 -18 -15 -13 -15 -23 -25 -25 -24 -23 -27 -24 -21
DST1702*03  X220   0 -20 -16 -18 -21 -24 -20 -21 -28 -34 -34 -31 -26 -23 -22 -21 -21 -25 -27 -24 -24 -19 -21 -21 -21 -23
DST1702*04  X220   0 -20 -16 -14 -12 -17 -22 -23 -24 -23 -20 -18 -15 -13 -15 -15 -14 -15 -20 -21 -19 -17 -15 -14 -21 -18
DST1702*05  X220   0 -26 -27 -26 -19 -13 -16 -14 -11 -10 -16 -14 -15 -22 -22 -17 -10 -13 -22 -24 -21 -18 -15 -12 -12 -17
DST1702*06  X220   0 -12 -18 -18 -17 -18 -15 -13 -13 -15 -15 -12 -12 -12 -10  -6  -9  -9 -17 -22 -23 -19 -14 -16 -19 -15
DST1702*07  X220   0 -22 -21 -18 -16 -17 -17 -14 -14 -13 -14 -14 -18 -18 -15 -15  -9  -7 -10 -14 -16 -13 -11  -9  -8 -14
DST1702*08  X220   0  -7  -6  -6  -6  -6  -5  -5  -5  -3   1  -4  -4  -3  -3  -5  -2  -1  -1   1  -3  -4  -4  -1   3  -3
DST1702*09  X220   0   4   5   6   4   0  -2  -4  -7  -3  -2  -4   0  -2   2   4   4   5  -1  -6  -6 -12 -14 -15 -10  -2
DST1702*10  X220   0  -5  -6  -9  -8  -8  -8 -10 -14 -10  -8  -5  -1  -1  -3  -9 -11  -8  -9 -11 -11  -8  -4  -6  -7  -8
DST1702*11  X220   0  -9 -10  -5  -4  -8 -11 -10 -12 -14 -13 -11 -11  -8  -6  -6  -6  -6  -7  -7  -6  -3  -1   1   2  -7
DST1702*12  X220   0   4   8   9   9   7   6   6   4   3   3   3   1   1   0   0   0  -2  -3  -1   0   0  -1  -2   1   2
DST1702*13  X220   0   1   3   2  -3  -4  -1  -1  -3  -2  -5  -7  -7  -4  -2   0   2   1   4   3   4   3   1  -1   0  -1
DST1702*14  X220   0   4   6   7   6   6   5   7   9   9   8   8   6   5   4   3   4   4   4   5   7   6   4   1  -2   5
DST1702*15  X220   0  -3  -2  -1   1   5   7  11   8   1  -1  -2  -2   1   4   4   4   3   2   1  -2  -2   0   4   6   2
DST1702*16  X220   0   8  12  15  14   9   2  -1   0  -2  -1   0  -1  -4  -4  -9 -10  -6   4   2  -4  -3   0   3   6   1
DST1702*17  X220   0   6   6   6   4  -5 -15 -21 -13 -17 -25 -23 -19 -20 -19 -22 -20 -19 -27 -25 -18 -13 -18 -13 -17 -14
DST1702*18  X220   0 -22 -23 -27 -26 -21 -23 -22 -20 -15 -13 -12 -13 -13 -18 -19 -16 -15 -14 -14  -9   1   4  -1 -12 -15
DST1702*19  X220   0 -14 -12 -12 -15 -17 -19 -18 -16 -13  -8  -7  -9 -11 -14 -15 -15 -13 -15 -17 -14 -12  -9  -6  -5 -13
DST1702*20  X220   0  -4  -3  -2  -5 -13 -19 -19 -18 -16 -13 -12 -11 -11 -12 -11 -10 -15 -15 -16 -11 -11  -7  -3  -3 -11
DST1702*21  X220   0  -4  -2  -1  -2  -6  -6  -3  -4  -2   1   1   0  -1  -5  -6  -6  -1   1   4   8  11  13  11   5   0
DST1702*22  X220   0  -1  -2  -3  -6 -12 -15 -14 -15 -18 -17 -10 -10  -9  -5  -7  -9 -13 -19 -16  -9  -6  -3  -2  -3  -9
DST1702*23  X220   0  -3  -6  -4   1  -1  -4  -3  -1  -1   2   9   8   9   9   7   4  -4 -14 -14 -11  -6  -3   0  -2  -1
DST1702*24  X220   0  -7 -12 -15 -10 -15 -23 -18 -16 -15 -16 -15 -14 -14 -15 -13 -15 -18 -17 -16 -12  -9  -6  -6 -11 -14
DST1702*25  X220   0 -17 -18 -18 -18 -16 -16 -17 -17 -13  -9  -7  -6  -7 -10 -10 -10 -10 -10 -12 -10  -7  -5  -6 -10 -12
DST1702*26  X220   0 -14 -14 -12 -10 -10 -10 -10  -8  -6  -5  -2   0  -1  -2  -2  -2  -3  -2  -2   0   2   4   5   3  -4
DST1702*27  X220   0   0  -2  -4  -7  -6  -4  -6  -7  -6  -3  -3   0  -2   1   1  -2  -1   1   0  -6 -12 -13 -13 -12  -4
DST1702*28  X220   0 -13 -14 -16 -17 -13 -11  -8  -6 -10 -14 -11 -13 -12 -13 -16 -18 -19 -20 -19 -15 -16 -11  -6  -5 -13


DST1703*01  X220   0  -1  -2   1   2   8   4   6  13  10   4 -12  -8 -17 -18 -21 -39 -45 -36 -32 -34 -47 -62 -57 -51 -18
DST1703*02  X220   0 -52 -54 -49 -38 -35 -39 -41 -43 -41 -36 -38 -42 -42 -39 -40 -40 -40 -39 -37 -36 -38 -35 -28 -25 -39
DST1703*03  X220   0 -30 -36 -34 -27 -26 -29 -33 -35 -37 -37 -46 -39 -33 -34 -36 -37 -42 -44 -35 -28 -23 -19 -18 -19 -32
DST1703*04  X220   0 -21 -25 -29 -26 -32 -39 -37 -31 -31 -31 -27 -26 -22 -25 -29 -32 -32 -32 -29 -23 -22 -27 -32 -32 -29
DST1703*05  X220   0 -29 -26 -23 -20 -19 -21 -27 -24 -17 -15 -16 -19 -18 -21 -23 -24 -24 -28 -30 -26 -23 -25 -28 -28 -23
DST1703*06  X220   0 -28 -29 -26 -25 -21 -18 -17 -15 -19 -26 -26 -28 -32 -33 -35 -34 -36 -34 -31 -28 -27 -28 -29 -26 -27
DST1703*07  X220   0 -25 -25 -25 -26 -27 -26 -20 -17 -22 -28 -25 -21 -22 -23 -25 -26 -27 -28 -23 -29 -32 -29 -26 -19 -25
DST1703*08  X220   0 -25 -28 -27 -23 -21 -22 -20 -16 -14 -17 -13 -13 -14 -17 -17 -17 -16 -14 -17 -25 -22 -22 -22 -26 -20
DST1703*09  X220   0 -24 -28 -25 -25 -27 -25 -22 -20 -19 -21 -22 -21 -21 -26 -31 -36 -36 -36 -29 -24 -20 -20 -16 -15 -25
DST1703*10  X220   0 -16 -16 -19 -25 -27 -21 -20 -21 -27 -30 -19 -23 -24 -26 -27 -28 -27 -26 -24 -20 -18 -18 -17 -19 -22
DST1703*11  X220   0 -22 -23 -20 -16 -14 -12 -13 -15 -13 -14 -12  -9 -11 -13 -16 -19 -21 -21 -22 -22 -24 -21 -16 -18 -17
DST1703*12  X220   0 -19 -23 -23 -22 -22 -23 -22 -21 -22 -23 -19 -17 -19 -19 -23 -25 -24 -22 -21 -21 -21 -19 -17 -15 -21
DST1703*13  X220   0 -15 -15 -13 -10  -8  -6  -6  -5  -6  -6  -4  -4  -4  -1  -2  -3  -3  -5  -5  -6  -5  -4  -4  -5  -6
DST1703*14  X220   0  -5  -6  -9  -8 -10 -10  -8  -7  -8  -8  -8  -7  -5  -8 -11 -11 -10  -9 -10  -4  -9  -8  -7  -1  -8
DST1703*15  X220   0  -4  -5  -5  -3  -4  -8  -7  -5  -3  -1   6  13   9   3  -1   0   7   3   2   5   0   3   4   0   0
DST1703*16  X220   0  -6 -13 -18 -19 -16 -12  -9  -6  -8 -10 -10  -7  -8 -11 -11  -9  -6  -6  -6  -4  -8  -8 -12 -11 -10
DST1703*17  X220   0  -5  -5  -4  -4  -5  -3   0   1   3   4   4   3   1  -1  -2  -2  -1   0   0   2   0  -2  -4  -6  -1
DST1703*18  X220   0  -5  -5  -3  -1  -2  -2  -1   2   4   2   0   0  -1  -1  -1   1   3   4   4   4   1   1   4   4   1
DST1703*19  X220   0   2   2   5   5   5   2   0   0   2   3   4   5   7   5   3   2   0   0   0   1   1   3   0  -2   2
DST1703*20  X220   0  -3  -4  -5  -3  -1  -1   0   2   1  -2  -2  -1   1   3   5   4   2   1   2   2   3   4   3   8   1
DST1703*21  X220   0  10  15  19  20  12  16  19  -1  -4   4  11   6   4  -1  -9 -15 -23 -19 -24 -14 -18 -16  -9 -14  -1
DST1703*22  X220   0 -13 -16 -15 -14 -15 -24 -18 -15 -20 -18 -25 -29 -22 -16 -18 -16 -19 -18 -18 -15 -14 -12 -20 -32 -18
DST1703*23  X220   0 -32 -31 -34 -38 -35 -32 -26 -22 -19 -18 -13  -7  -4  -4  -6  -5  -9 -12  -5   2   4   5   3   3 -14
DST1703*24  X220   0   5   7   3  -1  -4  -6  -4  -7  -7  -6  -5  -3  -1  -1  -3   0  -2  -3  -3  -4  -5  -6  -9 -10  -3
DST1703*25  X220   0  -9  -7  -4  -4  -6  -8  -5  -4  -5  -8  -9  -4  -1  -1  -1  -3  -6  -7  -6  -3  -2  -4 -11 -12  -5
DST1703*26  X220   0 -12  -9  -7  -6  -5  -6  -7  -4  -3  -2  -1   2   3   2   1   2   1   1   0   4   8  13  11   9   0
DST1703*27  X220   0  11   9   5   3  -2 -17 -39 -29 -23 -39 -65 -51 -45 -63 -70 -69 -71 -58 -48 -45 -33 -37 -32 -30 -35
DST1703*28  X220   0 -39 -54 -49 -60 -53 -49 -41 -35 -36 -43 -32 -30 -28 -31 -25 -29 -32 -30 -28 -32 -33 -32 -30 -32 -37
DST1703*29  X220   0 -39 -38 -41 -38 -37 -34 -41 -39 -41 -34 -38 -29 -23 -23 -30 -32 -31 -30 -30 -26 -26 -31 -34 -32 -33
DST1703*30  X220   0 -31 -35 -33 -34 -37 -42 -33 -26 -26 -28 -26 -22 -22 -20 -20 -22 -18 -20 -21 -27 -23 -29 -37 -37 -28
DST1703*31  X220   0 -32 -33 -40 -45 -46 -40 -51 -35 -39 -36 -30 -30 -28 -29 -27 -30 -30 -32 -26 -22 -27 -23 -24 -24 -32


DST1704*01  X220   0 -24 -25 -27 -27 -29 -32 -31 -34 -37 -30 -30 -32 -28 -25 -31 -29 -25 -27 -28 -26 -28 -27 -28 -28 -29
DST1704*02  X220   0 -27 -31 -33 -32 -29 -29 -26 -21 -19 -20 -19 -15 -16 -18 -19 -21 -21 -19 -17 -18 -17 -19 -22 -22 -22
DST1704*03  X220   0 -23 -24 -24 -23 -18 -11  -4  -2  -7  -9 -12 -15 -17 -17 -18 -20 -18 -15 -13 -12 -13 -15 -16 -16 -15
DST1704*04  X220   0 -17 -17 -15  -7  -3 -18 -46 -56 -55 -58 -66 -66 -47 -35 -35 -36 -31 -27 -25 -25 -24 -25 -21 -20 -32
DST1704*05  X220   0 -19 -18 -18 -16 -13 -14 -11  -4  -5 -10  -8  -8  -9 -10 -10 -13 -11   0   3   4  -4 -10  -7  -9  -9
DST1704*06  X220   0 -10 -11 -13 -16 -17 -13  -6  -1  -1  -3  -5 -12 -21 -23 -24 -25 -24 -23 -21 -21 -20 -20 -22 -22 -16
DST1704*07  X220   0 -22 -26 -24 -21 -20 -15  -7  -7  -8  -4  -8 -10 -11 -12 -12 -12 -12 -11 -11  -5 -13 -13 -11 -17 -13
DST1704*08  X220   0 -18  -8 -13 -21 -23 -20 -16 -17 -24 -31 -28 -16 -11 -11 -11 -13 -14  -9  -8 -11 -10  -8 -21 -27 -16
DST1704*09  X220   0 -32 -33 -33 -34 -38 -29 -25 -28 -27 -26 -35 -33 -19 -19 -19 -24 -19 -17 -18 -18 -18 -15 -14 -12 -24
DST1704*10  X220   0  -9  -8 -10 -12 -10  -6  -2   3   4   7   5   6   5   3   3   2   2   1  -1  -1   1  -1  -1  -3  -1
DST1704*11  X220   0  -6  -3  -2  -3  -4  -4  -3 -11 -14 -15  -8  -7  -4  -5 -14 -15 -17 -13 -25 -21 -19 -15 -10  -7 -10
DST1704*12  X220   0  -6 -13  -9  -8 -12 -14 -11 -12 -12 -10 -12 -13 -16 -16 -16 -15 -14 -14 -13 -13 -10  -9 -10 -10 -12
DST1704*13  X220   0  -8  -6  -6  -9 -12 -13  -6   0   0  -3  -5  -5  -5  -5  -5  -4  -7 -11 -11  -9  -2  -1  -4  -6  -6
DST1704*14  X220   0  -7 -10 -13 -15 -22 -29 -29 -26 -28 -26 -25 -18 -22 -23 -22 -22 -25 -31 -30 -27 -28 -28 -25 -27 -23
DST1704*15  X220   0 -26 -25 -23 -23 -23 -22 -22 -18 -16 -15 -15 -14  -9  -7  -5  -8 -12 -15 -14 -14 -14 -12 -12  -8 -16
DST1704*16  X220   0  -8  -6  -5  -5  -7  -8  -6 -10 -15 -15 -17 -15 -12 -10 -10  -9  -9  -7  -3  -6  -8 -11  -9  -7  -9
DST1704*17  X220   0  -6  -5  -3  -2  -1  -1  -3  -8  -9  -6  -5  -6  -9  -7  -5  -5  -4  -3  -5  -6  -6  -6  -7  -5  -5
DST1704*18  X220   0  -2  -1   2   3   1   2   3   6   9   8   5   1  -2  -2   0   1   8   9  10  14  16  20  17  12   6
DST1704*19  X220   0  15  12   0 -11 -30 -43 -33 -29 -30 -20 -16 -16 -16 -13 -11  -5  -5  -5  -7  -7 -12  -4   2   9 -11
DST1704*20  X220   0   3 -14 -22 -43 -54 -43 -54 -51 -38 -39 -43 -44 -40 -32 -30 -31 -31 -32 -29 -29 -29 -20 -21 -22 -33
DST1704*21  X220   0 -20 -20 -21 -21 -21 -18 -17 -15 -13 -13 -13 -15  -9 -12  -7  -2  -1  -8 -18 -20 -31 -44 -40 -36 -18
DST1704*22  X220   0 -33 -31 -46 -49 -61 -47 -42 -49 -64 -63 -61 -53 -34 -33 -45 -57 -55 -47 -50 -44 -44 -41 -41 -51 -48
DST1704*23  X220   0 -43 -32 -33 -39 -50 -52 -50 -47 -61 -49 -46 -35 -33 -37 -41 -40 -40 -42 -40 -42 -53 -51 -49 -49 -44
DST1704*24  X220   0 -44 -41 -45 -50 -54 -45 -36 -44 -51 -47 -43 -35 -32 -31 -28 -31 -35 -40 -45 -44 -39 -38 -40 -37 -41
DST1704*25  X220   0 -38 -41 -44 -46 -39 -32 -34 -38 -37 -29 -28 -25 -28 -29 -27 -27 -29 -29 -31 -35 -38 -37 -37 -36 -34
DST1704*26  X220   0 -33 -32 -30 -30 -29 -27 -22 -24 -24 -25 -26 -25 -22 -24 -23 -25 -25 -28 -32 -38 -37 -30 -24 -22 -27
DST1704*27  X220   0 -23 -27 -31 -33 -34 -36 -36 -36 -32 -30 -27 -24 -20 -20 -20 -21 -21 -20 -23 -27 -25 -22 -18 -15 -26
DST1704*28  X220   0 -13 -13 -12 -14 -19 -28 -29 -30 -30 -31 -30 -25 -20 -17 -15 -14 -19 -22 -22 -24 -26 -28 -29 -27 -22
DST1704*29  X220   0 -24 -21 -17 -18 -17 -18 -17 -16 -23 -25 -23 -19 -16 -16 -18 -14 -12 -11 -13 -16 -18 -18 -20 -22 -18
DST1704*30  X220   0 -20 -19 -14 -11 -12 -16 -15 -14 -15 -13 -11 -13 -11  -9  -8  -6  -4  -4 -10 -15 -15  -8  -2   2 -11


DST1705*01  X220   0   4  -2  -2  -4 -11 -12  -5   0   0   0   1   0  -1   0   0   2   1   0   0  -3  -6  -5  -3  -3  -2
DST1705*02  X220   0  -2  -2   1   0  -6  -2   1   3   0   2   1  -5  -4  -2   2   5   3   2   2   0  -2  -5  -8  -7  -1
DST1705*03  X220   0  -2   1   3   3   3   3   4   3   0  -1  -3  -5  -3   0  -1   2   2   4  -1  -2  -2  -2  -1   1   0
DST1705*04  X220   0   4   8   8   6   3   5   6   4   3   5   2   2  -1  -2   0   0   0   1   2  12  12   5   6   1   4
DST1705*05  X220   0  -1  -1   1   8   7   3   1   2   2   2   2   2   1  -2  -4  -3  -2  -1  -1   1   3   4   4   4   1
DST1705*06  X220   0   6   7  11   8   8  12  10   9  11  15  19  13   9   6   3   5   6   7  10   7   5   3   2   3   8
DST1705*07  X220   0   3   2   3   0  -4  -4  -2  -5  -6   1   4   3   3   0  -3  -7 -10 -11 -14 -14 -13 -13 -13 -12  -5
DST1705*08  X220   0 -12  -7  -3  -5  -5  -8 -10  -6  -1   2   5   7   7   7   7   2  -3  -6  -5  -4  -7  -8  -6  -5  -3
DST1705*09  X220   0  -5  -3  -1   0  -2  -6  -6  -1   2   5  10   8   8   6  16  24  23  13   8   4  -2  -3   0   1   4
DST1705*10  X220   0   5   6   4   1   0   3   4   3   4   5   5   6   7  10   6   4   7   8   6   4   0   1   0   2   4
DST1705*11  X220   0   8  10  10   9   6  -4   2   3   6   8   7   5   7   7  10   8  11  16  17  14  10  11  11  15   9
DST1705*12  X220   0  18  16  11   7   1   1   3   6   3   7   7   6   2   3   5   3   1  -1  -4  -5  -6  -3   0  -1   3
DST1705*13  X220   0  -2  -2   1  -1  -3   1   6  10  11  11  10  10   8   8   7   8   9   8   5   4   5   8  10   8   6
DST1705*14  X220   0   5   2   7   8  14  14  22  23  26  31  36  27  17  10  11   7   3   3   0   1   9   9  10   9  13
DST1705*15  X220   0   8   8   9  12  14  21  20  21  20   3  -2  -5   3  13  11  15  15  11   8   4   2   5   6   7  10
DST1705*16  X220   0   5   1  -7 -11 -12  -8  -8  -4  -2  -3   0   3   1  -3  -5  -1   1   1   2  -1  -4  -6  -4  -3  -3
DST1705*17  X220   0  -1  -2  -1  -2   0   0  -4 -13 -17 -17  -9  -4  -9 -10  -9  -7  -6  -7  -5  -5  -4  -2  -3  -1  -6
DST1705*18  X220   0  -4  -7  -5  -9 -26 -35 -31 -24 -18 -17 -12  -9  -9  -8  -6   0   1   1  -1  -3  -4  -2  -1   0 -10
DST1705*19  X220   0  -1  -4   0  14  14  19  20  15   3   1   3   6   6   2  -3 -11 -14 -18 -22 -26 -26 -25 -20 -14  -3
DST1705*20  X220   0  -8 -18 -32 -27 -18 -17 -23 -36 -44 -31 -30 -30 -31 -40 -40 -30 -27 -29 -32 -29 -32 -31 -27 -25 -29
DST1705*21  X220   0 -24 -21 -21 -22 -25 -27 -27 -27 -32 -29 -27 -23 -21 -20 -21 -21 -21 -20 -19 -20 -17 -17 -19 -18 -22
DST1705*22  X220   0 -18 -19 -18 -17 -20 -23 -20 -14 -17 -20 -14 -16 -19 -20 -17 -17 -19 -20 -20 -19 -20 -23 -23 -16 -19
DST1705*23  X220   0 -13 -15 -21 -25 -24 -25 -21 -17 -15 -15 -12 -13 -17 -18 -19 -18 -15 -15 -16 -15 -16 -17 -15 -13 -17
DST1705*24  X220   0 -13 -15 -16 -15 -17 -14 -11  -8  -9 -10 -10  -9 -11 -15 -17 -16 -15 -15 -11  -8  -9 -10 -10 -10 -12
DST1705*25  X220   0 -11 -12 -11 -10 -11 -10  -8  -5  -4  -5  -4   0  -1  -4  -3  -3  -4  -4  -5  -7  -8  -7  -7 -11  -6
DST1705*26  X220   0 -12 -10  -7  -3   0   2   2   1   0   2   2  -2  -3  -2  -1   0   0   0   0   2   2   0  -1  -4  -1
DST1705*27  X220   0  -5  -6  -6  -2  -2   0   1   2   3   3   4   3   2   2   2  10  23  25  29  30  34  35  11 -28   7
DST1705*28  X220   0 -51 -69 -84 -95-102-115-132-146-130-116-113 -96 -83 -70 -71 -70 -66 -64 -60 -57 -55 -48 -39 -31 -82
DST1705*29  X220   0 -28 -26 -25 -25 -25 -23 -21 -18 -14  -8 -11 -13 -11 -13 -22 -33 -37 -39 -42 -40 -40 -38 -34 -32 -26
DST1705*30  X220   0 -27 -17 -16 -26 -30 -26 -23 -19 -20 -21 -26 -26 -25 -24 -23 -22 -22 -22 -22 -20 -21 -24 -22 -22 -23
DST1705*31  X220   0 -21 -20 -19 -19 -16 -16 -17 -19 -19 -20 -21 -20 -16 -11 -12  -9  -9  -7  -6  -3   0   6  10  11 -11


DST1706*01  X220   0  12  11   6   5   3   4   1   0   5   3   6   7   9  13  12  14  18  23  18   7   0  -2   6   5   8
DST1706*02  X220   0  -2  -9 -11  -8  -3  -2   1   1  -4  -4  -3  -3  -3  -4  -3   0   0   0   0  -3  -5  -5  -5  -4  -3
DST1706*03  X220   0  -5  -5  -5  -2  -3   0   2   3   7  15  20  22  13  -1  -8 -14 -18 -10 -13 -11 -13 -12 -11 -10  -2
DST1706*04  X220   0 -10 -14 -15 -15 -14 -11  -9  -9  -9  -9  -9  -7  -8  -7  -7  -5  -5  -6  -5  -3  -4  -4  -3   1  -8
DST1706*05  X220   0   0   0   0   0  -1   2   2   4   0  -1   2   6   6   6   3   6   9   7   6   6   5   3   2   3   3
DST1706*06  X220   0   0  -1  -5  -7 -12  -9  -6   0  -1   2   2  -1  -1   1   5   9  10   9   5   4   2   2   3   3   1
DST1706*07  X220   0   1  -2  -3  -5  -1   3  10   9   7   5   4   3   2   5   9  11   6   5   4   3   4   3   6   6   4
DST1706*08  X220   0   8   5   7   6   6   7   6   4   3   2   3   5   4   0   0   2   2   2   2   0   1   4   6   9   4
DST1706*09  X220   0   5   6  10  13  11  10   9   7   6   7   6   5   4   5   5   7   7   5   4  -1  -4  -4  -2   0   5
DST1706*10  X220   0   1   3   6   8   7   9   7   8   7   7   8  10  13  15  15  13  12  11   9   7   8   8   9   8   9
DST1706*11  X220   0   7   8  13  18  18  15  12  10   4  -2  -1   5  14  19  22  12   6   1  -5 -10  -9  -6  -8  -8   6
DST1706*12  X220   0  -8  -6  -6  -7  -7  -6  -5  -3  -2  -3   0   1  -3  -1  -3  -3   1   3   3  -1  -4  -4   0  -3  -3
DST1706*13  X220   0  -7  -7  -6  -5  -3   0   4   5   3  -1  -5   1   1   2   3   4   3   1   0  -2  -2  -1  -4  -2  -1
DST1706*14  X220   0  -3  -5  -5  -3  -4  -5  -5  -2  -2  -2  -2  -5  -7  -6  -2   2   1  -3  -5  -7  -3   1   1   0  -3
DST1706*15  X220   0  -3  -3  -2   5   6   5   5   6   7   7   8   9  10   9   7   7   9   9   9   6   6   9  12  16   7
DST1706*16  X220   0  16  17  20  24  25  24  29  33  19  -6  -4   2   6   8   4 -11 -18 -12 -17 -23 -19 -17 -18 -27   2
DST1706*17  X220   0 -27 -26 -20 -18 -25 -18 -13  -9  -7  -8 -14 -10  -4  -6  -8  -8  -8  -5  -4 -12 -15 -12 -13 -11 -13
DST1706*18  X220   0 -14 -22 -27 -22 -18 -13 -11  -9 -18 -18 -14 -12 -12 -13 -11 -11 -13 -14 -14 -16 -16 -17 -12 -12 -15
DST1706*19  X220   0 -13 -16 -14 -11 -15 -14 -16 -15 -16 -15 -12 -11  -9 -11 -11 -11 -10 -12 -16 -19 -17 -14 -12 -10 -13
DST1706*20  X220   0  -9 -10 -11 -11  -8  -5  -6  -4  -5  -5  -6  -7  -8  -8  -7 -10 -12 -10  -7  -8  -6  -5  -6  -3  -7
DST1706*21  X220   0  -5  -7  -6  -4  -3  -3   0   0   2   4   1  -5  -6  -9 -11  -8  -7  -7 -12 -17 -19 -20 -19 -19  -8
DST1706*22  X220   0 -20 -18 -15 -17 -20 -21 -19 -15 -11  -7  -5  -5  -5  -5  -4  -4  -2   0   0   0   4   7   7   9  -7
DST1706*23  X220   0  14  16  16  16  13  11  12  14  12  13  11   9   8  12  12  12  10  11   7   8  11  16  14   4  12
DST1706*24  X220   0   1   0   0  -5  -9  -8 -12 -12  -4   2  -5 -13 -11  -4  -2  -3  -5  -8  -8  -5  -1  -1   1  -1  -5
DST1706*25  X220   0  -3  -3  -2   0  -5 -13 -30 -31 -17  -2  -2  -5  -2   0   0   0  -1   1  -3  -5 -10 -16 -13  -9  -7
DST1706*26  X220   0 -10  -8  -8  -6  -4  -5  -5  -1   2  -2 -11  -6  -4  -2  -3  -4  -4  -5  -2  -2  -5  -2  -2  -5  -4
DST1706*27  X220   0  -8 -10  -7  -9 -12  -9 -12  -8  -6  -2  -1  -2   1   3   1   4   2   0  -1  -2  -3  -2   1   1  -3
DST1706*28  X220   0   3   4   1  -2  -4  -5  -2  -1  -3   1   2   2   3   5   4   2   1  -1   0   1   5   8   8   7   2
DST1706*29  X220   0   6   8   8   6  10   8  -2   3   3  -2  -2  -1  -4  -5  -4  -3  -2   1   0  -3  -4  -4  -2   1   1
DST1706*30  X220   0   4   7   6   2  -1   1   1   4   8   9   6   5   6   6   8  10  11  10  11   9   7   6   8  12   7


DST1707*01  X220   0  14  12   9   6   3 -12 -13  -8   0   8   7   2   3   4  -1  -5  -5   6  10   8  11   9   2  -2   3
DST1707*02  X220   0   6   0   4   5   4 -10 -18 -22 -23 -16  -3   1 -10 -17 -18 -13 -10  -9  -9  -1   2   0  -4  -1  -7
DST1707*03  X220   0   4  10   9  12   5  -5  -7  -6  -2  -2   0  -4  -1   1   0   0  -1   0   0   0  -4  -5  -3  -4   0
DST1707*04  X220   0  -2   0   1  -4  -8  -8  -7  -5   0   4   6   5   5   5   3   2   1  -1  -3  -4  -6  -7  -6  -2  -1
DST1707*05  X220   0  -2  -3  -5  -6  -5  -4  -4  -4  -3  -1   0   0  -1   0   1   2   2   1   1  -1  -4  -4  -3   0  -2
DST1707*06  X220   0   6  10  12  11  10   9   6   5  10  13  12  12  12  10   8   6   4   1  -3 -10 -11  -9  -9 -13   4
DST1707*07  X220   0 -11  -5  -5  -4  -1  -4  -2   2   5   7   5   6   7   6   1   0   0   0  -1   0  -2  -3  -2   0   0
DST1707*08  X220   0   1   1   2   1  -1  -2   0   3   7   9   7   6   7   7   6   5   6   4   0  -3  -2   1   2  -1   3
DST1707*09  X220   0   6   7  -3   8  10  14  -1   2   9   1 -26 -17  -7  -9  -7  -7  -9 -18 -17 -25 -24 -20 -17 -24  -7
DST1707*10  X220   0 -27 -24 -22 -33 -27 -24 -25 -23 -19 -14 -10  -9 -10  -7  -6  -4  -3  -2  -6  -9  -9  -7  -4  -2 -14
DST1707*11  X220   0   1   2  -1   0  -6 -17 -18 -19 -16 -10  -6  -1   0   0  -4  -4  -6  -8  -9 -13 -10  -5  -4  -8  -7
DST1707*12  X220   0  -7  -2  -2  -2  -6 -11 -16 -14 -10  -8  -7  -6  -4  -4  -7  -5  -5  -5  -6  -8  -7  -4  -2  -2  -6
DST1707*13  X220   0  -3  -5  -4  -5  -6  -6  -5  -4  -2   2   3   0   1   2  -1  -2  -2  -2  -3  -5  -4  -3  -3  -4  -3
DST1707*14  X220   0  -5  -3   1   4   2  -3  -3   1   6   7   9   8  10   7   4   4   3   6  11  14  16  12  11   8   5
DST1707*15  X220   0   3   3   6   4   3   0   1   2   5   5  10   8  10  11  11  12  10   7   8  10  10   7   6   6   7
DST1707*16  X220   0   5  10  14  14  12   8  45  19 -13  -7 -23 -37 -65 -71 -64 -68 -56 -48 -38 -38 -37 -46 -36 -30 -23
DST1707*17  X220   0 -39 -42 -44 -43 -38 -48 -64 -69 -55 -57 -61 -51 -39 -38 -39 -37 -47 -42 -39 -38 -37 -30 -28 -29 -44
DST1707*18  X220   0 -29 -27 -26 -31 -33 -39 -37 -35 -36 -32 -32 -31 -29 -28 -29 -29 -29 -32 -35 -35 -31 -29 -30 -30 -31
DST1707*19  X220   0 -27 -25 -23 -24 -25 -28 -29 -27 -23 -22 -20 -18 -16 -15 -14 -13 -13 -14 -13 -15 -15 -15 -13 -11 -19
DST1707*20  X220   0  -7  -3   1   0  -3  -4  -6  -3   0   2   1   8  10  10   9   8   8   4   5   2  -2 -10  -6  -7   1
DST1707*21  X220   0  -6 -15 -26 -26 -20 -15 -23 -36 -30 -23 -16 -11 -11 -13 -17 -21 -20 -17 -14  -9  -7  -8  -6  -5 -16
DST1707*22  X220   0  -6  -2   4  -6 -17 -20 -22 -22 -29 -30 -26 -19  -9  -7  -8  -9 -14 -15 -12 -10 -13 -15 -16 -16 -14
DST1707*23  X220   0 -20 -17 -10  -6 -14 -24 -32 -36 -29 -28 -22 -27 -28 -22 -12 -14 -16 -18 -20 -20 -15 -17 -24 -19 -20
DST1707*24  X220   0 -12  -5  -1   0  -4 -12 -17 -22 -14 -12 -10  -9 -11  -8  -8  -7  -7  -9  -8 -10 -11 -16 -18 -23 -11
DST1707*25  X220   0 -23 -18 -13  -8  -6  -8 -12 -20 -18 -12  -4  -1   1   1   2  -3  -7 -10 -16 -18 -17 -12 -14 -21 -11
DST1707*26  X220   0 -16 -12 -10  -4  -5 -10 -14 -23 -20 -13 -10  -9  -7  -9  -8  -7  -7 -11 -15 -16 -19 -21 -22 -23 -13
DST1707*27  X220   0 -28 -27 -23 -20 -18 -20 -19 -19 -18 -16 -13  -8  -8  -8 -10 -11 -10  -6  -4  -5  -3  -1  -4  -3 -13
DST1707*28  X220   0  -2  -3  -4  -7  -8 -14 -15 -14 -10  -7  -9 -10  -7  -4  -5  -4  -8  -9 -10 -14 -11 -13 -10  -8  -9
DST1707*29  X220   0  -8  -9  -6  -7  -8 -10 -13 -13 -13 -16 -17 -14 -10  -7  -6  -7  -9 -14 -16 -17 -14 -11  -8  -8 -11
DST1707*30  X220   0  -3  -2   4   4  -1  -4  -7  -8 -12 -12 -10  -7  -4  -2  -2  -1  -1  -1  -2  -5  -2   2   2   0  -3
DST1707*31  X220   0  -3  -2  -5  -3   1   6   5   2  -2  -3  -2  -1  -2  -1  -1   1   1  -3  -3  -1   4   9  11  10   1


DST1708*01  X220   0   5   4   2   0  -3  -1   3   7   6   3   3   7   6   2   6   3   4   2   1   1   3   3   3   5   3
DST1708*02  X220   0   1   2   3   6   5   7   5   6   4   4   3   2   3   4   3  -5  -5  -4  -4  -5  -6  -7  -3  -1   1
DST1708*03  X220   0  -1   1   1   2  -1  -3  -3   0   1   4   6  11  12  12  11   8   5  -1  -1  -3   1   5   5  14   4
DST1708*04  X220   0  20  31  29  30  35  29  17  10 -12 -24 -22 -33 -27 -25 -32 -32 -28 -29 -26 -24 -20 -19 -14 -14  -8
DST1708*05  X220   0 -15 -15 -10  -9 -19 -29 -27 -30 -25 -18 -18 -20 -19 -18 -17 -11 -11 -15 -14 -17 -17 -17 -19 -20 -18
DST1708*06  X220   0 -23 -18 -12  -7  -8 -11  -9 -10 -12 -20 -22 -19 -16 -15 -15 -15 -14 -16 -20 -19 -16 -12 -12  -9 -15
DST1708*07  X220   0  -8 -10  -8 -10  -9  -7  -8 -11 -15 -17 -15 -15 -16 -15 -11 -11 -10 -10  -9  -7  -7  -5  -4  -6 -10
DST1708*08  X220   0 -11 -15 -15 -16 -11  -9  -5  -5  -9 -10  -8  -7  -3   0   1   3   2  -3  -4  -2   4   9   9   5  -4
DST1708*09  X220   0   2   0  -4  -4  -2  -1  -3  -3   0  -1  -3  -1  -3  -6  -4  -3  -2   0   0  -3  -4  -5  -3  -1  -2
DST1708*10  X220   0  -1   0   1   0   0   0   0  -4  -5  -5  -4  -6  -8  -4  -2   2   3   3   3   7  10   9   6   1   0
DST1708*11  X220   0  -1   5  11   9   4  -5  -6  -4   0   3   6   4   3   2   2   3   2   4   5  -3  -1   7   9  10   3
DST1708*12  X220   0   6  -1  -2  -4  -1   1   2  -1  -6   1   3   7   6   3   3   2   4   4   3  -3  -7  -8  -6  -5   0
DST1708*13  X220   0 -11 -11  -8  -8  -4  -3  -3  -4  -3  -3  -1  -3  -5  -6  -3  -1  -2  -3  -8  -7  -4   0   1   1  -4
DST1708*14  X220   0  -6  -9 -10  -7  -5  -7  -7  -6  -5  -6  -3  -4  -5  -8  -6  -5  -5  -5  -8  -6  -2   2   4   1  -5
DST1708*15  X220   0   0  -1   0  -4  -3  -2   0   2   2   0   2   3   1   0   0   2   4   3   4   7   8   8   7   7   2
DST1708*16  X220   0   9  12   8   6   6   4   1  -6  -8  -2   3   4   1  -2   2   3   4   3   3   4   5   5   3   7   3
DST1708*17  X220   0   9   5   7   3  -2  -2   4   6 -13 -28 -36 -33 -31 -33 -27 -27 -26 -26 -28 -25 -22 -21 -23 -21 -16
DST1708*18  X220   0 -21 -20 -15 -16 -16 -12 -11 -17 -20 -16 -10 -10 -14 -16 -24 -20 -15 -20 -24 -25 -21 -10  -8  -9 -16
DST1708*19  X220   0 -12 -16 -16 -16 -16 -27 -33 -24 -51 -41 -23 -24 -16 -18 -16 -16 -12 -12 -16 -15 -12 -14 -12 -17 -20
DST1708*20  X220   0 -25 -28 -27 -41 -41 -35 -34 -34 -26 -26 -26 -21 -17 -17 -16 -18 -18 -15 -14 -18 -17 -22 -23 -20 -24
DST1708*21  X220   0 -16 -15 -16 -16 -17 -15 -13 -13 -18 -23 -22 -15 -11  -9 -10 -12 -10 -10  -8  -8  -7  -6  -3  -3 -12
DST1708*22  X220   0  -4 -14 -24 -29 -25 -20 -31 -33 -30 -30 -30 -25 -22 -19 -19 -19 -14  -7  -1  -2  -7  -8 -14 -17 -19
DST1708*23  X220   0 -17 -22 -24 -31 -33 -36 -38 -38 -47 -44 -39 -41 -52 -52 -43 -42 -43 -43 -32 -40 -36 -35 -39 -39 -38
DST1708*24  X220   0 -36 -30 -26 -26 -32 -35 -35 -38 -36 -31 -30 -33 -35 -35 -29 -19 -17 -18 -18 -14 -14 -20 -22 -21 -27
DST1708*25  X220   0 -21 -18 -16 -15 -19 -17 -16 -15 -11  -9  -5  -3  -3  -6 -10 -12  -9  -9  -9  -8 -12 -13 -12 -12 -12
DST1708*26  X220   0 -11 -11 -11 -12 -12 -10  -9 -10  -7  -7  -7  -6  -7  -7  -9  -7  -4  -6  -6  -6  -7  -8  -8  -9  -8
DST1708*27  X220   0  -9  -8 -12 -13 -13  -7  -1  -3  -4  -8 -18 -19 -11  -7  -5  -7  -7 -15 -20 -29 -33 -39 -39 -36 -15
DST1708*28  X220   0 -32 -30 -28 -26 -26 -26 -22 -21 -23 -24 -26 -28 -24 -20 -18 -19 -20 -17 -12  -9  -8 -10 -11 -10 -20
DST1708*29  X220   0  -8  -1   1   2   0  -6  -7  -6  -1   2   0  -3  -5  -3  -2  -2   0   9  12   7  -6  -8  -9  -9  -2
DST1708*30  X220   0  -9 -12 -16 -16 -13 -11  -6  -2  -2  -5  -7  -7  -6  -6  -5  -3  -1   1   2   3   3   2   2  -1  -5
DST1708*31  X220   0  -1  -1   9  10  11  21  60  37  -1 -42 -57 -68 -63 -63 -62 -58 -53 -43 -43 -42 -42 -38 -36 -34 -25


DST1709*01  X220   0 -33 -37 -34 -30 -29 -20 -14 -15 -11 -26 -44 -45 -29 -28 -31 -32 -26 -24 -21 -21 -22 -27 -27 -27 -27
DST1709*02  X220   0 -21 -17 -26 -32 -44 -35 -25 -33 -39 -48 -41 -34 -28 -28 -30 -27 -23 -19 -19 -24 -23 -24 -24 -23 -29
DST1709*03  X220   0 -23 -26 -26 -25 -24 -24 -17 -13 -13 -16 -22 -25 -24 -21 -21 -18 -19 -19 -16 -15 -16 -15 -12 -12 -19
DST1709*04  X220   0 -20 -23 -24 -32 -28 -24 -18 -10 -10 -11 -12 -11 -16 -20 -20 -16  -9  -4 -10 -11  -6 -10 -12 -14 -15
DST1709*05  X220   0 -12 -13 -22 -27 -27 -24 -19 -18 -11  -9  -8  -8 -13 -19 -20 -19 -17 -17 -20 -17 -16 -16 -18 -14 -17
DST1709*06  X220   0 -12 -10 -10 -10  -3  -6  -4  -4  -4  -4  -6  -8  -3 -10 -20 -21 -16 -16 -16 -13 -13 -16 -18 -10 -11
DST1709*07  X220   0  19  29  24  15  -2 -14  -6 -17 -23 -26 -27 -28 -17 -17 -21 -25 -19 -16 -12  -7  -8 -18 -44 -86 -14
DST1709*08  X220   0-128-148-132-116-130-119-114-112 -89 -73 -66 -65 -90-114-116-123-108-117-101-103-106 -98-108-100-107
DST1709*09  X220   0 -96 -94 -91 -87 -84 -83 -79 -72 -70 -68 -70 -68 -65 -67 -67 -66 -64 -60 -59 -58 -59 -60 -62 -64 -71
DST1709*10  X220   0 -63 -63 -63 -61 -56 -52 -48 -43 -41 -43 -45 -45 -45 -47 -48 -48 -50 -46 -43 -38 -45 -49 -58 -51 -50
DST1709*11  X220   0 -48 -47 -48 -44 -43 -45 -44 -41 -35 -31 -35 -30 -28 -27 -28 -31 -30 -30 -29 -29 -32 -36 -37 -41 -36
DST1709*12  X220   0 -35 -33 -33 -28 -25 -22 -19  -9 -12 -20 -29 -41 -45 -42 -37 -35 -31 -31 -27 -24 -11  -9 -15 -27 -27
DST1709*13  X220   0 -49 -41 -38 -39 -49 -56 -46 -45 -42 -34 -32 -28 -25 -26 -28 -32 -31 -28 -27 -28 -31 -35 -36 -34 -36
DST1709*14  X220   0 -33 -25 -22 -24 -27 -28 -25 -22 -19 -15 -18 -10   1  -4 -12 -37 -42 -47 -50 -49 -52 -47 -44 -41 -29
DST1709*15  X220   0 -51 -47 -46 -50 -55 -47 -41 -41 -30 -38 -30 -36 -26 -36 -42 -46 -40 -32 -26 -32 -32 -36 -36 -41 -39
DST1709*16  X220   0 -40 -45 -52 -54 -62 -71 -56 -44 -37 -40 -38 -36 -29 -35 -39 -44 -45 -42 -36 -34 -35 -33 -36 -37 -43
DST1709*17  X220   0 -36 -34 -36 -43 -44 -39 -36 -21 -17 -17 -17 -19 -19 -34 -39 -40 -47 -47 -41 -35 -34 -36 -35 -30 -33
DST1709*18  X220   0 -26 -26 -34 -38 -39 -37 -39 -48 -53 -34 -35 -42 -44 -37 -37 -36 -32 -34 -34 -28 -29 -34 -33 -32 -36
DST1709*19  X220   0 -26 -22 -20 -20 -23 -26 -24 -21 -16 -16 -22 -29 -29 -26 -26 -26 -27 -29 -25 -27 -29 -37 -43 -41 -26
DST1709*20  X220   0 -37 -37 -40 -42 -39 -36 -33 -28 -25 -25 -25 -33 -32 -29 -25 -23 -23 -22 -20 -18 -17 -17 -18 -17 -28
DST1709*21  X220   0 -17 -17 -20 -23 -26 -27 -27 -24 -24 -26 -25 -24 -20 -18 -22 -23 -21 -16 -16 -20 -23 -31 -33 -35 -23
DST1709*22  X220   0 -31 -30 -28 -26 -23 -23 -22 -21 -15 -11 -15 -17 -19 -17 -16 -17 -18 -23 -28 -28 -28 -28 -28 -25 -22
DST1709*23  X220   0 -22 -20 -18 -16 -16 -23 -24 -19 -18 -13 -11 -10 -14 -13 -13 -13 -15 -16 -17 -21 -21 -22 -24 -21 -18
DST1709*24  X220   0 -18 -14 -12 -12 -14 -14  -9  -3  -1  -2  -3  -4  -9 -11 -15 -14  -5   1   2  -2  -5  -5  -7 -10  -8
DST1709*25  X220   0 -16 -17 -14 -17 -18 -18 -16 -12 -11 -11 -13 -14 -14 -15 -17 -18 -17 -14 -12  -9  -9  -8  -9  -8 -14
DST1709*26  X220   0  -4  -4  -6  -6  -7  -7  -4  -2   1  -1  -2  -2   0   1   0  -2  -2  -1   1   1   2   2   2   5  -1
DST1709*27  X220   0  11   4   1   6  15  21  19 -12 -37 -37 -31 -24 -31 -52 -53 -49 -39 -33 -27 -31 -38 -52 -59 -52 -24
DST1709*28  X220   0 -44 -59 -71 -72 -75 -81 -94 -85 -98 -94 -77 -61 -57 -53 -59 -55 -48 -47 -45 -40 -41 -52 -56 -55 -63
DST1709*29  X220   0 -50 -48 -48 -46 -42 -45 -38 -28 -27 -33 -33 -34 -29 -36 -38 -40 -38 -38 -38 -34 -36 -41 -44 -42 -39
DST1709*30  X220   0 -38 -34 -32 -31 -32 -39 -42 -32 -38 -35 -35 -31 -31 -33 -40 -37 -39 -43 -44 -40 -38 -38 -43 -40 -37


DST1710*01  X220   0 -37 -39 -35 -31 -26 -25 -25 -32 -33 -26 -23 -21 -24 -24 -25 -30 -30 -27 -31 -31 -32 -35 -37 -35 -30
DST1710*02  X220   0 -30 -27 -25 -30 -28 -23 -21 -19 -18 -22 -22 -25 -22 -23 -24 -23 -22 -23 -24 -24 -24 -25 -24 -22 -24
DST1710*03  X220   0 -19 -18 -21 -25 -30 -28 -24 -16 -20 -19 -18 -17 -16 -17 -18 -17 -18 -21 -23 -22 -22 -21 -19 -16 -20
DST1710*04  X220   0 -14 -11 -12 -14 -14 -13 -10  -6  -9 -15 -16 -16 -14 -14 -13 -12 -15 -19 -20 -18 -20 -26 -35 -33 -16
DST1710*05  X220   0 -24 -20 -18 -16 -13 -10  -8  -7  -8 -10 -11 -11 -10 -10  -8  -3  -4  -9 -12 -11 -10 -12 -13 -11 -11
DST1710*06  X220   0  -8 -15 -17 -19 -23 -26 -21 -12 -14 -18 -21 -16 -15 -14 -16 -16 -16 -18 -16 -16 -18 -24 -25 -24 -18
DST1710*07  X220   0 -20 -17 -14 -14 -11  -7  -4  -3  -5  -9 -11 -10 -12 -11 -13 -12 -15 -15 -16 -15 -14 -13 -11  -6 -12
DST1710*08  X220   0  -3  -3  -1  -3  -8  -7  -6  -6  -7  -8  -9  -9  -9  -9 -10 -10 -10 -10 -11 -11 -11  -9  -9  -9  -8
DST1710*09  X220   0 -10 -12  -8  -3  -2  -2  -5  -5  -3  -2  -2  -1  -2  -3  -4  -6  -7  -5  -4  -5  -5  -4  -3  -3  -4
DST1710*10  X220   0   0  -1  -1   1   3   5   5   6   5   3   1   0  -1  -1   0   0  -1  -2  -1   0   1   2  -1  -8   1
DST1710*11  X220   0 -14 -10  -6  -3 -10 -25 -28 -23 -31 -31 -24 -28 -30 -20 -21 -23 -28 -34 -40 -40 -39 -36 -37 -31 -26
DST1710*12  X220   0 -33 -26 -31 -42 -49 -47 -46 -47 -52 -42 -36 -39 -39 -33 -43 -35 -35 -38 -37 -36 -35 -38 -35 -32 -39
DST1710*13  X220   0 -28 -23 -22 -29 -41 -33 -25 -20 -21 -24 -39 -53 -53 -48 -43 -34 -41 -50 -47 -40 -46 -46 -40 -46 -37
DST1710*14  X220   0 -45 -46 -40 -44 -58 -70 -54 -43 -40 -39 -36 -42 -38 -35 -36 -34 -31 -26 -26 -30 -33 -30 -29 -27 -39
DST1710*15  X220   0 -29 -43 -47 -49 -60 -58 -48 -42 -35 -31 -33 -38 -48 -48 -34 -40 -41 -49 -49 -43 -37 -36 -34 -29 -42
DST1710*16  X220   0 -22 -20 -21 -24 -32 -30 -24 -23 -23 -30 -35 -32 -29 -23 -22 -22 -24 -27 -28 -30 -27 -23 -21 -20 -26
DST1710*17  X220   0 -19 -19 -22 -25 -21 -17 -16 -15 -23 -29 -31 -29 -26 -25 -20 -21 -23 -25 -28 -32 -30 -27 -24 -22 -24
DST1710*18  X220   0 -19 -19 -25 -26 -22 -19 -17 -20 -23 -24 -22 -22 -23 -20 -14 -12 -12 -12 -13 -12 -12  -9  -8 -13 -17
DST1710*19  X220   0 -11  -9  -8  -7  -5 -12 -21 -25 -25 -35 -31 -22 -21 -17 -18 -19 -21 -25 -35 -36 -30 -24 -21 -22 -21
DST1710*20  X220   0 -21 -16 -15 -15 -19 -24 -27 -22 -18 -19 -19 -19 -20 -16 -14 -15 -17 -21 -21 -20 -19 -19 -17 -15 -19
DST1710*21  X220   0  -9  -4  -9 -10 -12  -7   1   0  -4  -6  -3   1   0   2  -2  -1   0  -7 -12 -11 -15 -14  -8  -9  -6
DST1710*22  X220   0 -16 -18 -17 -17 -14 -14 -15 -18 -17 -18 -17 -18 -18 -15 -14 -12  -9 -11 -12 -11  -7  -1   2  -3 -13
DST1710*23  X220   0   4   6   5   2   0   0   1   0  -7 -11 -13 -13  -6  -4  -6  -4  -2  -3  -3  -4  -7  -8 -10  -8  -4
DST1710*24  X220   0  -2   1   1  -2   0   1   2   1   7  10  10   8  -4  -6 -11 -19 -31 -22 -21 -25 -27 -23 -27 -24  -8
DST1710*25  X220   0 -12 -11 -21 -33 -32 -26 -21 -30 -33 -31 -26 -25 -24 -24 -22 -20 -21 -19 -16 -14 -12 -15 -16 -13 -22
DST1710*26  X220   0 -12 -13 -21 -21 -18 -14 -14 -17 -22 -26 -33 -44 -40 -47 -51 -37 -39 -40 -39 -33 -32 -31 -27 -22 -29
DST1710*27  X220   0 -21 -19 -21 -27 -23 -20 -18 -22 -23 -23 -23 -22 -21 -18 -17 -16 -17 -19 -18 -20 -15 -14 -10  -8 -19
DST1710*28  X220   0  -9 -10 -11 -14 -16 -16 -19 -21 -21 -21 -20 -18 -19 -21 -18 -16 -14 -15 -15 -15 -15 -14 -11 -10 -16
DST1710*29  X220   0  -7  -8 -11 -12 -11 -10  -8  -7 -10 -11 -11  -9  -9  -9 -10 -11  -9  -8  -9 -12 -12 -12 -11 -10 -10
DST1710*30  X220   0 -10 -10 -13 -14 -15 -13 -11 -12 -11 -10  -8  -8  -8  -9  -8  -7  -6  -6  -6  -6  -6  -6  -6  -8  -9
DST1710*31  X220   0  -8  -6  -9 -10  -9  -9  -9  -6  -7  -7  -8  -9  -9  -6  -3  -1  -1  -2  -2  -2  -1   1   1   2  -5


DST1711*01  X220   0   2   0  -2  -3  -1   3   4   5   5   7   7   5   0   2   4   7   8   8   8   6   4   1   2   5   4
DST1711*02  X220   0   0  -4 -10  -6  -3  -2   1   1  -4  -5  -1   0   0   1   6   7   8   7   5   3   1  -5  -5 -11  -1
DST1711*03  X220   0 -16 -15 -16 -19 -18 -18 -16 -23 -19 -17 -20 -24 -24 -22 -17 -14 -13 -14 -13 -11 -10 -10  -9  -7 -16
DST1711*04  X220   0  -4  -1  -1  -5  -7  -7  -7 -10 -14 -14 -12 -11 -10  -7  -5  -6  -9 -11 -11 -12 -12 -12 -11  -9  -9
DST1711*05  X220   0  -7 -10 -11 -11 -11  -9  -8  -6  -6  -2  -1   0  -1  -2  -3  -3  -6  -5  -4  -3  -4  -6  -8  -9  -6
DST1711*06  X220   0  -9  -8  -8  -6  -5  -5  -4  -4  -5  -3  -2  -1   0   1   1   1   2   2   1   1   3   5   5   4  -1
DST1711*07  X220   0   6   9  14  23  26  21   4   4 -12 -40 -52 -63 -56 -48 -30 -35 -41 -40 -40 -38 -48 -61 -59 -56 -26
DST1711*08  X220   0 -55 -69 -72 -72 -82 -73 -61 -57 -53 -59 -59 -64 -68 -67 -68 -66 -62 -60 -54 -48 -49 -45 -45 -38 -60
DST1711*09  X220   0 -38 -47 -51 -50 -47 -49 -51 -53 -58 -60 -52 -50 -49 -50 -47 -39 -36 -32 -39 -42 -37 -31 -33 -29 -45
DST1711*10  X220   0 -25 -22 -29 -33 -29 -30 -45 -55 -50 -40 -40 -38 -40 -34 -28 -28 -29 -27 -27 -27 -32 -29 -28 -31 -33
DST1711*11  X220   0 -30 -29 -28 -29 -30 -33 -35 -34 -33 -31 -25 -27 -26 -26 -27 -27 -24 -21 -19 -15 -12 -14 -16 -16 -25
DST1711*12  X220   0 -18 -19 -18 -18 -21 -20 -19 -19 -20 -22 -24 -24 -22 -20 -20 -20 -20 -18 -16 -15 -17 -18 -17 -17 -19
DST1711*13  X220   0 -16 -19 -22 -22 -19 -17 -14 -13 -15 -17 -12 -12 -13 -18 -21 -19 -16 -16 -16 -14 -12 -10 -11 -11 -16
DST1711*14  X220   0 -14 -16 -12 -14  -8  -8 -19 -27 -28 -31 -26 -17 -12 -12 -15 -18 -24 -28 -31 -29 -25 -22 -24 -25 -20
DST1711*15  X220   0 -26 -25 -24 -24 -26 -28 -35 -36 -40 -38 -21 -18 -23 -20 -17 -12 -10 -22 -15  -7   0 -10  -8  -4 -20
DST1711*16  X220   0  -4  -9 -19 -19 -19 -17 -24 -28 -38 -38 -28 -24 -21 -18 -17 -17 -16 -16 -19 -20 -19 -15 -16 -17 -20
DST1711*17  X220   0 -17 -18 -21 -21 -22 -21 -22 -24 -28 -27 -26 -14 -15 -12  -8  -9  -8  -7  -7  -7  -3  -3 -10 -18 -15
DST1711*18  X220   0 -19 -20 -20 -21 -21 -22 -20 -19 -20 -15 -14 -12 -11  -9 -10  -8  -8  -8 -11 -13 -13 -10  -8  -8 -14
DST1711*19  X220   0  -7  -6 -11 -14 -15 -11 -10  -9  -9  -7  -3  -3  -2   0   0  -1   0  -2  -2  -3  -3  -3  -1  -4  -5
DST1711*20  X220   0  -5  -3  -7  -5  -5  -4  -3  -3   0   3   2   1   1   1   4   4  11  16   9   1   4   8  11   3   2
DST1711*21  X220   0 -17 -20 -13 -20 -26 -40 -55 -49 -43 -44 -44 -36 -30 -28 -29 -29 -21 -18 -19 -27 -18 -17 -20 -21 -29
DST1711*22  X220   0 -22 -24 -22 -20 -28 -31 -32 -31 -27 -20 -18 -19 -13 -11 -19 -23 -24 -24 -24 -22 -25 -24 -20 -17 -23
DST1711*23  X220   0 -17 -17 -20 -20 -19 -19 -17 -16 -19 -21 -18 -19 -19 -16 -17 -17 -15 -12 -13 -18 -18 -16 -16 -16 -17
DST1711*24  X220   0 -16 -17 -19 -21 -22 -23 -24 -26 -25 -21 -20 -17 -13 -10  -7  -6  -2   0  -6  -9 -15 -14 -21 -26 -16
DST1711*25  X220   0 -24 -16 -19 -25 -31 -33 -32 -28 -24 -22 -21 -24 -26 -24 -21 -19 -16 -12 -10 -11 -11 -11 -14 -15 -20
DST1711*26  X220   0 -14 -12 -11 -11 -10 -10  -8  -7  -4  -3  -5  -5  -5  -6 -10 -13 -10  -9 -10  -9  -8  -4  -4  -3  -8
DST1711*27  X220   0  -2   0   4   6   5   6   6   8   9   7   0  -2   4   8  12  10   9   4  -1  -2   2   8  10   6   5
DST1711*28  X220   0  -1 -17 -23 -22 -16 -12 -14 -16 -16 -17 -17 -22 -21 -14 -12 -11  -8   0  -1  -1   3   4   3   4 -10
DST1711*29  X220   0   5   2  -1  -2  -3  -4  -7 -12  -7  -4  -2  -1   0  -1   1   1   4   4   4   6   5   1   0   4   0
DST1711*30  X220   0   7  11   6  -5  -8  -5   0   0   1  -2  -4  -6 -10  -8  -5  -6 -11 -13 -13 -14 -17 -14 -14 -11  -6


DST1712*01  X220   0  -4  -4  -6  -6 -11 -12  -8  -4  -4  -8  -9 -12  -9  -7  -8  -6  -6  -7  -9  -5  -3   0  -2  -4  -6
DST1712*02  X220   0  -5  -7  -7  -5  -4  -1   0   1   3   4   1   0   2   0  -3  -8  -5  -4  -3  -2  -2  -3  -4  -4  -2
DST1712*03  X220   0  -4  -6 -12 -14 -16 -16 -15 -11  -6  -5  -8  -9  -8  -4  -2  -3  -2  -1   0   0  -1   0  -2  -1  -6
DST1712*04  X220   0   2   1   2   4   6   8   6   0  -1  -2  -1  -2  -5  -4   3   5  12  -5 -25 -39 -41 -40 -32 -25  -7
DST1712*05  X220   0 -24 -25 -30 -33 -31 -26 -24 -32 -37 -43 -51 -47 -37 -26 -22 -25 -28 -23 -19 -22 -21 -22 -29 -31 -30
DST1712*06  X220   0 -29 -26 -27 -23 -21 -28 -30 -32 -30 -30 -34 -33 -31 -25 -20 -20 -23 -24 -25 -23 -22 -20 -18 -20 -26
DST1712*07  X220   0 -21 -16 -14 -13 -12 -17 -18 -18 -14 -13 -14 -12 -14 -14 -15 -23 -18 -18 -17 -19 -20 -20 -21 -22 -17
DST1712*08  X220   0 -21 -20 -17 -15 -15 -19 -18 -15 -14 -14 -12 -10  -8  -8  -9  -8  -9  -9  -7  -8  -7  -8  -8  -9 -12
DST1712*09  X220   0 -11 -14 -14 -14 -14 -11  -7  -6  -4  -4  -7  -9  -8  -8  -6  -6  -6  -5  -4  -4  -4  -4  -4  -2  -7
DST1712*10  X220   0   0   0   1   0   1   1   1   0   1   0   2   3   3   1  -2  -5  -9 -10 -11 -12 -11  -7  -7  -9  -3
DST1712*11  X220   0  -9  -9  -6  -3   7   9  10   5  -2  -7 -14 -16 -12 -15  -9 -13  -8  -5  -6  -5   5   7   6   4  -4
DST1712*12  X220   0  -3  -6  -8  -8 -13 -18 -22 -21 -17 -16 -15 -12  -9  -8  -3  -2  -3  -5 -19 -23 -17 -18 -17 -16 -12
DST1712*13  X220   0 -14 -10  -8  -9  -8  -7  -7 -10 -12 -10  -9  -9 -11 -14 -13 -13 -13  -9 -10 -10  -8 -10 -10  -7 -10
DST1712*14  X220   0  -3  -4  -8  -7  -6  -7  -8  -8  -6  -7  -8 -10  -5  -2  -1  -3  -4  -4  -2  -2   0   1   2   0  -4
DST1712*15  X220   0   3   3   3   2   1  -1   0   1   1   0  -2   0   2   0   4   3   3   3   5   6   4   3   6   3   2
DST1712*16  X220   0   4   7   6   5   2   3   5   9  10   7   3  -4  -6  -4  -3  -3  -4  -2   0   0   3   9  19  22   4
DST1712*17  X220   0  21  24  16  10  14   7 -18 -12  -5  -9 -10 -15 -23 -14  -7 -17 -20 -17 -19  -9 -17 -18 -17 -17  -7
DST1712*18  X220   0 -19 -15 -17 -13 -16 -18 -19 -28 -23 -27 -25 -27 -22 -16 -17 -17 -16 -13 -14 -14 -14 -11 -10  -9 -18
DST1712*19  X220   0  -7  -3  -2  -3  -2  -3  -6  -8  -9 -10  -9 -11 -10 -10 -10  -7  -6  -6  -8 -11 -13 -17 -23 -20  -9
DST1712*20  X220   0 -17 -15 -15 -16 -15 -13  -8  -7  -8 -12 -13  -6  -6  -4  -2  -4  -6  -4  -5  -4  -2  -1  -4  -5  -8
DST1712*21  X220   0  -5  -6  -6  -5  -3  -4  -6  -7  -9  -7  -6  -5  -6  -7  -4  -4  -4  -3  -3  -4  -3  -4  -5  -5  -5
DST1712*22  X220   0  -5  -5  -4  -3  -3  -3   0   2   5   6   4   3   1   1   1   2   2   3   3   4   5   6   4   5   1
DST1712*23  X220   0   6   8   8   9   7   6   7   6   0  -3  -4  -6 -12  -7  -2  -1  -1   0   1   3   7   8   8   9   2
DST1712*24  X220   0  12  12  13  17  22  24  26  21  13  12   8 -14 -25 -15 -12  -7  -6  -6  -6  -7 -10 -15 -14 -12   1
DST1712*25  X220   0  -3  -1  -4  -7  -7  -8  -9  -9 -10  -7  -4  -6  -4  -3  -5  -6 -12 -18 -22 -18 -18 -21 -24 -26 -11
DST1712*26  X220   0 -24 -20 -17 -15 -15 -16 -16 -13 -13 -11 -11  -9  -6  -7  -9  -4  -1  -2  -1  -6  -7 -10 -10 -10 -11
DST1712*27  X220   0  -8  -8  -6  -8 -10 -10  -4   0   5  -2  -7  -8  -9 -10  -5  -2   0   2  -2  -6  -8  -6  -7  -4  -5
DST1712*28  X220   0  -1  -1  -5  -4  -4  -4  -5  -4  -5  -7  -7  -9  -5  -4  -2  -6  -6  -6  -6  -8 -10  -8 -11  -7  -6
DST1712*29  X220   0  -1   0  -2  -3  -3  -5  -5  -6  -4  -2   1   3   2  -1  -3   0   2   1  -1   0   4   5   6   8   0
DST1712*30  X220   0  10   7   4   3   6   6   8   7   8   6   5   3  -1  -1   1  -3  -6  -6  -5  -6  -6  -3   0   2   2
DST1712*31  X220   0   6   7   6   4   2   1   4   6   8   7   9  10   9   8   7   7   5   5  11  15  12   7   2   1   7


DST1801*01  X220   0  10   6  -1   0  -7 -16 -19 -17 -16 -17 -17 -12  -8  -7 -14 -14 -14 -11  -7  -3  -1   0   0   2  -8
DST1801*02  X220   0   4   3   3   1  -2  -7 -11  -9  -7  -5  -5  -6  -3  -4  -6  -4  -3  -4  -1   2   4   4   5   8  -2
DST1801*03  X220   0   9  12  12  11   8   4   2   1  -1  -8  -6  -1   5   4   2   2   2   4   1   0   2   3   4   6   3
DST1801*04  X220   0   8   8   9   9   5   0  -6  -7  -5  -4  -6  -5  -5  -3  -3  -3  -3   0  -2  -2  -6  -5  -5  -3  -1
DST1801*05  X220   0  -2  -1   0   2  -3  -5  -5  -6  -7  -4  -1   1   2  -4  -2   1   0   0  -1   3   5   5   6   6   0
DST1801*06  X220   0   4  -3  -5  -3   0   2   4   3   1   0  -4  -5  -6  -6  -4  -3  -1   0   0   0   0   2   1   2  -1
DST1801*07  X220   0   2   3   5   8   7   8   8   7   8   6   4   2   4   3   3   6   7   7   6   5   6   8   8  11   6
DST1801*08  X220   0   9   9  12  13  14  13  17  35  32  29  26  26  28  17   3  -6 -11  -5   2   3   5   7   4   2  12
DST1801*09  X220   0   2  -7 -10  -9 -10 -15 -17 -12  -8  -6  -5  -6 -10 -12 -12 -10 -11 -10  -8  -4  -4  -4  -7  -7  -8
DST1801*10  X220   0 -12 -12 -12 -10  -7  -5  -5  -5  -4  -3  -4  -1   2   1  -2  -3  -5  -4  -2  -1  -1  -1  -4  -6  -4
DST1801*11  X220   0  -5  -4  -2   0  -2  -1   0  -2  -2  -1   1   6   4   3   4   3   1   2   2   3   1   2   1   1   1
DST1801*12  X220   0   2  -1  -3  -1   0  -2  -3  -2  -1  -1  -3  -4  -3  -2  -1  -2  -5  -5  -3   0   5   6   3   2  -1
DST1801*13  X220   0   3   4   6   8   8   5   3   5   4   0  -1   3   3   8   9   9   8  11  11   1   8   4  11  18   6
DST1801*14  X220   0  23  14  14   8   2  -9 -17 -20 -20 -18 -16 -12 -12 -10 -13 -10 -12 -11 -10  -9  -8  -5  -2   4  -6
DST1801*15  X220   0   0   0  -3  -1  -5 -14 -20 -17 -13  -9 -12  -8  -4  -1  -4  -8  -8  -7  -6  -5  -4  -2   0   2  -6
DST1801*16  X220   0   3   3   4   6   5   0  -3  -4  -6  -8  -9  -9  -7  -6  -3  -4  -4  -4  -4  -6  -7  -5  -3  -4  -3
DST1801*17  X220   0  -1  -1   1   0  -2  -3  -3  -1   2   3   2   0   0  -2   0  -1  -3  -2  -1  -2  -1   0   0   1  -1
DST1801*18  X220   0   4   5   3   4   4   2   2   5   5   5   7  10  11  10   8   7   6   7   8   8   7   7   4   4   6
DST1801*19  X220   0   8   8   6   5   4  -6 -15 -23 -28 -27 -16  -5   0   1  -2  -4  -4  -3  -3  -2  -3  -2  -3   0  -5
DST1801*20  X220   0  -2  -2   0   2   1  -2  -8 -11 -12 -10  -8  -6  -4  -4  -4  -6  -8  -7  -7  -4  -3   0  -1  -1  -4
DST1801*21  X220   0   1   0   5   8   9  11  11   7   2  -4  -2  -4  -3 -12 -19 -17 -15  -9  -7  -6  -6  -3   1   5  -2
DST1801*22  X220   0   3   5   9   6   7   3  -5 -14 -20 -24 -16 -11  -9  -8  -6  -5  -9 -12 -14 -16 -14 -12 -13 -14  -8
DST1801*23  X220   0 -16 -16 -15 -12  -9  -7  -7 -10 -11 -12 -12 -10  -7  -6  -7  -7  -8  -8  -7  -6  -7  -5  -5  -4  -9
DST1801*24  X220   0  -5  -5  -4  -2   1   4   6   4   2  -1  -1   4   5   2   2   6   7   6  12  13  13   7  -4  -7   3
DST1801*25  X220   0 -10 -10 -11 -10  -9 -12 -13 -18 -19 -17 -20 -20 -16 -13 -14 -16 -23 -21 -18 -19 -15 -10  -6  -7 -14
DST1801*26  X220   0 -10  -9  -4   0   2   4   5  -8 -17 -13 -12 -11  -9  -6  -5  -7  -6  -9  -8  -3   4   7   6   4  -4
DST1801*27  X220   0   2  -3  -4  -5  -3   2  -1  -6  -9 -15 -12  -7  -9 -13 -14 -13 -13  -9  -5  -5  -2  -4  -5  -5  -7
DST1801*28  X220   0  -6  -5  -3  -2   1   3   4   4   0  -2  -1   4   5   2   3  -2  -2  -3  -2  -2   0   0   4   4   0
DST1801*29  X220   0   6   5   3   2   1   1   2   5   1  -8  -6  -3   0   3   4   2   0   0   2   1   4   6   7   8   2
DST1801*30  X220   0   7   8   5   0  -2   1   4   0  -6  -8  -6  -1   4   3   0   0   1   2   4   5   7  11  16  17   3
DST1801*31  X220   0  16  14  12  10  10   9   6   2   1   0  -6  -7  -7  -2  -5 -11 -11 -10 -11 -13  -8  -2   2   0   0


DST1802*01  X220   0  -1  -2  -3  -3  -1  -1  -4  -9 -12 -14 -12  -8  -1   1   1   2   0  -2  -3  -4  -3  -7  -8  -7  -4
DST1802*02  X220   0  -6  -7  -9 -10  -8  -5  -5  -9 -14 -15 -15 -11  -6  -1   1   0   0  -1   1   5   6   9  13  12  -3
DST1802*03  X220   0  11   9   5   7   7  10   9   3  -3  -6  -5  -3   0   5   6   5   5   6   9   8  11  14  12   8   6
DST1802*04  X220   0   7   7   7   6   9  13  14  10   5   1   2   6  11  14  14  15  18  15  10   8   8  11  13  10  10
DST1802*05  X220   0   9   6   0   0   3   8   8   0  -8 -16 -15  -8  -7  -4  -9  -7  -6  -1   1  -3  -3  -3  -1   0  -2
DST1802*06  X220   0   1   1   4   1   0   1   1   0  -3  -2   0  -8  -4  -2   0   0   0   1  -1  -1  -1  -1   4   4   0
DST1802*07  X220   0   1  -1  -4  -6  -5  -3  -3  -2   2   6   6   3  -2  -4  -1  -1  -1   0   0   0   1   2   4   4   0
DST1802*08  X220   0   4   2   2   3   4   6   8   7   5   0   1   4   6   7   8   6   7   6   6   7   6   5   9   9   5
DST1802*09  X220   0   8   7   6   4   1   0   1   1   1  -1  -3  -7  -6  -4  -1   1   3   4   4   4   5   8   9   9   2
DST1802*10  X220   0   9  13  14  16  16  13  11  11   6   2  -6  -9 -10  -9  -2   1  -1  -3  -2  -7  -7  -5  -4  -4   2
DST1802*11  X220   0  -6  -7  -3   0   1   2   1  -1  -3  -1   1  -1  -1   1  -1  -2   1   3   1   0   2   4   5   6   0
DST1802*12  X220   0   7   8   7  12  13  12   8   6   7   7   6  10  12  13  11  11  10  11  10   8  11  14  17  17  10
DST1802*13  X220   0  18  16  14  11  11  12  13  10  12   9   7   6   7   7   5   2   4   4   3   2   2   1  -1  -4   7
DST1802*14  X220   0  -7  -2  -1   0  -2  -4  -2   1   1  -2  -3  -2  -1   1   2   3   4   4   4   3   1  -2  -2  -3   0
DST1802*15  X220   0   2   7   8   6   3   2   1   1   5  10   6   6   6   6   3  -8 -17 -14 -14 -12 -14 -11  -9  -8  -1
DST1802*16  X220   0  -1   6   9   8   4  10   1  -6  -5 -15 -17 -18 -15 -11  -8  -5  -3  -3  -4  -5  -2  -1  -4  -5  -4
DST1802*17  X220   0  -2   1  -3  -4  -6 -18 -18 -19 -25 -26 -25 -23 -25 -21 -18 -12 -14 -12 -12  -9  -8  -6  -2  -1 -13
DST1802*18  X220   0   2   0   3   5   3   1 -10 -15 -14 -16 -26 -22 -14 -14 -14 -12 -15 -14 -13 -13 -11 -10 -11  -5 -10
DST1802*19  X220   0  -3  -4  -9  -5 -13 -16 -13 -16 -21 -26 -26 -23 -22 -14 -13 -17 -17 -20 -19 -13 -16 -17 -13 -13 -15
DST1802*20  X220   0 -14 -10  -7  -6  -8 -10 -14 -21 -25 -28 -26 -25 -22 -16 -11  -9  -8  -8  -9  -7  -9 -13 -14 -16 -14
DST1802*21  X220   0 -15 -11  -9  -9  -9  -4   2   4  -2 -12 -16 -15 -13 -12 -10  -9  -7  -7  -3   0   1   1   0  -3  -7
DST1802*22  X220   0  -6  -6  -5  -5  -4  -1   0  -3  -6  -9 -14 -12 -11  -6  -2  -2  -1  -5  -5  -9  -6  -9  -8 -11  -6
DST1802*23  X220   0 -10  -9  -8 -12 -16  -8 -11 -15 -12 -27 -32 -38 -26 -19 -15 -18 -14 -15 -16 -14  -8 -11  -7  -5 -15
DST1802*24  X220   0 -10 -14 -14 -16 -17 -17 -18 -22 -29 -24 -20 -16 -14 -12 -12 -14 -14 -13 -12 -14 -14 -14 -13 -12 -16
DST1802*25  X220   0 -10  -9  -6  -6  -6  -7  -4  -2  -6  -8  -8  -7  -6  -5  -6  -5  -7  -9  -9 -11 -13 -12  -6  -2  -7
DST1802*26  X220   0  -2  -2   2   1   0  -4  -9 -11  -9 -13 -16 -14 -15 -17 -21 -16 -13 -13 -11  -9 -10 -10  -3  -2  -9
DST1802*27  X220   0   3   1  -1  -4 -26 -22 -15 -16 -20 -17 -14 -15 -29 -31 -31 -30 -27 -27 -26 -24 -23 -20 -16 -10 -18
DST1802*28  X220   0  -8  -3   0  -1  -7 -10 -14 -17 -17 -16 -18 -15 -15 -15 -13 -13 -16 -18 -17 -16 -15 -17 -14  -8 -13


DST1803*01  X220   0  -4  -1   2   2  -3  -8 -11 -12 -13 -16 -17 -17 -19 -20 -14 -10 -10 -10 -10 -14 -11 -15 -15 -11 -11
DST1803*02  X220   0  -6  -5  -1   2   0  -4  -5  -6  -8  -9  -8  -7  -9  -9  -8  -6  -7  -7  -7  -9 -12 -14 -14 -12  -7
DST1803*03  X220   0  -8  -6  -5  -3  -2   0   1   0  -3   0   0  -3  -8  -9  -7  -3  -6  -4  -4   0   2  -5  -9  -9  -4
DST1803*04  X220   0   1  10   4  -7  -9  -9 -12 -12 -11 -15 -13  -9  -9  -7  -6  -3  -3  -1  -4  -8 -10 -10 -11  -8  -7
DST1803*05  X220   0  -5   1   9  10  12  11   8   4   3   3   2   2   0  -2   0   6   1   2   4   1  -1  -3  -1  -5   3
DST1803*06  X220   0  -9  -5   5  11  12   9   8   8   6   6   7   5   5   4   4   4   4   5   6   7   4   1   1   0   5
DST1803*07  X220   0   1   3   2   4   4   1   1   3   4   5   5   6   4   3   3   4   5   5   6   3   0  -1  -1  -1   3
DST1803*08  X220   0   2   6  10  12  11   4  -4  -3   1   0   2   2   3   4   4   4   4   7   6  10   8   6   2   0   4
DST1803*09  X220   0   4  11   7   2  -1   0   2   1  -4  -7  -6  -3  -2  -2  -2   0   2   4  18  24  18  18  21  18   5
DST1803*10  X220   0  -2  -8 -14 -21 -33 -38 -37 -38 -39 -31 -23 -18 -14 -16 -17 -20 -20 -16  -9 -11   7  11   7   4 -17
DST1803*11  X220   0   3   7   5   5  -2  -9 -11 -10 -10 -11 -10  -7  -8 -10 -10  -9  -9  -5  -1   1  -2  -5  -4  -3  -5
DST1803*12  X220   0  -2  -2   1   2   2   0   0   1   1   0   0   0  -2  -2  -2  -2  -4  -3  -1  -1  -2   1   2   3   0
DST1803*13  X220   0   3   3   6   9  11  13  11   5  -1  -5  -5  -4  -5  -4  -6  -6  -6  -5  -3  -3  -3  -1  -3  -4   0
DST1803*14  X220   0  -2   0   5  10  13  12  10   3  -2  -2   1   2   1   1  -1  -9 -17 -11 -13 -20 -27 -28 -19 -18  -5
DST1803*15  X220   0 -25 -26 -24 -21 -22 -21 -17 -14 -10 -14 -12  -6  -3  -3  -7 -14 -24 -30 -25 -19 -23 -24 -23 -25 -18
DST1803*16  X220   0 -24 -17 -15 -23 -37 -37 -35 -30 -27 -31 -39 -29 -21 -21 -21 -22 -29 -25 -22 -19 -16 -16 -16 -22 -25
DST1803*17  X220   0 -25 -28 -23 -27 -28 -25 -26 -27 -23 -18 -16 -15 -15 -15 -16 -13 -14 -12  -8  -7  -8 -10 -11 -14 -18
DST1803*18  X220   0 -16 -14 -13 -14 -16 -15 -15 -15 -16 -19 -18 -15 -12 -18 -26 -31 -24 -16 -14 -21 -38 -38 -37 -41 -21
DST1803*19  X220   0 -43 -44 -45 -39 -35 -34 -29 -23 -23 -28 -24 -20 -15 -16 -15 -16 -18 -17 -13 -10 -20 -25 -21 -24 -25
DST1803*20  X220   0 -26 -27 -28 -25 -19 -16 -16 -19 -20 -23 -22 -19 -19 -19 -20 -19 -16 -15 -12 -10 -11 -13 -17 -20 -19
DST1803*21  X220   0 -21 -22 -16 -11  -9 -10 -14 -15 -14 -12 -10  -9  -6  -5  -7  -8  -8  -8  -8  -7  -9  -9 -11 -12 -11
DST1803*22  X220   0 -13 -14 -12 -10  -9  -7  -9 -10 -10  -8  -7  -4  -2  -2  -4  -6  -3   3   3  -4 -18 -25 -25 -19  -9
DST1803*23  X220   0 -16 -20 -22 -14 -16 -19 -12  -9  -7 -17 -29 -26 -19 -11  -7  -6 -11 -10 -10  -6  -7 -17 -21 -20 -15
DST1803*24  X220   0 -23 -23 -24 -20 -14  -8  -8  -8 -10 -17 -18 -14  -9  -8  -9 -13 -16 -12 -11 -14 -17 -20 -22 -20 -15
DST1803*25  X220   0 -20 -20 -19 -20 -19 -21 -17 -18 -26 -27 -18 -21 -14 -16 -22 -22 -26 -21 -10  -7  -9 -10 -11 -15 -18
DST1803*26  X220   0 -13 -15 -21 -22 -21 -24 -20 -13 -12 -17 -23 -25 -23 -24 -25 -24 -22 -22 -18 -17 -17 -16 -19 -20 -20
DST1803*27  X220   0 -23 -23 -21 -16 -18 -14 -12 -12 -11 -11 -12  -8  -5 -11 -16 -19 -18 -16 -15 -15 -15 -16 -13 -13 -15
DST1803*28  X220   0 -14 -16 -19 -17 -16 -19 -16 -13 -12  -9 -11 -10  -9  -9 -11 -12 -10  -9  -6  -6  -4  -1  -2  -3 -11
DST1803*29  X220   0  -8 -11 -11 -10  -9  -5  -1   4   9  13   9   8  10  12  12  18  11   5   0  -4  -6  -6  -5  -3   1
DST1803*30  X220   0  -1  -6  -9  -8 -11  -9  -5  -2   1   3   3   0  -2   7   5   5   8  11  14  11  13  13  11   9   3
DST1803*31  X220   0   7   0  -5  -6  -2  -3  -1   0   3   4   3   2   3   2   0  -3  -5  -2   1   2   6   5   3   4   1


DST1804*01  X220   0   6   7   5   4   3   3   1   1   2  -4  -8  -8  -3  -2   0  -1   0   3   4   6   4   2   0  -1   1
DST1804*02  X220   0  -3  -6  -4  -4  -2   3   3   2  -1  -1  -1  -1   1   0   2   1  -1   0   2   1  -1   0  -4  -6  -1
DST1804*03  X220   0  -7 -11 -14  -9  -5  -7  -5  -7  -5  -3  -4  -3  -1   0  -2  -5  -4   0   3   3   5   7   6   5  -3
DST1804*04  X220   0   0  -3  -2   1   6   9  10  11  14  14   7   2   0   3   5   3   4   9  10   6   8  11  15  11   6
DST1804*05  X220   0   6  -3  -2   1   6   7   9   8   8   9   4  -1   3   8   7   3   1   6   7  10   6   6   2   0   5
DST1804*06  X220   0  -5  -8 -10 -11  -7  -2   1   5   7   4   0  -5  -2   0   0   0  -1   0  -2  -2   1   3   0   2  -1
DST1804*07  X220   0   2   1   2   3   3   6  11  13  13  12   7   5   9  13  12   9   7  10  11  10  12  10   7   3   8
DST1804*08  X220   0   3   2   0  -1   1   5   8  10  12  12   8   2   3   7   9   9   8   9  10   6   4  -1  -2  -2   5
DST1804*09  X220   0   0  -1  -2  -1  -4   0  -1  -1   2  -1  -2  -4  -4  -1   2   0  -6  -9  -6 -12 -17  -9  -8  -3  -4
DST1804*10  X220   0   0  -3  -7 -13 -30 -30 -32 -24 -25 -31 -27 -24 -19 -22 -33 -30 -27 -21 -22 -23 -22 -20 -20 -22 -22
DST1804*11  X220   0 -21 -23 -25 -22 -22 -23 -29 -29 -18 -12 -16 -21 -17 -17 -18 -20 -19 -17 -16 -13 -10  -9 -12 -12 -18
DST1804*12  X220   0 -14 -15 -17 -14 -10  -8 -13 -10  -6  -5  -7 -13  -9  -4  -7 -10 -12 -10 -10 -13 -12  -6  -7 -10 -10
DST1804*13  X220   0  -9 -16 -26 -28 -23 -18 -15 -13 -12 -12 -14 -17 -10  -4  -5  -8  -9  -2  -2  -4 -10  -6  -7  -9 -12
DST1804*14  X220   0  -8 -11 -14 -19 -15  -9  -6  -6  -4  -4  -4  -7  -6  -5  -5 -11 -13  -8 -11  -9 -11 -14 -16 -16 -10
DST1804*15  X220   0 -13 -11 -13 -12 -12  -8  -5  -2  -1   2   0  -9 -14 -13  -9 -12 -11  -9 -10 -11 -10  -7  -5  -6  -8
DST1804*16  X220   0 -12 -14 -15 -12  -9  -7  -5  -3  -4  -4  -7  -7  -5  -4  -6  -7  -8  -5  -4  -4  -2   0   0  -1  -6
DST1804*17  X220   0  -2  -3  -7  -4   0  -3  -3  -1  -1   3   3  -1   0   3   3   1   2   3   1  -3  -3   3   5   4   0
DST1804*18  X220   0   4   2   0   0   1   1   1   3   3   3   0  -3  -2  -2   0   0  -4  -6 -11 -13 -10  -5  -1  -1  -2
DST1804*19  X220   0  -4  -6  -9  -7  -2   1   6   8   7   6   2  -4  -1   2   4   3   3   3   1   2   5   9  12  13   2
DST1804*20  X220   0  23  24  15  19   0 -24 -45 -40 -57 -78 -56 -49 -56 -52 -45 -50 -53 -54 -55 -44 -38 -43 -39 -36 -35
DST1804*21  X220   0 -39 -40 -40 -40 -36 -31 -25 -26 -31 -29 -30 -28 -24 -23 -28 -31 -30 -29 -32 -33 -30 -27 -24 -25 -30
DST1804*22  X220   0 -24 -25 -27 -27 -27 -24 -22 -21 -18 -18 -22 -22 -19 -19 -17 -17 -16 -17 -16 -19 -20 -23 -22 -22 -21
DST1804*23  X220   0 -21 -22 -23 -25 -25 -23 -16  -9  -9 -13 -20 -21 -17 -17 -18 -21 -23 -24 -23 -24 -26 -25 -25 -23 -21
DST1804*24  X220   0 -23 -24 -25 -25 -22 -16 -11 -11  -9  -9 -12 -16 -15 -18 -17 -16 -11  -7  -5  -7  -6  -8  -8  -9 -14
DST1804*25  X220   0  -9 -15 -21 -23 -19 -18 -16 -13 -10 -10 -14 -18 -17 -16 -16 -17 -14 -13 -12 -13 -13 -14 -13 -14 -15
DST1804*26  X220   0 -18 -21 -20 -17 -16  -9   0   6   7   4  -1   1   4   4  -2  -4  -4  -4  -4  -5  -3  -1  -1  -3  -4
DST1804*27  X220   0  -4  -7  -7  -8  -7  -4  -1   0   2   4   2   3   5   9   9   5   0   4   5   2   0   2   1  -1   1
DST1804*28  X220   0   0   2  -1  -5  -3  -1   0   1   2   3   1  -2  -1  -2  -1  -1   1   0  -1   0   0  -1  -2  -2  -1
DST1804*29  X220   0  -4  -5  -4  -3   0   2   2   8   9   5   3   5   4   0  -1   2   1  -3  -2  -2  -2  -5  -6  -5   0
DST1804*30  X220   0  -3   3   3  -1   1   4   6   8   7   5   3   1   2   1   0  -3  -1  -1  -5  -7  -8 -10 -10 -10  -1


DST1805*01  X220   0 -10  -9  -8 -10  -7  -3   0   0   2   4   2   0   0   0   2   1   2   2   2   1  -1  -1   2   2  -1
DST1805*02  X220   0   2   1   1  -1  -3  -4  -1   1  -1  -7 -11 -10  -9  -4  -1  -2  -4  -5  -6  -4  -2  -2  -3  -3  -3
DST1805*03  X220   0  -3  -3  -4  -5  -4  -2  -1   1   0  -2  -4  -5  -6  -1   0  -2   0   1   4   4   4   3  -2   0  -1
DST1805*04  X220   0  -1  -5  -3  -2  -1   0   3   3   0   2   1   0   2   2   5   5   9   8   5   2  -2  -1   2   1   1
DST1805*05  X220   0   0  -1  -4  -5  -3  -2   1   3   4   5  17  28  23  19  17  -4 -12 -31 -41 -34 -25 -20 -26 -36  -5
DST1805*06  X220   0 -47 -53 -53 -54 -55 -47 -44 -42 -33 -33 -34 -35 -31 -22 -20 -23 -25 -24 -25 -23 -22 -22 -25 -22 -34
DST1805*07  X220   0 -24 -27 -31 -34 -41 -42 -38 -26 -21 -23 -24 -28 -19 -18 -22 -25 -25 -26 -28 -26 -24 -25 -22 -23 -27
DST1805*08  X220   0 -23 -21 -22 -16 -11 -29 -37 -28 -22 -24 -23 -22 -17 -13 -10 -19 -22 -23 -24 -27 -23 -23 -19 -17 -21
DST1805*09  X220   0 -18 -27 -32 -30 -27 -23 -23 -21 -17 -17 -17 -17 -21 -18 -17 -16 -18 -17 -23 -25 -18 -18 -21 -27 -21
DST1805*10  X220   0 -27 -28 -26 -26 -20 -21 -21 -23 -31 -33 -32 -33 -33 -32 -30 -27 -29 -30 -31 -30 -30 -29 -30 -29 -28
DST1805*11  X220   0 -26 -20 -17 -16 -22 -26 -29 -36 -34 -33 -29 -24 -21 -18 -20 -25 -27 -29 -34 -36 -40 -38 -31 -26 -27
DST1805*12  X220   0 -25 -25 -23 -28 -29 -22 -18 -16 -16 -19 -18 -15 -15 -14 -16 -16 -16 -18 -16 -17 -20 -22 -21 -18 -19
DST1805*13  X220   0 -16 -15 -13 -11 -11 -12  -7  -8 -18 -14 -19 -20 -20 -21 -19  -3  -4  -3  -2  -4 -10 -15 -12 -10 -12
DST1805*14  X220   0  -9  -9 -11 -12 -13 -13 -10  -9 -13 -15 -13 -12 -12 -10 -10 -10 -10 -12 -15 -17 -16 -15 -13 -13 -12
DST1805*15  X220   0  -8  -4  -2  -3  -4  -4  -5  -5 -11 -10 -12 -12 -10  -7  -8  -9 -11 -15 -16 -18 -17 -17 -16 -10 -10
DST1805*16  X220   0  -4  -3  -4  -3  -3  -1  -2  -3  -4  -2   0   3   4   4   6   6   3  -2  -7  -9  -4  -1  -1   1  -1
DST1805*17  X220   0  -1   1  -5  -9  -6  -2   2   5   6   8  -3  -9 -16 -15 -15 -20 -24 -27 -31 -33 -32 -29 -24 -21 -13
DST1805*18  X220   0 -17 -20 -20 -13 -18 -16 -18 -19 -17 -14  -9  -7  -8  -8 -10  -9 -10 -14 -15 -17 -20 -19 -15 -11 -14
DST1805*19  X220   0 -10 -10 -10 -11  -9  -9  -9  -9  -8  -9  -7  -5  -3  -3  -4  -5  -5  -6  -6  -9 -10 -10  -7  -5  -7
DST1805*20  X220   0  -4  -4  -4  -3  -2  -3  -2  -6  -6  -8  -8  -8  -8  -9  -9  -8  -8  -9  -9  -8  -7  -6  -6  -5  -6
DST1805*21  X220   0  -6  -8  -5  -3  -2  -6  -7  -7  -7  -7  -4  -3  -4  -5  -6  -5  -6  -7  -6  -4  -1   1  -1   2  -4
DST1805*22  X220   0   2   1   3   4   1  -2  -5  -5  -1   2   1   0   9  13  13  13  12  10  14   8   8   8   6   1   5
DST1805*23  X220   0   2   4   5   4   1  -7 -14 -15  -8  -2  -4 -11 -11  -4  -2  -4  -4  -6  -7  -7  -7  -8  -7  -6  -5
DST1805*24  X220   0  -8  -7  -4   1  -2  -1  -1  -1  -2  -5  -6  -5  -3  -5  -4  -3  -1  -3  -7  -9  -7  -2  -3  -2  -4
DST1805*25  X220   0  -1  -4  -3  -4  -4  -3  -2  -2  -1  -1   0  -2  -4  -3  -4  -2  -1  -2  -2  -4  -4  -4  -3  -2  -3
DST1805*26  X220   0  -2   3   2   3   3   5   3   1   2   4   4   6   6   4   6   6   6   8  12  12  11  11   7   3   5
DST1805*27  X220   0   4  12  18  18  13  13   8   6   3   0  -1  -2  -4  -1   0   3   3   5   5   2   3   1   4  10   5
DST1805*28  X220   0  14  15  14  10   8   8   6   3   3   5   8   8   4   3   4   4   6   5   3   4   5   9  10  11   7
DST1805*29  X220   0  14  17  19  17   8  10  10   5   6   5  10   9   7   3   3   4   2  -2  -4  -7  -7  -7  -6  -3   5
DST1805*30  X220   0   1   1   3   4   4   1  -2  -2  -1   4   5   8   6   2   5   7  10  12   9  10  10   9   2   3   5
DST1805*31  X220   0   1   6   8   7   7   7   7   6   6   9  13  16  16  13  16  29  28  19   9  -7   0   3  -7 -12   8


DST1806*01  X220   0  -9  -7   1   5  -3 -20 -39 -45 -26 -29 -26 -22 -19 -28 -28 -28 -28 -26 -32 -40 -40 -37 -31 -30 -24
DST1806*02  X220   0 -27 -24 -25 -34 -27 -23 -23 -19 -19 -17 -18 -21 -18 -13 -14 -13 -13 -12 -20 -29 -26 -23 -21 -26 -21
DST1806*03  X220   0 -20 -18 -19 -21 -19 -22 -20 -18 -18 -15  -9  -9 -12 -12 -13 -13 -12 -12 -19 -23 -23 -24 -25 -23 -17
DST1806*04  X220   0 -22 -17 -13 -16 -19 -19 -19 -18 -17 -16 -10  -6  -7  -8  -7  -7  -7 -13 -15 -18 -18 -15 -13 -11 -14
DST1806*05  X220   0  -9  -6  -7 -10  -9  -1   1  -3  -3  -3  -2  -1  -1  -2  -3  -1  -4  -9 -11 -15 -14  -8  -4  -7  -6
DST1806*06  X220   0  -8  -9  -9  -8  -7  -7  -6  -6  -7  -7  -6  -1   0   1   2   6   4  -2 -12 -23 -22 -23 -21 -18  -8
DST1806*07  X220   0 -20 -22 -22 -19 -17 -15 -12 -11  -7  -5  -8 -11 -13 -12 -12 -12 -12 -12 -11  -9  -6  -6  -3  -2 -12
DST1806*08  X220   0  -3  -5  -8 -12 -16 -14 -10  -9  -8  -7  -6  -6  -5  -3  -2   2   2   2   0  -1  -1   1   1   1  -4
DST1806*09  X220   0   1   0  -4  -4  -2  -2  -1  -7  -9  -2   1   1   2   3   5   5   4   5   1  -3  -4  -3  -1   0  -1
DST1806*10  X220   0   2   1   1   0   0   1   0  -2  -4  -4  -4  -3  -1  -1   1   3   0  -1  -1  -3   0  -1  -3  -4  -1
DST1806*11  X220   0  -5  -6  -6  -4  -4  -3  -1  -1  -1   0  -1   0  -2  -4  -3  -1  -2  -2   2   3   2   2   3   2  -1
DST1806*12  X220   0   0  -1   0   3   1   3   2   1   2   2   2   0  -3  -5  -4  -2   1   5   6   4   0  -2   1   4   1
DST1806*13  X220   0   8   8   5  -1  -4  -4  -4  -3  -1   1   3   8  10  11  13  15  15  18  16   7  -2  -4  -3   1   5
DST1806*14  X220   0   5   5   2  -2  -4  -1   1  -2  -6  -3  -1   2   0  -1  -1   2   3   2  -1  -5  -3   0   4   5   0
DST1806*15  X220   0   7   6   4   4   4   5   6   6   8   8   5   5   5   3   2   2   0   1   1   1   1   4   5   5   4
DST1806*16  X220   0   5   7   6   5   4   6   4   6   6   5   3   3   2   1   1   1   2   5   5   3   1   1   0   3   4
DST1806*17  X220   0   4   5   9   9   6   5   4   5   5   7  11  12  12  11  10  10  10  10  12  11  16  15  15  19  10
DST1806*18  X220   0  20  -1 -25 -35 -25 -13  -9 -10 -21 -12  -6  -4 -10 -15 -13 -13 -10 -10 -16 -20 -18 -14 -12  -9 -13
DST1806*19  X220   0 -10 -10 -13 -15 -15 -14 -15 -17 -15 -15 -12 -13 -14 -15 -15 -13 -10  -8 -10 -12 -10  -7  -5  -4 -12
DST1806*20  X220   0  -5  -4  -9 -11 -10 -10  -9 -11 -10  -7  -7  -9  -9 -11 -12 -11 -10  -8  -5  -4  -4  -1  -3  -4  -8
DST1806*21  X220   0  -7  -8  -8  -8  -9  -9  -8  -8  -7  -5  -4  -4  -3  -2  -2  -1  -1   0   1   0   1   0   0   2  -4
DST1806*22  X220   0   5   4   1  -1  -1  -3  -3  -1   1   1   0  -1  -2  -4  -4  -2   1   3   2  -2   2   5   6   4   0
DST1806*23  X220   0   1  -3 -12 -18 -20 -20 -12  -6  -3  -2 -15 -12  -8 -11 -10 -14 -16 -13 -11 -14 -15 -23 -27 -25 -13
DST1806*24  X220   0 -20 -21 -22 -26 -25 -26 -25 -23 -25 -26 -20 -19 -20 -18 -18 -18 -19 -17 -17 -20 -21 -21 -23 -18 -21
DST1806*25  X220   0 -11  -8 -10 -13 -13 -14 -17 -16 -14  -6  -3  -2  -9 -13 -12 -15 -17 -20 -25 -30 -37 -42 -40 -41 -18
DST1806*26  X220   0 -45 -47 -40 -40 -43 -39 -31 -37 -30 -18 -22 -27 -24 -16 -21 -25 -26 -30 -36 -39 -36 -31 -25 -22 -31
DST1806*27  X220   0 -19 -15 -13 -15 -20 -23 -21 -21 -19 -18 -20 -21 -21 -20 -19 -18 -18 -19 -18 -18 -18 -16 -15 -15 -18
DST1806*28  X220   0 -16 -13 -13 -14 -13 -11  -9  -7  -7  -7  -7 -12 -14 -14 -14 -14 -12 -12 -16 -18 -21 -20 -17 -11 -13
DST1806*29  X220   0 -11  -9  -9 -10 -13 -13 -13 -15 -16 -14 -13 -15 -15 -15 -12 -12 -11 -12 -13 -11 -10 -10  -9 -10 -12
DST1806*30  X220   0 -11 -11 -10  -8  -9 -11 -10  -7  -4  -8  -9  -8  -8  -6  -7  -9 -10  -5  -5  -6  -6  -8  -8  -5  -8


DST1807*01  X220   0  -3  -2  -1   0  -2  -3  -5  -8  -8  -4  -2  -1  -4  -5  -7  -8  -7  -6  -4  -2  -2  -2   0   0  -4
DST1807*02  X220   0   0  -2  -5  -5  -3  -2   0   1   1   2   1  -2  -2   0   0   0   1   0  -3  -5  -4  -1  -2  -2  -1
DST1807*03  X220   0   0   1  -1   0   3   5   6   5   6  10  11  10   8   8   5   1   3   7  10  12  15  16  11  10   7
DST1807*04  X220   0  11  12  10   7   7   7   7   5   5   6   7   5   5   5   3   4   3   3   1  -2   0   2   5   9   5
DST1807*05  X220   0   9   6   4   0  -3  -3  -2   0   4   4   3   4  11   6   8   4  -4 -12 -12 -26 -25  -4  -7 -12  -2
DST1807*06  X220   0 -13 -14 -14 -11 -10  -8  -6  -5   1   7   5   5   8   5   6   2   3   1  -5  -7  -7  -9 -11  -7  -4
DST1807*07  X220   0   1   3  -4  -7  -9 -10 -11  -9  -6  -4  -5  -8 -10 -11 -14 -13 -10  -5  -3  -3   1   0  -2  -2  -6
DST1807*08  X220   0  -3   0  -1  -1  -3  -6  -7  -5  -4  -2  -3  -4  -3  -3  -5  -6  -6  -4  -5  -6  -8  -7  -6  -6  -4
DST1807*09  X220   0  -5  -2  -2  -4  -6  -6  -5  -5  -4  -4  -4  -4  -5  -5  -4  -3  -2  -3  -4  -3  -1  -1  -2   1  -3
DST1807*10  X220   0   5   5   3  -1  -3   0   1   3   5   5   7  12  16  10   0  -1   1   3   2   0   0  -3  -4  -2   3
DST1807*11  X220   0  -2  -3  -3   3   9  10   6   8  12   4   2   6   9  11  14  12  14   7   5   6   2   0  -5   1   5
DST1807*12  X220   0   7   8   3   4  11  13   3  -7  -7   1   7   5   3   1  -3  -6  -6  -5  -4  -3  -2  -1  -1   3   1
DST1807*13  X220   0   2  -4  -7  -9  -6  -6  -7  -8  -7  -4   0   4   4  -1  -2  -6  -4  -3  -6  -7  -5  -6  -7  -4  -4
DST1807*14  X220   0   2   2   2   0  -2  -3  -2  -4  -3  -2  -1   0  -1  -2  -2  -3  -5  -7 -11 -11  -6  -3  -2  -3  -3
DST1807*15  X220   0  -3  -5  -6  -7  -9 -10 -10  -9  -8  -9 -10 -10  -8  -8  -8  -8  -7  -5  -3  -3  -3  -4  -5  -7  -7
DST1807*16  X220   0  -4   2   3   0  -2  -2   3  -3 -14 -17 -18 -17 -12 -10 -11  -7  -8  -9  -8  -6  -1   3   8   9  -5
DST1807*17  X220   0  10   8   6   7   5  -7 -16 -24 -18 -12 -10  -9 -13 -13 -13 -15 -12 -12 -11 -13 -13 -11 -13 -13  -9
DST1807*18  X220   0 -14 -13  -9  -8  -6  -5  -7  -6  -4  -5  -4  -2   0  -1  -1   0   0   1   0   0   0  -4  -4  -5  -4
DST1807*19  X220   0  -6  -7  -5  -2   0   3   2   2   5   3   1   2   2  -1  -3  -4  -4  -4  -5  -5  -5  -3  -2  -1  -2
DST1807*20  X220   0  -6  -4  -4  -1   2   2   6   5   1  -1  -5  -5  -4  -1  -2  -2  -1   0   0   3   2  -3  -3  -2  -1
DST1807*21  X220   0   0   2   4   1   1  -5  -8  -6 -15 -13 -11   0   3   0  -5 -12  -8  -7  -8 -11 -11  -8  -8 -11  -6
DST1807*22  X220   0 -14 -11  -8  -7 -10 -13 -14 -10 -12 -14 -12  -5  -3  -4  -6  -9 -10 -11  -9 -11 -10 -10  -9  -7 -10
DST1807*23  X220   0  -7  -9  -9  -7  -6  -9 -12 -14 -10  -6  -4  -3   0  -1  -5  -7  -7  -7  -8  -4  -3  -2   3   5  -6
DST1807*24  X220   0   3   0  -1   3   8   9 -11  -7   1  -4 -11  -6   4   8   6   1  -3  -5  -7 -14 -21 -17 -13  -7  -4
DST1807*25  X220   0  -6  -8 -14 -19 -17 -17 -19 -16 -12 -12 -11  -9  -7  -5  -7 -10 -11 -12 -11  -7  -8 -11 -11  -9 -11
DST1807*26  X220   0  -7  -7 -11 -14 -12  -9  -6  -5  -5  -4  -5  -5  -5  -2  -3  -5  -7  -9  -6  -6  -4  -4  -6  -7  -6
DST1807*27  X220   0  -8  -8  -8  -5  -3  -3  -2   0  -1   2   3   5   5   2   1   0   1   3   5   9  10   8   8   7   1
DST1807*28  X220   0   5   3   1  -1  -4  -4  -4  -3  -5  -6  -6  -4  -1  -2  -4  -7  -7  -7  -8  -5  -1  -2  -5  -5  -3
DST1807*29  X220   0  -6  -9 -12 -13 -15 -16 -13 -12 -12 -11  -9  -7  -6  -6  -8  -9  -9 -11 -11 -10  -2  -1  -5  -6  -9
DST1807*30  X220   0 -10  -9  -6  -4  -4  -4  -3  -2  -1   0   0  -2   5   8   9  11   8   6   2   1  -4  -5  -3   1   0
DST1807*31  X220   0  -2  -7  -9  -8  -4  -3  -3  -3  -3   0   0   4   4   4   8   9  10  12  13  14  19  16  11   5   4


DST1808*01  X220   0   1   3   6   7  10  10   9   9  10   7   3   4   2   2   6   7   7   8   7   6   3   9  12  13   7
DST1808*02  X220   0  18  14  11   8   6   4   3   6   6   6   6  11  11   3   3   4   5   5   4   2   4   7   8   9   7
DST1808*03  X220   0   9   8  14  12  13  11   6   5   5   1   2   7   6   3  -1  -1  -1   2   2   2   3   1   0   1   5
DST1808*04  X220   0   0  -2  -9 -11  -6  -3   1   2   2   3   1   1  -1  -3  -4  -4  -6  -6  -5  -2   1   2   2   4  -2
DST1808*05  X220   0   3   3   1  -2   4   8  11  12  13  10   6  -5  -8  -7  -7  -9  -9  -8  -6  -5  -4   0   1  -1   0
DST1808*06  X220   0  -4  -5  -4   0   2   1   2   2   2   6   2   2   5   5   3   3   5   3   1   5   8   7  11  10   3
DST1808*07  X220   0  10   9   3   0   3   1   4   9  11  12   7   8  14  10  14  15  18  17   9   0   0   2   6   9   8
DST1808*08  X220   0   9   5   1  -2  -3  -3  -2  -2   0   3   2   0  -1   0  -2  -3  -2  -5  -7  -6  -5  -5  -4  -3  -1
DST1808*09  X220   0  -5  -8  -9 -12 -10  -7  -6  -5  -3  -1  -1  -2  -5  -5  -5  -6  -5  -7  -6  -5  -2   1   3   4  -4
DST1808*10  X220   0   4   3  -1   0   0   3   6   7   7   8  10   8   8   8   7   3   3   3   1   2   0   0  -1   1   4
DST1808*11  X220   0   3   3   5   6   8   3   1   6   1   4   7   8   6   3  -7  -8  -2   2   2   1  -3 -14 -17 -15   0
DST1808*12  X220   0 -10  -6  -5  -6  -5  -4  -2   0  -1  -2  -3  -3  -1   7   9   9   7   5  -1  -8  -7  -6  -5  -3  -2
DST1808*13  X220   0  -3  -3  -2  -5  -6  -7  -6  -4  -5 -10 -13 -14 -14 -14 -11 -10  -7  -5  -4  -3  -3  -4  -1  -3  -7
DST1808*14  X220   0  -3  -1   1   0  -1  -2   1   2   1   2   4   5   3   4   6  10  12  13  14  15  15  14  11  12   6
DST1808*15  X220   0  12  10  10   9   9   9   3  -4 -11  -6  -3  -9 -22 -32 -32 -30 -24 -22 -26 -22 -15 -18 -24 -26 -11
DST1808*16  X220   0 -26 -28 -31 -34 -35 -33 -26 -20 -14 -11 -13 -19 -20 -16 -13 -15 -17 -16 -20 -21 -17 -18 -17 -17 -21
DST1808*17  X220   0 -18 -23 -24 -35 -38 -30 -30 -30 -26 -26 -24 -23 -22 -20 -18 -18 -19 -19 -20 -23 -25 -22 -19 -17 -24
DST1808*18  X220   0 -20 -17 -14 -11 -10 -18 -19 -19 -22 -20 -15 -15 -16 -14 -12 -17 -24 -26 -21 -18 -16 -17 -20 -22 -18
DST1808*19  X220   0 -20 -19 -17 -15 -17 -20 -21 -19 -16 -11 -10  -9  -8  -6  -5  -3  -3   3   5   7  11  14   6  -8  -8
DST1808*20  X220   0 -15 -19 -13 -11 -13  -7  -1  -6  -7  -8  -9 -11 -11 -13 -12 -10 -14 -20 -20 -19 -17 -17 -14 -12 -12
DST1808*21  X220   0 -17 -17 -14 -13 -13 -12 -11  -8  -7  -8 -11 -11 -13 -13 -14 -16 -17 -14 -10  -8  -5  -3  -2  -5 -11
DST1808*22  X220   0  -6  -5  -8 -14 -13  -9  -8  -8  -7  -7  -5  -4  -6  -8  -8 -10 -11 -10  -8  -6  -7  -6  -7 -11  -8
DST1808*23  X220   0 -13 -15 -14 -10  -8  -8  -8  -8  -8  -5  -6  -8  -9  -7  -9 -14 -15 -12 -13 -12 -12 -11 -10 -11 -10
DST1808*24  X220   0 -10  -8 -10  -9  -7  -7  -5   3   5   4   4   2   3  -3 -10 -13 -10  -7  -4  -4  -5  -6  -4  -4  -4
DST1808*25  X220   0  -3  -3  -1   2   5   5   5   8  16  11  15  13  14  17  13  10   8   5  -9 -26 -36 -31 -34 -50  -2
DST1808*26  X220   0 -60 -73 -85-104-129-156-175-176-153-159-143-130-113 -94 -80 -83 -86 -85 -75 -74 -81 -75 -69 -64-105
DST1808*27  X220   0 -62 -60 -60 -61 -63 -62 -68 -72 -70 -66 -61 -61 -58 -55 -59 -65 -64 -61 -56 -55 -53 -50 -49 -48 -60
DST1808*28  X220   0 -47 -45 -45 -44 -43 -42 -42 -44 -42 -43 -43 -40 -42 -46 -49 -48 -43 -38 -36 -34 -33 -32 -28 -28 -41
DST1808*29  X220   0 -31 -33 -35 -36 -37 -37 -37 -36 -35 -35 -35 -37 -39 -41 -43 -41 -41 -38 -34 -33 -36 -33 -32 -34 -36
DST1808*30  X220   0 -33 -32 -29 -26 -27 -27 -27 -29 -29 -28 -28 -27 -27 -28 -29 -29 -28 -25 -27 -31 -31 -30 -27 -25 -28
DST1808*31  X220   0 -27 -26 -26 -23 -20 -15 -10 -13 -15 -15 -15 -16 -12 -12 -19 -23 -22 -23 -22 -13 -15 -18 -19 -21 -18


DST1809*01  X220   0 -22 -22 -20 -19 -18 -16 -14 -13 -13 -14 -14 -13 -13 -14 -14 -17 -19 -21 -20 -19 -19 -16 -15 -15 -17
DST1809*02  X220   0 -19 -21 -20 -19 -18 -15 -12  -9 -10 -11 -12 -15 -16 -14 -15 -19 -18 -18 -18 -18 -18 -16 -13 -12 -16
DST1809*03  X220   0 -12 -12 -12 -10 -11  -9  -6  -7 -10 -10 -10 -11  -9  -9 -10 -11 -13 -11  -8  -8  -7  -7  -7  -2  -9
DST1809*04  X220   0   4   6   1  -3  -7 -15 -14 -13 -13 -13 -13 -13 -11  -6  -6  -9 -13 -14 -12 -12 -18 -18 -19 -27 -11
DST1809*05  X220   0 -31 -31 -35 -30 -25 -26 -21 -22 -23 -23 -29 -23 -18 -15 -21 -25 -25 -24 -24 -22 -22 -23 -22 -22 -24
DST1809*06  X220   0 -22 -22 -19 -18 -19 -22 -24 -21 -21 -20 -18 -19 -19 -21 -21 -19 -16 -17 -17 -16 -15 -11  -4   1 -18
DST1809*07  X220   0   9   5   5   6  10   8   6  -1  -3  -5  -8 -11 -16 -18 -19 -18 -18 -18 -17 -18 -18 -15 -14 -13  -8
DST1809*08  X220   0 -14 -10  -6  -6  -6  -6  -7   0  -1  -2  -6 -13 -15 -14 -11  -9 -10 -15 -16 -16 -15 -12 -10 -11 -10
DST1809*09  X220   0 -10  -9  -7  -5  -3  -3  -4  -4  -1  -5  -9  -9  -9 -10  -8  -6  -2  -8 -10  -8  -9 -10 -15 -16  -8
DST1809*10  X220   0 -13 -10  -9  -8  -8 -10 -10 -11  -9  -8  -7 -10 -19 -31 -32 -28 -31 -37 -43 -36 -34 -42 -58 -60 -24
DST1809*11  X220   0 -41 -30 -27 -34 -50 -46 -43 -48 -51 -69 -73 -68 -54 -54 -60 -62 -59 -55 -51 -45 -39 -33 -33 -33 -48
DST1809*12  X220   0 -30 -31 -32 -31 -29 -30 -31 -30 -29 -30 -27 -29 -30 -31 -28 -26 -28 -26 -26 -27 -25 -22 -20 -22 -28
DST1809*13  X220   0 -17 -18 -15 -22 -29 -34 -34 -30 -25 -24 -30 -36 -36 -37 -34 -35 -37 -32 -29 -29 -28 -27 -28 -29 -29
DST1809*14  X220   0 -31 -29 -30 -28 -27 -30 -29 -30 -31 -28 -26 -29 -29 -26 -25 -21 -16 -18 -17 -21 -33 -32 -26 -23 -26
DST1809*15  X220   0 -22 -24 -25 -26 -28 -29 -27 -26 -27 -27 -26 -22 -22 -22 -25 -25 -24 -24 -24 -22 -18 -18 -17 -18 -24
DST1809*16  X220   0 -19 -20 -22 -22 -22 -18 -15 -15 -17 -18 -16 -11  -6  -5  -7  -7  -4  -6 -11 -16 -16 -11 -10 -10 -14
DST1809*17  X220   0 -10  -8  -4 -13 -10 -13 -13 -15 -10  -6  -8  -5   0   1  -1  -1  -1  -9 -18 -18 -17 -21 -21 -18 -10
DST1809*18  X220   0 -13 -10  -8  -9 -10 -10 -16 -21 -28 -27 -20 -18 -14 -13 -13 -13 -10 -12 -14 -13 -10 -11 -11 -12 -14
DST1809*19  X220   0 -13 -11 -12 -14 -16 -17 -18 -20 -20 -19 -18 -16 -15 -13 -12 -13 -10 -10 -11 -12 -11 -12 -12 -13 -14
DST1809*20  X220   0 -13 -18 -19 -14 -10 -10 -11 -14 -14 -13 -10  -9  -9  -8  -8  -7  -5  -6  -6  -5  -6  -6  -7  -7 -10
DST1809*21  X220   0  -6  -6  -6  -6  -6  -6  -8  -8  -4  -4  -8 -11 -13  -9  -7  -4   1   7   5   3   4   5  -5 -16  -5
DST1809*22  X220   0 -25 -28 -38 -49 -47 -48 -48 -53 -49 -47 -38 -40 -38 -40 -30 -24 -24 -30 -34 -41 -37 -31 -28 -23 -37
DST1809*23  X220   0 -24 -27 -26 -27 -30 -38 -41 -40 -36 -32 -25 -25 -24 -27 -29 -27 -24 -21 -20 -24 -30 -29 -25 -25 -28
DST1809*24  X220   0 -22 -11  -6  -9 -11 -10 -15 -18 -21 -18 -17 -13 -12 -12  -7  -4  -4  -9 -15 -14 -15 -16 -16  -8 -13
DST1809*25  X220   0  -6  -2   1   1  -2  -5  -7  -6  -4  -2  -1  -4   2   5   4  -2  -5  -5  -7 -10 -21 -25 -21 -18  -6
DST1809*26  X220   0 -16 -14 -13 -13 -14 -18 -21 -20 -15 -10  -8  -5  -6  -9 -15 -24 -26 -19 -15 -18 -17 -15 -18 -11 -15
DST1809*27  X220   0  -9  -6  -6  -9 -13 -16 -15 -16 -16 -15 -14 -12 -10  -8  -9  -9  -7  -8  -6  -1   0   2  -1  -6  -9
DST1809*28  X220   0 -11 -14 -17 -15 -19 -23 -20 -21 -17 -13  -8  -5  -6  -7  -7  -4  -1   1   3   3   1  -2  -6  -5  -9
DST1809*29  X220   0 -10  -5 -11 -10 -11 -16 -14 -22 -27 -28 -26 -22 -20 -19 -19 -20 -17 -22 -21 -18 -16 -13 -16 -11 -17
DST1809*30  X220   0  -7  -8 -11 -17 -17 -14 -13 -14 -13 -13 -14 -13 -13 -11 -12 -11  -9  -8 -10 -12 -10 -11 -13 -13 -12


DST1810*01  X220   0 -12 -12 -10  -8  -9 -11 -12 -11 -13 -14 -14 -14  -5  -5  -5  -6  -6  -7  -9 -10  -8  -6  -7 -13  -9
DST1810*02  X220   0 -14 -17 -15 -15 -17 -18 -16 -17 -12  -8  -7  -7  -4  -3  -5  -4  -4  -4  -9 -15 -16 -15 -15 -14 -11
DST1810*03  X220   0 -13 -13 -13 -15 -16 -14 -11  -8  -6  -5  -1   4   4   4   3   7   6   7  10   6   3   0   0  -4  -3
DST1810*04  X220   0  -5  -8  -8 -11 -12 -13 -12 -10  -7  -6  -3  -1   1  -3 -10 -10  -7  -3  -2  -1   0   0   0   0  -5
DST1810*05  X220   0  -4  -5 -12 -10  -9  -4  -2  -7 -13  -9  -5  -3  -2   4   5  -4  -6  -8  -6  -7 -10 -10  -7  -3  -6
DST1810*06  X220   0  -3  -4  -2   0  -1  -2  -1  -6  -8  -8 -10  -5  -2  -2  -4  -6  -1   1   2   0  -3  -4  -4  -3  -3
DST1810*07  X220   0  -2  -3  -5  -3  -3  -3  -3   0   4  11  18  10  -3  -8  -7 -18 -36 -43 -43 -47 -54 -54 -50 -41 -16
DST1810*08  X220   0 -35 -32 -33 -40 -43 -42 -40 -40 -41 -39 -39 -46 -40 -38 -40 -39 -34 -31 -34 -32 -30 -29 -27 -26 -36
DST1810*09  X220   0 -25 -25 -25 -26 -27 -29 -33 -43 -41 -33 -31 -24 -23 -22 -22 -21 -29 -34 -31 -28 -28 -30 -35 -36 -29
DST1810*10  X220   0 -34 -34 -31 -27 -25 -25 -25 -24 -23 -20 -19 -25 -33 -37 -38 -37 -31 -34 -37 -37 -34 -34 -30 -28 -30
DST1810*11  X220   0 -35 -44 -45 -41 -37 -35 -36 -36 -33 -33 -28 -24 -25 -23 -23 -21 -20 -20 -18 -19 -23 -27 -27 -26 -29
DST1810*12  X220   0 -28 -28 -28 -29 -26 -25 -24 -21 -22 -24 -23 -22 -23 -21 -19 -20 -21 -18 -15 -17 -17 -17 -16 -16 -22
DST1810*13  X220   0 -17 -19 -22 -20 -17 -13 -10  -6  -5  -5  -4  -1  -5  -8  -7  -6 -14 -29 -38 -38 -34 -33 -41 -40 -18
DST1810*14  X220   0 -36 -33 -30 -28 -25 -25 -26 -27 -24 -22 -21 -22 -19 -18 -16 -15 -12  -9  -8  -9  -8 -10 -10 -13 -19
DST1810*15  X220   0 -15 -16 -19 -19 -20 -18 -17 -17 -17 -18 -18 -17 -18 -20 -18 -16 -11 -16 -21 -19 -16 -18 -19 -18 -18
DST1810*16  X220   0 -14  -9  -9 -11 -13 -16 -13 -13 -15 -15 -12  -9  -9  -8 -10 -11 -10 -11 -12 -14 -15 -17 -15 -12 -12
DST1810*17  X220   0 -11 -10  -9  -9 -12 -11 -11 -14 -14 -13 -12 -14 -15 -16 -15 -16 -14 -13 -10  -9  -9  -9  -8  -7 -12
DST1810*18  X220   0  -8  -7  -8  -8  -6  -6  -5  -7  -7  -6  -4  -6  -8  -9  -7  -7  -6  -4  -5  -5  -5  -5  -5  -6  -6
DST1810*19  X220   0  -7  -8 -10  -9  -8  -8  -6  -3  -1  -1  -3  -7  -9  -9  -7  -8  -7  -4  -3  -4  -5  -4  -3  -2  -6
DST1810*20  X220   0  -1   1   2   2  -1  -3  -3  -3  -4  -4  -4  -4  -3  -3  -3  -4  -5  -6  -7  -6  -3  -2  -4  -2  -3
DST1810*21  X220   0   1   4   6   5   5   7   7   7   9  10   8  -2  -9 -13 -10  -9  -8  -6  -6  -7  -7  -3  -3  -6  -1
DST1810*22  X220   0  -7  -7  -3  -2  -6  -4  -3  -3  -3  -6  -8  -8 -10 -12 -15 -14 -16 -20 -20 -20 -19 -17 -16 -16 -11
DST1810*23  X220   0 -16 -15 -13 -10 -10  -9  -8  -9 -10 -12 -11 -11 -11  -9  -5  -3   0   0  -2  -1  -2  -2  -2  -2  -7
DST1810*24  X220   0  -2   1   0   1  -1  -3  -1   1   1   0  -7  -9  -7  -5  -1   0  -2  -3  -7 -10  -9  -8  -9  -9  -4
DST1810*25  X220   0  -6  -3  -2  -2  -1  -4  -4  -2  -5  -7  -5  -6  -8  -4   0   0  -5  -5  -6 -10 -13 -10  -9 -11  -5
DST1810*26  X220   0 -10  -7  -2   2   7   8   8   2   0  -1  -3  -2  -1  -4  -3  -3  -2  -3  -4  -5 -10 -15 -16 -13  -3
DST1810*27  X220   0 -11  -8  -9 -10 -10 -10 -12 -15 -15 -13 -11  -5  -6  -5  -5  -5  -5  -6  -7  -7  -6  -6  -7 -10  -9
DST1810*28  X220   0 -11 -11 -10  -5  -4  -5  -5  -4  -4  -5  -4  -2  -2  -1   0   0  -1  -3  -6  -7  -6  -7  -3  -2  -5
DST1810*29  X220   0  -2  -2  -3  -2  -1  -1   2   4   4   4   5   7   6  10   6   3   3   3   5   7   5   3   2   2   3
DST1810*30  X220   0   2   1  -2  -1   0   3   6   6   6   4   2   3   2   3   4   3   3   4   2   0   0   0   2   2   2
DST1810*31  X220   0   0   0  -1  -1   1   2   4   4   3   4   6   7   4   4   3   1   1   1   3   4   2   4   4   4   3


DST1811*01  X220   0   4   6   4   4   5   8   9   6  -2  -2   0  -2  -3  -3  -5  -5  -3   2   0  -2  -3  -1   1   0   1
DST1811*02  X220   0   0   1   2   3   3   3   5   6   6   7   7   6   3   1   3   2   2   2   5   5   5   7  10  10   4
DST1811*03  X220   0   7   4   0   0   0   1   2   2   1   1   3   4   3   3   3   2   1   2   0  -1  -2  -2  -1   1   1
DST1811*04  X220   0   4   7   9   9   9  10  12  13  10  12  11   5  -3  -5 -12 -20 -25 -26 -36 -41 -31 -24 -12 -22  -6
DST1811*05  X220   0 -24 -15 -14 -22 -26 -57 -56 -48 -51 -50 -43 -51 -53 -47 -41 -43 -47 -52 -51 -43 -40 -40 -34 -32 -41
DST1811*06  X220   0 -30 -26 -25 -23 -23 -24 -28 -32 -35 -38 -37 -35 -34 -28 -28 -29 -27 -24 -25 -23 -18 -16 -17 -19 -27
DST1811*07  X220   0 -20 -19 -20 -23 -26 -27 -27 -26 -28 -28 -25 -24 -23 -21 -21 -21 -20 -16 -14 -11 -18 -23 -25 -20 -22
DST1811*08  X220   0 -16 -14 -16 -21 -17 -14 -15 -21 -21 -23 -27 -26 -23 -19 -18 -22 -25 -24 -23 -20 -19 -20 -21 -23 -20
DST1811*09  X220   0 -22 -19 -18 -17 -16 -18 -18 -16 -15 -14 -16 -19 -24 -27 -27 -25 -15 -23 -25 -32 -43 -47 -44 -38 -24
DST1811*10  X220   0 -31 -25 -18 -16 -18 -19 -17 -16 -14 -19 -22 -25 -26 -26 -26 -22 -20 -20 -19 -26 -27 -22 -19 -12 -21
DST1811*11  X220   0 -21 -20 -20 -17 -17 -18 -20 -18 -17 -18 -19 -22 -21 -17 -12  -9  -7  -8 -12 -14 -16 -13 -12 -12 -16
DST1811*12  X220   0  -9 -11 -11 -12 -11 -18 -26 -31 -30 -26 -28 -29 -24 -22 -21 -18 -16 -14 -15 -20 -21 -20 -19 -18 -20
DST1811*13  X220   0 -19 -17 -18 -18 -18 -18 -16 -15 -17 -17 -16 -15 -17 -18 -17 -17 -15 -15 -16 -14 -11 -11 -11 -12 -16
DST1811*14  X220   0 -10 -10 -10  -9  -8  -7  -4  -4  -3  -5  -4  -4  -4  -5  -3  -3  -2  -3  -4  -4  -7 -10 -12 -13  -6
DST1811*15  X220   0 -11 -11 -10 -11 -11  -9  -8  -7  -7  -8  -7  -7  -7  -8  -8  -5  -4  -3  -2  -2  -3  -4  -4  -2  -7
DST1811*16  X220   0  -1   0   0  -1  -5  -4  -4  -6  -4  -3  -2  -2  -4  -4  -6  -6  -5  -2  -3  -3  -3  -3  -1   0  -3
DST1811*17  X220   0   0  -1   0  -1  -3  -6  -7  -7  -6  -5  -6  -7  -7  -6  -4  -3  -4  -8  -8  -8  -9  -9  -9 -10  -6
DST1811*18  X220   0  -9 -10  -9 -10  -7  -5  -3  -4  -2  -2  -3  -2  -3  -4  -3   2   1   0  -2   0   3   5   7   8  -2
DST1811*19  X220   0  10   9   6   2  -1  -1  -3  -4  -1  -2  -1  -2  -2  -2  -3  -5  -8 -11 -13 -10  -8  -3   0   0  -2
DST1811*20  X220   0   7   5  -2  -3  -5  -6 -11  -7  -7  -5  -7  -7  -9  -7  -5  -5  -5   0   0   2   3  -2  -1   2  -3
DST1811*21  X220   0   7   9   7   4   4   9   6   0   0  -5  -7  -7  -8  -8 -10  -9 -10 -11 -12 -12  -9  -7  -7  -8  -4
DST1811*22  X220   0  -7  -7  -9  -7  -9 -10 -10 -10  -9  -8  -5  -4  -3  -3  -4  -3  -7  -8  -9  -7  -6  -1   2   2  -6
DST1811*23  X220   0   4   3   2  -1   0   2   4   6   3   3   4   3   3   1  -1   0   2   1   0   0   1   1   3   5   2
DST1811*24  X220   0   8   7   3   2   1   1   0  -1  -1  -3   1   4   8   8   3   2   0   4   8   7   2   5   7   9   4
DST1811*25  X220   0  12  12   8   2  -3  -3  -3  -4  -3  -6  -9  -9  -9  -8  -5  -1   1   3   1   0  -2  -4  -6  -5  -2
DST1811*26  X220   0  -4  -4  -4  -1  -2   0   0  -1  -2  -5  -6  -5  -3  -2  -2  -1   0   0  -3  -3  -2  -1  -1  -1  -2
DST1811*27  X220   0   1   1   2   6  11  11   7   6   8   7   5   7   8   5   5   3   3   5   3  -1   1   0  -4  -2   4
DST1811*28  X220   0   0  -2  -5  -3  -2  -1  -3  -3  -3  -5  -6  -4  -3  -4  -2   0   1   1  -1  -2  -2  -3  -3  -6  -3
DST1811*29  X220   0  -5  -3  -4  -3  -1  -1  -1  -1   0  -1  -4  -6  -7  -8  -7  -6  -3  -3  -3  -4  -3  -1  -1  -4  -3
DST1811*30  X220   0  -1  -2  -4  -3  -2  -2  -2  -1   0   2   1   1   0  -2  -5  -3  -1  -1  -1  -2  -1   2   2   3  -1


DST1812*01  X220   0   3   4   4   2   1   3   7  10  13  13  11  14  10   2   6   8   4  -1  -2  -5  -9  -7  -3  -2   4
DST1812*02  X220   0  -3  -4  -9 -15 -18 -18 -10  -4   0  -2  -6  -4  -9 -10  -8  -8  -9 -12 -14 -13 -14 -11 -13  -7  -9
DST1812*03  X220   0   2   4   2  -6  -8  -9 -11 -10  -5  -7  -8  -6  -6  -7  -9 -12 -17 -20 -19 -17 -14 -10  -9  -5  -9
DST1812*04  X220   0  -5  -7 -11 -17 -18 -20 -18 -19 -17 -13 -10  -7  -7  -6  -5  -1  -5 -10 -13 -10  -7  -6  -7  -4 -10
DST1812*05  X220   0  -5  -5  -6  -9  -9  -8  -7  -7  -5  -6  -6  -4  -6  -7  -8  -7  -7  -8  -8 -10  -7 -11 -15 -13  -8
DST1812*06  X220   0 -10  -9 -10 -13 -15 -15 -17 -16 -16 -16 -16 -17 -16 -16 -14 -13 -15 -15 -11  -8  -6  -5  -2   2 -12
DST1812*07  X220   0   5   7   6   5   3   2   8   3   3  -1  -1  -8 -14 -16 -14 -15 -11 -16 -18 -25 -20 -19 -14 -10  -7
DST1812*08  X220   0  -6  -5 -10 -14 -14 -15 -14 -16 -14 -18 -18 -11 -10 -12 -13 -17 -20 -21 -17 -16 -16 -15 -11  -7 -14
DST1812*09  X220   0  -4  -5  -3   0   1  -2  -2  -5  -2  -2  -4   3   3   1  -4  -7 -11 -14 -14 -13  -9 -15 -16 -12  -6
DST1812*10  X220   0  -8 -10 -13 -14 -13 -11 -11 -15 -15 -15 -19 -16 -13 -12 -13 -13 -12 -13 -15 -16 -15 -14 -13 -12 -13
DST1812*11  X220   0 -10 -10 -10 -12 -10 -11 -14 -16 -19 -16 -16 -13 -14 -18 -18 -16 -17 -18 -20 -20 -17 -17 -18 -16 -15
DST1812*12  X220   0 -13 -14 -15 -14 -11 -10 -10 -10  -9  -9 -11 -11 -14 -17 -14 -13 -13 -12 -13 -15 -14 -10 -12 -12 -12
DST1812*13  X220   0 -14 -16 -14 -14 -13 -10  -7  -6  -6  -6  -7  -6  -8 -10  -8  -7  -5  -5  -5  -7  -8  -7  -7  -6  -8
DST1812*14  X220   0  -8  -9  -8  -9  -7  -6  -5  -5  -4  -4  -6  -9 -10  -9  -7  -5  -2  -2  -1  -1   0   2   2  -2  -5
DST1812*15  X220   0  -4  -2  -3  -3  -3  -3  -5  -5  -6  -7  -7  -6  -5  -6  -6  -7  -6  -5  -3  -3  -2  -3  -2  -2  -4
DST1812*16  X220   0  -5  -3  -4  -6  -5  -2  -2  -2   0   2   2   3   1  -2   0   1   1   0  -3  -3  -3  -5  -2   3  -1
DST1812*17  X220   0  10  11  12  11  10  14  17  13  20  20  12   9   7   6   3  -1  -1   2  -4 -11  -9 -10  -5  -9   5
DST1812*18  X220   0 -16 -20 -18 -15 -13 -14 -18 -17 -15 -11  -9  -6  -1   1  -6 -14 -18 -17 -14 -11  -8  -3  -2  -2 -11
DST1812*19  X220   0  -1  -4  -5  -9 -10 -14 -12 -13 -13 -16 -13 -13 -10  -8  -7  -6  -4  -3  -6  -6  -8  -8  -7  -6  -8
DST1812*20  X220   0  -9  -7 -10  -5  -4  -4 -10  -8  -5  -5  -9  -7 -12 -16 -16 -14 -14 -11 -11 -10  -9 -11 -10  -5  -9
DST1812*21  X220   0  -5  -8  -8  -9 -12 -14 -16 -18 -14 -12 -14 -13 -13 -11 -13 -10  -9  -9 -11 -12 -13 -13 -12 -11 -12
DST1812*22  X220   0 -12 -12 -12 -16 -16 -11 -11  -9  -8  -8  -8  -8  -7  -8  -5  -7  -8  -7  -5  -4  -4  -5  -2   0  -8
DST1812*23  X220   0   0  -1  -2  -3  -6  -9  -9  -7  -6  -7  -6  -3   1   2   2  -4  -7  -7  -4  -2  -1  -1  -2   0  -3
DST1812*24  X220   0   0   1   2  -1  -5  -7  -6  -2   1   2   4   6   6   5   2  -3  -4  -3   2   0  -1  -1  -2  -7   0
DST1812*25  X220   0  -8  -9  -8  -5  -4  -5  -5  -3  -2  -1   0   2   3   2  -3  -9 -10  -8  -7  -4  -5  -8  -7  -3  -4
DST1812*26  X220   0   0   0  -2  -2  -3  -4  -5  -6  -8  -9  -7  -5  -5  -6  -8  -9 -10 -10  -5  -5  -3  -2   0   0  -5
DST1812*27  X220   0  -3  -2  -3  -2  -2  -4  -5  -5  -4  -1   1   1   3   6   8   9   8  12  12  12  17  18   7   5   4
DST1812*28  X220   0  -4  -9 -16 -14 -10  -8 -12 -26 -21 -14 -15 -17 -12 -12 -13 -11 -15 -13 -18 -19 -19 -23 -21 -16 -15
DST1812*29  X220   0 -17 -15 -17 -20 -19 -23 -25 -26 -25 -25 -25 -21 -19 -21 -24 -22 -18 -11  -7  -5  -7  -7  -9 -10 -17
DST1812*30  X220   0 -11 -13 -13 -12 -15 -22 -24 -22 -16 -18 -18 -13 -13 -16 -15 -13 -10  -2   0  -1  -1  -4  -8  -8 -12
DST1812*31  X220   0 -11 -11 -12 -10  -8  -8 -11 -10  -8 -12 -15 -18 -21 -19 -14 -12 -11  -9  -7  -6 -11 -11  -9  -9 -11


DST1901*01  X220   0  -8 -11  -9  -7  -4  -9 -12 -17 -22 -22 -20 -14 -15 -16 -13 -12 -10  -7  -7 -11 -12 -12 -12 -14 -12
DST1901*02  X220   0 -15 -15 -13 -12 -11  -9  -8  -6  -6  -5  -5  -7 -10 -14 -14 -12  -9  -7  -6  -4  -5  -4  -5  -7  -9
DST1901*03  X220   0  -8  -9 -10 -12 -13 -13 -13 -11  -7  -4  -1   1   0   1   3   4   1   1   0  -3  -5  -6  -3   1  -4
DST1901*04  X220   0   2   1   0  -4  -5  -4   2   3   3  -1  -5   4   8   0  -1   6   8  -1  -9 -11  -8  -9  -6  -1  -1
DST1901*05  X220   0 -18 -17 -15 -22 -20 -16 -12 -13 -16 -15 -10 -14 -16 -12  -9 -11 -17 -24 -22 -20 -17 -18 -18 -19 -16
DST1901*06  X220   0 -16 -15 -15 -17 -16 -11 -13 -15 -12 -12 -10  -8  -9 -13 -13 -12  -9  -9 -12 -18 -19 -15 -13 -13 -13
DST1901*07  X220   0 -10 -10 -10 -12 -10 -10 -12 -17 -19 -18 -14 -13  -9  -6  -5  -2  -4  -4  -4  -6  -5  -7  -7  -4  -9
DST1901*08  X220   0  -2  -4  -4  -2  -3  -4  -6  -5  -5  -6  -7  -6  -9  -4  -3  -3  -6  -4  -3  -3  -2  -2  -2  -5  -4
DST1901*09  X220   0  -4  -3  -5  -2  -1   1  -2  -1  -6  -3  -1   0   0   1  -1  -3  -6  -5  -4  -4  -4  -6  -6  -6  -3
DST1901*10  X220   0  -7  -9  -7  -6  -4  -4  -3  -1  -4  -2   3   7   5  -1  -2   2   3   6   3   2   1  -2  -4  -4  -1
DST1901*11  X220   0  -3   1   1  -3   2   4  -1  -5  -7  -6  -6  -7  -7  -7  -6  -6  -4  -4  -2  -1  -1  -2  -4  -8  -3
DST1901*12  X220   0 -11 -10 -13  -9  -5  -5  -5  -5  -5  -7 -10 -11  -8  -8  -7  -6  -5  -4  -2  -3  -5  -5  -5  -6  -7
DST1901*13  X220   0  -5  -6  -7  -8  -8  -3   2   5   6   4   1   0  -1  -2  -1   2   2   2   3   3   5   9  14  18   1
DST1901*14  X220   0   9  11  11  13  12  12  10   6   1   2   2  -2  -6  -7   1   5   5   2   3   3  11  13  10   8   6
DST1901*15  X220   0   3   2   0  -2  -3  -4  -3   2   8   7   5   0  -4  -5   0   1  -2  -4   0   4   3   4   2   1   1
DST1901*16  X220   0   1   1   1   2   2  -7 -12  -9  -5  -2  -4  -5  -6  -6  -5  -1  -2  -5  -6 -10 -19 -24 -23 -25  -7
DST1901*17  X220   0 -20 -15 -13 -14 -16 -14 -12  -7  -2   1   1  -5  -7 -11 -11 -13 -15 -17 -19 -16 -10 -11  -8 -10 -11
DST1901*18  X220   0 -11  -7  -6  -8  -6  -7  -6  -5  -5  -3  -8  -9  -9  -9 -10  -9  -9 -14 -15 -16 -13  -9  -3  -1  -8
DST1901*19  X220   0   1   1  -2  -6  -8  -6  -6  -5  -5  -4  -5  -7  -7  -7  -7  -7 -11 -15 -18 -16 -14 -12  -8  -6  -8
DST1901*20  X220   0   0   3   2  -2  -4  -3  -4  -5  -4  -3  -5  -7  -6  -6  -4  -3  -1  -4  -5  -4  -5  -8  -4   1  -3
DST1901*21  X220   0   7   8   7   2  -2  -3  -2  -2   0  -1   0  -1  -3  -5  -6  -2  -1  -1  -1   2   5   8  11  12   1
DST1901*22  X220   0  14  14  13  12  10   9   3  -1  -1   0  -1  -2  -2  -1   4   4   1   1  -2  -7  -9 -11  -7  -1   2
DST1901*23  X220   0   6   8   8   6   3   4  -4  -8  -1   0 -11 -12  -3  -5  -9  -6   1   3   7   8   6   0  -1  -5   0
DST1901*24  X220   0   6   7   8   1 -10 -17 -20 -17 -12 -10  -8  -5  -4  -4  -5  -1  -1  -6 -20 -21 -15 -12 -12  -6  -8
DST1901*25  X220   0  -3  -1  -6 -10 -15 -18 -18 -14 -15  -9 -10 -10 -14 -16 -17 -15 -11 -13 -15 -11  -9  -9  -7  -7 -11
DST1901*26  X220   0  -7  -7  -8 -10  -9  -5  -5  -5  -5  -3  -6  -7  -9 -12 -12 -11 -10 -11 -13 -13 -11 -10  -7  -4  -8
DST1901*27  X220   0  -3  -5  -9 -12 -11  -9  -7  -5  -4  -3  -5  -7  -7  -9  -9 -10 -11 -12 -13 -13  -9  -6  -6  -7  -8
DST1901*28  X220   0  -7  -6  -6  -6  -5  -4  -5  -5  -6  -5  -6  -6  -4  -1  -2  -3  -5  -6  -7  -5  -4  -4  -4  -6  -5
DST1901*29  X220   0  -4  -2  -1  -2  -2  -3   0   1   4   6   5   3   3   0  -4  -5  -5  -6  -6  -4  -2   0   2   2  -1
DST1901*30  X220   0   3   4   3   0  -2  -1   0   0  -2  -2  -2   2   4   3   3   6   5   6   5   4   3   5   6   6   2
DST1901*31  X220   0   9  14  24  24  23  18  10   9   9  10   8   2   0  -2  -6 -13 -14 -15  -5  -2   1 -10 -25 -19   2


DST1902*01  X220   0  -8  -4  -6 -18 -23 -27 -24 -31 -30 -23 -25 -20 -17 -20 -29 -35 -30 -31 -29 -25 -19 -19 -14 -14 -22
DST1902*02  X220   0 -13 -16 -15 -20 -22 -21 -18 -25 -32 -32 -28 -25 -23 -22 -24 -27 -23 -20 -23 -16 -18 -18 -11  -9 -21
DST1902*03  X220   0 -11 -16 -22 -22 -26 -28 -29 -29 -24 -22 -23 -20 -18 -18 -16 -15 -16 -18 -19 -18 -20 -24 -23 -20 -21
DST1902*04  X220   0 -16 -16 -17 -16 -16 -16 -15 -17 -19 -18 -15 -14 -16 -22 -28 -28 -28 -24 -23 -25 -20 -17 -20 -21 -19
DST1902*05  X220   0 -13  -7  -7 -13 -14 -12 -16 -16 -17 -16 -14 -12 -12 -12 -12 -10  -8  -9 -12 -15 -16 -15 -13  -9 -13
DST1902*06  X220   0  -4  -2  -4 -10 -10  -6  -4  -7 -13 -12 -14 -16 -25 -21 -15 -12  -9 -13 -16 -13 -17 -15 -14 -14 -12
DST1902*07  X220   0 -13 -13 -14 -15 -15 -14 -13 -12 -12 -13 -13 -11  -8  -8  -9  -8 -10 -10  -8  -7 -12 -20 -24 -22 -13
DST1902*08  X220   0 -16 -10 -12 -15 -15 -13 -13 -16 -17 -25 -22 -16 -12 -10 -10 -10 -12 -12 -11 -10 -13 -17 -17 -14 -14
DST1902*09  X220   0 -15 -13 -13 -11 -12 -10 -12 -12 -16 -20 -16 -10  -7  -6  -5  -6  -7 -11 -14 -13 -11  -9  -8  -7 -11
DST1902*10  X220   0  -3  -3  -5  -5  -4  -5  -7 -12 -14 -11  -9  -5  -5  -4  -5  -7  -8 -10 -11 -11 -11 -10 -12  -9  -8
DST1902*11  X220   0  -6  -4  -5  -6  -6  -8  -8  -6  -4  -5  -4  -8  -5  -3  -4 -12 -15 -15 -16 -13 -12 -10  -9  -9  -8
DST1902*12  X220   0  -5  -6  -9 -13 -13 -10  -6  -6  -8  -6  -4  -1  -1  -5  -8  -8 -10  -8  -9  -8  -9  -6 -10  -9  -7
DST1902*13  X220   0  -9  -6  -6  -8  -7  -4  -5 -10 -12 -13 -22 -22 -26 -25 -19 -16 -17 -16 -16  -9  -5  -5 -10 -11 -12
DST1902*14  X220   0 -11  -9 -11 -14 -13 -12 -10 -13 -14 -19 -14 -11  -8  -8  -8  -7  -8  -8  -8 -12 -12 -12  -7  -3 -11
DST1902*15  X220   0  -2  -3  -7 -10 -10 -10 -10 -11 -12  -9  -9  -9 -10  -9  -7  -7  -9  -9 -10  -9  -9  -8  -7  -6  -8
DST1902*16  X220   0  -4  -1  -1  -3  -5  -9 -10  -8  -8  -8  -7  -6  -7  -6  -8  -6  -7  -9 -11  -9  -6  -3  -2  -1  -6
DST1902*17  X220   0   3   4   0  -3  -5  -5  -6  -9 -11 -12  -9  -6  -5  -4  -4  -4  -5  -6  -6  -6  -6   0   4   4  -4
DST1902*18  X220   0   3   3  -1  -8 -10  -8  -8  -8  -9 -11 -10  -7  -6  -8 -11 -12 -10 -10 -10  -9 -10 -10  -7  -5  -8
DST1902*19  X220   0  -5  -5  -6  -7  -7  -7  -9 -11 -11 -10  -8  -8  -9  -8  -8  -7  -8  -8  -9  -8  -8  -8  -7  -6  -8
DST1902*20  X220   0  -4  -1   1   2   1  -1  -1   0   0  -1   0   2   4   5   7  11  11  14  15  13  11   3  -6  -7   3
DST1902*21  X220   0  -7  -8  -5  -4  -3  -2  -3  -6  -4  -4  -3  -3  -2  -2   1   3   0  -1  -1  -2  -2  -4 -13 -17  -4
DST1902*22  X220   0 -13  -7  -7 -10 -10 -10 -10 -11 -14 -16 -14 -12 -10  -6  -2  -1  -1   0  -1  -4  -5  -4  -5  -6  -7
DST1902*23  X220   0  -4   1   3   4   4   2  -1   0   0   0   0   1   3   5   5   2   0  -1  -2  -2  -2  -3  -2  -2   0
DST1902*24  X220   0  -3  -2   0   0   1   0  -1   1  -1  -1  -1   1   1   2   1  -1   1   2   2   3   1   2   0  -2   0
DST1902*25  X220   0  -3  -2  -2  -1   0   0  -2   2   5   5   6   6   5   6   6   5   5   4   4   5   4   3   2   1   3
DST1902*26  X220   0  -2  -2  -1  -1   0   0   1   2   0  -2  -1   0   0   1   3   0   0   3   4   4   3   2   0  -2   1
DST1902*27  X220   0  -2   0   2   2   2   1   2   7  12  14  19  20  15   8   7   3  -3 -15 -20 -17 -14 -13 -28 -27  -1
DST1902*28  X220   0 -17 -11 -18 -20 -16 -16 -20 -19 -17 -19 -17 -15 -16 -17 -19 -22 -22 -20 -29 -41 -40 -38 -34 -32 -22


DST1903*01  X220   0 -30 -31 -29 -25 -28 -27 -27 -28 -26 -22 -26 -26 -21 -15 -15 -22 -24 -25 -29 -33 -34 -31 -28 -26 -26
DST1903*02  X220   0 -23 -24 -21 -19 -23 -26 -25 -27 -25 -23 -22 -21 -16 -20 -22 -20 -20 -25 -29 -27 -24 -22 -23 -22 -23
DST1903*03  X220   0 -22 -21 -20 -21 -20 -19 -17 -17 -17 -18 -19 -17 -15 -14 -15 -15 -17 -17 -17 -18 -18 -19 -20 -21 -18
DST1903*04  X220   0 -21 -19 -21 -24 -23 -26 -26 -26 -27 -24 -27 -28 -25 -21 -23 -22 -22 -21 -21 -16 -17 -18 -19 -22 -22
DST1903*05  X220   0 -25 -26 -24 -21 -18 -16 -16 -16 -14 -11 -11 -12 -10  -9 -11 -14 -14 -13 -11 -11 -14 -16 -16 -15 -15
DST1903*06  X220   0 -14 -12  -9  -7  -5  -5 -13 -12  -7  -4   0   4  -1  -4  -6 -10 -13 -18 -22 -25 -25 -21 -19 -16 -11
DST1903*07  X220   0 -13 -13 -13  -9  -5  -4  -5  -4  -1   0   0   3   0  -2  -8 -16 -24 -23 -14 -15 -17 -18 -21 -23 -10
DST1903*08  X220   0 -18 -17 -16 -15 -12 -12 -14 -16 -18 -17 -11  -7  -6  -8 -11 -15 -16 -15 -13 -12 -11  -9  -8  -8 -13
DST1903*09  X220   0  -9  -7  -3   0   2   2  -1  -4  -5 -10  -8  -7  -7  -9 -12 -12 -13 -10 -11  -9 -11  -9  -7 -11  -7
DST1903*10  X220   0 -16 -18 -18 -17 -15 -14 -15 -18 -17 -18 -17 -16 -12 -10  -9  -9  -9 -10  -9  -5  -5  -3  -3  -3 -12
DST1903*11  X220   0  -3  -2  -3  -2  -4  -5  -5  -5  -3  -2  -4  -6  -8  -8  -5  -5  -4  -3  -5  -6  -6  -4  -5  -4  -4
DST1903*12  X220   0  -1   3   0   2   2   3   1 -10 -21 -27 -25 -21 -20 -19 -20 -21 -21 -18 -15 -15 -14 -15 -16 -14 -13
DST1903*13  X220   0 -15 -17 -18 -17 -19 -20 -16 -13 -11  -9  -8  -8  -8  -7  -6  -7  -8  -6  -7  -8 -10  -6  -3  -3 -10
DST1903*14  X220   0  -4  -6  -4  -3  -4  -9 -14 -14  -9  -3  -5  -9 -14 -12  -7  -7  -8  -8  -8  -9 -13  -9  -7  -9  -8
DST1903*15  X220   0 -11  -9  -7 -13 -21 -21 -17  -8  -6  -6  -7  -5  -6  -5  -6 -10 -13 -16 -18 -14 -12 -10  -8  -7 -11
DST1903*16  X220   0  -8  -5  -4  -1  -7  -9  -8 -10 -12 -15 -15 -16  -8  -5  -4 -12 -21 -28 -27 -22 -18 -24 -28 -34 -14
DST1903*17  X220   0 -30 -32 -34 -34 -39 -41 -40 -41 -33 -37 -42 -43 -37 -33 -29 -28 -28 -26 -23 -21 -20 -18 -18 -16 -31
DST1903*18  X220   0 -14 -14 -13 -12 -12 -13 -14 -13 -11 -10  -8  -7  -8  -8 -10 -11 -13 -13 -14 -15 -12 -11  -9  -8 -11
DST1903*19  X220   0  -7  -7  -9  -9  -8  -6  -2   4  11  14  13   9   2   2   1  -1  -2  -2   0  -2  -8 -17 -15 -11  -2
DST1903*20  X220   0  -6  -5  -5  -6  -8 -11  -8  -5  -2   0  -3  -3   0  -1  -2  -3  -5  -6  -5  -6  -6  -7  -8  -7  -5
DST1903*21  X220   0  -7  -8  -6  -6  -5  -5  -5  -3   0   0   1   0  -2  -1  -2  -4  -6  -4  -5  -4  -3  -1   0   0  -3
DST1903*22  X220   0   1   0  -2  -2  -1  -3  -3  -4  -3  -4  -2  -1   0  -1  -2  -1  -1   1   2   3   2   1   0   0  -1
DST1903*23  X220   0   1   0  -2  -3  -2  -1   1   4   3   1   2   3   2   2   2   3   3   4   4   4   3   1   1   0   2
DST1903*24  X220   0   0   0   0   1   1   1   0   1   2   3   5   7   6   6   7   6   6   6   8   9   9  11  22  24   6
DST1903*25  X220   0  25  19  15  14  11   9   9   7   8   8  10  11   7   4   3   3   1   1   3   5   6   8   6   4   8
DST1903*26  X220   0   4   0  -1  -3  -8  -8  -3  -1   0   1   3   5   5   3   2   2   0  -2   0   2   3   3   0   6   1
DST1903*27  X220   0   7   4   2   4   3  -2   1   5  -5  -8  -8  -7  -6  -5  -4  -5  -6  -9 -10 -10  -6  -7  -4  -1  -3
DST1903*28  X220   0  -1   3   7   5  -2  -8 -14 -14 -10  -8  -5  -4  -7 -10 -14 -10  -8 -11 -10 -13 -13 -14 -10  -7  -7
DST1903*29  X220   0  -5  -2   0  -1  -6  -9  -7  -8  -8  -7  -6  -3  -3  -4  -4  -8 -11 -16 -14 -10 -10  -7  -3  -6  -7
DST1903*30  X220   0  -7  -7  -8 -10 -12 -11 -12 -11  -7  -6  -6  -5  -4  -3  -2  -3  -3  -4  -3  -4  -5  -5  -4  -5  -6
DST1903*31  X220   0  -3  -1  -3  -7 -13 -14 -12 -12  -9  -6  -3  -2  -4 -13 -18 -19 -17 -15 -13 -15 -15 -13 -12 -11 -10


DST1904*01  X220   0  -8  -9 -10  -7  -7  -9 -13 -19 -23 -28 -29 -18 -14 -13 -17 -20 -19 -17 -15 -14 -15 -16 -15 -12 -15
DST1904*02  X220   0  -9 -10 -10  -9  -8 -10 -11 -12  -9  -8  -8  -8  -6 -12 -15 -16 -16 -16 -14 -13 -19 -17 -11  -7 -11
DST1904*03  X220   0  -9 -12 -13 -16 -17 -20 -18 -18 -18 -21 -26 -29 -21 -17 -15 -15 -22 -24 -24 -18 -16 -23 -30 -25 -19
DST1904*04  X220   0 -20 -20 -23 -22 -22 -22 -16 -14 -10 -12 -20 -32 -29 -25 -20 -21 -31 -35 -31 -28 -23 -22 -22 -21 -23
DST1904*05  X220   0 -20 -16 -15 -17 -17 -19 -21 -20 -20 -19 -15 -13 -12 -14 -18 -20 -19 -16 -17 -18 -19 -20 -18 -17 -18
DST1904*06  X220   0 -14 -11 -10 -14 -13 -13 -13 -15 -18 -12 -12  -9  -7  -7  -7  -8 -11 -10 -12 -16 -16 -19 -18 -17 -13
DST1904*07  X220   0 -15 -13 -11 -10 -13 -17 -18 -17 -14 -13 -15 -15 -14 -10  -9  -8  -7  -5  -6  -8 -10 -11 -11 -16 -12
DST1904*08  X220   0 -19 -16  -9  -5  -9 -22 -20 -12  -7  -9 -10  -7  -5 -11 -11 -11 -15 -19 -19 -22 -26 -28 -24 -23 -15
DST1904*09  X220   0 -22 -22 -21 -18 -15 -15 -16 -15 -18 -18 -18 -12 -10 -10  -9  -9 -11 -13  -8  -5  -5  -5  -4  -2 -13
DST1904*10  X220   0 -11 -20 -25 -33 -34 -34 -26 -22 -19 -17 -15 -14 -13 -11 -16 -20 -20 -21 -20 -19 -16 -16 -14 -15 -20
DST1904*11  X220   0 -15 -15 -15 -16 -15 -13 -12 -12 -14 -16 -14 -13 -10 -11 -11 -12 -11  -7  -5  -2  -3  -6  -6  -1 -11
DST1904*12  X220   0  -2 -10 -12 -13 -14 -16 -17 -19 -22 -21 -21 -17 -17 -20 -22 -18 -14 -14 -18 -12  -9 -10  -9  -6 -15
DST1904*13  X220   0  -8  -7  -9 -14 -17 -17 -15  -9  -6  -3  -5  -7  -8  -7  -6  -8  -9  -9  -7  -7  -6  -4  -3   0  -8
DST1904*14  X220   0  -2  -5  -9 -11 -11  -8  -5  -7  -7  -2  -2   1   1   0  -2  -5  -6  -5  -6  -6  -5  -4  -3  -3  -5
DST1904*15  X220   0  -4  -5  -8  -9  -7  -7  -6   1   1  -5  -4   1   5   8   7   4   0  -7  -9 -10 -15 -20 -17 -13  -5
DST1904*16  X220   0  -8  -8 -10 -14 -11  -8 -11 -15 -12  -7  -4  -7  -7  -9 -10 -12 -11 -10 -10 -10 -11  -9  -6  -5  -9
DST1904*17  X220   0  -4  -5  -6  -7  -7  -6  -4  -3  -2  -2   0   1   0  -1  -2  -2  -3  -7 -10 -11 -10  -6  -2   0  -4
DST1904*18  X220   0  -1  -4  -4  -3  -2  -1   1   2   2   3   1  -2  -3  -4  -5  -3  -1  -3  -2  -1   2   5   7   7   0
DST1904*19  X220   0   6   5   4   5   5   1   1   2   1   1   5   4  -4  -8  -9  -5  -2  -1  -2   2   5   5   5   4   1
DST1904*20  X220   0   4   5   7   8   4   1  -1  -2  -2   0   1   2   5  10  10   8   8   5   4   2  -2  -3  -5  -3   3
DST1904*21  X220   0  -2  -3  -5  -8  -7  -5  -3  -2  -4  -6  -9  -9  -7  -6  -3  -2  -1   0   1   2   2   2   2   0  -3
DST1904*22  X220   0   0   1   1   0   0   0   0  -3  -1   0   2   4   4   2   0  -1   0   2   5   6   4   4   3   3   2
DST1904*23  X220   0   3   0   0  -1   0   4   6   7   6   4   5   3  -1  -5  -8  -7  -2   4  10   6 -11  -9  -4  -7   0
DST1904*24  X220   0  -9 -10 -11 -17 -18 -14 -10  -6  -4   0  -2  -3  -7  -8  -8  -7  -6  -7  -8  -9  -8  -9  -7  -3  -8
DST1904*25  X220   0   0   2  -4  -7  -2  -4  -6  -3  -1   0   1   2  -5  -4  -4  -3  -2  -3  -4  -4  -4  -5  -4  -3  -3
DST1904*26  X220   0  -3  -3  -2  -4  -5  -3  -2  -2  -1  -2  -1  -1  -3  -5  -7  -8  -6  -5  -4  -4  -7  -8  -8  -5  -4
DST1904*27  X220   0  -8  -9 -12 -13 -14 -12  -7  -4 -10 -12 -13 -10  -4  -7 -12 -14 -12 -12 -11 -12 -13 -13 -10  -5 -10
DST1904*28  X220   0  -3  -2  -3  -6  -7  -6  -3   0   0   0   0   1  -2  -3  -3  -5  -6  -5  -4  -2  -8  -8  -4  -3  -3
DST1904*29  X220   0  -1   0  -2  -1   0   1   2   2   0   1   4   2   1  -3  -8 -12 -12 -11 -11 -12 -11  -9  -7  -5  -4
DST1904*30  X220   0  -7  -6  -8 -11 -11 -12  -8  -5  -2   0   2   1  -1  -3  -5  -7  -7  -6  -5  -7  -7  -4   2   8  -5


DST1905*01  X220   0  12  11   5  -2  -8  -7  -4  -2  -2  -6  -8  -4   2   2   2   1   6   5  -4 -10 -20 -21  -8  -7  -3
DST1905*02  X220   0  -8  -9 -14 -26 -34 -25 -18 -15 -15 -14 -14 -14 -12 -13 -18 -18 -13 -13 -15 -12  -8  -5  -4  -7 -14
DST1905*03  X220   0  -8 -12 -19 -21 -21 -19 -16 -14 -15 -14 -14 -13 -10  -8 -11 -10  -5  -4  -3  -5  -8  -8 -10 -12 -12
DST1905*04  X220   0  -8  -4  -1  -2  -5  -5  -9 -16 -23 -24 -16 -10 -10 -12 -14 -18 -17 -16 -17 -18 -18 -17 -19 -20 -13
DST1905*05  X220   0 -19 -14 -13 -13 -13 -12 -12 -11 -12 -11 -10  -7  -8 -10 -10  -8  -7  -7  -8  -6  -5  -4  -6  -8 -10
DST1905*06  X220   0  -8  -5  -4  -8 -10  -9  -6  -4  -2   0  -1  -3  -4  -5  -7  -5  -6 -10 -11 -11  -9 -12 -15 -10  -7
DST1905*07  X220   0  -5  -4  -4  -5 -10 -10 -10  -7  -5  -3  -3  -3  -3  -2  -6  -8  -8  -6  -5  -7  -3  -1  -3  -4  -5
DST1905*08  X220   0  -3   3   5   7   1   2   3   5   6   5   4   5   6   7   7   6   6   8   7  10  11  10   4   5   5
DST1905*09  X220   0   9  11  10  10  10  14  12   8   5   5   2   3   5   6   5   4   3   1  -3  -6  -4  -4  -7  -8   4
DST1905*10  X220   0  -9  -9  -9 -11 -11 -10  -9  -9  -9  -7  -5  -2   0  -1  -2  -3  -1   1   9   5  -3  -5  -8 -17  -5
DST1905*11  X220   0 -27 -28 -28 -38 -35 -28 -24 -28 -41 -42 -42 -41 -35 -39 -44 -51 -50 -46 -48 -50 -53 -54 -48 -35 -40
DST1905*12  X220   0 -32 -32 -33 -33 -30 -28 -24 -22 -22 -20 -18 -16 -14 -13 -15 -16 -12 -12 -15 -15 -15 -14 -15 -18 -20
DST1905*13  X220   0 -19 -17 -15 -16 -15 -11  -9  -7  -2  -3 -10 -12  -7  -6  -5 -13 -21 -25 -21 -18 -16 -17 -19 -12 -13
DST1905*14  X220   0  -7 -15  -9  -8 -18 -45 -58 -68 -60 -56 -53 -52 -49 -40 -38 -42 -40 -38 -41 -45 -46 -46 -41 -39 -40
DST1905*15  X220   0 -36 -29 -26 -24 -24 -19 -11  -5  -4  -5  -8 -10  -7  -5  -8  -4  -5   0   0  -4  -9 -10 -10  -9 -11
DST1905*16  X220   0  -7  -3  -5  -9 -12 -13 -11 -10  -9  -7  -8  -9  -9 -10 -12 -14 -11  -3  -4  -7 -10 -12 -10 -13  -9
DST1905*17  X220   0 -13  -1  -4  -7  -3  -2   0  -4  -5  -5  -6  -7 -10 -14 -12 -11  -9  -6  -5  -5  -5  -7 -10  -9  -7
DST1905*18  X220   0  -6  -7  -9 -11 -12 -13 -12 -12 -13 -14 -13 -12 -11 -13 -13 -15 -15 -14 -11 -13 -14 -12  -9  -7 -12
DST1905*19  X220   0  -6  -5  -5  -5  -7  -7  -6  -6  -8  -6  -7  -8  -7  -7  -8  -9  -9  -8  -5  -3   0   2   2   1  -5
DST1905*20  X220   0  -1  -6  -9  -5  -4  -5 -10 -10  -8  -6  -6  -2  -1  -1  -5  -8  -8  -5  -6  -9  -9  -9 -10  -9  -6
DST1905*21  X220   0 -11 -11 -11 -12 -10 -10 -11 -10 -10  -8  -7  -5  -7  -8  -5  -4  -4  -2  -5  -8 -11 -12 -10  -8  -8
DST1905*22  X220   0  -7  -1   1   3   5   3   2   4   5   7   5   5   5   7   9   9   8   9   9   6   2  -1  -4  -3   4
DST1905*23  X220   0   1   3   4   4   5   7   4   3   3   6   7   7   4   4   0  -1  -7  -8  -9 -11 -15 -21 -26 -26  -3
DST1905*24  X220   0 -18 -13 -12 -13 -16 -14 -11  -8  -5  -2  -1   0  -1  -1   0   0   1   0  -2  -6  -7  -6   1   6  -5
DST1905*25  X220   0   5   6   7   7   6   4   3   5   5   4   4   3   2   2   3   3  -1  -2  -2  -2  -4  -5  -7  -7   2
DST1905*26  X220   0  -5  -4  -2   0   2   2   0   1   1   1   1   2   2   1  -1  -2  -1   1   3   1   1   1  12  18   1
DST1905*27  X220   0  21  17  11  17  14  15  12   2  -6 -16 -16 -14 -14 -15 -16 -15 -15  -8  -9 -13 -17 -21 -20 -19  -5
DST1905*28  X220   0 -16 -14 -11 -10  -8  -7  -8  -8  -8  -9  -7  -6  -4  -1  -2   0   1   5   5  -4  -8  -6  -5  -5  -6
DST1905*29  X220   0  -2  -2 -10 -15 -23 -28 -31 -27 -23 -23 -27 -27 -21 -18 -18 -19 -20 -19 -21 -19 -14 -15 -16 -14 -19
DST1905*30  X220   0 -16 -11 -12 -15 -20 -21 -16 -13 -10 -10  -6  -4  -3  -3  -5  -6  -6  -5  -6 -13 -17 -17 -16 -13 -11
DST1905*31  X220   0 -10  -9  -9 -10 -10 -13 -16 -15 -12 -10 -14 -16 -16 -13 -12 -12 -14 -13 -15 -16 -15 -13 -10  -8 -13


DST1906*01  X220   0  -9  -9  -9  -8 -10 -12 -12 -11 -10  -9 -11 -10  -9  -9  -8  -9  -9  -8  -6  -5  -5  -5  -6  -6  -9
DST1906*02  X220   0  -4   0   3   3   2   0  -2  -3  -2  -2  -3  -5  -5  -6  -6  -8  -8  -3   1   2  -2  -7  -9 -10  -3
DST1906*03  X220   0  -9  -6  -1   0   0   0  -1  -1   1   7   9   8   8   7   5   2  -1   1   3   4   5   1  -1  -2   2
DST1906*04  X220   0  -2   0   2   3   2  -3  -7  -9 -11  -8  -4  -4  -1   1   2  -3 -11 -18 -20 -20 -28 -29 -26 -22  -9
DST1906*05  X220   0 -19 -16 -13 -10 -10 -11 -13 -14 -13 -10 -10  -9  -7  -6  -5  -7 -11 -11 -12 -10 -12 -14 -13  -8 -11
DST1906*06  X220   0  -5  -6  -6  -6  -6  -5  -4  -3  -4  -6  -4   0   1   3   3   3   2   1  -1  -5  -5  -4  -3  -3  -3
DST1906*07  X220   0  -2  -1  -4  -4  -4  -4  -4  -3  -1   1   1   2   4   5   2   1  -1   0   0  -1   0  -1   1  -1  -1
DST1906*08  X220   0  -3  -3  -4  -3  -1  -1  -1  -2  -2   0  13  17  20  22  25  20  23  15   5  -2  -5 -12 -12 -17   4
DST1906*09  X220   0 -16 -15 -11 -10 -13 -15 -18 -21 -19 -19 -17 -16 -17 -18 -19 -19 -17 -14 -14 -13 -13 -12 -11  -8 -15
DST1906*10  X220   0  -5  -3  -2  -4  -6  -7  -9 -10  -9 -10 -11  -9  -7  -7  -7  -8  -7  -4  -3  -4  -6  -5  -5  -6  -6
DST1906*11  X220   0  -7  -9 -10  -9 -10  -6  -5  -4  -3  -2  -4  -3  -1   1   3   3   1  -1  -1  -3   2   3   4   4  -2
DST1906*12  X220   0   2  -3  -2  -1   0   4   6   8  10  14  14   9   5   6   5   4   4   2  -1  -3  -3  -4  -4  -3   3
DST1906*13  X220   0   2   3   1   1  -1   3   6   3   2   0   0   3   3   3   1   1   4   8  12  11   8   8   3  -9   3
DST1906*14  X220   0  -9  -6  -2  -2  -4  -8 -11  -7  -5  -5  -7  -8  -7  -7  -4  -2  -3  -1   0  -3  -6  -8  -8  -7  -5
DST1906*15  X220   0  -4   0   3   1  -1  -1  -3  -4  -5  -6  -4  -6  -7  -5  -6  -5  -8  -6  -6  -9 -11 -10 -10 -12  -5
DST1906*16  X220   0 -13 -13 -13 -12 -10 -11  -9  -6  -5  -4  -5  -7 -10  -9  -7  -8 -10  -9  -7  -6  -5  -9 -11 -12  -9
DST1906*17  X220   0 -13 -11  -9  -6  -5  -4  -6  -7  -8  -7  -4  -5  -7  -7  -4  -2  -1   1   2   2   2   2   1   4  -4
DST1906*18  X220   0   4   4   5   5   7   5   3   3   4   3   2   3   1   4   1   0   0  -2  -2   2   6   7   8   7   3
DST1906*19  X220   0   5   8   9  10  11  12  11  10   7   7   7   5   3   3   7   6   5   7  10  10   9   8   6   6   8
DST1906*20  X220   0   7   7   9  12  10   6  -2  -7 -13 -15 -18 -12  -5  -6  -7 -10  -9  -6  -5  -3  -4  -8 -10  -6  -4
DST1906*21  X220   0   1   6  11  13  12   6   2   2   0  -1  -2  -4  -2  -1   1  -1  -2  -1   1   2   5  10   8   3   3
DST1906*22  X220   0   2   1   0  -1   0  -3  -5  -6  -3  -4  -3   1   4   2   3   6   6   5   6   6   5   3   3   3   1
DST1906*23  X220   0   3   3   4   4   0  -1  -1  -2  -1  -2  -2  -3  -4  -8  -8  -7  -6  -5  -3  -3  -3  -4  -4   0  -2
DST1906*24  X220   0   9  12  10   6   1   2   3   2   0   3   1  -1  -2  -2  -4  -1  -1   2   3  -1  -1   1   2   2   2
DST1906*25  X220   0   0  -1   0   1   1   0   1  -1   0   4   2   0  -1  -2  -2  -3  -4  -4  -2   1   7   9   4   3   1
DST1906*26  X220   0   0  -1   0   1   0  -2  -2  -1  -4  -8  -9  -7  -6  -3  -5  -9 -12 -10  -7  -3   1   2   4   7  -3
DST1906*27  X220   0  10  11   8   5   2   1  -1  -3  -4  -4  -3  -2  -4  -8  -9  -7  -5  -3   0   7  11  12   9   9   1
DST1906*28  X220   0   8   5   4   1  -1  -2  -1  -2  -3  -1   0  -1   0  -3  -6  -7  -7  -7  -7 -10 -10  -8  -5  -4  -3
DST1906*29  X220   0   0   3   3   1  -2  -4  -5  -4  -2  -2  -3  -3  -4  -6  -5  -2   0   3   5   6   8   6   5   3   0
DST1906*30  X220   0   4   5   6   5   6   3   2   1   3   4   5   7   6   3   0  -1  -3  -4  -3   0   2   3   4   3   3


DST1907*01  X220   0   1  -3  -3  -2  -4  -9 -16 -15 -12 -10  -9  -9 -12 -14 -13 -15 -14 -12  -9  -8 -13 -17 -19 -16 -11
DST1907*02  X220   0 -14  -9  -7  -6  -8 -11 -12 -11 -13 -10  -7  -5  -8 -12 -12 -13 -16 -16 -13  -8  -6  -4  -1   4  -9
DST1907*03  X220   0   9  10   9   6   4   1  -3  -7 -10  -7   1   1   4   4   5   5   6   0  -3  -3  -5  -7 -11 -13   0
DST1907*04  X220   0 -12  -9  -6  -3  -4  -5  -5  -2  -1   0   1   1   3   1  -2  -4  -5  -7  -3   3   1   1   0   2  -2
DST1907*05  X220   0   7  11   9   7   7   6   4   3   1   1  -2   0   0  -4  -3   0  -1   0   2   1   2   3   1  -2   2
DST1907*06  X220   0  -1  -1   4   4   1  -2  -1   3   6   6   5   3   2   2   1   3   2   3   4   6   9  11  11  10   4
DST1907*07  X220   0  10  11  11  10  10   7   7   5   1   0  -2  -4  -5  -3  -2   0   2   0  -2  -1   3   3   0  -3   2
DST1907*08  X220   0  -4  -6  -9  -8 -10 -12 -12 -11 -10 -10 -11 -12 -11 -11 -11 -11  -9  -5  -4  14  36  38  39  31  -1
DST1907*09  X220   0  19   9   1  -6 -13 -16 -14  -9 -11 -11 -12  -4  -1  -2  -3   1   0   2   8   0 -16 -11  -8  -5  -4
DST1907*10  X220   0  -1  -1  -2  -5 -17 -31 -29 -26 -24 -31 -32 -31 -24 -26 -24 -24 -21 -18 -15 -10  -7 -10 -15 -18 -18
DST1907*11  X220   0 -21 -19 -14 -11 -13 -17 -16 -16 -22 -22 -20 -20 -24 -25 -25 -24 -25 -23 -23 -20 -19 -15 -14 -16 -19
DST1907*12  X220   0 -14 -15 -15 -15 -16 -18 -21 -20 -23 -25 -21 -21 -23 -21 -19 -18 -18 -18 -17 -13  -8  -3   1   3 -16
DST1907*13  X220   0   4   5   2  -3  -6  -4  -4  -4  -6 -12 -12 -11 -12 -16 -16 -15 -17 -18 -15 -13  -8  -2  -2  -2  -8
DST1907*14  X220   0  -1  -1  -2  -6 -11  -8  -7  -7  -4  -4  -5  -4  -7  -6  -5  -6  -5  -3  -3   0   0  -2   1   1  -4
DST1907*15  X220   0   1   4   1  -5  -6  -2  -2  -3  -1   2  -2  -9  -5  -4  -6  -8 -11 -14 -11  -9  -7  -6  -6  -8  -5
DST1907*16  X220   0  -6  -2  -5  -8 -11 -11 -11 -12 -10  -8  -7  -6  -7  -6  -5  -4  -3  -2   1   1   2  -1  -3  -5  -5
DST1907*17  X220   0  -2   1  -3 -10 -14  -9  -1  -6  -6  -9 -11 -10  -9  -7  -6  -5  -4  -1  -1   0  -2  -2  -3  -6  -5
DST1907*18  X220   0  -5  -6  -4  -4  -7  -6  -4  -2   0  -1  -3  -5  -5   1   2   0  -5  -4   0   2   2   0  -3  -4  -3
DST1907*19  X220   0  -3  -4  -2  -1   0   0  -2  -3  -5  -7  -6  -6  -5  -5  -6  -5  -5  -5  -2  -1  -2  -1  -2  -3  -3
DST1907*20  X220   0  -4  -3  -3  -2   2   3   2   0  -1  -2   1   2   3   4   6   3   3   1  -3  -5  -4  -3  -1  -1   0
DST1907*21  X220   0   1   4   3   0   1   3   3   5   5   2  -1  -3  -4  -2   0   3   1   0   2  11   7   0   4  15   3
DST1907*22  X220   0  19  19  16  14  11   5  -1  -1  -8 -14 -14  -9 -12 -10  -3  -3  -5  -7 -12 -15 -19 -16 -15 -14  -4
DST1907*23  X220   0 -14 -13 -13 -11 -10  -4   0   2   3   3   2  10  13   0  -3  -5  -5  -4  -4  -3  -2  -4  -5  -7  -3
DST1907*24  X220   0  -7  -5  -3  -6  -3  -4  -2  -1  -2  -2   1   4   5   9   9   5   4   3   1  -6  -8  -6  -5  -2  -1
DST1907*25  X220   0  -2  -1  -3  -6  -6  -5  -4  -5  -5  -4  -3  -3  -3  -5  -5  -4  -2  -1   0  -2  -3  -3  -2  -2  -3
DST1907*26  X220   0  -1   0  -2  -3  -4  -1   1   1   3   2   3   5   6   7   6   6   6   5   4   4   2  -1   0   2   2
DST1907*27  X220   0  -1  -5  -8 -10  -6  -2   1   3   2  11  10  13  14  12  11  11  11  12   5  -1  -2  -4  -3  -5   3
DST1907*28  X220   0  -5  -3   0  -3  -7  -4   0   2   1  -1  -3  -3   2   8  12  17  15   7  -1  -4  -4  -1   0   1   1
DST1907*29  X220   0   0  -4 -11 -12 -11  -4  -1  -3  -2  -1   0   0  -2  -4  -5  -6  -6  -5  -5  -5  -6  -4   0  -1  -4
DST1907*30  X220   0  -1   0  -2  -6  -8  -6  -5  -3   0   5   8   7   8   6  10  10   2   2  -4  -7  -6  -3  10   8   1
DST1907*31  X220   0   3   1  -2  -6  -6  -4   1  -1  -4  -1   4   3   2   3   3   6   8   9   9   6   4   3   5   5   2


DST1908*01  X220   0   3  -3  -3  -3  -2  -2   0   0  -1  -1  -1   0  -1   0   1   3   4   4   0  -2   0   0  -1  -1   0
DST1908*02  X220   0  -3  -4  -6 -10 -11 -10  -8  -7  -7  -7  -7  -8  -8  -9  -8  -7  -5   0   1   3   5   8   8   7  -4
DST1908*03  X220   0   7   6   6   4   2   3   3   3   2   3   3   3   2   1   2   2   3   2   1   3   5   5   2  -1   3
DST1908*04  X220   0  -1  -1   0   4   6   5   5  13  14  10   8   7   5   5   4   2   4   5   3   1   2   6   9  12   5
DST1908*05  X220   0  16  17  23  24  12   3   6 -12 -29 -51 -49 -48 -49 -44 -46 -46 -52 -47 -48 -53 -53 -49 -48 -44 -28
DST1908*06  X220   0 -39 -40 -42 -41 -40 -34 -31 -29 -28 -28 -32 -33 -30 -26 -26 -29 -31 -28 -28 -29 -27 -26 -24 -23 -31
DST1908*07  X220   0 -26 -30 -32 -32 -28 -23 -19 -22 -21 -20 -19 -21 -22 -20 -20 -20 -19 -20 -19 -19 -19 -21 -21 -21 -22
DST1908*08  X220   0 -22 -23 -23 -21 -20 -19 -22 -21 -21 -22 -20 -18 -17 -18 -22 -23 -20 -17 -19 -21 -23 -24 -20 -16 -21
DST1908*09  X220   0 -15 -14 -14 -15 -12  -8  -7 -10 -14 -12  -9 -11 -11 -13 -14 -13 -12  -8  -6  -9 -10  -7 -10 -11 -11
DST1908*10  X220   0 -13 -21 -17 -18 -16 -17 -20 -20 -22 -23 -20 -19 -20 -16 -15 -13 -13 -13 -15 -15 -17 -18 -20 -17 -17
DST1908*11  X220   0 -17 -17 -19 -21 -18 -15 -14 -14 -13 -12  -6 -10 -15 -15 -13 -11  -9  -7 -12 -14 -16 -10  -7  -6 -13
DST1908*12  X220   0  -9 -10  -9  -9  -6  -2   0   2   2   0   2   1  -2  -1  -9 -10  -8  -5   0  -5  -6  -6  -3  -3  -4
DST1908*13  X220   0  -3  -5 -12  -9  -7  -6  -4  -2  -2   0  -6 -11  -7   0  -2  -5  -9  -9 -14 -18 -21 -18 -14 -14  -8
DST1908*14  X220   0 -14 -17 -19 -18 -14 -10 -12 -13 -12 -12 -14  -8  -3  -1  -1  -3  -3  -2  -2  -5  -7  -7  -7  -6  -9
DST1908*15  X220   0  -7  -9 -11 -10  -5  -3  -6  -6  -7  -7  -9  -9 -11 -11 -10  -6  -3  -3  -2  -2  -3  -3  -3  -5  -6
DST1908*16  X220   0  -9  -8  -5  -4  -2   0   0  -2  -6 -14 -14 -14 -14 -14 -14 -12 -12 -12 -16 -19 -17 -15 -11  -8 -10
DST1908*17  X220   0  -7  -7  -8 -12 -14 -10  -7  -6  -6  -9  -8  -9  -7  -6  -5  -6  -4  -3  -3  -4  -1   1   3   7  -5
DST1908*18  X220   0   7   1  -3  -5  -3  -5  -5  -7  -7 -10  -7  -5  -5  -4  -6  -8  -7  -6  -5  -7  -8  -7  -6  -3  -5
DST1908*19  X220   0  -2  -4  -4  -4  -2  -1   1   4   4   6   6   6   6   9   7   2   0  -2  -5  -6  -7  -3  -1  -2   0
DST1908*20  X220   0  -4  -3   3   4   4   3   5   4  -2  -2   2   4   4   2  -2  -3  -2  -1  -4  -4  -5  -5  -4  -4   0
DST1908*21  X220   0 -11 -11 -11  -6  -3  -2  -1   0   4   2   5   9   7   3  -3   0   2   2   5   2   3   5   4   3   0
DST1908*22  X220   0   2  -1  -1   2   9   7   7   5   4   8  12  10  10  10   8   7   5   1  -6  -6  -5   1   6   9   4
DST1908*23  X220   0   6   5   6   3   1   0  -1   0  -5  -7  -6  -6  -5  -4  -5  -6  -5  -4  -5  -7  -9  -8  -6  -4  -3
DST1908*24  X220   0  -4  -2  -1  -1   2   4   5   2   1   0   2   4   2   1   2   1   2   2  -4  -6  -5  -4  -4  -2   0
DST1908*25  X220   0  -2   1   2   5   4  -1  -4  -4  -3  -1   0   1  -4  -6  -9  -7  -4  -3  -5  -7 -11 -11  -3   0  -3
DST1908*26  X220   0   0  -1   2   6   8   8   8   6   2  -6  -9  -9  -9  -8  -5  -4  -4  -2   4   1  -2  -5  -4  -3  -1
DST1908*27  X220   0   1   0   7  13   7  -7  -6  -5  -6  -8 -12 -13 -15 -13  -7  -5  -7 -11 -18 -19 -19 -18 -18 -14  -8
DST1908*28  X220   0  -7  -1  -2  -3  -1  -3  -7  -8 -11  -9  -9 -11 -13 -13 -13 -13 -14 -14 -15 -14 -13 -13 -13 -12 -10
DST1908*29  X220   0 -13 -11  -9  -6  -6  -7  -6  -5  -4  -2  -1  -1   2   3   4   4   1  -1  -1  -2  -6  -8  -6  -5  -4
DST1908*30  X220   0  -3  -3  -3  -4  -2  -1  -1  -2  -2   0   2   2   6   9   6   1   2  -7 -13  -9  -8  -7 -13 -16  -3
DST1908*31  X220   0 -16 -16 -28 -31 -25 -24 -33 -36 -29 -25 -19 -27 -32 -26 -32 -34 -30 -36 -37 -38 -40 -41 -43 -45 -31


DST1909*01  X220   0 -43 -40 -36 -33 -38 -50 -57 -53 -45 -37 -47 -44 -40 -43 -43 -48 -44 -45 -45 -52 -59 -52 -46 -46 -45
DST1909*02  X220   0 -54 -55 -45 -39 -40 -40 -42 -35 -34 -32 -28 -31 -30 -30 -30 -33 -34 -37 -42 -44 -44 -39 -34 -30 -38
DST1909*03  X220   0 -26 -26 -24 -26 -27 -27 -25 -29 -30 -27 -24 -25 -27 -28 -30 -30 -30 -28 -26 -29 -29 -30 -30 -29 -28
DST1909*04  X220   0 -26 -25 -21 -21 -21 -21 -24 -23 -26 -33 -29 -26 -26 -25 -24 -23 -18 -20 -30 -29 -27 -30 -31 -27 -25
DST1909*05  X220   0 -25 -28 -36 -43 -45 -51 -46 -43 -38 -35 -34 -28 -28 -24 -27 -27 -25 -20 -22 -25 -27 -25 -27 -25 -31
DST1909*06  X220   0 -21 -16 -14 -16 -22 -23 -20 -23 -24 -26 -28 -29 -29 -27 -25 -26 -25 -26 -31 -31 -30 -26 -24 -24 -24
DST1909*07  X220   0 -20 -19 -17 -17 -16 -14 -16 -17 -14 -14 -17 -22 -25 -25 -23 -22 -21 -23 -20 -17 -20 -19 -18 -18 -19
DST1909*08  X220   0 -20 -20 -17 -13 -13 -18 -23 -25 -27 -26 -26 -22 -23 -25 -26 -27 -27 -26 -22 -23 -30 -35 -30 -34 -24
DST1909*09  X220   0 -38 -36 -31 -28 -23 -25 -24 -21 -18 -16 -22 -31 -32 -30 -28 -26 -23 -28 -34 -32 -32 -33 -36 -34 -28
DST1909*10  X220   0 -30 -26 -23 -21 -20 -22 -18 -14 -13 -14 -15 -16 -18 -26 -24 -22 -21 -22 -23 -25 -27 -28 -25 -24 -22
DST1909*11  X220   0 -19 -15 -14 -14 -15 -17 -24 -28 -25 -23 -22 -23 -25 -30 -30 -26 -23 -23 -23 -24 -25 -25 -23 -20 -22
DST1909*12  X220   0 -20 -17 -12 -12 -14 -13 -13 -13 -16 -19 -24 -22 -16 -14 -13 -15 -14 -14 -18 -20 -18 -21 -17 -12 -16
DST1909*13  X220   0  -6  -5  -6  -3  -7  -8  -4  -1   0  -1  -5  -8  -9 -13 -12 -10  -9 -10 -15 -19 -20 -21 -19 -17 -10
DST1909*14  X220   0 -13 -12 -10 -10 -13 -11 -13 -15 -14 -13  -9 -13 -15 -16 -16 -15 -13 -11 -12 -16 -19 -19 -22 -20 -14
DST1909*15  X220   0 -14 -10  -7  -6  -9  -9  -8  -9 -12 -11  -9  -9  -8 -10 -10  -6  -5  -7 -13 -23 -25 -22 -17 -11 -11
DST1909*16  X220   0 -15 -15 -16 -18 -16 -14  -9  -5  -5  -6  -9 -11 -14 -14 -11 -14 -15 -16 -11  -7  -8  -8 -10 -10 -12
DST1909*17  X220   0 -12  -7  -3   3   2   0  -2  -4  -2  -3  -6  -7  -9 -13 -14 -14 -13 -14  -7  -9  -8 -13 -17 -19  -8
DST1909*18  X220   0 -18 -19 -19 -17 -15 -15 -13 -14 -16 -12  -8 -10 -16 -18 -17 -16 -17 -15 -14 -12 -12 -14 -16 -15 -15
DST1909*19  X220   0 -16 -15 -15 -12 -11 -11 -11 -11  -8  -6  -7  -9  -8 -10 -10  -9  -9  -5  -4  -8  -8 -10 -12 -10 -10
DST1909*20  X220   0  -7  -4  -6  -8  -8 -10  -9  -9  -8  -7  -7  -9 -10  -9  -9  -6  -3  -5  -4  -5  -3  -3  -4  -3  -7
DST1909*21  X220   0   0   1  -1   0   0   0   3   2  -6 -14 -20 -20 -17 -15 -15 -17 -18 -14 -14 -15 -19 -21 -22 -24 -11
DST1909*22  X220   0 -24 -23 -22 -21 -20 -14 -10  -6  -5  -4  -1   1   0  -1  -2   0  -1   3   3   1  -1  -2  -5  -7  -7
DST1909*23  X220   0  -6  -6  -5  -5  -4  -4  -5  -6  -2  -2  -1  -3  -1  -2  -5  -7 -11 -14 -10  -6  -4  -1  -2   0  -5
DST1909*24  X220   0  -4  -5  -7 -14 -23 -28 -33 -33 -29 -20 -17 -15 -17 -10  -7   0   0  -1  -2   2   0  -6  -7  -8 -12
DST1909*25  X220   0  -6  -2  -2  -6  -7 -11 -14 -13 -12 -13 -11 -12 -14 -13 -10  -7  -5  -5  -5  -6  -6  -8  -6  -5  -8
DST1909*26  X220   0  -6  -8  -6  -4  -6  -7  -6  -8  -9  -9 -10 -10  -9 -10  -8  -7  -7  -7  -7  -7  -7  -6  -6  -3  -7
DST1909*27  X220   0  -2  -1  -3  -5  -5  -4   9   8   8  12  19  12   2  -6 -10 -17 -17 -13 -19 -20 -35 -47 -56 -56 -10
DST1909*28  X220   0 -47 -41 -41 -41 -44 -42 -41 -42 -40 -34 -33 -27 -25 -31 -33 -29 -26 -23 -18 -22 -27 -28 -27 -27 -33
DST1909*29  X220   0 -26 -26 -29 -30 -30 -33 -33 -28 -24 -23 -21 -21 -19 -19 -20 -19 -15 -21 -21 -22 -24 -24 -29 -37 -25
DST1909*30  X220   0 -37 -38 -41 -43 -39 -36 -36 -38 -35 -35 -33 -29 -32 -36 -35 -33 -27 -20 -12 -11 -13 -16 -19 -16 -30


DST1910*01  X220   0 -12 -14 -24 -29 -33 -35 -43 -43 -41 -41 -39 -38 -35 -34 -35 -33 -31 -30 -26 -23 -23 -24 -20 -16 -30
DST1910*02  X220   0 -20 -23 -20 -19 -20 -19 -18 -16 -15 -15 -16 -15 -16 -18 -18 -18 -17 -17 -14 -11  -9 -13 -13 -14 -16
DST1910*03  X220   0 -11  -9 -12 -15 -15 -17 -19 -16 -13 -14 -14 -16 -17 -17 -14 -11  -9  -8  -6  -3   3   4   0  -1 -10
DST1910*04  X220   0  -1  -1  -3  -2   0   4   7  -5  -1  -1   9  14   9   1  -4  -5  -7  -8 -10 -14 -16 -17 -18 -17  -4
DST1910*05  X220   0 -13 -14 -16 -16 -18 -18 -14  -8  -6  -4   1  -1  -3  -5  -7  -6  -2  -7  -8  -7  -7  -8  -4  -3  -8
DST1910*06  X220   0  -1  -2  -8 -10 -15 -16 -14 -14 -12 -13 -16 -16 -18 -19 -18 -13 -10 -10 -12 -14 -16 -16 -16 -15 -13
DST1910*07  X220   0 -15 -14 -13 -13 -14 -13 -12 -11  -6  -3  -3  -4  -6 -10 -14 -15 -15 -15 -17 -15 -17 -17 -15 -14 -12
DST1910*08  X220   0 -12 -12 -14 -15 -14 -14 -14 -12  -8  -3  -2  -5  -9 -11  -8  -5  -4  -2  -3  -5  -7  -8  -8  -8  -8
DST1910*09  X220   0  -8 -12 -13 -17 -16 -15 -14 -17 -17 -17 -22 -21 -14 -13 -11  -7  -2  -3   1   0  -9 -10  -6  -1 -11
DST1910*10  X220   0   0  -1   2  -2  -8 -19 -26 -33 -26 -19 -18 -19 -21 -22 -20 -25 -25 -19 -16 -14 -15 -16 -20 -19 -17
DST1910*11  X220   0 -17 -16 -16 -15 -15 -16 -18 -21 -20 -18 -16 -14 -12 -14 -17 -18 -16 -16 -20 -21 -17 -16 -14 -14 -17
DST1910*12  X220   0 -14 -14 -18 -20 -20 -20 -18 -19 -20 -15 -10 -12 -14 -13 -11  -8  -6  -6  -6  -8  -8  -9 -10 -10 -13
DST1910*13  X220   0  -8  -8  -8  -7  -7  -5  -7  -9 -11  -9  -6  -2  -3  -3  -4  -3  -3  -3  -4  -5  -7  -7  -6  -6  -6
DST1910*14  X220   0  -7  -8  -8  -8  -8  -8 -13 -14 -11  -6   0   4   4   4  -2  -2  -2  -3  -4  -8 -10 -12 -11  -6  -6
DST1910*15  X220   0  -4  -3  -7  -5  -5  -6  -5  -4  -4   0   4   3   3   3   3   4   5   9  11   8  10  16  19  26   3
DST1910*16  X220   0  24  14   9   1  -6 -13 -10 -10 -11  -6  -2   0  -2   0  -3  -4  -3   0  -1  -1  -6  -8  -8  -9  -2
DST1910*17  X220   0  -8 -11 -13 -12 -13 -13 -11  -8  -6  -3  -2  -2  -2  -4  -4  -4  -3  -1   0  -2  -3  -3  -4  -4  -6
DST1910*18  X220   0  -7  -9 -10  -6 -10 -14 -16 -15 -12  -8  -7  -9  -7  -6  -4  -4   0   0  -1  -2  -4  -5  -6  -8  -7
DST1910*19  X220   0  -9 -11 -10  -8  -7  -5  -3  -3  -5  -5  -8  -9 -10 -10 -12 -14 -13 -13 -13 -15 -18 -16 -15 -14 -10
DST1910*20  X220   0 -14 -14 -12 -10 -11  -7  -7 -12 -11 -12  -8  -6  -8 -11 -10  -9  -5   1   7   5   0  -4  -8  -9  -7
DST1910*21  X220   0 -12  -8  -5  -2  -1  -3  -4  -6  -7  -7   1   2   4   5  -1  -2  -5  -4  -3  -2  -3  -2  -1   1  -3
DST1910*22  X220   0   2   3   3   2   1   3   3   3   4   1  -1  -1   1   3   3   1  -1  -4  -3  -4  -4  -4  -4  -3   0
DST1910*23  X220   0  -2  -3  -3  -6  -6  -6  -7  -8 -10  -9  -6  -4  -2  -2  -1   0   2   1   0   0  -2  -1   1   2  -3
DST1910*24  X220   0   3   0   0   2   2   5  12  12  19  18  -3  -2  -7 -10 -10 -12 -20 -17 -22 -21 -23 -23 -23 -15  -6
DST1910*25  X220   0 -13 -18 -26 -32 -38 -43 -47 -46 -52 -44 -38 -36 -37 -33 -32 -35 -36 -29 -26 -27 -27 -27 -24 -20 -33
DST1910*26  X220   0 -19 -21 -23 -20 -24 -25 -27 -30 -29 -35 -33 -26 -32 -40 -42 -39 -35 -36 -39 -43 -47 -41 -36 -37 -32
DST1910*27  X220   0 -37 -38 -38 -39 -35 -38 -40 -39 -35 -30 -23 -26 -29 -29 -25 -24 -24 -32 -31 -33 -33 -31 -29 -28 -32
DST1910*28  X220   0 -26 -26 -27 -26 -28 -32 -35 -40 -40 -34 -28 -31 -31 -31 -28 -29 -31 -31 -29 -31 -33 -33 -26 -20 -30
DST1910*29  X220   0 -21 -24 -26 -26 -27 -24 -23 -25 -26 -25 -23 -21 -22 -25 -27 -28 -26 -25 -23 -17 -16 -16 -11 -10 -22
DST1910*30  X220   0  -8  -5  -5 -11 -14  -9  -2 -11 -14 -11  -9 -11 -13 -14 -14 -11 -17 -18 -19 -25 -14 -11  -5   2 -11
DST1910*31  X220   0  -6 -13   5   3   0  -3  -5  -8  -9 -11 -12 -13 -13 -13 -12 -12 -11 -10  -8 -11 -14 -16 -16 -14  -9


DST1911*01  X220   0 -14 -14 -16 -19 -17 -10 -11  -9  -7  -7 -10  -8 -11  -9  -9  -9 -11 -10 -11 -11 -11 -11 -12 -13 -11
DST1911*02  X220   0 -13 -14 -14 -13 -12  -7  -6  -7  -9  -8  -6  -5  -6  -7  -6  -7  -7  -7  -8  -5  -5  -2  -2  -5  -8
DST1911*03  X220   0  -5  -6  -6  -4  -2  -3  -5  -6  -7  -3  -2  -1  -1  -2  -3  -3  -4  -3  -2  -3  -4  -3  -2  -3  -3
DST1911*04  X220   0  -3  -5  -6  -8  -9  -7  -1  14  14  16  14   8   6   4   2  -3  -8  -9  -9  -7  -9 -14 -11  -6  -2
DST1911*05  X220   0  -3  -4  -8  -5  -8  -5  -4  -3  -6  -5  -3  -1  -3  -8 -11 -14 -17 -13 -16 -15 -15 -12 -11  -8  -8
DST1911*06  X220   0 -10 -12 -15 -14 -14  -9 -11 -11 -13 -12 -12 -12 -12  -9  -8  -6  -5  -6  -6  -5  -7  -4  -7  -6  -9
DST1911*07  X220   0  -3  -5  -7  -9 -14 -18 -17 -14 -13 -12 -14 -14 -13 -11  -9 -12 -13 -13 -11 -10 -10 -10  -9  -6 -11
DST1911*08  X220   0  -3  -3  -4  -3  -2  -3  -1  -2  -3  -2  -3  -3  -2  -3  -4  -9 -12 -12 -10 -10  -8 -10  -8  -4  -5
DST1911*09  X220   0  -4  -4  -6  -4  -2  -3  -7  -6  -4  -3  -5  -8  -8  -9  -8  -7  -9  -8  -5  -5  -8  -8  -7  -5  -6
DST1911*10  X220   0  -6  -7  -9 -11 -13 -12 -10  -7  -5  -7  -8  -8  -7  -7  -7  -6  -7  -8  -7  -4  -3  -2   1   4  -7
DST1911*11  X220   0   6   2  -2  -2  -3  -3  -1  -1  -4   2   2 -12 -19 -22 -22 -23 -29 -26 -21 -19 -18 -18 -10  -5 -10
DST1911*12  X220   0   4   4  -6  -6  -8  -5 -10 -11 -10 -10  -8  -4  -2  -1  -2   0  -4  -7  -9  -9 -10 -12 -12 -10  -6
DST1911*13  X220   0  -7  -6  -5  -6  -6  -4  -3  -3  -3  -3  -5  -6  -7  -8 -10 -11 -12 -14  -7  -5  -7  -7  -5  -3  -6
DST1911*14  X220   0  -4  -3  -2   1   1  -1  -2  -2   3   4   1   1  -2  -4  -4  -7 -10  -9  -7  -5  -2   0   2   5  -2
DST1911*15  X220   0   8   9   5   1  -1  -2  -2   0  -1  -1  -3  -3  -3  -2   3   4   6   7   5   4   2   1   2   1   2
DST1911*16  X220   0   1  -3  -4  -4  -7 -11 -14 -17 -16 -13 -12 -12 -12  -5  -5  -3  -5  -2  -6 -11  -5  -1  -1  -3  -7
DST1911*17  X220   0  -6  -6  -6  -8  -9  -9 -10 -11 -10 -11 -12 -13 -13 -11 -10  -9  -7  -5  -5  -5  -8 -10  -9  -6  -9
DST1911*18  X220   0  -3  -2  -2  -2  -4  -4  -4  -3  -5  -5  -6  -4  -3  -2  -2  -3  -3  -2  -4  -4  -6  -5  -4  -1  -3
DST1911*19  X220   0   1  -1  -3  -5  -8  -7  -2   3   3   1   0   0  -1  -3  -6  -6  -5  -5  -4  -3  -2  -3  -1   0  -2
DST1911*20  X220   0   1   1   1   2   1  -2  -2  -2  -2  -1  -2  -3  -4  -3  -2   1   3   6   9  14  13   9   8   4   2
DST1911*21  X220   0   4   6   5   1   2   1   0  -2   2   4   6   2  -3  -3 -10 -10 -10 -14 -12 -11  -7 -17 -14 -11  -4
DST1911*22  X220   0 -11 -11 -16 -19 -20 -23 -25 -23 -24 -23 -19 -18 -18 -18 -20 -20 -23 -23 -21 -22 -20 -22 -24 -22 -20
DST1911*23  X220   0 -21 -20 -19 -12 -18 -17 -20 -23 -23 -25 -22 -22 -23 -22 -30 -34 -31 -26 -23 -23 -22 -20 -16 -16 -22
DST1911*24  X220   0 -18 -16 -20 -22 -26 -26 -25 -21 -22 -23 -20 -20 -19 -20 -19 -19 -21 -19 -18 -20 -21 -19 -19 -17 -20
DST1911*25  X220   0 -14 -13 -12 -13 -15 -17 -17 -18 -19 -22 -23 -23 -21 -20 -20 -18 -17 -16 -14 -13 -10 -11 -10  -9 -16
DST1911*26  X220   0 -10 -11 -12 -14 -15 -15 -13 -13 -13 -16 -17 -17 -13 -12 -11  -7  -9  -7  -6  -4  -4  -5  -2   0 -10
DST1911*27  X220   0   1   0  -1   3   1   0  -4  -7  -8  -8  -9 -11  -9  -6  -8 -13 -11  -8  -5  -8 -13 -17 -13  -5  -7
DST1911*28  X220   0  -1  -1  -1  -2  -1   0  -2  -3  -5  -7  -7  -6  -6  -8  -9  -8  -7  -4  -5  -4  -3  -1   2   6  -3
DST1911*29  X220   0   6   7   4   1  -1  -1  -4  -6  -8  -9 -13 -14 -12 -12 -10  -7  -6  -6  -5  -6 -13 -19 -20 -18  -7
DST1911*30  X220   0 -14 -10  -8  -5  -5  -3  -4  -3  -5  -7  -9  -7  -5  -5  -8  -6  -2  -1  -1  -3  -2  -4  -4  -7  -5


DST1912*01  X220   0  -7  -4  -1   3   2   0  -1  -1  -1  -4  -9  -9  -8  -7  -9 -12 -11  -8  -5  -5  -4  -5  -4   0  -5
DST1912*02  X220   0   2   5   3   1   0   0  -3  -4  -4  -5  -7  -4  -4  -5  -5  -3  -3  -2  -3  -6  -8  -5  -4  -3  -3
DST1912*03  X220   0  -3  -1   1   1   1   1  -1  -4  -4  -3  -4  -5  -6  -5  -4  -3  -2  -4  -6  -6  -7  -6  -2   5  -3
DST1912*04  X220   0  13  13   8   3   6   2   2   0   4   2  -1  -2  -2  -2  -1   0  -2  -3  -4  -4  -2  -1  -1  -3   1
DST1912*05  X220   0  -3  -2  -4  -3  -4  -2  -1   0   0   0   0   8   9   9   8   8   6   4   0  -2  -3  -2   1   4   1
DST1912*06  X220   0   4   2   0  -1  -8 -10  -8  -6  -5  -5  -5  -6  -5  -3  -2  -1  -1  -3  -5  -6  -7  -7  -5  -2  -4
DST1912*07  X220   0  -1  -2  -3  -1  -3  -5  -4  -6  -5  -4  -3   0  -1  -3  -3  -3  -3  -5  -6  -7  -8  -8  -7  -3  -4
DST1912*08  X220   0   1   2  -1  -4  -4  -4  -3  -6  -9  -8  -6  -3  -1  -1   3   3   3   2  -1  -4 -10 -13  -9  -4  -3
DST1912*09  X220   0  -3  -5  -5  -7  -7  -7  -8  -9 -10  -9  -9  -8  -7  -5  -3  -2  -1   0  -1   0  -1  -1  -2   0  -5
DST1912*10  X220   0   3   6   5   4  -2  -8  -6  -7  -9  -9 -11  -5  -1   0  -1  -1   1   4   1  -1   0   4   8   8  -1
DST1912*11  X220   0  12  11  11   4  -2  -1  -1  -1  -1  -1  -6  -6  -6  -6  -4  -3  -6 -12 -11 -11 -13  -9  -4   0  -3
DST1912*12  X220   0   0   1  -1  -2  -3  -6 -10 -10  -6  -6  -8  -7  -6  -7  -7  -5  -4  -4  -4  -2   0   2   4   1  -4
DST1912*13  X220   0   1   2   0  -4  -4  -4  -6 -10 -11 -11  -9  -7  -6  -8  -9 -11 -11  -9  -8  -8  -5  -4  -3   0  -6
DST1912*14  X220   0   2   1   0  -2  -1  -2  -4  -4  -2  -3  -3  -1   2   1   2   3   3   1   1   2   4   2  -1   0   0
DST1912*15  X220   0  -1  -2  -1   0  -3  -6  -3  -2  -2  -3  -5  -3  -2  -2   0   2   1  -2  -6  -8  -8 -10  -8 -10  -4
DST1912*16  X220   0  -9  -7  -5  -4  -2  -2  -5  -7  -9 -10 -11 -10 -10 -11 -10 -10 -10  -8  -7  -8 -10  -8  -7  -7  -8
DST1912*17  X220   0  -8  -8  -7  -8  -7  -6  -6  -3  -2  -4  -5  -4  -4  -4  -5  -5  -4  -2   1   3   0   1   2   4  -3
DST1912*18  X220   0   5   8  17  13  10  11  12  11  12  14   9  -3  -6 -13 -12 -11 -17 -24 -29 -27 -26 -21 -18 -15  -4
DST1912*19  X220   0 -12 -15 -18 -19 -23 -16 -23 -25 -23 -22 -26 -24 -25 -26 -23 -20 -20 -17 -17 -20 -21 -17 -15 -15 -20
DST1912*20  X220   0 -15 -13 -13 -13 -13 -15 -16 -16 -14 -14 -16 -15 -16 -21 -21 -20 -15 -14 -15 -15 -14 -12 -11 -11 -15
DST1912*21  X220   0 -15 -17 -15 -13  -9  -7  -9 -12 -12 -12 -12 -14 -15 -16 -15 -14 -15 -13 -14 -16 -18 -15 -13 -11 -13
DST1912*22  X220   0 -13 -14 -16 -14 -14 -14 -13 -10  -7  -8 -10 -11 -14 -14 -14 -12 -11 -12 -12 -13 -16 -17 -17 -17 -13
DST1912*23  X220   0 -16 -15 -14 -14 -14 -13 -13 -15 -15 -10  -8 -10 -12 -13 -14 -14 -12 -11 -11 -14 -15 -13 -12 -13 -13
DST1912*24  X220   0 -12 -10 -10  -8  -7  -6  -5  -5  -6  -8  -7  -2  -4  -2  -3  -5  -7  -8  -8 -10 -10  -7  -6  -5  -7
DST1912*25  X220   0  -5  -6  -7  -5  -2  -1  -4  -5  -4  -5   0   1  -1  -3  -4  -3   0   5   3  -4  -7   0  13  14  -1
DST1912*26  X220   0  10   0  -2  -1   2   4   4   1  -5  -5  -5  -4  -3  -4  -3  -1   1  -2  -8 -10  -9  -5  -3  -1  -2
DST1912*27  X220   0  -4  -5  -6  -4  -2  -2  -5 -10  -8  -5  -3  -2  -2  -2   0   1   0  -1  -2  -3  -4  -2  -2  -2  -3
DST1912*28  X220   0  -3  -5  -4  -4  -3  -5  -5  -4  -4   0   1  -1  -3  -5  -5  -1   0  -3  -3  -3  -1  -2  -2  -4  -3
DST1912*29  X220   0  -4  -3  -4  -5  -4  -4  -3  -4  -3  -2  -1  -2  -2  -2  -2  -4  -5  -2  -1   0  -1  -1  -1  -1  -3
DST1912*30  X220   0   0  -1  -1   0   1   3   5   6   7   3   3   4   6   3   2   0  -1  -2  -1   1   3   7  10  11   3
DST1912*31  X220   0   8   8   8  13  11  11   7   3   0  -1  -1  -3  -5  -8  -6  -5  -7  -9  -9  -7  -4  -4  -4  -7   0


DST2001*01  X220   0  -4   1   3   4   5   7   8   5  -1  -3  -3   0   2   1   3   2  -3  -3  -1   2   5   7   6   5   2
DST2001*02  X220   0   3   5   7   7   6   7   6   5   2  -3  -6  -2   2   0   0  -1  -4  -5  -4  -2  -1  -1  -3   3   1
DST2001*03  X220   0   7   8   8   9  11  11   3  -1 -11 -15 -10  -3  -2  -5  -6  -7  -5  -5  -4  -2  -4  -6  -9 -10  -2
DST2001*04  X220   0  -8  -7  -6  -5  -6  -9 -11 -13 -11 -10  -7  -4  -3  -3  -6 -12 -20 -26 -24 -21 -18 -22 -21 -18 -12
DST2001*05  X220   0 -15 -16 -14 -11 -11 -12 -10 -12  -9  -7  -5  -2   1   4   3   2   0   6   4 -16 -20 -20 -19 -19  -8
DST2001*06  X220   0 -23 -23 -18 -13 -12 -13 -13 -14 -13 -12  -8  -7  -7  -9  -8  -5  -7  -9 -13 -16 -10  -7  -4  -3 -11
DST2001*07  X220   0  -7 -10  -7  -7 -10 -10 -10  -8 -11 -11  -7  -4  -5  -6  -4  -1  -5 -10  -9  -6  -5  -8 -11  -7  -7
DST2001*08  X220   0  -6  -6  -7  -7  -5  -7 -13 -18 -20 -19 -14  -6   0  -1   0  -2  -4 -12 -17 -18 -15 -18 -23 -22 -11
DST2001*09  X220   0 -22 -21 -18 -14 -15 -21 -27 -34 -34 -31 -30 -21 -23 -22 -21 -17 -12 -12 -16 -23 -24 -19 -16 -10 -21
DST2001*10  X220   0  -8  -9 -10 -10 -10 -13 -15 -16 -16 -17 -17 -19 -18 -13 -10  -8 -11 -10  -9 -10 -13 -12  -9 -10 -12
DST2001*11  X220   0  -9  -7  -8  -9 -13 -13 -15 -16 -21 -20 -16 -13  -8  -6  -7  -5  -5  -7  -6  -6  -6  -9 -11 -11 -10
DST2001*12  X220   0  -9  -8  -7  -7  -9 -10 -13 -16 -19 -16 -14 -12  -9  -7  -5  -4  -6  -7  -8  -8  -8  -9  -8  -5  -9
DST2001*13  X220   0  -6  -5  -3  -4  -5  -5  -3  -4  -5  -4  -5  -7  -8  -6  -2  -1  -5  -3  -2  -4  -4  -2  -2  -1  -4
DST2001*14  X220   0  -3  -3  -1   2   2   1  -1  -2  -5  -7  -7  -5  -7  -9 -10  -7  -8  -6  -6  -6  -4  -2  -4  -6  -4
DST2001*15  X220   0  -8  -7  -4   0   2   3   1  -2  -4  -8 -12  -7  -3  -2  -1   0   2   5   5   8  11   7   2  -1  -1
DST2001*16  X220   0  -2   0   3   4   7   5   7   4   1  -4 -10 -15 -14 -12 -11  -8  -7  -9  -7  -6  -9  -9  -7  -8  -4
DST2001*17  X220   0  -7  -6  -4   0   2   1   0  -1   1  -1  -2   1   3   4   2  -1  -4   1   1   5   3   0  -1  -2   0
DST2001*18  X220   0   1   1  -4  -5  -3  -2  -2   0  -1   0   0   1   1  -1   0   2   5   8   8   5   5   4   1   0   1
DST2001*19  X220   0   1   1   1   2   1   1   1   2   3   2   0   1   2   0  -1  -1   3   2   2   1  -1  -1  -3  -4   1
DST2001*20  X220   0  -3  -4  -6  -7  -6  -3  -3  -2   2   3   2   2   3   3   2   1   2   2   2   1   0  -1  -4  -4  -1
DST2001*21  X220   0  -3  -1  -1   0   0   2   2   2   1   4  11  16  18  17   7  -3  -8  -5  -2 -10 -15 -17 -13 -10   0
DST2001*22  X220   0 -13 -16 -16 -13 -15 -15 -13  -9  -7  -6  -8 -10  -9 -10  -6  -5  -7  -8  -7  -8  -8 -12  -7  -4 -10
DST2001*23  X220   0  -8 -13 -13  -9  -7  -7  -8 -11 -13 -13 -12 -12 -10  -9 -10  -9  -9 -12 -15 -16 -17 -15 -13 -10 -11
DST2001*24  X220   0 -12 -12 -11 -10 -10 -10  -8  -7  -4  -2  -1  -2  -4  -3  -4  -4  -4  -7  -3  -3  -2  -1  -1   1  -5
DST2001*25  X220   0   3   2   1   2   0  -2  -2  -2  -2  -1   1   2   3   2   2   2   2   1   0   2   4   4   4   6   1
DST2001*26  X220   0   6   4   6   8   9   6   2  -1  -3  -3  -2   0   0   0   2   6   5   5   6   5   6   5   5   2   3
DST2001*27  X220   0   2   7   7   7   4   2   0   0  -2  -2   0   0   2   2   0   1   1  -1  -3  -4  -3  -2  -2  -2   1
DST2001*28  X220   0  -3  -1  -1  -3  -4  -6  -8 -10  -9  -7   0   5   6   5   5   7   6   3   2   5   6   1   3  -4   0
DST2001*29  X220   0 -14 -13 -14 -19 -17 -14 -19 -22 -21 -17 -10  -7  -5  -5  -7  -8  -9 -15 -16 -15 -18 -17 -12 -12 -14
DST2001*30  X220   0  -8  -6  -4  -4  -3  -8 -12 -17 -15 -14 -15 -12 -11  -9  -9  -6  -9 -18 -24 -26 -27 -25 -29 -29 -14
DST2001*31  X220   0 -25 -25 -23 -21 -22 -18 -18 -19 -20 -21 -22 -21 -14 -10  -9 -10 -11 -15 -15 -16 -15 -18 -17 -19 -18


DST2002*01  X220   0 -22 -23 -21 -18 -15 -14 -15 -12 -10 -11 -10  -5  -2  -6  -9 -11 -11 -13 -16 -15 -13 -16 -22 -21 -14
DST2002*02  X220   0 -17 -14  -9  -7  -8 -10 -11 -10  -7  -6  -5  -5  -5  -4  -5  -5  -7  -9 -14 -18 -18 -16 -17 -17 -10
DST2002*03  X220   0 -16 -15 -12  -9 -11 -14 -16 -15 -14 -14 -14 -13 -12 -11 -13 -13 -13 -16 -15 -11 -10  -7  -2   1 -12
DST2002*04  X220   0   3   6   4   2   2   3   1  -3  -7 -10 -11  -8  -6  -7  -6  -7  -3  -2  -3 -11 -16 -15 -14 -14  -5
DST2002*05  X220   0  -9  -5  -2  -3  -7 -12 -14 -14 -12 -13 -15 -10  -9  -7  -8 -10 -11 -10 -10 -11 -13 -14 -11 -10 -10
DST2002*06  X220   0  -8  -5  -1   0   2   2 -10 -21 -18  -8  -4  -5  -5  -8 -11 -10 -10 -12 -12 -13 -25 -21 -14 -11 -10
DST2002*07  X220   0  -4  -4  -4 -13 -10  -9 -13 -17 -16 -15 -16 -16 -19 -19 -16 -16 -17 -17 -16 -15 -14 -17 -21 -21 -14
DST2002*08  X220   0 -20 -20 -19 -17 -18 -20 -22 -20 -19 -19 -17 -14 -13 -12 -14 -16 -20 -22 -25 -26 -24 -25 -24 -24 -20
DST2002*09  X220   0 -20 -16 -12  -7  -8  -9 -15 -19 -23 -23 -19 -16 -12  -9 -10 -10 -10 -10 -10 -11 -11 -15 -17 -18 -14
DST2002*10  X220   0 -14 -11  -8  -5  -5  -9 -11 -14 -17 -17 -13 -11  -8  -7  -6  -6  -5  -4  -4  -1  -6  -6  -5 -10  -8
DST2002*11  X220   0  -6  -5  -6  -3  -7  -9 -13 -15 -16 -14 -13 -14 -12 -10  -7  -6  -5  -5  -4  -4  -2  -3  -2  -5  -8
DST2002*12  X220   0  -6  -4  -1   2   3   4   2   0  -1  -8 -15 -13  -6  -3  -2  -3  -6  -9 -11 -11 -12 -14 -13 -11  -6
DST2002*13  X220   0  -9  -5  -3  -2  -2  -3  -4  -5  -6  -5  -7  -6  -6  -4  -1   0  -2  -2  -2  -3  -2  -6  -5  -4  -4
DST2002*14  X220   0  -4  -4  -4  -3   0   1   0   0   2   2   3   3   1   1  -1  -2  -2   0   0   0   2   4   6   4   0
DST2002*15  X220   0   3   4   5   5   3   0  -1   0   5   8   7   0  -3  -4  -3   0   1  -2  -5  -4  -1   1   1  -2   1
DST2002*16  X220   0  -4  -2  -1  -5  -9 -11  -9  -8  -8  -7  -3  -1  -1  -3  -8 -10  -9  -9  -8  -6  -5  -5  -3   0  -6
DST2002*17  X220   0  -2  -5  -4  -4  -5  -5  -7  -8 -11 -12 -11  -7  -5  -7  -7  -7  -5  -5  -6  -9 -14 -18 -18 -11  -8
DST2002*18  X220   0  -8  -6  -8  -8 -13 -19 -27 -30 -28 -28 -31 -32 -35 -36 -43 -54 -58 -57 -56 -55 -51 -46 -37 -34 -33
DST2002*19  X220   0 -28 -21 -16 -22 -34 -36 -30 -32 -39 -39 -39 -33 -33 -32 -29 -29 -29 -28 -29 -28 -27 -26 -26 -27 -30
DST2002*20  X220   0 -27 -22 -20 -22 -24 -27 -26 -22 -19 -17 -16 -16 -21 -23 -24 -21 -17 -15 -14  -7  -7  -7 -18 -22 -19
DST2002*21  X220   0 -18 -16 -13 -15 -19 -27 -31 -27 -30 -28 -23 -19 -15 -19 -16 -16 -20 -22 -18 -15 -15 -17 -17 -17 -20
DST2002*22  X220   0 -18 -17 -20 -20 -19 -17 -18 -20 -21 -19 -21 -19 -14 -10 -11 -11 -16 -16 -18 -18 -19 -20 -21 -20 -18
DST2002*23  X220   0 -19 -15 -11 -10 -11 -13 -13 -15 -17 -18 -15 -14 -14 -14 -14 -14 -11  -8 -11 -14 -18 -22 -24 -25 -15
DST2002*24  X220   0 -22 -19 -16 -15 -18 -19 -19 -19 -19 -18 -17 -16 -18 -17 -15 -13 -12 -13 -12 -11 -15 -21 -21 -18 -17
DST2002*25  X220   0 -16 -14 -13 -13 -12 -12 -13 -13 -13 -11 -11 -11 -13 -15 -12  -9  -7  -5  -4  -4  -5  -6  -8  -9 -10
DST2002*26  X220   0  -9  -7  -7  -9  -8  -5  -4  -4  -5  -4  -1   0  -1  -1   0   2   2   0  -1  -2  -5  -4  -3  -2  -3
DST2002*27  X220   0  -6  -5  -8  -7  -5  -4  -4  -3  -9 -15 -16 -16 -14 -11  -9  -8  -8  -6  -8  -7  -5  -6  -9 -12  -8
DST2002*28  X220   0 -15 -13 -10  -7  -8  -7  -7  -7  -7  -8  -8  -7  -7 -10  -8  -2  -1  -2  -2  -1   0   0  -6  -7  -6
DST2002*29  X220   0  -6  -1   0  -4  -7  -8  -8 -12 -16 -16 -10  -6  -6 -11 -12 -17 -13 -13 -12 -12 -11 -16 -24 -26 -11


DST2003*01  X220   0 -23 -14 -12 -10 -11 -11 -13 -18 -18 -13 -15 -15 -17 -18 -17 -16 -19 -19 -18 -15 -13 -11 -11 -14 -15
DST2003*02  X220   0 -16 -17 -17 -19 -18 -16 -14 -14 -14 -14 -12  -9  -7  -7  -5  -1  -2  -5  -4  -4  -4  -1   1  -1  -9
DST2003*03  X220   0  -3  -7 -12 -13 -12 -11 -12 -14 -15 -12  -9 -10 -13 -14 -11  -9  -8 -13 -12  -9  -9  -7  -7  -9 -10
DST2003*04  X220   0 -11  -6  -3  -5  -4  -5  -4  -6  -8  -7  -6  -6  -9 -12 -15 -21 -22 -23 -24 -19 -13  -9  -6  -6 -10
DST2003*05  X220   0  -3  -1   0  -1  -4  -5  -4  -5  -3  -1   3  -1  -3   0   1   1  -4  -5   1   3   2   3   5   4  -1
DST2003*06  X220   0   2   3   5   1   2   6   9   2   3   5   3  -2  -6  -7  -9 -10 -12 -10  -8  -4  -3   0   1   3  -1
DST2003*07  X220   0   4   6   3  -3  -5  -8 -13 -19 -24 -17  -9  -7  -8  -9  -9  -8  -6  -4  -3  -2  -4  -2  -2  -2  -6
DST2003*08  X220   0  -4  -6  -5  -5  -9  -9  -8  -8  -8  -8  -7  -6  -8 -11 -12 -13 -10  -5  -5  -8 -10  -6   0   1  -7
DST2003*09  X220   0   3   4   7   2  -4  -6 -10  -6  -3  -2   0   2   1   0  -2   0   0  -5  -5  -7  -6  -7  -9 -10  -3
DST2003*10  X220   0  -8  -4  -1  -1  -1  -2  -5  -7  -4  -5  -6  -6  -6  -6  -5  -2  -1   0  -1  -1  -1  -1  -1   0  -3
DST2003*11  X220   0   0   2   3   0   0   3   5   4   5   3   2   2   3   4   5   5   5   3   5   5   4   2   2   1   3
DST2003*12  X220   0   0   1  -1  -4  -5  -4  -8 -10 -10  -9  -6  -3  -2  -7 -10 -12 -12 -13 -15 -17 -16 -15 -12 -14  -9
DST2003*13  X220   0 -17 -13 -16 -16 -11  -8  -9 -12 -12 -17 -17 -11 -10 -11 -13 -14 -14 -17 -16 -16 -17 -17 -15 -15 -14
DST2003*14  X220   0 -15 -13 -10  -9  -8  -8  -7  -5  -5  -5  -6  -7  -5  -8  -8  -8  -7  -7  -9  -8  -8  -7  -6  -6  -8
DST2003*15  X220   0 -10 -12 -12  -9  -8  -3  -1   1   2   3   4  -1  -4  -7  -8  -2   2   3   0  -2  -2   0   0  -2  -3
DST2003*16  X220   0  -8  -8  -8  -9 -10  -6  -2   3   2   3   4  -1  -8 -12 -13 -14 -15 -13 -12  -7  -5  -1   4   3  -6
DST2003*17  X220   0  -5  -8  -5  -4  -1   0  -1  -4  -9 -15 -11  -9  -9 -10 -11 -14 -14 -11  -9  -8 -11 -10 -11 -10  -8
DST2003*18  X220   0 -11  -9  -4  -2  -3  -1   0  -1   1   3   3   3   5   3  -8  -9  -9  -9  -9 -14 -14  -9  -6  -4  -4
DST2003*19  X220   0 -12 -24 -23 -22 -21 -17 -16 -17 -19 -15 -14 -10 -10 -11 -18 -19 -22 -21 -23 -26 -29 -25 -24 -23 -19
DST2003*20  X220   0 -21 -19 -18 -18 -16 -14 -14 -13 -13 -10  -6  -7  -7  -7 -11 -15 -21 -23 -25 -28 -28 -28 -34 -35 -18
DST2003*21  X220   0 -32 -26 -20 -15 -13 -17 -28 -31 -26 -22 -14 -12 -16 -11 -18 -19 -17 -16 -14 -14 -12 -14 -16 -17 -18
DST2003*22  X220   0 -11  -8  -8 -12 -14 -14  -9  -9 -10 -12  -9  -7  -9 -11 -12 -14 -12  -9 -11 -13 -20 -21 -16 -18 -12
DST2003*23  X220   0 -19 -16 -17 -16 -13 -11 -12 -12 -11 -11 -14 -18 -15 -16 -15 -15 -16 -14 -17 -19 -16 -17 -15 -18 -15
DST2003*24  X220   0 -20 -23 -18 -16 -16 -14 -13 -13 -11  -8  -4  -4  -6  -9 -10  -8  -5  -4  -4  -3  -6  -9 -11 -11 -10
DST2003*25  X220   0 -13 -15 -12 -11 -10  -9  -6  -7  -7  -9  -9  -6  -4  -7  -8  -7  -6  -6  -5  -7  -7  -6 -10 -13  -8
DST2003*26  X220   0 -15 -17 -16 -11  -6  -4  -2  -3  -3  -4  -5  -2  -2  -2  -3  -1  -2  -5  -5  -3  -5  -4  -4 -11  -6
DST2003*27  X220   0 -15 -17 -14 -10  -9  -8  -8  -7  -7  -5  -6  -6  -7 -11 -10 -12 -12 -11 -10 -10  -8  -5  -4  -6  -9
DST2003*28  X220   0  -9 -13 -13 -11  -8  -7  -3  -3  -4  -4  -5  -6  -5  -5  -6  -8  -8  -7  -7  -7  -8  -8 -12 -13  -8
DST2003*29  X220   0 -10  -9  -9 -10  -9  -6  -3  -4  -4  -2   3   1  -3 -12 -16 -17 -17 -14 -15 -16 -22 -23 -23 -25 -11
DST2003*30  X220   0 -22 -19 -13  -8 -12 -10  -9  -8  -9 -14 -13 -12 -12 -15 -14 -13 -10 -18 -20 -28 -33 -31 -26 -23 -16
DST2003*31  X220   0 -28 -38 -45 -43 -33 -25 -24 -27 -21 -14  -9  -8 -13 -24 -27 -30 -28 -22 -22 -23 -17 -17 -19 -20 -24


DST2004*01  X220   0 -19 -19 -20 -23 -19 -16 -14 -16 -18 -16 -13 -12 -13 -15 -17 -18 -20 -20 -22 -22 -23 -26 -28 -29 -19
DST2004*02  X220   0 -25 -21 -19 -22 -25 -22 -19 -19 -19 -17 -13 -10  -8 -12 -14 -14 -13 -12 -14 -20 -23 -24 -21 -22 -18
DST2004*03  X220   0 -21 -23 -24 -22 -22 -21 -18 -15 -13 -13 -15 -13 -11 -12 -19 -23 -18 -19 -22 -21 -17 -17 -27 -29 -19
DST2004*04  X220   0 -24 -19 -20 -21 -19 -17 -14 -10  -6  -7  -8  -4  -3  -4  -6  -9 -11 -10 -15 -18 -18 -20 -17 -14 -13
DST2004*05  X220   0 -10  -6  -5  -5  -2  -3  -3  -5  -8  -8  -8  -7  -7 -10 -12 -12 -14 -14 -14 -12 -10  -6  -3  -2  -8
DST2004*06  X220   0  -3  -7 -10 -10  -8  -8  -7  -5  -3  -2  -4  -5  -4  -5  -7  -8  -9  -8  -9  -9  -7  -6  -6  -5  -6
DST2004*07  X220   0  -6  -5  -4  -2  -1  -1   0   1   0   2   0  -2  -2  -5  -6  -6  -4  -5  -6  -8  -6  -1  -4  -4  -3
DST2004*08  X220   0   0   8  12   5 -10 -12  -8  -9 -14 -20 -21 -18 -14 -14 -20 -24 -30 -28 -29 -21 -22 -20 -24 -23 -15
DST2004*09  X220   0 -26 -27 -23 -21 -18 -19 -20 -19 -16 -13 -12 -12 -16 -17 -16 -18 -17 -18 -17 -18 -18 -17 -16 -15 -18
DST2004*10  X220   0 -14 -12 -10  -9  -9 -10 -11 -11 -10 -10  -6  -4  -5  -6  -7  -7 -12 -11 -12 -11 -10  -8  -8  -6  -9
DST2004*11  X220   0  -5  -3  -6  -7  -6  -7  -8  -8  -6  -3  -4  -7  -6 -11 -18 -23 -27 -29 -27 -21 -18 -16 -13  -9 -12
DST2004*12  X220   0  -2   0   0  -1  -3  -7 -10 -11 -13 -13 -12 -11 -10  -7  -7  -9 -12 -12 -15 -14 -15 -16 -15 -14 -10
DST2004*13  X220   0 -13 -12 -12 -11 -11 -10 -10  -9 -10 -11 -11  -9  -6  -6  -8  -6  -6  -8 -11 -10  -7  -5  -6  -8  -9
DST2004*14  X220   0  -8  -4  -5  -5  -3  -5  -1  -4  -6  -8 -11  -9  -7  -7  -8 -10  -9  -8  -8  -5  -3  -4  -9 -14  -7
DST2004*15  X220   0 -18 -19 -18 -16 -19 -24 -27 -21 -16 -12  -9  -9  -8  -8  -7  -9  -9  -6  -6  -5  -6  -8  -9  -8 -12
DST2004*16  X220   0  -9 -11 -13 -14 -16 -18 -22 -18 -15 -13 -12 -11  -8 -10 -15 -19 -19 -17 -12  -7  -4  -5  -8 -10 -13
DST2004*17  X220   0 -12 -10  -9  -6  -5  -4  -4  -5  -8 -10  -9  -7  -2  -2  -5  -9  -9  -6  -6  -9 -10 -10  -6  -4  -7
DST2004*18  X220   0  -8 -11 -15 -18 -14 -10  -8 -10 -14 -12  -8  -8  -8 -10 -13 -15 -16 -14 -11  -8  -7  -7  -6  -4 -11
DST2004*19  X220   0  -4  -4  -4  -3  -3  -4  -5  -5  -5  -3  -2  -1  -2  -2  -4  -6  -9  -9 -10  -9  -8  -6  -4  -4  -5
DST2004*20  X220   0  -5  -5  -2   3   0   2   8  13   1 -29 -48 -61 -68 -65 -52 -48 -45 -41 -38 -38 -38 -34 -23 -21 -26
DST2004*21  X220   0 -21 -19 -18 -14  -4  -2  -7  -7  -7  -8 -11 -22 -35 -35 -29 -28 -32 -35 -33 -35 -36 -33 -30 -30 -22
DST2004*22  X220   0 -30 -33 -34 -32 -32 -33 -30 -26 -20 -20 -19 -15 -12 -12 -14 -16 -19 -19 -20 -21 -21 -23 -23 -19 -23
DST2004*23  X220   0 -19 -20 -21 -20 -20 -19 -17 -14 -11  -9 -10 -10  -7  -8  -7  -9  -9  -7  -3  -3  -4   0  -2  -3 -11
DST2004*24  X220   0  -1  -2  -5  -6  -7  -7  -9  -8  -9  -8  -6  -5  -4  -5  -8  -8  -3   5  -4 -12 -11 -13 -18 -16  -7
DST2004*25  X220   0 -11  -9 -13 -12 -12 -12 -12 -11 -11 -10  -9  -5  -6  -7 -10 -12  -9  -7  -9  -8  -7  -7  -5  -3  -9
DST2004*26  X220   0  -4  -4  -2  -4  -7  -8  -9  -9 -10 -12 -18 -19 -15  -7  -4  -7 -13 -13 -16 -20 -25 -30 -30 -23 -13
DST2004*27  X220   0 -19 -20 -21 -23 -23 -19 -17 -18 -17 -16 -14 -13 -11 -12 -11 -14 -17 -18 -21 -25 -25 -19 -15 -13 -18
DST2004*28  X220   0 -18 -26 -27 -21 -16 -14 -14 -13 -14 -12  -9  -5  -6  -9 -12 -15 -16 -15 -15 -14 -12 -13 -12 -12 -14
DST2004*29  X220   0 -11 -12 -13 -14 -15 -14 -13 -12 -12 -11 -12 -13 -13 -11  -5  -3  -1  -3  -6  -6  -8 -10 -12 -11 -10
DST2004*30  X220   0  -8  -7  -7  -8 -10  -9  -8  -9 -11 -12  -9  -9  -8  -5  -3   0   0  -1   0   0   1   2   1   1  -5


DST2005*01  X220   0   4   7   5   4   5   2  -3 -11 -18 -18  -7  -1  -4 -10 -14 -15 -15 -13 -12  -9  -6  -2  -3  -2  -6
DST2005*02  X220   0   0   0  -1  -5  -6  -8 -11 -12 -12 -13 -10 -12 -17 -17 -15 -13 -10 -10  -9  -5  -7  -4  -1   3  -8
DST2005*03  X220   0   5   3   1  -3  -5  -7  -6  -2   0   0   1  -1  -1  -2  -1  -2  -1  -1   2   5   7  10   3   7   1
DST2005*04  X220   0   5   0   0  -4  -5  -2  -2   1   1  -1  -2  -1  -1  -2  -4  -8  -6  -4  -5  -5  -4  -4  -1  -1  -2
DST2005*05  X220   0   0  -1  -3  -4  -8 -10  -8  -8 -10  -5  -5  -4   0   2  -3  -5  -7  -9 -13 -16 -22 -23 -22 -19  -8
DST2005*06  X220   0 -14 -16 -16 -21 -24 -23 -17 -14 -12 -12 -11 -10 -10 -11 -14 -17 -18 -19 -20 -20 -21 -19 -17 -15 -16
DST2005*07  X220   0 -13  -9  -7  -7  -7  -7  -9 -10  -8  -5  -7 -11 -13 -11  -6  -6  -6  -7  -6  -5  -5  -5  -6  -5  -8
DST2005*08  X220   0  -5  -6  -3  -1   1   3   2   3   4   3   4   2   1   1  -1  -2  -2  -2  -1   2   4   4  -1  -6   0
DST2005*09  X220   0 -11  -8  -4  -4  -5  -4  -3  -1  -2  -2   0   0   0   2   4   4   5   6   5   4   1   4   7   6   0
DST2005*10  X220   0   5   3   2   2   4   5   5   4   3   2   2   3   1   0   5  12  18  18  19  18  20  15   6   1   7
DST2005*11  X220   0  -4 -10 -12 -11 -14 -11  -6  -4  -7  -8  -7  -5  -5  -5  -6  -4  -3  -1   0  -3  -5  -3   1   3  -5
DST2005*12  X220   0   3   3   4   7   9   8   7   9  10   8   6   4   2   1   2  -2  -2  -1  -1   0   2   4   2   0   4
DST2005*13  X220   0   0   1   0  -1   1   3   6  10   9   7   6   5   5   4   0   2   0  -2  -2  -1  -2   0   4   5   3
DST2005*14  X220   0   8   6   6   6   6   8   9   9   9   9   7   7   8   9  10   9   9   7   8   8   8  12  11   6   8
DST2005*15  X220   0   2   0   0   1   2   4   6   7  10  16   9   5   4   4   3   2   1  -2  -2  -2   0   4   5   4   3
DST2005*16  X220   0   2  -1  -1  -1  -1   1   3   3   2   1   1  -1  -2  -2  -4   0   1   1   1   0   3   6   9  11   1
DST2005*17  X220   0  12   9   7   6   5   5   5   5   6   6   6   5   4   2   2   2   4   5   7   9   8   4   2   3   5
DST2005*18  X220   0   5   7   7   5   5   6   7   7   7   9   8   7   7   5   4   6   7  11   8   9   8   9  12  13   7
DST2005*19  X220   0   9   6   1   3   7   9   6   1  -3  -3   1   0  -4  -7  -8  -6  -4  -2  -1  -1  -1  -6  -9  -6  -1
DST2005*20  X220   0  -6  -8  -7  -4  -3  -2  -4  -4  -3  -1   0   1   1   0  -2  -2  -3  -4  -3  -4  -4  -4  -2  -1  -3
DST2005*21  X220   0  -2  -1  -2  -3   2   0  -3  -7  -9  -7  -5   1   4   1   0   2   1  -1  -1   0   0   0  -5  -9  -2
DST2005*22  X220   0  -6  -2   1   0  -1  -1  -1   2   2   2   3   7   7   9   6   1  -2  -2   0   3   5   3  -2  -6   1
DST2005*23  X220   0 -12 -13 -10  -9  -6  -2   0   0  -2  -2  -2  -1  -2  -5  -6  -7  -7  -6  -5  -5  -6  -6  -7  -6  -5
DST2005*24  X220   0  -5  -5  -6  -5  -3   0   5   6   7   8  11  15  13  11   9   5   1  -2  -7 -13 -16 -15 -11  -7   0
DST2005*25  X220   0  -9 -14 -15 -13  -9  -5  -7  -6  -4  -3  -3  -1   1  -1   0   3   6   3   3   1  -3  -8  -5   2  -4
DST2005*26  X220   0   0   2   1   1   0   0   2   1  -3  -3   0   0   0  -3  -3  -1  -3  -5  -6  -4  -3  -5  -8  -5  -2
DST2005*27  X220   0  -4  -3  -1  -2   2   1   3   6   7   7  11   9   7   5   4   4   5   5   2  -1   3   4   6   4   4
DST2005*28  X220   0   3   3   4   5   4   2   1   2   2   2   2   0   0  -2  -3  -2  -2  -2  -4  -3   2   7   9   8   2
DST2005*29  X220   0   6   6   5   4   4   5   6   3   3   1   2   6   7   4   2   2   2   1   0   0   6  14  14  17   5
DST2005*30  X220   0  17  12  13  17  16  20   4 -15 -25 -22 -26 -20 -16 -15 -15 -23 -24 -22 -25 -21 -18 -17 -23 -22 -10
DST2005*31  X220   0 -22 -21 -20 -17 -14 -14 -12  -9  -8  -9  -9  -9 -10 -13 -15 -16 -15 -15 -15 -14 -14 -12 -13 -12 -14


DST2006*01  X220   0 -14 -15 -15 -12  -9  -8  -7  -7  -7  -6  -3  -3  -4  -5  -5  -4  -3  -1   0  -2  -6  -8  -7  -9  -7
DST2006*02  X220   0 -15 -18 -20 -23 -25 -25 -24 -23 -23 -25 -23 -18 -15 -12 -12 -12 -13 -15 -16 -19 -20 -15 -14 -12 -18
DST2006*03  X220   0 -10  -7  -7  -9 -11 -10  -9  -9 -10 -11 -11 -10  -8  -8  -9  -9 -11 -14 -15 -15 -12  -9  -9  -8 -10
DST2006*04  X220   0  -7 -10 -13 -12  -9  -7  -7  -5  -1   3   6   5   4   4   6   9   7   1  -3  -3  -1  -2  -4  -5  -2
DST2006*05  X220   0  -5  -3  -2   0   0   2   2   3   2   1   3   4   2  -1  -2  -3  -5  -7  -7  -3  -1   1   2   2  -1
DST2006*06  X220   0   0   0   0   1   2   3   2   3   3   3   3   2   4   4   6   7   4   1  -1   0   4   6   6   4   3
DST2006*07  X220   0   5   6   6   5   4   4   3   2   7   7   8  10  13  16  19  22  26  17  17   8  -6  -3  -1  -1   8
DST2006*08  X220   0   0  -4  -7  -8  -8  -7  -8  -9 -10 -12 -13 -14 -15 -13  -8  -5  -6  -6  -5  -7  -4  -5  -8  -9  -8
DST2006*09  X220   0  -7  -4  -1   1   2   1   2   3   2   2   0   0  -2  -4  -1   1   6   8   9   2   0  -3  -7  -6   0
DST2006*10  X220   0  -3  -2  -1  -1  -1   0 -14 -19 -16 -15 -11  -9  -8 -10 -12 -11 -11 -10 -10  -8  -6  -5  -5  -5  -8
DST2006*11  X220   0  -5  -6  -8  -8  -8  -7  -7  -8 -10 -12 -11  -8  -4  -5  -6  -5  -6  -5  -6  -7  -7  -5  -4  -3  -7
DST2006*12  X220   0  -4  -6  -4  -1  -1  -4  -6  -3  -4  -4  -2  -2  -3  -3  -2   1   0  -2  -3  -2  -1  -1  -3  -5  -3
DST2006*13  X220   0  -6  -5  -3  -2  -3  -4  -3  -2   0   0  -1  -1  -1  -1  -2   0  -4  -5  -3  -1   2   3   3   3  -2
DST2006*14  X220   0   0  -3  -4  -3   1   1   3   2   0  -2  -2   0   0   0   2   4   8  13  15  14  14  13   7   4   4
DST2006*15  X220   0   1   0   1   4   5   2  -1  -1  -3  -2  -3  -2  -4  -5  -6  -6  -6  -5  -5  -5  -3  -1   1   2  -2
DST2006*16  X220   0   3   2   2   5   8   9  11  10   9   9   3   0  -1  -2  -1   0  -2  -7 -10  -9  -5  -3   2   4   2
DST2006*17  X220   0   3   3   7   9   9   9   8   7   2   3   5   6   4  -1   2   2   1   2   4   5   5   5   4   3   4
DST2006*18  X220   0   2   0   0   1   3   1   5   8   6   5   1  -3  -6  -8  -5  -3  -3  -2  -2  -1   1   2   1   3   0
DST2006*19  X220   0   2   4   3   3   3   4   4   5   8   9  10   8   9   9   9   9   6   5   5   5   5   0  -4  -3   5
DST2006*20  X220   0  -1   3  13  17  13   4  -5  -8  -9  -9  -2   2   5   5   3   2   1   1   0  -1  -1   0   0   0   1
DST2006*21  X220   0  -3  -5  -6  -6  -4  -2  -1  -2  -2  -1  -1   0  -2  -2  -1   0   0   1   0  -2  -4  -7  -7  -7  -3
DST2006*22  X220   0  -5  -1   2   2   0  -2   0  -1  -2  -2  -3  -2  -1  -1  -2  -3  -4  -2  -2  -1   1   0   2   5  -1
DST2006*23  X220   0   4   2   4   6   6   5   6   6   8  11  12  10  10   8   6   5   4   4   5   6   9   7   1  -2   6
DST2006*24  X220   0  -5  -6  -2  -1  -2  -5  -8  -5   1   4   3   3   5   6   2   3   3   2   3   4   3   1   2   3   1
DST2006*25  X220   0   3   6   8   8   9   9   5   4   5   5   5   5   4   5   7   6   4   5   5   4   1   0   2   5   5
DST2006*26  X220   0   5   2   1   0  -3  -3  -2  -3  -2  -2  -1  -1   1   2   3   3   3   3   1  -2  -3   0  -4  -8   0
DST2006*27  X220   0 -12 -10  -5  -2  -4  -5   2   6   8   7   0  -8  -2   2  -4  -9  -7  -8  -8  -6  -4  -5  -7  -8  -4
DST2006*28  X220   0 -12 -14 -16 -17 -16 -11 -10  -8  -6  -5  -7  -9  -8  -7  -6  -7  -8  -7  -4  -3  -2  -4  -6  -5  -8
DST2006*29  X220   0  -2   0  -2  -8  -8  -5  -2   0   4   5   4   1   1   1  -2  -3  -1   0   0  -1  -1   0   5   1  -1
DST2006*30  X220   0  -1  -2   3   3  -3  -6  -8  -3   2   3   1  -3  -4  -8  -8  -7  -4  -1   0   1   1  -1  -3   0  -2


DST2007*01  X220   0   1   1  -4  -9  -9  -8  -7  -3  -2  -2  -3  -6  -6  -4  -2  -2  -1   3   7   7   1  -5  -4  -1  -2
DST2007*02  X220   0  -3  -3  -3  -2  -3  -2   0   5   8   9   5   3   1   1   2   3   4   5   4   2   1   1   2   4   2
DST2007*03  X220   0   6   6   3   1  -1   0   2   8  14   9   4   4   4   5   4   3   0   1   5   3  -2   0   1   1   3
DST2007*04  X220   0   2   1  -1  -4  -2  -1   3   8  11  13  10   7   8  16  23  23  18  20  22  15   4  -8  -8  -9   7
DST2007*05  X220   0 -12  -7  -3  -1  -4  -7  -7  -7  -8  -5  -9 -14 -14 -13 -12 -11 -13 -12 -11  -9  -6  -3 -10  -5  -8
DST2007*06  X220   0  -4  -4  -9 -10 -11  -7  -6  -8  -6  -6  -7  -7  -5  -4  -5  -7  -8  -5  -4  -4  -3  -3  -4  -5  -6
DST2007*07  X220   0  -3  -4  -2  -2  -8 -10 -11  -6  -4  -1   0  -6 -10 -11  -9  -6  -3   1   1   1   1   2   0  -3  -4
DST2007*08  X220   0  -2  -3  -3  -5  -7  -5  -2   0   1   0   1   2   1   0   0   2   3   5   2   0   3   4   0  -1   0
DST2007*09  X220   0  -2  -2   1   5   5   3   3   2   4   6   6   4   3   1   0   1   1   3   2   1  -3  -6  -6  -6   1
DST2007*10  X220   0  -5  -4  -5  -5  -2  -1  -2   1   1   2   0   2   3   1   0   0  -1  -3   0  -2  -1  -2   0  -3  -1
DST2007*11  X220   0  -5  -6  -3  -1  -1  -3  -2  -1  -1  -1  -1  -1  -4  -5  -5  -4  -3  -3  -4  -5  -4  -3   0   0  -3
DST2007*12  X220   0   0  -2  -2   0   3   3   4   5   5   6   5   5   8   8   8   8   5   6   7   8  11  11  12  15   6
DST2007*13  X220   0  15  16  12   5   5   9  13  18  17  13   6   3   1  -1   2   3   5   7  11  12  11   5  -4 -21   7
DST2007*14  X220   0 -27 -28 -34 -43 -45 -44 -41 -31 -27 -24 -23 -25 -29 -28 -27 -25 -24 -22 -17 -13 -13 -11 -10 -13 -26
DST2007*15  X220   0 -15 -13 -13 -16 -17 -18 -19 -17 -10  -8  -9 -12 -11  -7  -9 -12 -14 -12  -9 -10 -13 -16 -19 -21 -13
DST2007*16  X220   0 -18 -13  -9  -8  -9  -7  -6  -3  -2   0  -3  -8 -10 -12 -11 -10  -9  -6  -2  -2  -3  -5  -5  -6  -7
DST2007*17  X220   0  -7  -9 -12 -12 -12 -12 -10  -8  -5  -7 -11 -11 -11  -6  -3  -2  -5  -4   2   0  -2  -1  -2  -3  -6
DST2007*18  X220   0  -4  -8  -8  -9  -9  -8  -7  -6  -1  -1  -3  -6  -5  -4  -1  -1  -1   0   1   0   0  -5  -8  -6  -4
DST2007*19  X220   0  -2   0  -3  -6  -5  -3  -2   0   0   0   2   3   2   4   6   8   8   8   5   4   2   1  -1   0   1
DST2007*20  X220   0  -3  -2  -5  -6  -7  -7  -5  -5  -1   3   1   0  -1   1   4   7   9  10   8   5   1  -4  -8  -6   0
DST2007*21  X220   0  -3   0   0  -1  -1  -2  -2   0   3   2   1   0   0   0   1   2   0   2   3   1  -1  -4  -7  -5   0
DST2007*22  X220   0  -2  -1  -2  -4  -3  -1   2   3   5   3  -1  -5  -5  -1   1   5   6   4   6   6   6   5   4   3   1
DST2007*23  X220   0   1   2   1   2   3   4   5   7   5   6  10  10   6   8  10   9   9  11  11   8   7   3   2   3   6
DST2007*24  X220   0   8   9  11  13   7   0  -8 -16 -20 -25 -20 -14 -14 -16 -19 -25 -23 -22 -23 -27 -34 -33 -33 -43 -15
DST2007*25  X220   0 -50 -49 -41 -37 -34 -31 -27 -27 -25 -19 -15 -16 -14 -10 -10  -7  -8  -5  -6  -7  -7  -7  -7  -6 -19
DST2007*26  X220   0  -5  -6 -11 -15 -17 -16 -13 -12 -12 -12 -11 -10 -10  -7  -6  -7  -9  -9  -9  -8  -9 -11 -12 -11 -10
DST2007*27  X220   0 -12 -13 -15 -16 -12  -7  -7  -5  -4  -4  -5  -4  -2   0   1   2   2   2   4   6   5   3   2  -1  -3
DST2007*28  X220   0  -7 -12 -12 -11  -9  -7  -3  -2  -1  -2  -1  -3  -3  -1   1  -1  -2  -5  -5  -3  -2  -3  -4  -4  -4
DST2007*29  X220   0  -4  -6 -10  -8  -5  -2  -2  -1   1   1   1   1  -3  -4  -1   2   0   2   8   3   3   0  -1   0  -1
DST2007*30  X220   0  -2   0   2   4   5   5   2  -5  -9  -7  -6  -6  -6  -8  -8  -2  -6  -5  -4  -2  -2  -4  -5  -7  -3
DST2007*31  X220   0  -8  -8  -5  -1   1   1   3   4   6   3   2   3   1   0   0   0  -1  -1  -1   0   2   3   2  -1   0


DST2008*01  X220   0  -2  -5  -8  -6  -5  -5  -4  -3  -3   0   1   0   2   2   2   3   3   7   9  10  10   7   9  14   2
DST2008*02  X220   0  17  15   8   4   2   8  15  13  19  22  21  10  -6 -19 -17 -19 -18 -10  -1   1   6  -6 -11  -6   2
DST2008*03  X220   0  -3  -1  -3 -22 -21 -20 -24 -21 -28 -30 -19 -15 -11 -12 -13 -13  -7 -10 -15 -18 -19 -18 -23 -19 -16
DST2008*04  X220   0 -15 -14 -19 -24 -23 -18 -15 -13 -11 -10  -9  -8 -10 -10 -10  -7  -5  -6  -5  -8 -14 -11 -13 -15 -12
DST2008*05  X220   0 -12  -9 -12 -14 -14 -17 -16 -14 -12 -11 -12 -12 -11 -11  -9  -6  -6  -8  -6  -8  -8  -9 -14 -16 -11
DST2008*06  X220   0 -17 -16 -14  -9  -5  -2  -1  -2  -3  -5  -5  -5  -8 -12 -11 -10 -11 -13 -14 -13  -7  -9 -16 -17  -9
DST2008*07  X220   0 -14 -14 -15 -15 -16 -14  -7  -5  -4  -3  -4  -2   0   1   0  -1  -3  -3  -1  -1  -2  -4  -5  -2  -6
DST2008*08  X220   0  -4  -6  -6  -6  -6  -8 -10 -12 -13  -8  -7  -7 -11 -12 -12 -14 -15 -14 -14 -13  -9  -4  -3  -4  -9
DST2008*09  X220   0  -6  -8  -9 -10  -9  -8  -4  -4  -4  -8 -10 -12 -11 -11 -10  -7  -7  -7  -6  -2   2   2   3   5  -6
DST2008*10  X220   0   2   3   4   3  -1  -2  -6  -8  -8 -10  -8  -7  -9  -8  -5  -2  -4  -4  -3   0   1   0  -1  -2  -3
DST2008*11  X220   0   0   0  -5  -8  -8  -8  -6  -6  -7  -6  -6  -7  -7  -3  -2  -2  -2  -1   2   4   3   1   4   8  -3
DST2008*12  X220   0   8   8  10   7   4   0  -1  -1  -3  -1  -1  -1  -1   2   3   4   5   4   2   2   3   4   3   0   3
DST2008*13  X220   0  -1  -1  -2  -4  -4  -1   1   4   3   2  -1  -2  -2  -1  -1  -1  -1  -2  -4  -4  -1  -3  -7  -7  -2
DST2008*14  X220   0  -4   0   3   2  -1   1   1  -1   0   2   4   3   2   2   3   4   3   0  -3  -7 -11 -11 -13 -14  -1
DST2008*15  X220   0 -12  -6  -4  -1   2   3   1  -2   1   6   7   8   9   9   6   2   1   0  -3  -7  -7  -2  -4  -5   0
DST2008*16  X220   0  -1  -3  -3  -6  -5   1   4   5   7   9   8   6   4   2   3   5   6   7  11  11  11  13  12   7   5
DST2008*17  X220   0   7   7   8   7  12  14  14  13  10   4   4   5   8   5   4   6   6   2   1   2   4  -1  -2  -2   6
DST2008*18  X220   0  -1  -3   1   6   8   8  10   5   4   7   2  -3  -9  -4   1   2   5   1  -2   1  -1   0 -10 -11   1
DST2008*19  X220   0 -13 -13 -16 -16 -17 -19 -16 -11  -9 -10 -11 -10  -9  -6  -5  -6  -7  -7  -8  -8  -9 -12 -17 -17 -11
DST2008*20  X220   0 -10  -2   2   8  10   9   6   6   8   8   3   5   8   9   9   7   6   4   1   1   1  -1   0  -1   4
DST2008*21  X220   0   0   5   7   6   8  10  10  12  12   9   6   5   6   7  10  10   7   6   2  -4  -6  -8  -7  -6   4
DST2008*22  X220   0  -2  -1  -2  -3  -1   0  -1  -5  -7  -4  -6  -5  -7  -8  -4  -2  -2  -5  -8  -7  -4  -1  -6 -11  -4
DST2008*23  X220   0 -15 -11  -8  -5  -8  -5  -5  -4  -5  -5  -4  -5  -8 -10  -9  -6  -1   2   2   1  -5 -12  -7 -11  -6
DST2008*24  X220   0  -8  -7  -4  -2  -1  -3  -3  -2  -2  -2  -2  -1   0   0  -3  -3  -1   1   0  -2  -3  -3  -2  -2  -2
DST2008*25  X220   0  -1   2   3   6   9  11  14  14  13  13  12   7   2   0   6  13   9   9  10  12   9   7   6   5   8
DST2008*26  X220   0   5   2   0  -7  -6  -6 -10  -9  -8  -8 -10  -8  -8  -6  -2   0  -1  -7  -7  -7  -5  -6 -10 -13  -6
DST2008*27  X220   0 -16 -15 -13 -14 -14 -15 -15 -12 -11  -9  -6  -4 -10 -10  -6  -4  -4  -6  -9 -12 -12  -9  -7  -8 -10
DST2008*28  X220   0  -8  -9  -9  -8  -7  -5  -7  -6  -4  -1  -2  -4  -6  -2   4   4   0  -2   0  -2  -7 -10 -15 -22  -5
DST2008*29  X220   0 -23 -20 -21 -22 -23 -26 -24 -29 -29 -27 -22 -20 -20 -19 -18 -14 -14 -14 -16 -20 -15 -17 -15 -13 -20
DST2008*30  X220   0 -12 -13  -9  -9 -16 -27 -27 -17 -13 -12 -14 -14 -17 -18 -17 -13 -13 -15 -18 -20 -20 -22 -21 -33 -17
DST2008*31  X220   0 -39 -36 -31 -28 -33 -33 -27 -23 -24 -17 -13 -16 -23 -21 -16 -23 -21 -20 -17 -17 -22 -24 -19 -16 -23


DST2009*01  X220   0 -15 -16 -16 -18 -22 -25 -20 -26 -29 -23 -21 -20 -26 -30 -28 -26 -29 -29 -28 -31 -31 -31 -29 -31 -25
DST2009*02  X220   0 -30 -35 -35 -33 -26 -20 -20 -21 -22 -23 -20 -17 -20 -19 -13  -9 -10 -12 -15 -15 -16 -19 -19 -20 -20
DST2009*03  X220   0 -20 -20 -18 -16 -14 -13 -14 -14 -15 -12  -9  -5  -3  -1  -1  -1  -3  -3  -4  -6  -9 -13 -15 -19 -10
DST2009*04  X220   0 -20 -21 -19 -17 -14 -15 -17 -17 -14 -12 -18 -20 -20 -20 -18 -20 -20 -21 -20 -19 -21 -21 -20 -20 -19
DST2009*05  X220   0 -21 -24 -25 -22 -17 -14 -14 -14 -17 -21 -20 -14 -12 -11  -7  -5  -4  -5  -7  -8  -8 -10 -10 -14 -14
DST2009*06  X220   0 -18 -20 -16 -12 -10 -10  -7  -6  -7  -6  -7 -10 -11  -7  -4  -4  -3  -4  -5  -8 -12 -16 -20 -21 -10
DST2009*07  X220   0 -21 -17 -14 -11 -13 -16 -15 -10 -10 -11 -11 -13 -15 -13 -11  -8 -10 -10 -10 -10 -11 -13 -15 -15 -13
DST2009*08  X220   0 -13 -14 -14 -12 -13 -12  -9  -6  -6  -1   1  -1  -1  -1  -1  -4  -5  -6  -5  -5  -4  -2  -2  -3  -6
DST2009*09  X220   0  -5  -6  -7  -6  -6  -6  -2   0   0   1   2   1   1   0  -1  -3  -2  -1  -2  -2  -2  -2  -1   0  -2
DST2009*10  X220   0  -2  -3  -3  -3  -2  -2  -4  -1   1   2   0   1   2   4   4   1   1   2   2  -1  -1   3   2   0   0
DST2009*11  X220   0   0   1   1   2   1   1   1   1  -1  -3   0  -1  -2  -1  -1  -2  -2  -3  -1  -3  -4  -7 -12 -13  -2
DST2009*12  X220   0 -12 -11 -10  -6  -7  -9  -9  -7  -8  -9  -1   1   0   0  -2  -5  -5  -3  -2  -3  -5  -7  -9 -11  -6
DST2009*13  X220   0  -9 -10 -13 -12  -8  -6  -7 -10  -8  -6  -3  -2   0   1  -1   0   0   8   6   7  11   7   6   8  -2
DST2009*14  X220   0   2 -12 -21 -26 -36 -36 -30 -27 -29 -16 -10  -6 -12 -14 -11 -10  -9  -7  -8 -10 -11 -14 -16 -18 -16
DST2009*15  X220   0 -19 -20 -18 -18 -21 -20 -19 -16 -20 -23 -26 -23 -16 -14 -15 -17 -17 -14 -12 -10 -11 -14 -16 -18 -17
DST2009*16  X220   0 -17 -14 -13 -14 -13 -10  -8  -8  -6  -4   0   3   3   1  -1  -4  -5  -5  -5  -5  -7 -15 -18 -17  -8
DST2009*17  X220   0 -12  -8   0   3   0  -2  -3 -10 -11  -9  -5   3   5   4   1  -3  -6  -5  -5  -4  -3 -10 -12 -12  -4
DST2009*18  X220   0  -6  -4  -4  -5  -6  -7  -6  -6  -6  -6  -5  -3  -3   9  11  13  11   6   4   2   2  -2  -3  -3  -1
DST2009*19  X220   0  -1  -1  -1  -3  -4  -7  -8  -9  -7  -4  -2  -4  -6  -8  -8  -7  -7  -8  -7  -7  -7  -6  -7  -7  -6
DST2009*20  X220   0  -9  -9  -7  -5  -5  -2   0   2   1   0  -1  -3  -5  -3   2  -1  -4  -4  -6  -7  -7  -7  -8  -6  -4
DST2009*21  X220   0   0   5   9  11  10   9   9   9   9   7   5   5   4   2   4   6   7  10  10  12  10   7   7   7   7
DST2009*22  X220   0   4   3  -2  -3  -5  -2  -3  -6 -12 -15 -16 -13  -7  -4  -7 -11 -12 -12 -11 -10 -10 -10 -11 -13  -8
DST2009*23  X220   0 -10  -9  -8  -4  -4   0   3  -1 -10 -20 -23 -23 -17 -14 -13 -16 -13  -8 -12 -17 -15 -18 -19 -19 -12
DST2009*24  X220   0 -22 -14  -4  -8 -12 -11 -14 -24 -27 -30 -23 -17 -19 -28 -34 -35 -34 -30 -24 -21 -22 -20 -22 -23 -22
DST2009*25  X220   0 -25 -22 -26 -31 -30 -27 -24 -25 -28 -25 -19 -16 -13 -15 -19 -20 -18 -17 -14 -15 -23 -32 -47 -54 -24
DST2009*26  X220   0 -52 -53 -52 -52 -47 -46 -42 -46 -42 -33 -24 -24 -22 -25 -23 -19 -25 -25 -26 -27 -28 -30 -32 -36 -35
DST2009*27  X220   0 -31 -28 -29 -31 -38 -39 -33 -32 -32 -28 -26 -24 -23 -23 -24 -29 -28 -27 -25 -28 -45 -60 -58 -52 -33
DST2009*28  X220   0 -52 -50 -46 -48 -53 -47 -45 -48 -47 -41 -39 -40 -39 -38 -35 -36 -42 -38 -43 -44 -48 -54 -48 -42 -44
DST2009*29  X220   0 -29 -31 -37 -32 -27 -27 -32 -30 -30 -27 -23 -22 -24 -24 -31 -37 -37 -34 -32 -31 -32 -29 -28 -28 -30
DST2009*30  X220   0 -24 -26 -24 -26 -37 -42 -36 -35 -33 -29 -27 -26 -23 -20 -18 -20 -21 -23 -27 -29 -32 -31 -31 -32 -28


DST2010*01  X220   0 -28 -23 -22 -24 -25 -24 -25 -25 -26 -22 -25 -29 -30 -25 -17 -19 -23 -26 -25 -24 -23 -25 -29 -34 -25
DST2010*02  X220   0 -34 -34 -30 -28 -25 -24 -24 -22 -22 -23 -25 -26 -24 -24 -21 -24 -28 -31 -31 -28 -22 -24 -28 -30 -26
DST2010*03  X220   0 -25 -22 -22 -21 -22 -23 -23 -22 -21 -24 -24 -27 -24 -21 -19 -18 -17 -18 -20 -21 -23 -24 -24 -25 -22
DST2010*04  X220   0 -24 -21 -22 -23 -22 -19 -16 -15 -15 -16 -16 -16 -16 -14 -12 -11 -12 -14 -15 -17 -19 -20 -21 -22 -17
DST2010*05  X220   0 -20 -19 -16 -16 -14 -15 -17 -17 -11  -9  -9  -8  -8  -7 -11  -9  -9 -11 -20 -29 -36 -41 -39 -36 -18
DST2010*06  X220   0 -32 -31 -33 -32 -29 -27 -25 -25 -24 -22 -21 -16 -12  -6  -4  -7  -5  -3  -1   0   0   3   1   0 -15
DST2010*07  X220   0   0  -2   0   1   0   1   0   0   3   9   8   8  13  14   4   0  -1  -4  -5  -6  -9 -12 -15 -15   0
DST2010*08  X220   0 -13 -13 -11 -11 -12 -11 -13 -11 -11 -10  -7 -11 -10 -11 -10  -8  -7  -8  -7  -6  -9  -8  -9 -10 -10
DST2010*09  X220   0 -12 -13 -13 -10  -7  -5  -6  -7  -8  -7  -6  -5  -5  -4  -5  -5  -4  -2  -2  -2  -2  -1  -1  -2  -6
DST2010*10  X220   0  -2  -2  -3  -4  -4  -4  -3  -2  -3  -7  -7  -4   0   3   4   4   1  -1   0  -1  -3  -3  -2   0  -2
DST2010*11  X220   0   3   4   4   5   3   2   1   1   6   6   7   5   5   7   8   6   3   2   3   3   0  -2  -1  -2   3
DST2010*12  X220   0  -5  -6  -7  -6  -4  -3  -2  -1  -2  -1   1   3   7   3   8   8   6   2   0   0  -2  -4  -4  -2   0
DST2010*13  X220   0   1   6   3   5   3   2   3   5   5   3   5   6   8   8   7   8   7   5   3   0   0  -1   1   1   4
DST2010*14  X220   0   5   6   6   3   2   0   0   0   0  -1  -2  -1  -2  -2  -2  -3  -4  -5  -6  -7  -7  -4  -2  -2  -1
DST2010*15  X220   0  -2  -1  -1   0  -1  -3  -3  -2  -2  -4  -5  -4  -5  -4  -3  -2  -2   0   3   5   6   8   6   3  -1
DST2010*16  X220   0   5   4   0  -2   2   4   2  -2  -3  -1   0   1   2   1   0   0  -1  -3  -2  -3  -7  -7  -7  -6  -1
DST2010*17  X220   0  -4  -2   0  -1  -5 -13 -18 -20 -19 -16  -9 -11  -8 -10 -10  -8  -5  -3  -1   3   1   2   1  -2  -7
DST2010*18  X220   0  -2   1   1   1   1  -3  -4  -4  -4  -6  -4  -3  -2  -2  -3  -3  -2  -1   0  -3  -7  -6  -3   0  -2
DST2010*19  X220   0   1   3   2   2   3   3   1  -4  -7 -13 -14 -15 -14 -13  -6   5   5   7   1  -7 -10 -12 -11  -8  -4
DST2010*20  X220   0  -7  -8 -10 -11 -10 -10  -9 -10 -14 -17 -16 -13 -12  -9  -8  -9  -8  -9  -9  -8  -7  -6  -5  -4 -10
DST2010*21  X220   0  -5  -6  -1  -1   0   3   1 -13 -20 -17 -13 -12 -13 -13 -12 -14 -17 -18 -17 -16 -16 -15 -15 -13 -11
DST2010*22  X220   0 -10 -10 -11  -9  -7  -5  -5  -4  -3  -2   0   1   2   0  -6  -9 -10 -10 -12 -13 -13 -16 -15 -17  -8
DST2010*23  X220   0 -15 -11 -10  -9  -7  -6  -7  -9 -10  -7  -2   1   5  10  18  18  19  26   9   7  -6 -16 -24 -28  -2
DST2010*24  X220   0 -23 -29 -36 -33 -37 -41 -36 -34 -39 -35 -33 -24 -23 -22 -26 -27 -27 -29 -30 -28 -27 -21 -19 -20 -29
DST2010*25  X220   0 -17 -15 -12 -10  -9 -10 -10 -15 -27 -30 -23 -21 -23 -21 -25 -30 -32 -32 -34 -36 -30 -27 -23 -18 -22
DST2010*26  X220   0 -16 -14 -17 -16 -25 -35 -34 -29 -26 -30 -27 -23 -24 -26 -23 -24 -25 -27 -28 -31 -28 -25 -29 -31 -26
DST2010*27  X220   0 -27 -21 -19 -20 -21 -23 -23 -25 -22 -23 -25 -22 -19 -18 -18 -20 -22 -22 -23 -27 -21 -19 -20 -17 -22
DST2010*28  X220   0 -17 -15 -12 -15 -20 -22 -22 -20 -18 -16 -19 -22 -24 -24 -24 -32 -33 -24 -26 -23 -36 -31 -27 -24 -23
DST2010*29  X220   0 -24 -22 -17 -14 -13 -17 -19 -19 -22 -27 -28 -22 -21 -18 -22 -30 -32 -30 -30 -27 -22 -23 -24 -25 -23
DST2010*30  X220   0 -22 -18 -16 -15 -16 -18 -22 -25 -24 -21 -17 -15 -15 -18 -20 -18 -14 -21 -20 -17 -15 -14 -18 -16 -18
DST2010*31  X220   0 -10  -8  -8  -5  -8 -14 -22 -29 -35 -37 -33 -28 -23 -27 -28 -28 -24 -19 -16 -15 -17 -16 -17 -21 -20


DST2011*01  X220   0 -19 -16 -12 -10 -11 -14 -13 -15 -18 -21 -17 -12  -9 -11 -20 -25 -29 -35 -34 -36 -33 -30 -27 -24 -20
DST2011*02  X220   0 -20 -16 -16 -15 -16 -16 -18 -19 -16 -13 -12 -14 -11 -13 -15 -15 -15 -17 -19 -19 -20 -21 -21 -20 -17
DST2011*03  X220   0 -17 -14 -11  -9 -10 -10 -11 -12 -12 -11 -11 -11 -10  -9 -11 -12 -13 -14 -15 -15 -16 -16 -15 -13 -12
DST2011*04  X220   0 -12  -9  -8 -10 -11 -12 -11 -10 -11  -9  -8  -6  -6  -6  -5  -4  -4  -1  -3  -3  -2  -3  -4  -4  -7
DST2011*05  X220   0  -5  -6  -7  -5  -4  -3  -1  -2  -3  -2  -1  -1  -1   5   5   8   9  10   6   7   7   7   2  -1   1
DST2011*06  X220   0   2   3   2   3   6   2  -1  -3  -2  -3  -7  -5  -5  -6  -3  -7 -12 -13 -17 -11 -12 -13 -14 -12  -5
DST2011*07  X220   0 -10 -10  -8  -6  -4  -2  -4  -7  -9 -12 -14 -13 -11  -9  -8 -12 -12 -15 -15 -12 -15 -14 -17 -16 -11
DST2011*08  X220   0 -16 -15 -15 -13 -11 -11 -16 -15 -12 -11 -12 -12 -13 -12 -10 -10 -12 -12  -9  -6  -5  -5  -6  -8 -11
DST2011*09  X220   0 -10 -12 -11 -10  -8  -6  -5  -6  -7  -9  -8  -6  -7  -8  -8  -8  -8  -7  -6  -6  -6  -7  -7  -7  -8
DST2011*10  X220   0  -7  -6  -3  -2  -2  -2  -1   0   1   1   2   4   4   3   2   0  -2  -3  -4  -4  -2  -2  -3  -3  -1
DST2011*11  X220   0  -4  -5  -5  -4  -4  -5  -4  -3  -2  -3  -1   3   7  11  12   6   2   1   2   7   6   1  -9  -3   0
DST2011*12  X220   0  -6  -7  -8  -6  -4  -2   0  -5  -9 -11 -10  -4  -3  -1  -3  -4  -5  -5  -4  -3  -5  -5  -3  -3  -5
DST2011*13  X220   0  -6  -9 -12 -13 -14 -15 -16 -12  -8  -8  -9  -8  -8  -8  -8  -8 -10 -11 -10 -11 -10  -9  -6  -2 -10
DST2011*14  X220   0  -1  -3  -6  -5  -5  -5  -7  -7  -6  -3  -2   1   0  -2  -4  -4  -4  -4  -7  -8  -7  -4  -4  -7  -4
DST2011*15  X220   0 -10 -12 -11 -12 -10  -8  -6  -3  -1   0   0   0  -1  -2  -3  -6  -7  -7  -5  -3  -2  -3  -1   0  -5
DST2011*16  X220   0   1   0  -3  -2  -4  -4  -2  -2  -2  -2  -3  -5  -6  -7  -7  -5  -4  -4  -1   2   5   7   9  11  -1
DST2011*17  X220   0  10   6   3   1   1   2   3   4   7   3   1   2   0  -5  -8  -4  -2  -1  -1  -1   0   1   0  -2   1
DST2011*18  X220   0  -4  -4  -2  -1  -4  -7  -9 -10  -7  -4  -3  -3  -4  -4  -3  -2  -1  -2  -1   2   2   3   3   3  -3
DST2011*19  X220   0   4   0  -1  -2  -3  -3  -2  -1  -1  -2  -4  -5  -5  -3   0  -1  -1  -2  -1   1   2   5   3   1  -1
DST2011*20  X220   0  -6 -15 -21 -18 -18 -19 -23 -26 -25 -24 -18 -17 -16 -13 -11 -11 -16 -14 -15 -18 -15 -12  -8  -3 -16
DST2011*21  X220   0  -6  -9  -8  -8  -8 -12 -13 -14 -13 -10  -7  -7 -13 -17 -20 -20 -24 -23 -17 -12 -13 -21 -30 -35 -15
DST2011*22  X220   0 -22 -25 -25 -22 -28 -28 -42 -38 -45 -39 -33 -32 -29 -36 -36 -35 -40 -38 -35 -36 -39 -35 -27 -25 -33
DST2011*23  X220   0 -23 -25 -27 -26 -28 -31 -33 -33 -30 -27 -27 -26 -25 -25 -24 -23 -26 -25 -25 -24 -21 -21 -19 -17 -25
DST2011*24  X220   0 -20 -22 -25 -25 -25 -26 -25 -24 -22 -19 -19 -21 -23 -23 -23 -22 -22 -20 -20 -19 -17 -16 -12 -11 -21
DST2011*25  X220   0 -11 -12 -13 -15 -18 -21 -22 -21 -18 -17 -20 -21 -24 -27 -28 -26 -22 -23 -26 -26 -25 -23 -23 -21 -21
DST2011*26  X220   0 -18 -16 -15 -15 -15 -16 -16 -16 -12 -13 -17 -17 -17 -16 -13 -13  -9 -11 -12 -11  -8  -7  -5  -6 -13
DST2011*27  X220   0  -4  -4 -10 -10  -9 -12 -12 -12 -18 -24 -22 -17 -17 -16 -19 -17 -16 -14 -12 -10  -7  -6  -4  -6 -12
DST2011*28  X220   0 -15 -20 -23 -22 -23 -25 -26 -25 -22 -23 -23 -23 -21 -23 -25 -20 -18 -16 -15 -13 -15 -13 -11  -6 -19
DST2011*29  X220   0  -4  -4  -6  -6 -10  -8  -7 -13 -16 -15 -15 -15 -16 -15 -14 -14 -16 -14 -11 -11 -11 -10  -9  -8 -11
DST2011*30  X220   0  -8 -10 -12  -8  -9  -3  -6  -5  -8  -9 -11 -10 -12 -15 -16 -16 -15 -15 -16 -14 -14 -13 -15 -16 -12


DST2012*01  X220   0 -16 -15 -16 -16 -16 -16 -14 -13 -13 -13 -12 -11 -12 -12 -12 -11 -10 -11 -13 -13 -12 -11 -12 -13 -13
DST2012*02  X220   0 -14 -14 -15 -14 -13 -14 -14 -15 -11  -7  -7  -5  -6  -4  -1   0   1   0  -1   0  -1   0   0  -2  -7
DST2012*03  X220   0   0   1  -2  -4  -4  -4  -4  -6  -7  -9 -10 -13 -12  -9  -6  -8 -15 -17 -17 -14 -11 -13 -13  -9  -9
DST2012*04  X220   0 -10 -11 -12 -11 -10  -8  -7  -7  -7  -9 -12 -13 -13 -13 -15 -14 -14 -13 -13 -11  -9  -8  -9  -7 -11
DST2012*05  X220   0  -5  -7  -8  -8  -8  -7  -6  -3  -5  -6  -8  -7  -9  -5  -5  -3  -2  -1   1   1  -3  -4  -5  -4  -5
DST2012*06  X220   0  -1  -4  -6  -9  -9  -5  -5  -7  -5  -3  -6  -8  -5   0   4   2  -1  -1   1   3   0  -1  -5  -6  -3
DST2012*07  X220   0  -4  -5  -7  -7  -6  -3  -5  -7  -4  -6  -8 -10 -12 -12  -9 -10 -12 -11 -11 -11  -9  -8  -7  -7  -8
DST2012*08  X220   0  -8  -8 -11 -14 -12  -9  -9 -10 -13 -16 -18 -12  -6  -5  -4   0   2  -3  -5  -3  -4  -6  -8 -11  -8
DST2012*09  X220   0 -11 -10  -9  -5  -7  -4  -5  -5  -4  -3  -3  -3  -3  -5  -3  -4  -2  -9 -10  -7  -9 -13 -13 -11  -7
DST2012*10  X220   0  -9  -8  11  13   6   4   3   1   0  -3  -4  -1  -2  -2  -2  -4  -7  -9  -8 -11 -11  -8  -4  -1  -2
DST2012*11  X220   0  -3  -7  -9   0  -1  -7 -11 -11 -12 -15 -12 -12 -14 -12 -13 -10 -10  -9  -8  -9 -10  -9  -9  -7  -9
DST2012*12  X220   0  -6  -6  -7  -9 -10 -11 -12 -13 -10  -7  -7  -7  -4  -3   0  -3  -2   0   2   2  -1  -3  -1  -3  -5
DST2012*13  X220   0  -3  -5  -7 -10 -14 -17 -19 -18 -15 -12 -11  -9  -8  -9 -11  -9 -10  -9  -8  -5  -9 -11 -12 -12 -11
DST2012*14  X220   0  -9  -8  -9  -9 -11  -9  -6  -6  -7 -10 -10 -10 -10 -11  -8  -3  -2  -3  -3  -4  -6 -10 -11 -12  -8
DST2012*15  X220   0 -11 -10  -9  -7  -8  -9 -11 -11 -12 -13 -11  -9  -5  -4   0   5   6   5   6   5   3   1   1  -1  -4
DST2012*16  X220   0   1   3  -1  -7  -7  -7  -4  -1   1   1  -3  -3  -4  -5  -5  -4  -1   0   1   0  -4  -4  -5  -3  -3
DST2012*17  X220   0   0   0   1   2  -1  -2  -2  -3  -2  -1  -2  -1  -3  -1   1  -2  -2  -2   0   1  -1  -3  -4  -5  -1
DST2012*18  X220   0  -5  -3  -1   2   1  -1  -2  -1   0   0   3   6   7   7   5   5   3   3   5   5   2   1  -1   0   2
DST2012*19  X220   0   1   1   2   5   2  -1  -1   0   0   8   8   6   1  -8  -5  -3  -4  -3  -5  -7  -9 -10 -11 -14  -2
DST2012*20  X220   0 -15 -16 -15 -12 -10 -11 -13 -14 -19 -19 -16 -12 -13 -16 -16 -13  -9  -3   0   0   0  -3  -5  -3 -11
DST2012*21  X220   0  -1   1   3   0  -3  -8 -14 -17 -16  -5  -9  -6  -5  -6  -4  -7  -4  -4  -4  -5 -12 -16 -15  -4  -7
DST2012*22  X220   0  -6  -7 -15 -22 -20 -18 -15 -17 -24 -28 -26 -23 -19 -18 -15 -12  -7  -7  -5  -9 -14 -13 -14 -11 -15
DST2012*23  X220   0 -10 -12 -14 -12 -10 -10 -16 -15 -14 -17 -13 -13 -14 -15 -13 -12 -13 -13 -14 -15 -12 -11 -10  -8 -13
DST2012*24  X220   0  -7  -8  -9 -10 -12 -10 -13 -17 -23 -26 -20 -20 -17 -19 -20 -21 -19 -20 -20 -19 -17 -18 -18 -15 -17
DST2012*25  X220   0 -14 -13 -12 -12 -11 -11 -12 -10 -11 -13 -12 -11 -12 -12 -11 -11 -13 -11 -11 -12 -14 -15 -15 -12 -12
DST2012*26  X220   0  -8  -8  -9 -10 -14 -15 -12 -12 -12 -11  -9  -7  -6  -6  -5  -4  -7  -6  -5  -8 -10  -7  -3   4  -8
DST2012*27  X220   0   3  -1  -7  -7  -7  -9  -9 -11  -9 -10  -8  -2   0   0   0   0   1  -3  -4  -7  -8  -7  -7  -6  -5
DST2012*28  X220   0 -10 -15 -11  -8  -8  -8 -10 -12 -15 -19 -16 -15  -9  -9 -11  -9  -9  -6  -5  -8  -8  -9 -13 -12 -11
DST2012*29  X220   0 -10  -6  -4  -4  -6  -2   1   0  -7 -12  -9  -4  -2  -4  -5  -6  -7  -5  -6  -9  -8 -10 -11  -7  -6
DST2012*30  X220   0  -3  -1  -2  -4  -4  -1   1  -5 -15 -18 -15  -6  -5  -7 -13 -12 -12 -11 -11  -9  -8  -6  -8 -10  -8
DST2012*31  X220   0  -8  -7  -5  -4  -3  -6  -8 -10 -12 -14 -11 -10 -10  -9  -6  -6  -6  -7  -6  -3  -2  -1  -4  -3  -7


DST2101*01PPX120   0  -1  -2  -2  -3  -4  -3  -5  -7  -4  -1  -1   1   3   4   3   2   1   2   1   2   0  -6  -6  -5  -1
DST2101*02PPX120   0  -4  -3  -3  -3  -1   1   2   4   5   4   4   5   5   2   3   4   3   3   3   4   6   2   2   3   2
DST2101*03PPX120   0   3   5   6   5   5   4   4   3   3   3   4   3   0  -1   2   6   6   4   3   4   4   5   4   5   4
DST2101*04PPX120   0   7   7   4   2   3   4   5   2   0  -1  -4  -6  -8  -6  -6  -4   0   4   7   8  11  14  18  16   3
DST2101*05PPX120   0  11   7   3   5   6   4   3   3   6   5   6  13  17  17   6   0  -2   3   4   5   3   4   6   4   6
DST2101*06PPX120   0  -2  -5  -1  -1  -8  -9  -5  -7 -15 -12 -11 -10 -15 -20 -24 -23 -18 -14 -10 -11  -9  -9  -7  -4 -10
DST2101*07PPX120   0  -5  -6  -8 -10  -8  -8 -10 -12 -12 -11 -10 -11 -12 -13 -11  -8  -7  -6  -6  -8  -9  -6  -3  -1  -8
DST2101*08PPX120   0  -3  -3  -3  -2  -1  -1  -3  -3  -2   0  -1  -1  -1  -1  -4  -6  -6  -4  -2  -2  -4  -3  -2  -3  -3
DST2101*09PPX120   0  -4  -3  -2  -3  -4  -5  -6  -6  -4  -4  -2  -2  -1  -2  -4  -6  -7  -6  -3  -2   0   0  -2  -1  -3
DST2101*10PPX120   0  -1  -1  -1  -1  -2  -1  -1   0   4   3   3   1   0   0   0  -1  -4  -5  -4  -3  -3  -2  -2  -2  -1
DST2101*11PPX120   0  -3  -4  -5  -6  -7  -8  -9  -7  -2   5  13  16  18  17   2 -24 -33 -34 -28 -23 -26 -33 -41 -44 -11
DST2101*12PPX120   0 -39 -37 -38 -36 -30 -30 -26 -21 -20 -23 -23 -21 -17 -16 -14 -16 -19 -17 -14 -11  -8  -6 -10 -13 -21
DST2101*13PPX120   0 -12 -12 -12 -13 -13 -12 -10 -11 -12 -16 -19 -21 -21 -19 -17 -15 -16 -15 -14 -12  -7  -3  -3  -3 -13
DST2101*14PPX120   0  -1  -2  -2  -4  -6  -6  -4  -4  -4  -3  -1  -1   0   2   0  -1  -2  -1  -1   0  -1   3   2   2  -1
DST2101*15PPX120   0   0  -1   3   4   4   4   2   1   0  -3  -3  -1   1   2  -2  -1   2   0  -2   1   4   6   6   7   1
DST2101*16PPX120   0   6   5   7   4   5   4   2   1   0  -1   1   4   2   0  -2  -2  -3  -5  -4  -4  -3  -4  -5  -5   0
DST2101*17PPX120   0  -3  -2  -1  -3  -6  -5  -4  -3  -4  -6  -6  -5  -4  -3  -3  -1   0   0   1   3   4   5   2   1  -2
DST2101*18PPX120   0   0  -1  -2  -3  -2  -1   0   1   2   3   4   6   6   6   7   8   5   4   3   2  -2  -6 -11 -11   1
DST2101*19PPX120   0  -9  -9 -12 -12 -10  -7  -7  -7  -8  -6  -3  -2  -7  -3   4   4   2   0  -2  -3   0   2   1  -1  -4
DST2101*20PPX120   0   0  -1   3   1   1   0  -1  -7 -10  -9  -8  -3   2  -1  -2  -1  -2  -1   5   4   5   2  -2  -3  -1
DST2101*21PPX120   0  -2  -4  -4  -3   0   3   2   0  -2  -1  -1   4   4   5   2   0   0   2   4   6   6   6   3   1   1
DST2101*22PPX120   0  -3  -5  -5  -4  -1   1   3   5   7   9   9  10  12  12   7   6   4   7  10   8   8   8   3   0   5
DST2101*23PPX120   0   2  -1  -1   1   3   5   4   1   0   0  -3   0   3   4   1   1   2   3   6   9  11   7  -2   1   2
DST2101*24PPX120   0   1   0  -1  -2  -3  -7  -7  -6  -8  -9  -6  -4   1   7  12  18  18  17  12   7   3   2  -6  -6   1
DST2101*25PPX120   0   1   1   2  -1  -1   3   0 -18 -31 -33 -33 -28 -21 -24 -26 -31 -30 -29 -19 -14 -11 -19 -28 -29 -17
DST2101*26PPX120   0 -22 -18 -25 -36 -41 -40 -38 -38 -36 -36 -35 -31 -25 -24 -21 -18 -18 -20 -22 -27 -24 -22 -22 -19 -27
DST2101*27PPX120   0 -15 -12 -16 -23 -24 -23 -20 -18 -19 -22 -22 -24 -22 -18 -18 -19 -22 -22 -20 -14 -11 -11 -15 -13 -18
DST2101*28PPX120   0  -9 -11 -11 -14 -19 -22 -24 -24 -24 -21 -18 -17 -13 -11 -11 -10  -8  -8  -8  -9  -9  -8  -9  -8 -14
DST2101*29PPX120   0  -5  -5  -7  -9 -12 -12 -11 -11 -12 -12 -13 -15 -15 -12 -10  -8 -11 -11 -10 -10  -8  -8  -9 -10 -10
DST2101*30PPX120   0  -5  -4  -5  -8  -8  -9  -9 -10  -9  -9 -10 -10  -8  -5  -4  -4  -4  -5  -5  -4  -3  -2  -4  -6  -6
DST2101*31PPX120   0  -7  -5  -4  -3  -2  -2  -3  -2  -3  -4  -5  -4   0   5   7   5   3   3   5   4   3   4   3   1   0

[Created at Thu Jun 2 07:01:00 UTC 2022]

DST2102*01PPX120   0   4   3   2   3   2   3   5   6   6   7   8   8   7  10  10  10   6   3   6   7   7   7   9  16   6
DST2102*02PPX120   0  22  11  13  -3  -2  -7  -4  -1   0   1  -6   1   0  -7  -5  -8  -9 -10  -6  -3  -2  -2  -3  -8  -2
DST2102*03PPX120   0  -8 -14 -17 -13  -9  -4  -2  -6  -5   1   1   2   5   8   6   0  -3  -6 -11 -18 -19 -20 -18 -18  -7
DST2102*04PPX120   0 -19 -23 -26 -23 -24 -21 -15 -12  -9  -7  -7  -7  -7  -8  -9  -8  -8  -7  -5  -2  -2  -3  -7 -10 -11
DST2102*05PPX120   0 -11 -10 -10 -12 -15 -13 -11  -9  -6  -5  -7  -6  -4  -4  -5  -8  -8  -7  -5  -4  -4  -6  -8 -10  -8
DST2102*06PPX120   0 -11 -10 -10  -8  -6  -3   1   4   6   6   7   6   2   2   2  -1  -2  -4  -6 -10 -13  -8  -1   7  -2
DST2102*07PPX120   0   5  -4  -6 -10 -21 -28 -21 -19 -21 -27 -32 -18 -16 -15 -16 -16 -15 -13  -9  -1   1  -2  -4  -4 -13
DST2102*08PPX120   0  -3  -2  -6  -5  -4  -4  -4  -5  -4  -1  -1   0   1   4   4   3   2   1   3   4   4  -8  -3  -1  -1
DST2102*09PPX120   0   1   0  -1  -3  -6  -3  -3  -6  -6  -6  -4  -5  -5  -4  -4  -6  -7  -4  -5  -4  -3  -2  -1  -1  -4
DST2102*10PPX120   0  -3  -3  -1   1   3   2   2   3   3   5   4   1  -1  -2  -2  -3  -5  -5  -5  -4  -2  -2  -1  -1  -1
DST2102*11PPX120   0   0  -1   0   1   2   4   5   4   0  -5  -5  -1   2   4   4   5   7   4   4   4   4   5   5   7   2
DST2102*12PPX120   0   8   7   7   7   6   7   8   9  12  13  14  11   9   9  10   9  10   7  -1  -3  -6  -6  -7  -5   6
DST2102*13PPX120   0  -7   1   4   9   5  -1  -1   0   5   1  -7 -14  -8  -2  -1  -6 -10 -11  -9  -7  -9 -12 -19 -19  -5
DST2102*14PPX120   0 -16 -13 -12 -13 -13 -14 -12 -13 -11  -8  -4  -3  -2  -1  -2  -2  -1   0   0  -2  -1  -3  -6  -7  -7
DST2102*15PPX120   0  -6  -6  -4  -2   0   0   0   2   6   9  11  11  12  10   8   5   4   4   7   7  13   9  -6  -8   4
DST2102*16PPX120   0  -5  -2  -1   4  -6 -15 -24 -32 -34 -19 -13  -8  -7 -10 -14 -15 -19 -15 -13  -9  -8  -6  -5  -6 -12
DST2102*17PPX120   0  -7  -9  -9  -7 -11 -12 -11  -7  -7  -4  -3   1   1  -2  -6  -8  -8  -3   1   1  -6 -10 -14 -12  -6
DST2102*18PPX120   0 -10 -11 -13 -13  -9  -4  -1  -2  -6  -5  -4   0   2   4   3   0  -2  -1   0   1   1  -2  -5  -6  -3
DST2102*19PPX120   0  -9 -14 -15  -9  -7  -4  -3  -6  -4   3   6   7   8  -1 -17 -20 -23 -28 -31 -29 -23 -19 -35 -33 -13
DST2102*20PPX120   0 -30 -28 -28 -20 -17 -19 -24 -14  -6   0   0  -6  -2 -12 -20 -19 -22 -22 -18 -24 -32 -34 -34 -32 -19
DST2102*21PPX120   0 -36 -36 -32 -32 -31 -29 -25 -21 -23 -14 -12 -12 -10 -14 -22 -21 -16 -12 -15 -15 -12 -15 -18 -19 -21
DST2102*22PPX120   0 -25 -29 -32 -32 -30 -31 -28 -25 -20 -20 -17 -15 -14 -16 -15 -13 -12  -9  -9  -9 -11  -9  -8 -12 -18
DST2102*23PPX120   0 -16 -19 -19 -18 -14 -12 -13 -15 -13  -9  -6  -6 -13 -16 -15 -14 -12  -9  -7  -4  -4  -7  -8  -9 -12
DST2102*24PPX120   0  -8  -7 -11 -10  -7 -15 -16 -17 -21 -25 -25 -19 -16 -10 -11  -9 -10 -16 -25 -31 -28 -30 -34 -39 -18
DST2102*25PPX120   0 -44 -35 -35 -34 -33 -32 -31 -28 -26 -26 -24 -19 -13  -7  -5  -6  -8 -12 -12 -12 -14 -16 -18 -23 -21
DST2102*26PPX120   0 -20 -19 -21 -21 -18 -16 -12  -9  -8  -6  -5  -4   1   2  -1   8   7   1  15  18  17  18  15  12  -2
DST2102*27PPX120   0  10   7   5   5   5   3   3   5   9   8   7   7   6   5   7   5   5   5   4   3   1   2   3   3   5
DST2102*28PPX120   0   1  -1  -4  -4  -1   1   6   8  10  14  16  16  16  16  16  15  13   8   6   3   1   0   7  22   8

[Created at Thu Jun 2 07:01:59 UTC 2022]

DST2103*01PPX120   0  16  10  -5 -26 -43 -53 -58 -51 -47 -44 -40 -34 -30 -26 -23 -25 -22 -21 -23 -26 -24 -24 -18 -14 -27
DST2103*02PPX120   0 -13 -12 -12 -12 -14 -11  -8  -8 -14  -9  -5  -7 -10  -3  -3 -18 -14  -7  -9 -13 -19 -26 -30 -33 -13
DST2103*03PPX120   0 -23 -21 -19 -32 -39 -36 -39 -35 -35 -37 -35 -32 -28 -22 -18 -18 -15 -12  -6  -5 -10 -14 -16 -11 -23
DST2103*04PPX120   0 -14 -14 -18 -16 -14 -14 -14 -14 -13  -9  -7  -7  -5  -8 -15 -19 -18 -13 -12 -12  -9 -14 -14 -12 -13
DST2103*05PPX120   0  -9 -10 -11 -11 -13 -12  -9  -8  -5  -6 -10 -11 -11 -10 -12 -10  -7  -3  -2  -6  -5  -1   1   4  -7
DST2103*06PPX120   0   7  15  15   7  -4  -7  -8  -7 -10  -9  -8  -5  -5  -7  -7  -4  -5  -1   1  -3  -8 -10  -7  -3  -3
DST2103*07PPX120   0  -4  -7  -8  -7  -8  -9  -6  -3  -1  -2  -4  -3  -3  -5  -4  -4  -3  -6  -2  -3   0  -5 -11  -8  -5
DST2103*08PPX120   0  -4  -5  -7  -7  -8  -8  -5  -4  -3  -2   1   2   2   1   2   4   4   2   0  -3  -7  -7  -5  -7  -3
DST2103*09PPX120   0  -7  -7  -6  -5  -6  -6  -4  -3  -2  -3  -1  -2  -1  -2  -4  -5  -4  -2   1   2   2   3   3   5  -2
DST2103*10PPX120   0   6   5   3   1   2   4   4   5   5   6   6   7   5   5   7   6   6   5   4   6   7   8  12  12   6
DST2103*11PPX120   0  13  10   9   9   9   9  10   9   6   6   7   8   8   8   6   6   6   8  10  13  18  17  14  10  10
DST2103*12PPX120   0   9  11  11  11   9   4  -2 -14 -17 -15 -14 -13  -7  -6  -9  -8  -8  -6  -6  -7 -11 -14 -17 -19  -6
DST2103*13PPX120   0 -23 -13  -1   5  -9 -20 -23  -8  -7 -13  -5   1   3   2   1  -1  -3  -7  -8 -14 -11 -14 -15 -10  -8
DST2103*14PPX120   0  -9 -10 -23 -26 -29 -35 -30 -29 -42 -43 -33 -27 -21 -13  -9 -11 -15 -18 -17 -19 -25 -32 -34 -31 -24
DST2103*15PPX120   0 -19 -15 -16 -15 -16 -16 -13 -14 -16 -13 -12 -12 -13 -12 -11  -9 -11 -11  -8  -9  -9 -10 -10  -9 -12
DST2103*16PPX120   0  -7  -7  -7  -9 -10  -8  -6  -3  -3  -3  -3  -4  -3  -2  -4  -5  -5  -3  -2  -2  -2  -2   1   3  -4
DST2103*17PPX120   0   5   6   4   3   2   1   1   0   1   2   4   2   3   3   4   2  -4  -5  -4  -2   0   0   2   6   2
DST2103*18PPX120   0   8   9   7   7   5   4   6   7   5   6   4   3  -1  -3  -4  -3  -3   0   0   1   1  -1  -1  -3   2
DST2103*19PPX120   0   0   3   2   2   0  -3  -6  -8  -9  -3  -1  -5  -7  -8  -6  -4  -4  -1   3   3   3   4  13  18  -1
DST2103*20PPX120   0  28  36  31  38  42  35  13 -23 -36 -44 -40 -33 -45 -45 -37 -32 -32 -36 -30 -25 -25 -32 -34 -34 -15
DST2103*21PPX120   0 -34 -30 -32 -29 -22 -19 -15 -12 -13 -11  -8  -8 -11 -10 -21 -25 -29 -23 -21 -26 -28 -33 -33 -29 -22
DST2103*22PPX120   0 -24 -21 -21 -23 -23 -23 -20 -16 -14 -11 -11 -11 -11 -12 -12 -13 -13 -13  -9  -8  -5  -6  -7  -9 -14
DST2103*23PPX120   0 -10 -11 -11 -14 -14 -15 -13 -10 -11 -12 -14 -14 -11 -11 -10 -10 -12 -11 -10 -13 -16 -19 -23 -23 -13
DST2103*24PPX120   0 -18 -19 -19 -18 -12  -8 -13 -13 -17 -16 -16 -17 -15 -12  -6  -2  -2   3   5   8   5  -7 -11 -21 -10
DST2103*25PPX120   0 -25 -21 -25 -17 -15 -14 -20 -20 -19 -12 -10 -11 -13 -14 -16 -11  -8  -7  -7  -5  -4  -5 -12 -14 -14
DST2103*26PPX120   0 -14 -15 -14 -13 -20 -25 -25 -27 -27 -24 -20 -24 -26 -27 -25 -22 -23 -22 -19 -17 -13 -15 -16 -16 -20
DST2103*27PPX120   0 -13  -9  -6  -5  -5  -8  -7  -7  -7  -8  -6  -6  -7  -7  -8  -7  -5  -4  -1   2   7  11   4 -11  -5
DST2103*28PPX120   0 -18 -14 -13 -10  -9  -5  -5  -7  -7  -6  -8  -8  -9 -10  -7  -6  -6  -6  -4  -2   1  -2  -5  -5  -7
DST2103*29PPX120   0  -3   0   1   0   0  -1  -1  -1  -1  -2  -3  -4  -5  -5  -4  -2  -1  -2  -1  -3  -5  -4  -6  -6  -2
DST2103*30PPX120   0  -4  -1   0   3   4   5   5   4   5   5   4   5   6   7   8   9   8   8   2   4   2  -1  -3  -3   3
DST2103*31PPX120   0  -4  -4  -4  -4  -2  -7 -13 -19 -19 -17 -16 -11  -9 -11 -13 -13  -7  -3  -3  -1  -2  -4 -11 -14  -9

[Created at Thu Jun 2 07:02:25 UTC 2022]

DST2104*01PPX120   0  -9  -1   3   1  -5 -10 -16 -17 -20 -18 -17 -13 -11 -10 -10 -13 -16 -14 -11  -8  -5  -6 -10  -9 -10
DST2104*02PPX120   0  -6  -6  -3  -2  -3  -2  -1  -1  -1   1   0  -1  -3  -5  -8  -9 -15 -21 -23 -17 -12 -10 -11 -11  -7
DST2104*03PPX120   0 -11 -10  -9 -10 -11 -10 -10  -8  -7  -5  -4  -4  -5  -6  -6  -4  -4  -3  -1   0   1   1   0  -2  -5
DST2104*04PPX120   0  -4  -3  -2  -1  -1   0   1   1   1   3   2   3   2   4   5   7   5   5   6   7   7   9   8   7   3
DST2104*05PPX120   0   7   8  10  11  12  14  14  14  17  17  18  11   6   4   1   1  -2   1   4   6  10  11  10  10   9
DST2104*06PPX120   0  10   6   7   8  10  11  13  13  15  15  17  18  17  14  12  10   7   7   7   4   2   3   5   4  10
DST2104*07PPX120   0   4   5   6   6  10   7   3   5   6  -4  -7  -8  -5   2  -8 -22 -24 -18 -19 -14 -14 -16 -17 -14  -6
DST2104*08PPX120   0 -11  -6  -3  -5 -11 -13 -12 -10  -9  -9  -9  -8  -6  -5  -8 -11 -14 -13 -10  -8  -8  -6  -4  -2  -8
DST2104*09PPX120   0  -1  -1  -2  -5  -5  -5  -5  -4  -3  -4  -4  -4  -3  -2  -4  -6  -5  -3  -2  -2   1   1   1   2  -3
DST2104*10PPX120   0   2   0   0   1   0   0  -1   0  -1  -2  -3   0   0  -1  -3  -7 -10  -5   2   4   4   1  -4  -4  -1
DST2104*11PPX120   0   0   2   4   4  -3 -10  -9  -7  -5  -4  -3  -2  -2  -1   2   1   1   2   2   3  -1  -5  -1   6  -1
DST2104*12PPX120   0  10  12  10  10   7   3  -3  -4  -4  -3  -1   1  -2   0  -1  -1  -5  -2   2   5   7   8   7   9   3
DST2104*13PPX120   0  10  12  11  10   6   4   2  -1  -2  -1  -2  -6  -2  -1   1   2   2   7  10   6   7   7   8   6   4
DST2104*14PPX120   0   4   7   9  12   8   7   7   6   6   4   4   4   4   9  11  10   6   8  16  18  18  18  11  11   9
DST2104*15PPX120   0  13  11  18  20  19   4 -11 -14   0   6   6   2   5  10   6   7   2   1   2   1   3   0   0   2   5
DST2104*16PPX120   0  16  16  14   4   2   0  -8 -12 -13  -8  -4  -2  -7 -13 -12  -7  -4 -12 -30 -45 -48 -42 -34 -41 -12
DST2104*17PPX120   0 -38 -31 -37 -39 -49 -54 -44 -49 -44 -42 -32 -24 -21 -22 -23 -24 -27 -34 -30 -26 -27 -25 -22 -20 -33
DST2104*18PPX120   0 -17 -21 -23 -19 -21 -25 -30 -33 -32 -28 -29 -22 -23 -27 -27 -27 -26 -23 -19 -15 -16 -16 -22 -18 -23
DST2104*19PPX120   0 -13 -18 -15 -20 -28 -30 -24 -20 -27 -23 -16 -10 -11 -10 -15 -20 -24 -19 -15 -18 -23 -29 -27 -16 -20
DST2104*20PPX120   0 -11 -10 -10 -10 -11 -14 -11 -13 -18 -20 -15 -14 -15 -15 -14 -15 -15 -20 -18 -15 -14 -17 -22 -22 -15
DST2104*21PPX120   0 -18 -15 -12 -13 -11 -13 -11 -15 -16 -12 -10  -9  -9 -12 -16 -20 -21 -18 -14 -11 -10 -11 -12 -11 -13
DST2104*22PPX120   0  -9  -7  -4  -5  -8  -7  -7  -5  -3  -4  -6  -3  -2  -1  -3  -5  -7  -2   0   3   5   2  -3  -5  -4
DST2104*23PPX120   0  -8  -6  -1  -2  -4  -7  -4  -4  -7  -4  -2  -1  -1  -4  -7  -6 -11  -6  -1   5   2  -4 -13 -19  -5
DST2104*24PPX120   0 -12  -4  -5 -10 -16 -17 -19 -17 -20 -20 -15 -15 -17 -19 -20 -21 -22 -18 -13 -13 -12 -15 -18 -10 -15
DST2104*25PPX120   0 -17 -25 -26 -34 -41 -38 -30 -24 -27 -30 -32 -39 -38 -33 -31 -34 -37 -36 -30 -20 -16 -19 -20 -16 -29
DST2104*26PPX120   0 -19 -20 -24 -32 -40 -48 -53 -46 -36 -33 -30 -28 -28 -25 -23 -22 -23 -22 -20 -17 -13 -13 -16 -16 -27
DST2104*27PPX120   0 -19 -24 -23 -24 -22 -20 -23 -24 -26 -24 -20 -20 -20 -17 -17 -18 -17 -15 -13 -11 -11 -12 -13 -12 -19
DST2104*28PPX120   0  -9  -6  -3  -5  -8 -10 -10  -9 -10 -11  -9  -7  -6  -3  -1   1   2   3   1  -1  -3  -6  -5  -2  -5
DST2104*29PPX120   0   0   4   6   6   4   4   3   2  -4  -7  -6  -4  -5  -3  -2  -4  -3  -2   0   3  12  13  14  16   2
DST2104*30PPX120   0  14  14  17  17  15  13  14  15  14  11   9   8   7   8  10  14  15   7   8  14  14  11  10  10  12

[Created at Thu Jun 2 07:02:41 UTC 2022]

DST2105*01PPX120   0  13  11   8   5   6   6   9   7   1   1   1   2   1   2   5   2   3   5   7   6   4   5   6   8   5
DST2105*02PPX120   0   8   6   1  -8 -14 -18 -17 -11  -2  -7  -8 -10 -10  -8  -4   0   2   5   5   7  12  16  15  22  -1
DST2105*03PPX120   0  23  17  14  14  17  20  13   6   4   2   1  -2  -2  -3  -2   0   1  -1  -3  -3  -4  -1   0   2   5
DST2105*04PPX120   0   5   8   7   7   8   6   9  10  10   7   5   6   3   4   4   5   4   5   2   1   0   3   3   2   5
DST2105*05PPX120   0   1   2   2   2   1   1   3   4   3   3   3   4   3   3   4   4   4   4   5   6   9   8   7   6   4
DST2105*06PPX120   0   6   4   5   9   8   5   6   4   3   1   3   4   4   2   1   2   3   3   5   6   7   8   7   6   5
DST2105*07PPX120   0   6   4   1   2   2   3   4   6   7   8   7   7   7   5   4   5   5   4   1   2   6   8   9   9   5
DST2105*08PPX120   0   9   9   9  10  10  10   8   6   4   5   1  -3  -4  -2   0   4   5   6   8   7   8  11  11   9   6
DST2105*09PPX120   0   6   5   6   7   7   6   6   8   8  12  10   8   6   9  11  12  12  12  15  19  20  23  20  17  11
DST2105*10PPX120   0  18  21  29  31  30  24  21  19  19  19  17  11   5   2   0  -3  -6  -5  -2  -1  -3   0   1   2  10
DST2105*11PPX120   0   5   6   6   7   6   4   4   5   2   2   7   7   5   5   7   8   8   8  10   8   4   5   5   3   6
DST2105*12PPX120   0   4   7   9   8   7   5   8  17  20  20  26  21   9 -40 -61 -56 -54 -46 -40 -37 -44 -49 -45 -40 -15
DST2105*13PPX120   0 -33 -33 -36 -35 -34 -31 -27 -26 -28 -25 -25 -20 -16 -18 -19 -24 -25 -25 -24 -26 -25 -23 -21 -19 -26
DST2105*14PPX120   0 -16 -15 -14 -14 -14 -13 -15 -14 -12 -12 -12 -13 -14 -11 -10 -10  -8  -4  -2  -5 -12 -16 -14 -12 -12
DST2105*15PPX120   0 -19 -15  -8  -4  -4   0   0  -9 -13 -16 -13 -11 -10 -11 -13 -14 -14 -12 -10 -10 -12 -11 -10 -11 -10
DST2105*16PPX120   0 -11 -13 -13 -11  -8  -7  -7  -8  -9 -10  -8  -5  -5  -3  -1   0   0  -3  -6  -8 -15 -20 -19 -16  -9
DST2105*17PPX120   0 -13 -11 -14 -15 -13 -12 -14 -13 -12 -12 -13 -13 -13 -12  -8  -5  -5   2  -1  -3  -5  -9 -10 -10 -10
DST2105*18PPX120   0  -7  -9 -16 -30 -31 -19 -15 -13 -12 -11 -12 -15 -15 -14 -11 -10 -11  -9  -6  -5  -4  -4  -6  -6 -12
DST2105*19PPX120   0  -4  -4   3   7   4   5   3   5   7   6   9   8   9   9   9   9   9  11   8   7   1   1   6   5   6
DST2105*20PPX120   0   8   1  -5 -10 -12 -15 -18 -22 -22 -18 -12 -18 -26 -19 -14 -21 -28 -34 -24 -23 -28 -28 -32 -27 -19
DST2105*21PPX120   0 -28 -28 -26 -21 -19 -19 -18 -15 -13 -14 -13 -13 -14 -14 -14 -11  -9  -9  -6  -9 -11 -13 -14 -14 -15
DST2105*22PPX120   0 -13 -14 -15 -13 -10 -10  -9  -8  -7  -8 -11 -13 -10  -7  -6  -6  -7  -5  -4  -7  -9 -10 -11 -12  -9
DST2105*23PPX120   0 -12 -11 -11 -10  -7  -8  -7  -8  -8  -9 -10 -13 -17 -17 -17 -16 -13 -10  -8  -9 -12 -13 -14  -9 -11
DST2105*24PPX120   0  -7  -8  -7  -7  -9  -8  -8  -7  -5  -4  -4  -4  -5  -4  -4  -3  -4  -3   1  -1  -5  -7  -6  -2  -5
DST2105*25PPX120   0   1   1   1   0   0  -1  -1   2   3   5   2  -1  -1   3   4   5   5   7   8   8   3   1   0  -2   2
DST2105*26PPX120   0   2   6   7  10   9   9   4   2   0   3   3   4   7  23  25  33  40  39  28  17  16  19  25  11  14
DST2105*27PPX120   0  13  -2  -6  -3  -5  -4  -4 -20 -28 -19 -19 -17 -14  -8  -6  -5  -4 -10  -7  -5  -8  -9 -13 -14  -9
DST2105*28PPX120   0 -13 -10 -11 -12 -11 -10 -11 -11 -11 -11 -10  -9  -8  -6  -5  -6  -5  -4  -4  -3  -5  -4  -6  -8  -8
DST2105*29PPX120   0  -7  -4  -2  -3  -3   0   4   2   2   0  -2  -7  -8  -2  -5  -2  -2  -2   1   4   6   7  -7  -8  -2
DST2105*30PPX120   0  -3   3   1   2   3   0   0   0  -1   2   3   5   6   5   2   1   2   6  10  11   8   0  -3  -3   3
DST2105*31PPX120   0  -1   4   8   8   7   5   2   0  -2   0   1   2   1  -1  -2  -5  -6  -2   3   3  -1  -2  -3  -3   1

[Created at Thu Jun 2 07:02:54 UTC 2022]

DST2106*01PPX120   0  -3   0   5   5   2   1   1   0  -1  -1  -1   0   2   3   4   4   5   5   5   4   2   1   3   3   2
DST2106*02PPX120   0   5   7   4   3   1   2   4   4   4   3   3   3   6  14  20  17  16  13  14  11  10  10  11  12   8
DST2106*03PPX120   0  20  27  21  15  12  15  13   6  -1  -8  -6  -3  -2  -2  -3  -2  -2  -2  -2  -2  -1  -1   0   0   4
DST2106*04PPX120   0   4   7   6   4   1   1   3   4   3   1  -3  -3  -1   4   7   4   5   3   1  -5  -6  -6  -6  -3   1
DST2106*05PPX120   0   2   4   3   1   2   4   6   6   3   2   2  -1  -4  -2   3   7   7   8   8   5   7   7   6   5   4
DST2106*06PPX120   0   4   4   4   3   0  -1   0   1  -2  -3  -5  -5  -2   2   4   3   3   3   3   6   4   9  11   5   2
DST2106*07PPX120   0   5   7   7   7   4   4  12  21  21  19  21  14   8   8  15  16  14  11  -1 -10 -14 -11  -7 -10   7
DST2106*08PPX120   0 -15 -13 -12 -10 -13 -11  -9  -8  -8 -10 -11 -10 -10 -10 -10  -5  -1   0  -2  -5  -5  -4  -1  -1  -8
DST2106*09PPX120   0  -1   0  -1  -1  -1  -1   0  -1   0   1   1   0   0  -1  -2  -1  -1  -3  -2  -2   0   1  -1  -2  -1
DST2106*10PPX120   0  -5  -3  -2  -1   0   2   4   7   7   5   4   6  10  12  10   9   7   5   5   5   5   3   1   0   4
DST2106*11PPX120   0   2   8   2  -7 -12 -13 -16 -23 -29 -34 -37 -36 -35 -34 -32 -30 -28 -26 -26 -28 -25 -24 -21 -18 -22
DST2106*12PPX120   0 -16 -20 -23 -27 -29 -27 -19 -15 -10  -5  -5   0   0  -1  -1   1  -2  -2  -2  -4  -5  -6 -10  -5 -10
DST2106*13PPX120   0  -7 -15 -18 -19 -16 -13 -14 -14 -13 -14 -13 -10  -6  -3  -2  -1  -1  -6  -7  -7  -6  -6  -7  -6  -9
DST2106*14PPX120   0  -4  -1  -2  -3  -4  -3  -3  -1  -2  -5  -7  -5  -1   3   6   7   9   8   3   0   0   1   3   6   0
DST2106*15PPX120   0  12  14  12  10   8   5   2   6  13  15  23  25  27   6   6   6   3  -5  -6 -10 -19 -16 -17 -15   4
DST2106*16PPX120   0  -9 -20 -29 -20 -17 -21 -22 -17 -17 -11 -13 -14  -9  -8  -7  -7  -9 -15 -16 -19 -15 -14 -15 -14 -15
DST2106*17PPX120   0  -9  -6 -10 -16 -15 -15 -15  -9 -13 -12  -9  -7  -5  -2   0  -1  -4  -4  -5  -8  -7  -6  -4  -4  -8
DST2106*18PPX120   0  -4  -6 -11 -16 -16 -13 -12  -9  -8 -12 -17 -17 -13 -13 -13 -11 -10 -10 -10 -13 -15 -16 -14 -12 -12
DST2106*19PPX120   0 -12 -13 -13 -10 -10  -9  -7  -5  -6  -8  -8  -7  -7  -6  -5  -4  -5  -6  -7  -7  -6  -5  -3  -2  -7
DST2106*20PPX120   0   0   0  -2   0  -1  -1  -2  -1  -1  -2  -5  -6  -5  -2   1   2   3   4   4   1   3   3   4   6   0
DST2106*21PPX120   0   6   4   1   0   2   6   7   7   6   3   1   1   3   5   8   8   9   7   5   2  -1  -2  -1  -2   4
DST2106*22PPX120   0  -3  -1   6  11   4  -3 -10  -6  -8  -6  -8  -4  -2   4   7   6   8   6   3  -3  -5  -6  -4  -3  -1
DST2106*23PPX120   0  -2   0   1   0  -2  -3  -3  -1  -2   1   3   3   6   7   6   7   7   6   3  -2  -2  -2   1   3   1
DST2106*24PPX120   0   4   5   4   5   5   4   6   5   3   1   5   9  10  12  15  15  13  11  12  10  12  12   8   8   8
DST2106*25PPX120   0  11   0 -11 -12  -8  -5  -6  -7  -6  -6  -7  -7  -4  -2  -3  -2  -1  -3  -6  -6  -5  -4  -3  -1  -4
DST2106*26PPX120   0  -3   0   3   3   1   0   0   0   2  -1  -3  -3  -1   3   5   5   3   2   1  -3  -3  -1  -1  -3   0
DST2106*27PPX120   0   0   3   3  -1   0   2   2   2   2   1   1  -1  -3  -3  -4  -4  -4   0   1   4   4   4   2   5   1
DST2106*28PPX120   0   5   4   4   4   5   3   2   1   1   4   4   4   6   6   7   8   8   7   6   5   6   7   3   1   5
DST2106*29PPX120   0   0   3   6   7   5   7   6   7   7   6   7   9   8  12  11   9  10   8   5   4   4   6   8   8   7
DST2106*30PPX120   0   9  12  10  15  16  10   7   3  -4 -18 -24 -16 -13 -12  -9  -9  -7  -8  -7 -10 -17 -30 -29 -20  -6

[Created at Thu Jun 2 07:03:09 UTC 2022]

DST2107*01PPX120   0 -15 -12 -14  -8 -11  -5  -4  -8  -7  -9 -10 -11 -11 -14 -13 -12 -13 -13  -9  -7  -6  -5  -4  -6  -9
DST2107*02PPX120   0 -10 -12 -14 -11  -8  -8  -4  -2  -1  -1  -1  -5  -5  -1   0  -1  -4  -8  -6  -7  -6  -3  -3  -6  -5
DST2107*03PPX120   0 -11 -11  -8  -7  -6  -4  -4  -6  -3  -3  -4  -4  -7 -10 -11  -6  -6  -3   1   2   3   3   2   3  -4
DST2107*04PPX120   0   2   3   2   0  -3  -3  -1   0   0   1   5   7   7   6   5   4   3   3   6   5   5   6   4   4   3
DST2107*05PPX120   0   3   6  13  16  18  15  15  15  18  17  11  11   8   7   6   5   5  -3  -6 -10 -13 -15 -15 -15   5
DST2107*06PPX120   0 -18 -15 -10  -9  -8  -7  -8 -10  -8  -6  -3  -2   1  -3  -8  -6  -5  -6  -7  -9 -11  -9  -8  -4  -7
DST2107*07PPX120   0  -5  -5  -4  -3  -4  -5  -6  -8 -11  -8   1   4   4   4   2   2   2   3   6   2   3   5   1  -2  -1
DST2107*08PPX120   0  -2  -5  -8  -3   3   3   3   1   0  -2  -1   1   1   0  -1  -2  -4  -3   2   2   5   9   9   8   1
DST2107*09PPX120   0   1   0  -2  -2   2   2   2   2   2   1   3   5   8  10  12  12  15  11  13  15  15  17  17  20   8
DST2107*10PPX120   0  17  11   3  -3  -3   1   4   5   6   2   1   1   0  -1  -2  -1  -3  -2  -1   2  -2  -1  -4  -2   1
DST2107*11PPX120   0   1   4   4   8  11   9   7   8  10  10  13  13  11   9   9  12  12  13  15  10   8   5   2   3   9
DST2107*12PPX120   0   4   5   6   8  12  13  16  15  16  14  12  14  14  18  20  17  14  12  11   8   9   9  11   5  12
DST2107*13PPX120   0  -7 -16 -15 -12  -7  -7  -4   1   3   4   4   3   3   6   2   1   1   1   1  -1  -3  -4  -4  -2  -2
DST2107*14PPX120   0  -2  -3  -4  -3   0   1   3   2   6   8  20  17  16  18  16  12   8  -3 -26 -31 -33 -27 -32 -33  -3
DST2107*15PPX120   0 -34 -33 -30 -24 -17 -18 -16 -13 -14 -15 -13  -7  -7  -9  -5  -6  -6  -8 -10 -13 -18 -17 -13 -11 -15
DST2107*16PPX120   0 -20 -24 -19 -13  -8  -7  -5  -3   0  -1  -1  -1  -1  -1   0  -2  -4  -1   0   0   1   4   3   1  -4
DST2107*17PPX120   0  -5 -11 -13 -10  -4   0   2   2   4   4   4   3   2   2   8   7   6   6   4   4   6  11  13  11   2
DST2107*18PPX120   0   7   4   1   1   3   5   9  11  14  11  13  11   8  11  10   6   3   3   4   3   5   8  11   7   7
DST2107*19PPX120   0   2   4  10   8   8   3   7   9   8   3   5   3   4   4   3   1   2  -1   0   2   4   5   1  -3   4
DST2107*20PPX120   0  -4  -7  -9  -4  -1   2   7   7   7   3   4   5   9   8   5   3   5  -3  -5 -11 -12  -7 -12 -19  -1
DST2107*21PPX120   0 -15 -13 -15 -13 -13 -13  -8  -6  -5  -4  -4  -3  -4  -8 -12 -15 -13 -13 -14 -16 -14 -14 -14 -11 -11
DST2107*22PPX120   0 -14 -17 -16 -14  -9 -13 -18 -26 -28 -26 -30 -33 -41 -32 -31 -29 -27 -25 -24 -23 -20 -17 -15 -16 -23
DST2107*23PPX120   0 -17 -15 -12 -12  -9  -7  -8  -9 -10  -9 -10 -11  -7  -6  -5  -4  -4  -6 -10 -10  -7  -7  -6  -4  -9
DST2107*24PPX120   0   0  -1  -2   0   0   0  -2  -4  -3  -4  -5  -7  -8  -6  -6  -5  -4  -4  -4  -3  -5  -7  -6  -8  -4
DST2107*25PPX120   0  -5  -4  -6  -3   0   1   1   2   3   2   3   6   6   5   3   1   1   2   4   6   4   3   3   5   2
DST2107*26PPX120   0   5   4   2  -1  -4  -4  -2   1   2   4   4   4   1   2   5   6   7   7  10  11  12  15  15  14   5
DST2107*27PPX120   0   8   4   5   8  11  12  13  13  15  16  17  16  16  15  12  10  10  12  19  25  33  34  33  28  16
DST2107*28PPX120   0  20  17  14   3  -1   4   4   5   5   7   8   8  16  18  14   7  -2  -8 -15  -7  -1   1  -2  -7   5
DST2107*29PPX120   0 -11 -13 -14 -12 -11 -14 -11  -9  -6  -3  -5  -6  -2  -1  -2  -7  -6  -4  -1  -3  -7  -7  -3   0  -7
DST2107*30PPX120   0  -1  -4  -5  -6  -3  -2  -4  -9  -6  -4   2   6   5   2   8  13  16  17  15  13   9   9   8   8   4
DST2107*31PPX120   0   2   2   7  11  11  10   9   9   7   6   4   5   8  10  11  13  10   8   8   8   8   7   6   7   8

[Created at Thu Jun 2 07:03:20 UTC 2022]

DST2108*01PPX120   0  -1   0  -1  -1  -1  -1  -1  -3  -3  -4  -5  -5  -3  -5  -5  -4  -4  -5  -4  -4  -5  -7  -4  -2  -3
DST2108*02PPX120   0   1   0  -2  -2  -1  -2  -1  -4  -4  -5   3   9  16  19  16   9  -1 -12 -28 -38 -22 -19  -3  -8  -3
DST2108*03PPX120   0  -8 -18 -25 -20 -22 -24 -25 -27 -28 -25 -25 -26 -23 -23 -22 -25 -27 -30 -32 -35 -32 -33 -33 -32 -26
DST2108*04PPX120   0 -27 -21 -21 -17 -15 -14 -10 -11 -11 -16 -16 -11  -4  -7  -5  -7  -4  -4  -8  -9  -8  -7  -7  -8 -11
DST2108*05PPX120   0  -7  -7  -9 -11 -11  -8  -6  -6  -7  -8 -10  -9  -8  -9  -7  -5  -2  -3  -3  -2   0   1   1   1  -6
DST2108*06PPX120   0   0   2   2   5   9   9  10   9   4  -1  -1   2   2   1   4   0  -4 -10 -13 -18 -20 -23 -26 -30  -4
DST2108*07PPX120   0 -28 -30 -32 -36 -35 -33 -38 -30 -24 -19 -17 -20 -15 -14 -20 -19 -16 -19 -21 -23 -21 -20 -19 -21 -24
DST2108*08PPX120   0 -23 -23 -22 -18 -12 -10  -9  -9  -9  -9 -12 -11  -7  -8  -8  -8  -6  -4  -3  -7  -7  -9  -9  -8 -10
DST2108*09PPX120   0  -6  -3   0   0   0   1  -1   1   3  -1  -4  -5  -4  -4  -4   0   3   2  -1  -3  -2  -3  -5  -3  -2
DST2108*10PPX120   0   1   9  13   9   5   6   5   4  -2  -4  -3   1   3  -1  -6  -1  -1   0  -2  -4  -4  -5  -3  -3   1
DST2108*11PPX120   0   1   7   5   1   2   1  -4  -8  -5  -5  -5  -3  -5  -9 -11  -9  -6  -5  -5  -9 -12 -12 -12 -11  -5
DST2108*12PPX120   0  -8  -2   2   4   3   4   1  -1  -1   0   0  -1   0  -1  -4  -4  -4  -9  -9  -2  -2   2  -1  -7  -2
DST2108*13PPX120   0  -7  -3  -5  -6  -2   5  11  14  14   4   8  16  16  12   5   0  -6  -8  -7  -8  -9 -11 -12 -11   0
DST2108*14PPX120   0 -11  -7  -5  -6  -6  -7  -7  -5  -2   1   3   5   5   5   6   3  -1   0  -1  -2  -2   0   2  -1  -1
DST2108*15PPX120   0  -5  -6  -5  -2   0  -3  -8 -11 -17 -14 -14 -11 -11 -15 -16 -14 -11 -10 -11 -11 -11  -8 -17 -19 -10
DST2108*16PPX120   0 -21 -21 -21 -19 -17 -15 -12 -12 -16 -16 -14 -14 -10 -19 -21 -20 -15 -14 -15 -13 -13 -12 -11 -10 -15
DST2108*17PPX120   0  -7  -8 -12 -12 -11  -8  -6  -5  -4  -6 -10 -11 -11 -13  -7  -6  -6  -6  -6  -7  -4  -7 -13 -14  -8
DST2108*18PPX120   0 -13 -11 -12 -15 -15 -13  -9  -9  -9  -9  -9 -15 -17 -19 -18 -18 -14 -14 -14 -15 -12 -10  -9  -8 -13
DST2108*19PPX120   0  -6  -3  -2  -4  -5  -6  -8  -9  -9  -9  -8 -13 -16 -19 -18 -15 -16 -19 -21 -21 -18 -15 -14 -14 -12
DST2108*20PPX120   0 -10  -7  -6  -7  -8  -7 -11 -12 -12 -12 -16 -21 -25 -30 -31 -31 -28 -26 -25 -28 -27 -24 -21 -20 -19
DST2108*21PPX120   0 -16 -12  -9  -9  -7  -6  -7  -7   0   0  -2  -8 -11  -9 -10  -9  -8  -6  -4  -6  -5  -6  -7  -9  -7
DST2108*22PPX120   0  -9  -7  -4  -2  -2   1   1   1   2   2   2   0   0   1   0   1   1   2   4   3   4   5   5   5   1
DST2108*23PPX120   0   6   7   6   6   6   5   6   6   9   8   8   7   7   8   5   6   9   9   8   8   5   1  -1   3   6
DST2108*24PPX120   0   6   9  11  11  10  11  11   8   4  -2  -5  -5   1   4   6   6   8  11   7   1   4   6   4   0   5
DST2108*25PPX120   0   2   6   6  -8 -22 -33 -40 -34 -25 -23 -23 -22 -23 -27 -23 -21 -20 -20 -20 -21 -22 -22 -21 -19 -20
DST2108*26PPX120   0 -17 -18 -19 -20 -16 -12 -13 -14 -17 -19 -18 -16  -8 -10 -13 -12 -11  -9  -9 -13 -14 -15 -16 -19 -15
DST2108*27PPX120   0 -19  -9  -6  -3   2   7   5   2  -6 -11 -14 -20  -8  -9 -28 -34 -37 -46 -59 -64 -69 -74 -78 -82 -28
DST2108*28PPX120   0 -79 -73 -64 -60 -56 -54 -49 -43 -43 -37 -30 -24 -21 -22 -22 -25 -24 -29 -28 -25 -24 -24 -24 -26 -38
DST2108*29PPX120   0 -24 -21 -19 -15 -16  -8  -8 -10 -11 -11 -12 -14 -12 -12 -11 -11 -12 -19 -23 -23 -12  -3  -8 -12 -14
DST2108*30PPX120   0 -10  -6  -4  -5  -7  -6  -3  -2  -2  -2  -8 -11 -16 -15 -13 -10  -8  -6  -7 -13 -17 -18 -17 -17  -9
DST2108*31PPX120   0 -16 -19 -19 -23 -24 -24 -23 -23 -24 -22 -21 -23 -24 -24 -20 -17 -13 -11 -15 -16 -18 -18 -19 -18 -20

[Created at Thu Jun 2 07:03:32 UTC 2022]

DST2109*01PPX120   0  -3   0   2   3   3   0  -3  -3  -7  -8  -6  -6  -4  -3  -1  -5  -5  -4  -2   1   0   1   2  -1  -2
DST2109*02PPX120   0  -2  -1   0   2   1  -2  -1   1   2   2   1  -4  -8  -5  -4  -3  -2  -2  -3  -3  -3   0  -1  -2  -2
DST2109*03PPX120   0  -1   5  11  12  11   7   6   7   2  -9 -16 -13 -14  -9  -6 -11  -9 -10 -12 -13 -14 -13  -9 -11  -5
DST2109*04PPX120   0  -9  -6  -8  -5  -4  -3  -4  -2  -4  -5  -5   1  -1  -1  -2  -5  -3   0   4   5   2   0  -2  -1  -2
DST2109*05PPX120   0  -2  -3  -7  -8 -10 -11  -9  -8  -6  -7  -9 -10  -9 -10  -2  -2  -1  -3   0   3   4   1  -1  -6  -5
DST2109*06PPX120   0  -5  -6  -9  -4  -5  -3   1   3   2   0   3   9  13  13  10   2  -1  -3   0   1  -1  -4  -1  -2   1
DST2109*07PPX120   0  -2  -1  -1   2   4   4   2   1  -5  -9  -2   2   6   7  17  24  19  12   6  13  18  15  -1 -18   5
DST2109*08PPX120   0 -10  -4  -6  -7  -2   3   8  11   4  -4  -7  -7  -6 -10 -13 -18 -14 -12 -10  -5  -7  -8 -11 -11  -6
DST2109*09PPX120   0  -8  -9 -10 -11 -12 -14 -14 -13 -13 -14 -12 -11 -12 -13 -15 -16 -13 -12  -9  -7  -5  -7  -7  -4 -11
DST2109*10PPX120   0   0   4   9   6   2  -5 -12  -8  -6  -4   0   5   2  -1   4  10  19  20  21  22  16  11  12  -3   5
DST2109*11PPX120   0 -18 -13  -9  -8  -7  -5  -2   0  -5   0   7   5   1  -2  -3  -5   3   9  12  10   9   0  -2   2  -1
DST2109*12PPX120   0   5   3   4   7  10  11   6   9   7   5   1  -6  -7  -6  -5  -5  -7  -3   3   9  11  11   5   1   3
DST2109*13PPX120   0   0   1   3   5   6   3   2  -2  -2   0   2   6   4   0   0  -1  -4  -6  -5  -6  -7 -11 -11 -15  -2
DST2109*14PPX120   0 -12  -8  -5  -3  -4  -3  -3  -2  -5  -6  -4   0  -2  -6  -7  -6  -5  -6  -8  -6  -4  -4  -4  -5  -5
DST2109*15PPX120   0  -6  -6  -3  -3  -4  -9  -8  -5  -2  -3  -1  -2  -2  -3  -2  -4  -5  -5  -4  -2  -2  -2  -2  -2  -4
DST2109*16PPX120   0   1   2   2   1   0  -1   3   3   6   9  11  13  12   9   9  10  10   9   6   8   9   7   6   5   6
DST2109*17PPX120   0   7   8  10   6   1  -2   0   0   1   8  10  -2  -9  -9  -4   0   4   4   6 -21 -53 -64 -52 -38  -8
DST2109*18PPX120   0 -36 -35 -26 -23 -22 -21 -19 -21 -22 -30 -29 -21 -14 -11 -12 -14 -14 -14 -14 -16 -17 -16 -15 -14 -20
DST2109*19PPX120   0 -14 -15 -15 -12 -10 -11 -13 -12 -13 -13 -12 -11  -8  -6  -6  -7  -8  -9  -9 -11 -11 -10  -7  -4 -10
DST2109*20PPX120   0  -5  -6  -7  -5  -1   0  -2  -3  -3  -1   1   1   1   1   1   1   2   5   7   7   6   3   4   5   1
DST2109*21PPX120   0   4   7   8  12  12  12   8   7  10  11  13  11   6   4   6   2  -5   1   5   9   2  -9  -8  -3   5
DST2109*22PPX120   0  -5 -11 -12 -18 -18 -14 -15 -24 -30 -25 -20 -14 -12 -17 -19 -21 -20 -16 -13 -12 -15 -15 -14  -8 -16
DST2109*23PPX120   0  -4  -4  -4  -2   1  -6  -9 -12  -8  -7  -5   0  15  10  13  13  14  15  10  14  10   9  11  11   4
DST2109*24PPX120   0  11  11  10  13   9   7   8   4   1   5   7   8   9   7   8   4  -3  -9  -5  -1  -1  -3  -5  -6   4
DST2109*25PPX120   0  -5  -2  -4  -5  -4  -2  -4  -4  -4  -7  -4  -1   0  -1   0   0   0  -1   0   1  -1  -2  -4  -2  -2
DST2109*26PPX120   0  -1  -1  -4  -3  -3  -1   0   1   0  -1   0   1   3   2   2   2   3   3   5   7  10  14  16  14   3
DST2109*27PPX120   0  13   9   8   7   7  11  15  13  13   8  10  13  15  15  15  15  17  21  27  33  38  31  27  24  17
DST2109*28PPX120   0  19  19  18  16  13  10   8   6   4   3   1   0  -2  -1  -1   0   2   3   4   6   4   4   1   1   6
DST2109*29PPX120   0   1   0   0   1   1   2   0   0   1   0   0  -2  -2   0   1   0   0   2   6   9  12  14  11  11   3
DST2109*30PPX120   0  14  12   9  10  10  11  11  15  17  14  10   5   6   9  13  19  19  20  27   8  -3  -5   0  -3  10

[Created at Thu Jun 2 07:03:45 UTC 2022]

DST2110*01PPX120   0 -19 -19 -16 -14 -14 -14 -14 -14 -23 -21 -19 -17 -18 -23 -31 -28 -30 -27 -23 -23 -23 -23 -22 -20 -21
DST2110*02PPX120   0 -18 -16 -13 -13 -12 -12 -12 -10  -8 -11 -15 -25 -25 -25 -29 -29 -25 -24 -23 -24 -25 -26 -26 -25 -20
DST2110*03PPX120   0 -23 -21 -20 -21 -21 -23 -22 -17 -13 -11 -12 -17 -16 -14 -12  -9  -6  -5 -10 -18 -24 -27 -30 -30 -18
DST2110*04PPX120   0 -21 -21 -19 -19 -20 -22 -22 -19 -15 -11 -10 -12 -13 -13 -13 -13 -11 -12 -12 -14 -16 -15 -11  -7 -15
DST2110*05PPX120   0  -8 -10 -10  -9 -12 -13 -14 -13 -12 -12 -13 -16 -18 -17 -12  -9  -8  -7  -8  -7  -8  -9  -7  -7 -11
DST2110*06PPX120   0  -3  -4   0   3   2   1   1   2   9   8  -2 -11 -12 -10  -9 -13 -25 -32 -30 -26 -20 -17 -17 -17  -9
DST2110*07PPX120   0 -14 -10 -10 -14 -14 -14 -13 -15 -11  -9 -11 -14 -16 -18 -23 -25 -22 -21 -19 -16 -16 -18 -18 -18 -16
DST2110*08PPX120   0 -18 -17 -12 -10 -12 -16 -17 -15 -12 -11 -12 -12 -10  -8 -10  -9  -5  -2  -2  -3  -4  -3  -2  -3  -9
DST2110*09PPX120   0  -6  -9  -9  -8 -10 -12 -13 -13 -11 -11 -12 -15 -16 -14 -11  -8  -5  -4  -4  -4  -5 -10  -9  -7  -9
DST2110*10PPX120   0  -5  -3   4  10   5  -4  -2   3   6   9  13   5  -5 -10 -19 -19 -18 -14  -7 -10 -12 -24 -29 -17  -6
DST2110*11PPX120   0 -10  -8 -12 -11  -9 -12 -13 -19 -18 -23 -23 -22 -16 -13 -15 -18 -21 -26 -28 -29 -26 -28 -33 -39 -20
DST2110*12PPX120   0 -35 -35 -28 -43 -48 -41 -58 -51 -53 -39 -34 -42 -48 -52 -65 -63 -57 -50 -55 -47 -37 -39 -36 -42 -46
DST2110*13PPX120   0 -41 -42 -36 -34 -38 -43 -40 -34 -30 -29 -29 -32 -32 -32 -31 -29 -26 -27 -27 -27 -28 -27 -25 -24 -32
DST2110*14PPX120   0 -19 -21 -22 -21 -20 -21 -18 -15 -16 -17 -16 -17 -16 -20 -23 -26 -27 -31 -32 -23 -17 -11 -11  -9 -20
DST2110*15PPX120   0  -8 -11 -14 -15 -14 -13 -12 -13 -11  -9 -10 -10  -9  -8  -8  -9  -8  -9  -9 -10 -10 -12 -16 -21 -11
DST2110*16PPX120   0 -22 -11  -9 -10 -10 -10  -7  -7  -6  -3  -1  -1   2   3   2   2  10   9   0   0  -3  -8  -7  -6  -4
DST2110*17PPX120   0  -3  -1  -1  -1  -2  -1   2   3   0  -2 -11 -23 -28 -26 -26 -29 -32 -32 -40 -44 -45 -51 -53 -55 -21
DST2110*18PPX120   0 -55 -50 -50 -51 -49 -45 -41 -36 -33 -27 -20 -15 -14 -10  -2  -3  -7 -11 -12  -8 -21 -28 -32 -31 -27
DST2110*19PPX120   0 -25 -22 -21 -29 -33 -28 -22 -20 -22 -24 -26 -21 -15 -12 -11  -8 -10 -22 -25 -21 -26 -28 -20 -19 -21
DST2110*20PPX120   0 -14 -13 -15 -19 -19 -15 -10  -6  -6  -6  -4  -3  -6  -5  -6 -11  -7  -6  -5  -3  -1  -5  -8  -2  -8
DST2110*21PPX120   0  -4  -3  -3  -2  -3  -5  -8 -12 -14 -11 -10  -7  -1  -1   0  -2  -7 -10 -13 -15 -17 -17 -14 -13  -8
DST2110*22PPX120   0 -13 -14 -10 -10 -10  -9  -8  -8  -9  -7  -6  -1   1  -1  -2  -2  -1  -2  -3  -2   0  -3  -3  -2  -5
DST2110*23PPX120   0  -1   1   0   1   1   1   0   0  -1  -2  -2  -1   1   1   2   2   2   2   0   1   0  -2   0   4   0
DST2110*24PPX120   0   7   8   8   6   3   2   2   4   6   7   4  -2  -4  -2   0  -1  -5  -7  -8 -10 -11 -11 -10  -8  -1
DST2110*25PPX120   0  -7  -8  -9  -4  -4  -5  -6  -5  -2  -2  -4  -4  -1   3   3   5   6   1  -3   0   0  -1   3   4  -2
DST2110*26PPX120   0  -1   2   2   0  -3  -5  -4  -1   0  -1  -3  -1   2   3   1   3   3   3   3   4   3  -1  -3  -2   0
DST2110*27PPX120   0  -1  -1   0   1   0   1   4   5   4   3   4   7   5   5   8   8   7   5   3   0  -3  -3  -1  -2   2
DST2110*28PPX120   0  -2  -2   0   0   1   2   5   6   4   4   3   3   4   6   6   8   9   9   8   8  11  15  16  15   6
DST2110*29PPX120   0  13  10  11  10  10  11   9   9   7   7   7   7   8   7   7   7   9  11  11  10  11  11   6   6   9
DST2110*30PPX120   0   3   2  -6  -3  -1  -5  -9  -8  -4  -3   0  -1   1   3   5   6   9  11  18  21  13   8 -10 -18   1
DST2110*31PPX120   0 -20 -24 -24 -28 -32 -33 -25 -18 -12 -11   2   5  -6 -29 -36 -29 -26 -27 -26 -24 -25 -25 -15 -14 -21

[Created at Thu Jun 2 07:03:58 UTC 2022]

DST2111*01PPX120   0   3   5   4  -2  -7  -7  -8  -6  -9 -10  -6  -4  -2   3   8  10   9  14  18  11  20  30  25  16   5
DST2111*02PPX120   0  15   6  -3 -11 -12 -10 -12 -10  -7  -5  -4  -4  -9  -4  -1  -1  -3  -7  -9 -10  -9  -1   1   0  -5
DST2111*03PPX120   0   1  -2  -2  -1   0   0  -3  -3  -1   1   1  -1  -2   0  -1  -1   0   1  -1   2  26   6 -18 -11   0
DST2111*04PPX120   0  -1 -16 -19 -22 -28 -37 -67 -74 -99 -86 -76 -86-101-105 -88 -80 -75 -68 -60 -56 -52 -46 -39 -38 -59
DST2111*05PPX120   0 -40 -39 -35 -32 -29  -7  -6 -16 -27 -30 -34 -37 -36 -30 -27 -38 -31 -34 -36 -37 -36 -30 -21  -6 -29
DST2111*06PPX120   0  13   2  -1  -4   3  -3 -16 -18 -22 -24 -15 -24 -33 -29 -27 -34 -36 -33 -30 -33 -35 -31 -26 -19 -20
DST2111*07PPX120   0 -10  -1 -13 -10 -16 -18 -18 -21 -26 -28 -28 -27 -25 -19 -16 -17 -16 -15 -15 -17 -18 -16 -15 -15 -18
DST2111*08PPX120   0 -15 -15 -12  -9  -8  -7  -8  -9 -11 -10 -10  -7  -7  -8 -10 -12 -11 -10  -8  -7  -9  -7  -7  -8  -9
DST2111*09PPX120   0 -12  -8 -11 -10 -12 -15 -16 -17 -18 -17 -17 -19 -20 -17 -15 -15 -11  -7  -5  -7  -8 -11 -14 -13 -13
DST2111*10PPX120   0 -16 -17 -14 -11 -11 -13 -14 -16 -20 -21 -20 -16 -16 -17 -16 -16 -14 -11  -7  -8 -10  -8  -7  -9 -14
DST2111*11PPX120   0  -9  -8  -3  -3  -3  -3  -3  -4  -5  -8  -9 -10  -5  -2   0   2   4   2   1   3   5   3  -1  -3  -2
DST2111*12PPX120   0  -2  -2  -7  -7  -7  -6  -2   1  -2  -1  -2  -3  -3  -2  -5  -5  -5  -5  -6  -7  -6  -4  -3  -3  -4
DST2111*13PPX120   0  -4  -4  -3  -1   1  -1  -1  -2  -1   0   0   1   0   2   2   2   2   3   3   2   1  -1   2   5   0
DST2111*14PPX120   0   3   4   7   5   2   3   2   3   4   3   3   5   2   0  -2  -2  -2  -4  -4  -5  -4  -2  -1   1   1
DST2111*15PPX120   0   4   5   5   6   6   6   3   2   0   1   1   4   6   5   6   1  -3   3  16  18  11   2   6   7   5
DST2111*16PPX120   0   6  -3   4   3 -12 -13  -7  -8  -9  -9 -14 -13 -13  -9  -5 -10 -13  -8  -1   2  -1  -1   7   5  -5
DST2111*17PPX120   0   2   1   2   6   4   1  -4  -3   0  -3  -3  -9 -10  -8  -9  -8  -5  -5  -6  -3  -1  -1  -2   0  -3
DST2111*18PPX120   0   1   2   5   7   3  -2  -6  -6  -5  -6  -7  -7  -6  -3  -4  -7  -5  -4  -2  -3  -3  -3  -3  -6  -3
DST2111*19PPX120   0  -3   0   4   6   4   4   1  -1  -3  -3  -4  -4  -5  -4  -4  -5  -2   1   3   5   7   9  10  11   1
DST2111*20PPX120   0  15  12  14  15  14   9   9   5   3   5   6   2   2   1   0  -4  -5  -2   2  -1  -3  -4   0   6   4
DST2111*21PPX120   0   6   4   6   9   8   9   7   5   1  -3  -1  -1  -2   3   0  -2  -3   1   1   1   0   2   3   2   2
DST2111*22PPX120   0   3   2   2   2   2  -1   1   1  -1   0  -1   1   0   0  -2  -5  -7  -6  -4  -5  -6  -6  -5  -3  -2
DST2111*23PPX120   0  -1   1   3   6   6   4   5   5   0  -5  -3  -3  -5  -4  -9 -14 -15 -13 -12 -10  -8  -9  -6  -4  -4
DST2111*24PPX120   0   1   0   2   4   1   1   0   0   1   1  -1   1   2   1  -1  -3  -4   1   5   5   4   2   2   3   1
DST2111*25PPX120   0   4   6   8   7   0  -3  -5  -4  -7  -6  -7  -4  -5  -6  -7  -7  -7  -6  -4  -4  -5  -3  -1  -1  -3
DST2111*26PPX120   0   1   1   0   1   0   2   0   1   3   5   6   7   6   4   6   5   4   7  10  12  10  10  12  11   5
DST2111*27PPX120   0  13  11  10   8   7   6   2   0   2   5   4   5   2   0  -3  -6  -7  -4  -3  -1  -1   2   7  30   4
DST2111*28PPX120   0  27  23  17   8  12  13  16  17  17  17  14   8   8  10   6   7  10   9  10  10  12   3   5  -1  12
DST2111*29PPX120   0 -10 -12 -18 -20 -20 -16 -12 -10 -12 -12 -14 -16 -15 -10 -11 -14 -13 -10  -5  -3  -3  -1   0   0 -11
DST2111*30PPX120   0   2   1   4   4   4   3   1   3   3   4   3   5   5   6   6   5   9  12  15  23  24   5  -5 -28   5

[Created at Thu Jun 2 07:04:12 UTC 2022]

DST2112*01PPX120   0 -43 -36 -35 -40 -38 -38 -38 -35 -27 -29 -31 -30 -30 -27 -29 -30 -28 -43 -30 -36 -35 -37 -31 -35 -34
DST2112*02PPX120   0 -34 -29 -26 -26 -26 -24 -24 -24 -23 -25 -24 -22 -19 -16 -14 -19 -21 -20 -22 -24 -26 -26 -25 -27 -24
DST2112*03PPX120   0 -23 -21 -19 -17 -15 -12  -9  -9 -11 -15 -15 -14 -13 -13 -15 -19 -21 -14 -14 -18 -19 -17 -14 -13 -15
DST2112*04PPX120   0 -13 -11 -15 -17 -14 -14 -17 -21 -23 -25 -22 -17 -17 -14 -12 -18 -18 -13  -7  -7  -6  -7 -10 -12 -15
DST2112*05PPX120   0 -12 -12 -11 -13 -10  -8  -9 -12 -15 -17 -13 -10 -10  -9  -9  -8 -12 -12 -12 -15 -17 -17 -19 -24 -13
DST2112*06PPX120   0 -25 -19 -15 -13  -9  -9 -11  -7  -7  -8  -9 -12 -11  -6  -4  -9 -16 -16 -14 -14 -12 -11 -10 -12 -12
DST2112*07PPX120   0 -12  -8  -8  -7  -6  -5  -6  -6  -7  -6  -5  -5  -5  -5  -4  -6  -7  -6  -4  -6  -7  -5  -7  -5  -6
DST2112*08PPX120   0  -3  -4  -3  -4  -2   1   0  -2  -2  -4  -6  -4  -4  -7  -7  -7  -5  -4  -3  -6  -8  -8  -8  -9  -5
DST2112*09PPX120   0 -11 -13 -12 -10  -4   1  -1  -3  -3  -3  -1   1   1   2   1  -1  -1   0   0   1   1   1  -2  -1  -2
DST2112*10PPX120   0  -1   1   4   7   8   7   6   3   3   6   9   9   6   5   5  11  13  14  13  12  14  12  11  14   8
DST2112*11PPX120   0  14  12  12  10   2   2   1   1   3   3   1   0   2   3   3   1   1   2   1   1  -3  -2  -1  -2   3
DST2112*12PPX120   0  -1   0   1   1   3   4   4   4   2   1   1   2   3   3   1  -1   0   0  -1   1   3   6   9  10   2
DST2112*13PPX120   0  10  10   8   5  -1  -7   0   7   5   6   4   1  -1  -1   0   0  -2   0   5   7  10   9   9   8   4
DST2112*14PPX120   0  10   8   3   4   5   4   3  -1  -2  -5  -4  -1   0  -1  -3  -5  -4  -4  -5  -4  -4   1   1  -1   0
DST2112*15PPX120   0   2   4   4  11  12  14  15  13   8   0 -10  -2  -2  -4  -6  -4  -8  -4   1   1  -2  -2   0   0   2
DST2112*16PPX120   0  -1   2   3   1   0   1  -2  -8  -5  -7  -7 -11  -8  -5  -3  -1  -1  -2  -7  -7 -10  -7  -5  -3  -4
DST2112*17PPX120   0  -3  -2  -3  -3  -2  -1  -1  -3  -4  -4  -3  -3  -2  -2   1   0  -2  -3   0   0   0  -1   1   0  -2
DST2112*18PPX120   0   0   3   3   2   3   3   2   2   1   1   2   2   2   2   3   2   1   1   1   1   0   3   3   4   2
DST2112*19PPX120   0   4   6   7   5   7   7   7   7   7   4   6   3   0   3   9  18  26  17   2 -30 -32 -31 -36 -27   0
DST2112*20PPX120   0 -23 -17 -29 -32 -26 -20 -17 -14 -24 -25 -17 -16 -16 -19 -23 -27 -27 -27 -25 -22 -24 -30 -30 -28 -23
DST2112*21PPX120   0 -31 -28 -26 -20 -13 -12 -13 -18 -20 -18 -18 -18 -20 -19 -20 -19 -20 -19 -21 -19 -17 -15 -14 -17 -19
DST2112*22PPX120   0 -19 -17 -13 -11 -10 -13 -13 -15 -19 -17 -13 -14 -15 -16 -19 -20 -23 -22 -23 -23 -24 -24 -23 -20 -18
DST2112*23PPX120   0 -22 -20 -17 -14 -11 -10  -5  -2  -3  -8 -10 -11 -13 -11  -9  -8  -5  -7  -5  -8  -9  -7  -7  -7 -10
DST2112*24PPX120   0  -7  -5  -5  -4  -4  -4  -2   1   2   3   1   0   0   1   0  -3  -4  -4  -5  -6  -8  -7  -8 -14  -3
DST2112*25PPX120   0 -15 -11  -8  -6  -2  -3  -2   4   2  -2  -9 -10 -10  -8  -8 -14 -19 -19 -17 -16 -17 -17 -16 -14 -10
DST2112*26PPX120   0 -12 -11 -11 -11 -12 -12 -10  -4   0  -4 -10 -12  -9  -8  -6  -5  -4  -5  -5  -5  -4  -5  -6 -10  -8
DST2112*27PPX120   0 -14 -11  -7  -4   0   2   2   1  -1   5  12   9   4  -3   2   0 -14 -19 -23 -19 -16 -15 -19 -19  -6
DST2112*28PPX120   0 -22 -23 -21 -20 -19 -22 -26 -24 -22 -21 -19 -18 -20 -20 -18 -20 -21 -22 -20 -16 -16 -17 -18 -20 -20
DST2112*29PPX120   0 -19 -17 -15 -14 -12 -13 -11 -11 -10 -12  -8  -4  -5  -8  -6  -7  -6  -1   0  -4   0  13  19  24  -5
DST2112*30PPX120   0  26  21  10   8  10   8  10  12   8  -4  -8  -1  -1  -6  -4  -5  -8 -10  -7  -6  -6  -3  -4  -5   1
DST2112*31PPX120   0  -5  -3  -2  -3  -2   0   0   1   3   3   4   5   5   2  -1   0   2   6   9   7   7  11   8   4   3

[Created at Thu Jun 2 07:04:34 UTC 2022]

DST2201*01PPX120   0   6  -3  -7 -13 -21 -23 -17 -16 -17 -13 -12 -11 -10 -11 -10  -7  -7 -10 -13 -12 -12 -10 -10  -8 -11
DST2201*02PPX120   0  -7  -7  -8  -8  -9 -13 -14 -15 -14 -12  -9  -6  -5  -9 -11  -6  -5  -9 -10 -12 -13 -15 -12  -4 -10
DST2201*03PPX120   0   3   1  -1  -1  -6 -12 -17 -17 -20 -21 -25 -20 -11  -8 -10  -8  -8  -9 -11 -12 -11 -13 -14  -9 -11
DST2201*04PPX120   0  -6  -7  -6  -6  -6  -7  -8 -12 -15 -18 -19 -18 -14 -11 -10  -9 -10 -11 -11 -11  -9  -7  -7  -4 -10
DST2201*05PPX120   0  -3  -2  -2  -2  -1  -2  -2  -3  -6  -8  -7  -6  -5  -7  -4  -1  -3  -4  -3  -2  -1  -4  -5  -3  -4
DST2201*06PPX120   0  -4  -4   0   1   2   0  -1  -3  -5  -5  -4  -3  -1   0   1   3   4   1   0  -1  -1  -4  -6  -6  -2
DST2201*07PPX120   0  -6  -3   0   1   2   3   4   4   4   2  -1  -3  -6  -5  -1   3   4   5   5   5   4   0  -2   0   1
DST2201*08PPX120   0  -2  -1   2   4   7   8   9   9  10  10  12  16  16  10  10  12  10  11  25  22   3   0 -14 -11   7
DST2201*09PPX120   0 -11 -16 -12 -13 -13 -11  -8 -14 -18 -25 -26 -24 -26 -27 -26 -21 -16 -11  -9 -10 -10 -11 -11 -10 -16
DST2201*10PPX120   0 -10  -8  -4  -2   0  -2  -3  -7  -7  -7  -8  -7 -10 -13  -9 -10 -12 -14 -13 -13 -12 -11 -10  -6  -8
DST2201*11PPX120   0  -4  -4  -6  -9  -9  -7  -7  -6  -4  -2  -2  -1  -1  -6  -9 -11 -16 -11  -6  -3  -1   1   3   5  -5
DST2201*12PPX120   0   8   7   4  -1  -2   1   1   1   3   5   5   5   6   5   2  -3  -4  -4  -4  -3   0   2   4   2   2
DST2201*13PPX120   0   1  -1  -2  -3  -3  -4  -2  -1   1   2   2   1   0  -1  -4  -5  -3  -2  -3  -3  -2   2   5   6  -1
DST2201*14PPX120   0   3   1   1   2  -1   0   2   2   6   8   9  14  12  12   5   4  -3 -17 -28 -43 -51 -73 -91 -88 -13
DST2201*15PPX120   0 -73 -69 -66 -54 -53 -43 -51 -53 -54 -55 -55 -47 -36 -25 -21 -22 -21 -19 -24 -31 -28 -33 -39 -36 -42
DST2201*16PPX120   0 -41 -50 -50 -49 -44 -44 -46 -44 -37 -43 -42 -34 -31 -27 -30 -28 -26 -28 -25 -17 -23 -22 -21 -24 -34
DST2201*17PPX120   0 -24 -23 -18 -18 -15 -17 -17 -18 -24 -24 -20 -20 -24 -22 -20 -21 -25 -26 -27 -31 -30 -27 -18 -17 -22
DST2201*18PPX120   0 -32 -29 -24 -25 -27 -23 -23 -30 -27 -25 -27 -26 -16 -17 -22 -15 -19 -24 -24 -25 -26 -32 -34 -31 -25
DST2201*19PPX120   0 -30 -34 -41 -44 -32 -42 -39 -34 -30 -31 -37 -34 -30 -22 -20 -19 -21 -22 -20 -20 -18 -15 -12  -8 -27
DST2201*20PPX120   0  -8 -20 -21 -21 -21 -20 -16 -15 -15 -16 -19 -20 -17 -16 -16 -15 -15 -15 -14 -12 -11 -10  -7  -5 -15
DST2201*21PPX120   0  -3  -6  -5  -5  -7  -8 -10 -13 -16 -18 -17 -17 -14 -10  -8  -8 -13 -19 -19 -20 -18 -17 -19 -17 -13
DST2201*22PPX120   0 -15 -16 -21 -23 -25 -26 -27 -29 -29 -26 -23 -19 -17 -16 -15 -16 -18 -17 -12 -12 -15 -17 -15 -12 -19
DST2201*23PPX120   0 -12 -14 -18 -18 -18 -22 -22 -19 -20 -19 -21 -25 -21 -17 -16 -14 -15 -15 -13  -9  -5  -5  -4  -4 -15
DST2201*24PPX120   0  -3  -1   1   0  -2  -2  -4  -2  -3  -1   1   3   5   4   6   7   5   3   6   6   3   2   0  -4   1
DST2201*25PPX120   0  -5  -4  -6  -4   2   1  -2  -4  -7 -11 -15 -22 -18 -11  -9 -16 -27 -35 -35 -32 -27 -28 -24 -21 -15
DST2201*26PPX120   0 -19 -14 -15 -15 -13 -11 -15 -18 -18 -22 -23 -17  -4  -5  -8  -8  -9 -10 -11  -7  -9 -11  -7  -6 -12
DST2201*27PPX120   0  -6  -4  -4  -5  -5  -4  -6 -11 -14 -14 -10  -9  -3  -1  -1   1   5   7   8  -3  -5  -8  -5  -3  -4
DST2201*28PPX120   0  -6 -10 -11 -13 -14 -13 -14 -18 -21 -21 -17 -16  -9  -9 -12 -12  -8  -4  -4  -3   0   0  -7 -11 -11
DST2201*29PPX120   0 -11  -6 -12 -18 -19 -24 -23 -22 -22 -23 -26 -25 -21 -18 -19 -19 -18 -16 -13 -11 -11  -9  -4   1 -16
DST2201*30PPX120   0   1   3  -3  -7 -11 -16 -15 -18 -20 -22 -18 -16 -14 -13 -16 -15 -17 -16 -13 -14 -11 -10 -13 -13 -13
DST2201*31PPX120   0 -16 -18 -20 -21 -23 -29 -34 -39 -43 -40 -34 -32 -28 -26 -26 -27 -30 -30 -26 -19 -15 -14 -11 -10 -25

[Created at Tue Jul 18 03:53:41 UTC 2023]

DST2202*01PPX120   0  -5  -3  -3  -5  -5  -1   1   2  -1  -4  -6  -4  -2  -3  -5  -1   0   1   1   3   2   0  11  15  -1
DST2202*02PPX120   0   1   1   6   4   9   8   7   9  11  10   8   7   9   7   8   3  -5 -10  -1   2   2   6   2   6   5
DST2202*03PPX120   0   6   4   3   0  -1  -7 -15 -20 -35 -54 -66 -63 -46 -37 -49 -48 -42 -32 -26 -21 -14 -17 -15  -7 -25
DST2202*04PPX120   0   4   1  -4  -7 -13 -19 -20 -22 -24 -38 -52 -51 -51 -51 -56 -50 -49 -47 -45 -55 -62 -60 -57 -49 -37
DST2202*05PPX120   0 -43 -40 -37 -32 -25 -25 -23 -21 -21 -27 -30 -25 -18 -19 -22 -20 -17 -16 -19 -14 -11 -11 -10 -10 -22
DST2202*06PPX120   0 -17 -20 -23 -19 -18 -17 -17 -20 -17 -15 -15 -13 -11 -14 -19 -20 -18 -16 -14 -12 -12 -17 -15 -12 -16
DST2202*07PPX120   0 -13 -14 -16 -17 -15 -15 -15 -13 -12  -8  -9  -9  -8 -10 -11 -11 -12 -11 -10 -11 -13 -14 -12 -10 -12
DST2202*08PPX120   0  -8  -8  -9  -7  -4  -4  -3   0   2   1  -7 -11 -13 -10  -5  -4  -3  -4  -5  -4  -5  -9 -10 -11  -6
DST2202*09PPX120   0 -11 -10  -9  -8  -6  -5  -2   2   6   7   8   6   5   3   1   0   1   1   2   4   3   9   5   3   1
DST2202*10PPX120   0   1   0  -2   0   1   6  13  16  17  13  14  18  22  22  13 -11 -34 -53 -58 -60 -57 -57 -57 -50 -12
DST2202*11PPX120   0 -50 -49 -43 -41 -36 -30 -29 -27 -21 -19  -7  -1  -5  -5  -1   9  17  23  19   6 -10 -35 -32 -35 -17
DST2202*12PPX120   0 -37 -34 -36 -29 -24 -20 -17 -14 -17 -17 -16 -17 -20 -19 -19 -18 -18 -20 -23 -20 -17 -20 -18 -16 -21
DST2202*13PPX120   0 -17 -21 -18 -21 -19 -16 -17 -20 -17 -10  -9 -11 -13 -17 -17 -17 -13 -14 -10  -8  -9 -12 -13 -11 -15
DST2202*14PPX120   0 -10 -12 -15 -15 -11  -5  -8 -11  -8  -7 -12  -9  -8 -12 -13 -11 -10 -11 -12 -10  -8  -6  -4  -2 -10
DST2202*15PPX120   0  -1   0  -3  -7  -7  -7  -9  -7  -5  -5  -3  -1   1   0  -3  -5  -6  -8  -7  -8  -6  -6  -2   0  -4
DST2202*16PPX120   0   2   4   2   1  -1  -2  -2  -4  -4  -5  -8  -6  -6  -3  -5  -3  -5  -6  -2  -3  -5  -6  -7  -8  -3
DST2202*17PPX120   0  -8  -4  -5  -6  -7  -6  -5  -5  -7  -7  -5  -4   0   2   3   3   1   1  -1  -1   1   2   5   9  -2
DST2202*18PPX120   0  11  13  13  14  14  14  13  13  12  14  11   7   8   6   0   5  10   8   3 -11 -15 -19 -16 -15   5
DST2202*19PPX120   0 -15 -14 -12 -11 -15 -16 -18 -19 -18 -15 -12 -13 -11  -7  -5  -3  -6  -9  -5  -2   1   4  11  12  -8
DST2202*20PPX120   0   7  -4  -5  -5  -1 -11 -14 -14 -13 -12 -10  -6  -4  -2   0   1   3   5   2   1   8   5   4   2  -3
DST2202*21PPX120   0  -1  -2  -3  -3   1   5   7   9   4  -3  -3  -3   1  -1  -4  -3  -1   2   7   6   2   3   4   2   1
DST2202*22PPX120   0  -4  -9 -15 -16 -15 -20 -28 -32 -24 -15 -19 -20 -13 -12 -10  -9  -7  -4   0  -3  -7  -9  -6  -2 -12
DST2202*23PPX120   0   1   3   4   4   2   2   0  -5  -6  -6  -7  -6  -5  -5  -7  -7  -9  -9  -7 -10 -12 -17 -21 -22  -6
DST2202*24PPX120   0 -25 -26 -26 -25 -20 -16 -16 -15  -9  -9 -12 -11  -9  -6  -4   1   5   7  10  11  12   9   7   4  -7
DST2202*25PPX120   0  -1  -3  -7 -10  -8  -7 -11 -10  -9  -4  -6  -6  -5  -3   1   5   7   9  10  10   9   7   7   4  -1
DST2202*26PPX120   0   3   4   3   3   5   5   6   9  11  10   9   9   9   7   8   9  11  14  17  17  18  16  16  14  10
DST2202*27PPX120   0  13  16  20  23  24  23  12  -6 -22 -15  -5  -3  -4   0   2   2   2  -3   1   5   8   9   8   9   5
DST2202*28PPX120   0   7   8   8   3   5   2   6   8  11   6   3   0   1   2   2   2   5   9  13  11   9   9   9   7   6

[Created at Tue Jul 18 03:54:09 UTC 2023]

DST2203*01PPX120   0   2   5   5   4   0   1   2  -3  -8  -7  -7  -3  -6  -4  -3  -5  -6  -4  -3  -3  -3  -2  -1   2  -2
DST2203*02PPX120   0   4   6   6   4   2   3   5   4   4   4   4   4   5   5   5   2   0  -2  -2   1   2   2   3   5   3
DST2203*03PPX120   0   6   6   4   4   5   8  10  11  10   9   8   8  10  14  14  13  16  21  17  11   7   6   8   8  10
DST2203*04PPX120   0  10   4   3   8  11  12   8   8   7   4  -2  -1   1   3   0  -3  -6 -10 -10 -10 -17 -14  -8  -5   0
DST2203*05PPX120   0  -9 -11  -7  -5  -1  -1  -1  -1   3   6  -2  -8  -9 -19 -38 -35 -34 -38 -46 -50 -55 -56 -52 -47 -22
DST2203*06PPX120   0 -41 -46 -46 -38 -32 -33 -39 -44 -37 -34 -30 -32 -29 -33 -30 -30 -31 -31 -30 -30 -29 -28 -25 -25 -33
DST2203*07PPX120   0 -22 -24 -24 -24 -22 -18 -21 -19 -17 -18 -17 -18 -22 -21 -20 -23 -28 -34 -34 -34 -28 -23 -22 -22 -23
DST2203*08PPX120   0 -19 -15 -14 -11 -11 -10  -9  -8  -9  -9  -9  -8  -7  -8 -11 -11 -12 -15 -19 -20 -19 -17 -15 -16 -13
DST2203*09PPX120   0 -14 -12 -11 -10  -6  -6  -5  -4  -6  -5  -6  -6  -7  -8  -9  -8  -7  -9 -10  -8  -6  -6  -7  -6  -8
DST2203*10PPX120   0  -3   1   1   2   2   0  -5  -7  -8  -8 -12 -11  -5  -6 -10 -10 -12 -13 -11 -14 -22 -17  -9  -7  -8
DST2203*11PPX120   0  -7 -14 -22 -17 -12 -17 -23 -31 -30 -25 -21 -12  -4  -6 -15 -12 -13 -10 -11 -14 -13 -18 -21 -35 -17
DST2203*12PPX120   0 -39 -32 -35 -46 -51 -51 -43 -36 -29 -24 -21 -21 -17 -17 -16 -18 -19 -21 -24 -22 -18 -18 -17 -13 -27
DST2203*13PPX120   0  -9  -7 -13 -17 -17 -15  -8  -5  -6  -5  -2  35  29  16 -16 -31 -22 -38 -70 -64 -41 -36 -30 -85 -19
DST2203*14PPX120   0 -85 -63 -57 -61 -60 -54 -48 -38 -28 -27 -26 -28 -29 -27 -32 -35 -37 -37 -36 -35 -33 -34 -33 -28 -40
DST2203*15PPX120   0 -23 -14  -9  -9 -15 -19 -20 -19 -19 -20 -21 -22 -24 -27 -28 -28 -31 -34 -35 -31 -25 -21 -24 -21 -22
DST2203*16PPX120   0 -16  -9  -7  -6  -6  -6  -6  -8 -12 -14 -14 -16 -14 -11 -13 -13 -15 -17 -17 -17 -15 -19 -21 -21 -13
DST2203*17PPX120   0 -18 -16 -12  -8 -10  -7  -7  -8 -13 -16 -14 -11 -12 -13 -15 -15 -14 -19 -21 -19 -19 -21 -19 -14 -14
DST2203*18PPX120   0  -9  -8  -8  -8  -7  -6  -7  -8  -6  -5  -6  -7 -10 -10  -9  -7  -7  -8  -8  -8  -7  -7  -9 -10  -8
DST2203*19PPX120   0 -11 -10  -7  -5  -5  -6  -7  -5  -5  -3   0   0  -2  -3  -5  -6  -7  -7  -7  -7  -5   0   0  -4  -5
DST2203*20PPX120   0  -7  -5  -4 -11  -9 -13 -14 -12 -10  -6  -4  -2   0   2  -1   0  -2  -5  -7  -7  -6  -2  -6 -12  -6
DST2203*21PPX120   0 -11  -7  -4   0   3   5   7   6   2   0  -1   0   0  -1   0   4   7   7  10  13  14  12  13  11   4
DST2203*22PPX120   0   8   6   6   5   3   3   5   0   1  -1  -1  -3  -1  -1   0   1   0   0   2   7   4   1  -4   0   2
DST2203*23PPX120   0   7   4   5   5   8  10   8  -1  -8   0   2   0  -1  -4  -4   0   3  -6  -6  -1   7  10  10   9   2
DST2203*24PPX120   0   4  -6 -12  -4   1   5   5   6   8   6   4  -2  -4  -1   0  -1  -4  -8  -8  -5  -2   2   1  -1  -1
DST2203*25PPX120   0  -4  -1   0  -1   2   3   5   3  -2  -3 -10 -14 -12  -8  -6  -5  -5  -8 -13 -13  -7  -2  -1  -3  -4
DST2203*26PPX120   0  -3   1   4   7   8   9  11  13  10   6   5   4   4   5   8  11  15   6 -11 -22 -27 -17  -6  -3   2
DST2203*27PPX120   0  -4  -4   0   4   4   7  13  14  12  10   1  -3  -6  -5  -5  -2  -4 -18 -30 -29 -20 -21 -19 -16  -5
DST2203*28PPX120   0 -12  -9 -17 -14  -9  -8  -8  -7  -3  -1  -7 -11  -4   0  -2   0  -3  -9  -9  -7  -4  -2   0   2  -6
DST2203*29PPX120   0   4   3   3   8   7   5   5   9   9   5  -1  -3  -1   4   8  10   8   1  -4  -8  -9  -9  -4  -2   2
DST2203*30PPX120   0   1   5   6   7   5   5   9   9   8   9   7   0   2   2   2   3   1  -1  -3  -6  -9 -10  -8  -5   2
DST2203*31PPX120   0   0   6  22  17  10  -7 -12 -17 -14 -15  -9  -6  -9 -15   9   1 -14 -12 -10   0   3   6   9  10  -2

[Created at Tue Jul 18 03:54:21 UTC 2023]

DST2204*01PPX120   0   9  10   2   3  10   8   3  -7 -15 -16 -16 -16 -19 -15 -21 -24 -32 -37 -32 -28 -24 -22 -25 -25 -14
DST2204*02PPX120   0 -24 -19 -25 -27 -25 -34 -46 -45 -31 -30 -27 -22 -18 -12 -12 -11 -10 -17 -16 -15 -13 -12 -14 -20 -22
DST2204*03PPX120   0 -24 -21 -18 -14  -9 -12 -15 -14  -8  -8  -6  -5  -3  -1  -1   3  -1  -2  -2  -4  -6  -5  -5 -10  -8
DST2204*04PPX120   0 -11 -13 -16 -15 -14 -15 -16 -24 -25 -24 -23 -20 -15  -9 -12 -12 -11 -11 -12  -9  -6  -4  -5  -6 -14
DST2204*05PPX120   0  -7  -6 -11 -10  -7  -6  -5   2  -2   2   2   3   6   5   3   0   1   2   2  -1  -3  -4  -4  -5  -2
DST2204*06PPX120   0  -5  -5  -7  -7  -8  -6  -7  -9  -6  -1   0  -3  -3  -3  -1   0  -2  -5  -6  -5  -3  -1   1   2  -4
DST2204*07PPX120   0  -1  -6  -5  -5  -9  -5  -5  -6  -9  -9 -10 -10 -11 -12 -16 -16 -16  -9 -16 -18 -17 -18 -19 -25 -11
DST2204*08PPX120   0 -26 -26 -17 -14  -7   3   3   3   4   0   0   1   4   4   1  -3  -7  -4   4  11   7   7  10   6  -2
DST2204*09PPX120   0  -5  -9 -11 -10  -9 -12 -22 -28 -30 -28 -21 -14  -5  -1  -7 -18 -23 -22 -16  -8  -6  -6   0   4 -13
DST2204*10PPX120   0   9  12   9  11  -9 -24 -44 -48 -44 -36 -41 -35 -30 -26 -27 -29 -33 -32 -31 -32 -34 -34 -30 -25 -25
DST2204*11PPX120   0 -25 -20 -24 -19 -17 -16 -13 -15 -19 -21 -21 -16 -18 -12 -12 -13 -15 -18 -21 -22 -17 -13 -10 -12 -17
DST2204*12PPX120   0 -13 -11 -11 -10  -7  -4  -2  -3  -1  -1   0   4   8   6   3   3  -3  -8  -6 -10 -15 -13  -9  -7  -5
DST2204*13PPX120   0 -10 -11 -14 -19 -21 -24 -22 -19 -21 -23 -20 -20 -17 -14 -16 -16 -14 -13 -10  -6  -4  -4   0   3 -14
DST2204*14PPX120   0   5  15   3  -7 -19 -25 -27 -26 -28 -34 -42 -32 -21 -17 -21 -47 -57 -58 -64 -62 -70 -81 -80 -78 -36
DST2204*15PPX120   0 -70 -66 -46 -28 -12  -8 -10 -14 -21 -22 -11 -18 -20 -14 -17 -24 -26 -30 -30 -28 -26 -28 -27 -28 -26
DST2204*16PPX120   0 -24 -19 -17 -16 -13 -11 -10  -9  -6  -3   1  -1  -6  -9 -13 -13 -16 -19 -16 -15 -11 -11 -13 -12 -12
DST2204*17PPX120   0 -10  -7  -6  -8 -11  -8  -8 -11  -8  -9 -12  -7  -4   0   2   0  -4  -9  -3   0  -1  -3  -6  -8  -6
DST2204*18PPX120   0  -8  -5  -2   1   1   2  -4  -6  -4  -4  -6  -7  -5  -1   1  -2  -4  -7  -8 -13 -10  -8  -5  -6  -5
DST2204*19PPX120   0  -7 -10  -7  -4  -3  -3  -1  -4  -6  -4   2  -2   0   4   5   3  -2   0   2   3   3   0  -3  -2  -2
DST2204*20PPX120   0   4   4   2   3   5  -2  -8  -9 -11  -7  -1   1   1   4   7   7   9   9   8  16  16  14   9   6   4
DST2204*21PPX120   0   8  12  14   4  -3  -4  -8 -18 -20  -7  -6  -7 -11 -18 -13  -8  -4  -4  -3  -1   3   3   2   1  -4
DST2204*22PPX120   0  -1   1   2  -1  -3   1   6   4   2   2   4  -3  -1   1   2   3   3   0   0   0   2   3   1  -3   1
DST2204*23PPX120   0  -4  -3   0   1   3   3   5  11   8   3   4  -5 -11 -15 -16 -14 -12  -8  -7  -9 -10 -16 -16 -13  -5
DST2204*24PPX120   0 -11  -7  -5  -2  -2  -6  -3   0  -1  -1   3   4   1   3   3   3   2   3   0   1   2   3   3   3   0
DST2204*25PPX120   0   3   3   5   6   7   8   9   7   7  -1  -9  -7  -7  -5  -2  -1   0   0   0   0   0  -1   0   0   1
DST2204*26PPX120   0   1   5   8   9   8   8   9   8   5   4   6   7   6   4   3   5   4   7  11  13  15  15  12  11   8
DST2204*27PPX120   0  11  12  13  10   9  14  12  14  15  17  21  20  21  13   5 -12 -15 -20 -26 -25 -19 -10  -4  -4   3
DST2204*28PPX120   0 -10 -17 -13 -18 -10 -15 -14 -21 -29 -20 -11 -15 -22 -20 -15 -15 -13 -18 -23 -26 -29 -31 -26 -24 -19
DST2204*29PPX120   0 -19 -14 -11 -19 -20 -15 -16 -13 -15 -17 -14 -15 -20 -19 -17 -18 -16 -12 -10 -16 -15 -15  -9  -7 -15
DST2204*30PPX120   0   1  -3 -18 -31 -30 -27 -35 -37 -35 -32 -26 -19 -17 -10 -11 -17 -21 -21 -15 -15 -17 -19 -20 -21 -21

[Created at Tue Jul 18 03:54:32 UTC 2023]

DST2205*01PPX120   0 -24 -23 -23 -20 -19 -17 -13 -18 -19 -20 -18 -15 -11  -8 -10 -13 -15 -14 -16 -16 -12  -5  -9 -14 -16
DST2205*02PPX120   0 -17 -16 -11  -7  -5  -5  -4  -5  -9 -10 -10  -9  -8  -6  -7  -7 -10 -12 -11 -10  -7  -7  -7  -9  -9
DST2205*03PPX120   0 -10 -10 -11  -9  -5  -2   0  -1  -2  -2  -2  -5  -7  -5  -7  -8  -8  -8  -6  -9 -13 -11 -12 -13  -7
DST2205*04PPX120   0 -15 -14 -12 -12 -13 -17 -17 -10 -12 -14 -16 -15 -14 -13 -11 -11  -8  -9 -10 -13 -13 -10 -11  -9 -12
DST2205*05PPX120   0  -7  -5  -6  -5  -6  -6  -8 -13 -12 -12 -11 -10 -10 -10  -8  -7  -5  -5  -9  -8  -8 -10  -8  -6  -8
DST2205*06PPX120   0  -6  -4  -4  -3  -2  -1   0  -1  -5  -4  -4  -6 -10 -11 -11  -8 -10 -14 -14 -15 -16 -17 -16 -14  -8
DST2205*07PPX120   0  -9  -6  -5  -4  -4  -4  -4  -5  -6  -4  -4  -3  -4  -8  -9  -9  -9  -9  -9 -10  -9  -4  -1  -1  -6
DST2205*08PPX120   0   1   1  -3  -2   2   4   4   5   5   1  -3  -2   0   3   0  -3  -4  -3  -2  -2  -5  -7  -8 -12  -1
DST2205*09PPX120   0 -14 -15 -16 -13 -11 -16 -22 -24 -18 -11  -8  -9  -4   2   0  -3  -4  -4  -4  -4  -4  -2  -2  -4  -9
DST2205*10PPX120   0  -7  -5  -2  -1  -1  -1   2   4   5   5   6   7   8   9   9   7   4   5   7   8   9  11   9   3   4
DST2205*11PPX120   0  -4  -8  -8  -8  -6  -4  -3   0   1   0   0   0   0   3   8   9   8   9   6   6   0  -5  -4  -3   0
DST2205*12PPX120   0  -8 -13 -13 -13 -15 -17 -16 -11  -7  -2   3   4   5   3  -1  -1   0   2   3   3  -2   2   5   4  -4
DST2205*13PPX120   0   2   5   6   7   5   5   5   4   4   1  -2  -5  -3  -2  -2  -3  -4  -6 -14 -25 -35 -39 -39 -39  -7
DST2205*14PPX120   0 -34 -27 -22 -19 -14 -13 -11  -7  -1   2   5   7  11  13  12  12  20  25  29  29  19   8   5   4   2
DST2205*15PPX120   0   7   8 -10  -9 -19 -18 -13  -7  -5  -1   1   2  -1  -4  -8  -2   0  -3  -1   3   1  -1  -4  -3  -4
DST2205*16PPX120   0  -2  -4  -5  -1  -4  -5  -2   4   2   0  -3  -4  -6  -7   0   0  -1  -5  -3  -2  -1  -1   1   0  -2
DST2205*17PPX120   0  -1   3   6   4   5  -1  -3   7   0  -6  -5  -9  -4  -7 -14 -12  -9  -9 -12  -6  -2  -5  -6 -10  -4
DST2205*18PPX120   0 -14 -13 -11  -3  -3   0   3   4   2  -1  -1   4   5   6   3   3   6   6   8  11   8   4   4  -4   1
DST2205*19PPX120   0  -8  -8  -7  -6  -5   1   1   1  -7  -2   3   8   7   6  17  13  15  13  11  11  12   6   1  -3   3
DST2205*20PPX120   0  -6  -8 -13 -12 -12  -6  -2   2   1 -15 -24 -16  -6  -1  -2  -3  -2  -8  -8  -6  -2  -1  -5  -8  -7
DST2205*21PPX120   0 -14 -15 -16 -23 -23 -24 -25 -15 -14 -13 -10  -5  -2  -1  -3  -7 -12 -11 -11  -7  -5  -6  -8  -9 -12
DST2205*22PPX120   0  -7 -14 -21 -27 -25 -17 -17 -27 -39 -35 -23 -18 -17 -21 -18 -15 -15 -13 -11  -7  -5  -4  -3  -2 -17
DST2205*23PPX120   0  -3  -8 -13  -9  -7  -5  -5 -14 -19 -19  -9  -5  -6  -6  -7  -6  -5  -3   0   2   1  -1  -1   1  -6
DST2205*24PPX120   0   1   1   0  -3  -3  -1  -1   3   2   1   0  -1  -4  -1  -2  -1   0   0   0   0   0  -2  -1  -1  -1
DST2205*25PPX120   0  -2  -4  -4  -4  -6  -4  -3   3   4  -8  -6   0   8   8   5   4   2   2   5   8   6  -2  -6  -6   0
DST2205*26PPX120   0  -4   0   5   8   7   7   9  11  13  16  15  14  16  18  18  20  19  20  24  24  23  20  15  15  14
DST2205*27PPX120   0  17  17  13  11  11  12  12  13  22  31  34  32  33  20   1 -11 -21 -19 -15  -9 -12 -12 -18 -38   5
DST2205*28PPX120   0 -47 -39 -37 -49 -56 -60 -62 -63 -47 -42 -42 -42 -35 -28 -27 -26 -27 -27 -25 -23 -23 -21 -22 -28 -37
DST2205*29PPX120   0 -31 -30 -36 -35 -32 -36 -42 -45 -38 -43 -39 -42 -38 -33 -31 -34 -33 -33 -35 -34 -32 -35 -37 -33 -36
DST2205*30PPX120   0 -32 -36 -33 -35 -29 -24 -22 -17 -14 -18 -14  -8  -7  -6  -8 -10 -14 -16 -15 -13 -14 -17 -19 -26 -19
DST2205*31PPX120   0 -32 -30 -32 -28 -28 -30 -23 -21 -25 -27 -27 -25 -22 -15 -17 -18 -20 -22 -18 -21 -26 -25 -25 -24 -24

[Created at Tue Jul 18 03:54:43 UTC 2023]

DST2206*01PPX120   0  -9  -5  -8  -8  -9  -7  -7 -10 -10  -8 -11 -10  -7  -9 -11 -10 -10 -11  -9 -11 -12 -13 -14 -10 -10
DST2206*02PPX120   0  -7  -4  -4  -6  -7  -8  -7  -6  -4  -2  -3  -5  -9  -9  -7  -7  -6  -5  -7  -7  -9 -10  -8  -8  -6
DST2206*03PPX120   0  -7  -4  -3  -5  -5  -6  -5  -4  -5  -6  -8  -7  -6  -7  -4  -2  -5  -4  -3  -2  -3  -2  -1  -2  -4
DST2206*04PPX120   0  -3  -3  -3   0   1   4   5   5   5   6   6   5   4   2  -1  -1   0   2   3   4   7   8   7   7   3
DST2206*05PPX120   0   6   5   4   2   2   2   3   4   4   3   3   6  11  13  12  11  13  11   9   7  10  11  11   9   7
DST2206*06PPX120   0   6   4   2   3   1  -3  -4  -2  -3  -3   9  19  11  15  13  11  14  16  14  18  15  13   6   8   8
DST2206*07PPX120   0   6   0  -6  -8 -10 -17 -16 -18 -17 -19 -19 -17 -16 -15 -19 -20 -17 -13 -10 -11 -18 -22 -22 -14 -14
DST2206*08PPX120   0  -7  -7  -6  -6  -4  -5  -3  -1   5   3  -4  -2   3   6   4   2   2   1   0  -4   4   9   9  15   1
DST2206*09PPX120   0  13  11   8   6   6   5   3   4   5   5   4   3   1   4   7   9  10   5   2   1   1   2   2   0   5
DST2206*10PPX120   0   3   7   7   8   9   4   0   0   2   4   5  12   8   4  -1  -2   2   2   2   0  -2  -1   2   6   3
DST2206*11PPX120   0  11  19  18  17  19  16  12  14  15  16  11  15  13  17  24  20  20  22  24  22  19  20  21  21  18
DST2206*12PPX120   0  19  21  23  21  24  18  15  10  11   8   7   6   1  -2  -2   0   4   5   4   4   4   7   4   9   9
DST2206*13PPX120   0  13  15   9  10   7  10   7   3   1   0   3   1  -1   1   2   1   0  -4  -1   3   3   2   0   4   4
DST2206*14PPX120   0   6   8  13  13  12  11   8   5   7   9   8   8   5   6   5   5   6   4   5  10  13  12   7  13   8
DST2206*15PPX120   0  19  21  22  15  18  21  13  12   4  -3   2   0  -7 -18 -28 -31 -27 -24 -23 -22 -19 -18 -17 -13  -4
DST2206*16PPX120   0  -9  -5  -4  -4  -6 -10 -13 -13 -12 -16 -16 -14 -13 -14 -16 -14 -11  -7  -6  -4  -5  -2  -9 -13 -10
DST2206*17PPX120   0  -5  -2  -7  -7  -6  -6  -2  -4  -6  -3 -10  -9 -11  -7  -9 -13 -11  -8  -6  -9  -2   2   0   1  -6
DST2206*18PPX120   0  -4  -4  -5  -1   0  -4  -8  -9  -7  -5 -10  -7  -6  -6  -7  -6  -6  -4  -2   1  -3  -5 -11  -8  -5
DST2206*19PPX120   0  -7  -4  -5  -6  -2  -2  -4  -4  -8 -11 -11  -8 -11 -10 -10 -14 -13 -12  -9  -6  -1  -1  -2   0  -7
DST2206*20PPX120   0   0   2   0   2   0  -4  -5  -7  -4  -6  -9  -8  -9  -9 -11 -19 -22 -23 -22 -20 -16 -17 -21 -18 -10
DST2206*21PPX120   0 -13  -9  -6  -4  -7  -5  -3  -3  -7  -5  -4  -1   1   1  -2  -1   1   0   1  -1   1   0  -1  -3  -3
DST2206*22PPX120   0   0   0  -4  -5  -5  -7 -12 -10 -15 -19 -17 -13 -11 -21 -25 -22 -17 -13 -12 -10 -14 -11  -6  -4 -11
DST2206*23PPX120   0 -11 -10  -6  -4  -8 -11  -9  -2  -1  -3  -2  -2  -2  -3  -6  -6  -1   2   4   5   1   1  -1  -2  -3
DST2206*24PPX120   0   1   4   5   3   4   3   4   6   6   6   1   1   2   3   1   0   1   4   4  -4 -12  -9  -8  -7   1
DST2206*25PPX120   0 -10 -13 -10 -10 -11 -14 -16 -13 -10 -12 -14 -10  -8 -10 -17 -23 -29 -32 -34 -41 -47 -40 -42 -45 -21
DST2206*26PPX120   0 -47 -39 -26 -27 -31 -32 -28 -20 -15 -22 -24 -25 -24 -23 -21 -22 -20 -27 -23 -20 -14 -12 -18 -19 -24
DST2206*27PPX120   0 -24 -20 -17 -23 -33 -35 -27 -25 -22 -20 -18 -17 -13 -15 -15 -17 -18 -20 -20 -21 -20 -14 -11 -10 -20
DST2206*28PPX120   0  -7  -7  -2  -2   1  -4 -10  -8  -6  -6  -6  -8 -10  -9  -8  -9  -8  -8  -8 -11 -12 -15 -18 -15  -8
DST2206*29PPX120   0 -12  -8  -3   0   2   1  -4  -1   1  -4  -6  -4  -7  -8  -6  -6  -5  -6  -4  -7  -5  -5  -7  -5  -5
DST2206*30PPX120   0  -2   0   1   4  10   9   6   3   4   4   3  -1  -2   0  -1  -3  -1   0   3   3   2  -1  -4  -2   1

[Created at Tue Jul 18 03:54:54 UTC 2023]

DST2207*01PPX120   0   0   0   2   0   0   1   4   3   3   3   8  11  14  13  14  15  20  22  24  20  14  10   9  13   9
DST2207*02PPX120   0   8 -11 -29 -24 -24 -36 -46 -53 -49 -51 -54 -54 -52 -48 -44 -41 -36 -34 -32 -30 -30 -26 -20 -13 -35
DST2207*03PPX120   0  -9  -5  -3  -2  -1   2   8  11  19  24  23  19  17  21  18  18  23  20  18  10   3   3  15  19  11
DST2207*04PPX120   0  15  14  11   8  -1 -15  -5  -7   0  -5 -11 -11 -11  -7  -6  -2 -12 -24 -29 -29 -28 -24 -25 -21  -9
DST2207*05PPX120   0 -17 -17 -20 -21 -18 -15 -12 -12 -11 -11 -11 -11 -10  -7  -6  -6  -5  -5  -3   3   8  11  12  12  -7
DST2207*06PPX120   0   8   5   6   9  13  16  17  17  13   9  10  11  12  13  13  13  11   9   9   9   8   9  11  12  11
DST2207*07PPX120   0  11  11   9   9  10  10  13  26  26  28  35  42  29   6 -21 -36 -41 -51 -61 -70 -76 -78 -81 -76 -14
DST2207*08PPX120   0 -73 -69 -74 -66 -48 -42 -31 -27 -18 -19 -22 -33 -37 -36 -35 -37 -36 -30 -24 -24 -17 -13 -14 -13 -35
DST2207*09PPX120   0 -15 -20 -23 -24 -23 -21 -16 -12  -9  -8  -3  -1  -1  -2  -6 -12 -16 -13 -13 -15 -18 -16 -13 -11 -13
DST2207*10PPX120   0 -12 -10  -9 -10 -10  -9  -8  -6 -11 -10  -6  -4   3   9  11   8   9   7   2  -1  -4  -5  -4   2  -3
DST2207*11PPX120   0   1  -4 -10 -11  -8  -3   2   3   6   7   7   2  -3   2   6   6   7  16   4 -14 -14 -10 -12 -17  -2
DST2207*12PPX120   0 -15 -12 -10 -10  -8 -18 -20 -16  -9 -15  -5  -4 -13 -23 -20 -19 -19 -21 -18 -19 -21 -22 -19 -18 -16
DST2207*13PPX120   0 -16 -14 -12 -12 -11 -10  -8  -8  -7  -9 -10 -10 -13 -14 -16 -18 -14 -13 -13 -16 -17 -20 -21 -18 -13
DST2207*14PPX120   0 -14  -9  -6  -7  -8 -10 -10 -11 -13 -13 -15 -10  -8  -7  -6  -6  -6  -6  -7  -7  -8 -12 -12 -11  -9
DST2207*15PPX120   0 -16 -18 -15 -12 -13 -14 -10  -9  -8  -9 -11 -14 -16 -13 -13 -15 -15 -15 -15 -17 -17 -21 -19 -13 -14
DST2207*16PPX120   0 -13 -14 -15 -17 -16 -16 -12 -13 -13 -12 -15 -17 -17 -18 -15 -14 -11  -8  -7  -5  -4  -5  -7  -9 -12
DST2207*17PPX120   0  -7  -4  -4  -3  -5  -7  -8  -8  -4   0   0  -3  -3  -2   1   3   4   4   5   4   1   1   2   5  -1
DST2207*18PPX120   0   6   5   8   8   8   6   2  -1   2   3   2   1  -7  -5   1   5   6   7   6   5  -8 -15 -13  -1   1
DST2207*19PPX120   0   7  10  22  17  23  14   3  -6 -19 -19 -31 -43 -53 -56 -54 -56 -59 -61 -60 -56 -62 -59 -48 -39 -29
DST2207*20PPX120   0 -35 -32 -35 -32 -27 -21 -16 -14 -13 -10  -8  -9  -9  -7  -7  -9  -6  -5  -9  -9  -9  -7  -2   1 -14
DST2207*21PPX120   0   3   3   0  -5  -6  -4   4   9   8   8   2  -5  -5   4   9  14   6 -17 -24 -14 -16 -24 -21 -11  -3
DST2207*22PPX120   0 -11  -9  -7  -5 -11 -12  -8  -9  -8  -7  -9 -11 -12 -10  -9  -7  -5  -8  -8  -7  -6  -5  -3  -6  -8
DST2207*23PPX120   0 -10 -13 -11  -1 -13 -14 -12  -8 -13 -16 -19 -18 -16 -19 -21 -20 -19 -21 -22 -23 -23 -18 -12 -14 -16
DST2207*24PPX120   0 -19 -23 -22 -19 -18 -16  -9  -6  -7  -5  -7  -9 -13 -12 -12 -15 -15 -14 -16 -15 -10  -9  -8  -4 -13
DST2207*25PPX120   0  -6  -7  -8  -6 -11 -11  -8  -8  -8  -4  -2  -3  -3  -3  -5  -3  -3  -1  -1   0   0  -3  -3   3  -4
DST2207*26PPX120   0   2  -2  -6 -15 -20 -16 -15 -14 -11  -9  -7  -8 -18 -20 -20 -18 -14 -10  -7  -6  -9 -11 -12  -8 -11
DST2207*27PPX120   0  -6  -7  -6  -8 -10  -9  -9  -6   0   0   3   2  -1   1  -1  -2   0   2   3   1   0  -1   0  -1  -2
DST2207*28PPX120   0   0   2   3   4  -1  -3  -5  -8  -5   0   1   0   0   0  -2   2   6   7   7   7   3   3   6  10   2
DST2207*29PPX120   0  11  10   8   7   4   4   7   8  10  10  10  10   8   4   1   1   3   6   8   4   0   0   2   3   6
DST2207*30PPX120   0   7   8  10  10   8   9  10  10  13  16  18  20  17  19  20  19  20  10   6   3   5   6   7  13  12
DST2207*31PPX120   0  22  20  20  18  16  13   8   8  13  16  14  13   8  12  15   7  10  10  15  20  22  10   0   4  13

[Created at Tue Jul 18 03:55:06 UTC 2023]

DST2208*01PPX120   0   4   8  10   3  -1   1  -1  -4  -2  -1  -3  -2  -1   0   4  10  11  10  14  15  14   9   7   6   5
DST2208*02PPX120   0   6   5   7  -1  -3  -1   4   2   1  -1   5   5   5   7  10  11  10  12  13  14  10   8   3   3   6
DST2208*03PPX120   0   3   7   8   9   8   7  -2   0   3   6   5   5   6   7   6   6   8   6   1   3   7  11  10   4   6
DST2208*04PPX120   0  -1  -5  -9  -8  -4   1   1   1   4   3   2   2   4   2   0   1   2   2   0  -1  -1  -1   2   2   0
DST2208*05PPX120   0  -5 -11 -19 -18 -14  -8  -6  -6  -3  -1  -1   0   0  -4  -4  -1   0   3   7  10  10   9   8   7  -2
DST2208*06PPX120   0   1   3   3   1  -1   3   6   7   8  10  14  14  17  17  17  18  21  23  25  25  23  20  19  22  13
DST2208*07PPX120   0  22  22  20  19  16  11   5  -2  -6  -9  -7  -9  -8 -19 -12  -9  -9 -14 -13 -10 -20 -17 -29 -30  -5
DST2208*08PPX120   0 -30 -28 -24 -32 -37 -45 -51 -59 -43 -41 -43 -39 -39 -34 -33 -32 -34 -35 -32 -31 -25 -27 -25 -24 -35
DST2208*09PPX120   0 -22 -23 -21 -27 -34 -35 -30 -28 -27 -34 -37 -34 -36 -37 -34 -31 -34 -39 -38 -35 -33 -32 -33 -30 -32
DST2208*10PPX120   0 -27 -24 -24 -29 -29 -26 -24 -22 -19 -19 -22 -20 -17 -18 -16 -12 -13 -17 -19 -19 -14 -20 -24 -22 -21
DST2208*11PPX120   0 -23 -23 -26 -27 -26 -22 -24 -24 -19 -14 -14 -17 -20 -19 -21 -20 -16 -22 -30 -29 -32 -33 -34 -29 -24
DST2208*12PPX120   0 -30 -27 -21 -20 -23 -25 -23 -23 -24 -20 -18 -28 -32 -32 -27 -22 -21 -22 -21 -19 -17 -18 -18 -18 -23
DST2208*13PPX120   0 -19 -18 -14 -13 -15 -16 -17 -15  -8 -13 -15 -12  -8  -9 -15 -21 -19 -18 -14  -8  -9  -8 -11 -15 -14
DST2208*14PPX120   0 -20 -17 -21 -21 -20 -18 -16 -14 -13 -13 -14 -14 -10 -10  -9  -6  -4  -3   1   2   2   1  -2  -4 -10
DST2208*15PPX120   0  -8  -9  -8  -9  -7  -6  -6  -4  -4  -2  -3  -6  -7  -7 -11 -13 -11 -11  -9  -6  -6  -7 -12 -13  -8
DST2208*16PPX120   0 -10  -4   0  -3  -5  -5  -5  -7  -7  -4  -4  -7  -8  -5  -4  -4  -3  -1   1   4   6  10   9   6  -2
DST2208*17PPX120   0   6   8  14  27  25  25  22  22  24  25  13   5   9  12   5   6   6  11  -9 -28 -39 -50 -41 -46   2
DST2208*18PPX120   0 -44 -35 -32 -31 -30 -27 -32 -38 -33 -29 -28 -28 -39 -44 -49 -48 -45 -38 -35 -38 -44 -39 -40 -40 -37
DST2208*19PPX120   0 -39 -32 -35 -35 -38 -32 -28 -27 -26 -27 -28 -23 -17 -16 -18 -15 -15  -8 -11 -27 -31 -28 -21 -30 -25
DST2208*20PPX120   0 -38 -38 -35 -36 -35 -38 -29 -25 -21 -18 -18 -17 -17 -18 -20 -19 -17 -16 -14 -10 -16 -30 -34 -31 -25
DST2208*21PPX120   0 -38 -37 -37 -34 -30 -31 -28 -23 -14 -21 -25 -21 -17 -17 -18 -19 -21 -22 -23 -18 -18 -20 -20 -21 -24
DST2208*22PPX120   0 -21 -25 -28 -32 -33 -27 -23 -21 -18 -16 -16 -15 -15 -15 -17 -16 -15 -15 -14 -12 -13 -13 -14 -12 -19
DST2208*23PPX120   0 -14 -12 -13 -15 -16 -16 -13 -11  -8  -8  -9  -7  -6  -6  -8  -9 -10  -9  -8  -7  -7  -8  -7  -6 -10
DST2208*24PPX120   0  -5  -7  -6  -5  -2   1   2   2   4   3   0   1   1  -1  -1  -2  -4  -7 -10 -10  -7  -4  -3  -6  -3
DST2208*25PPX120   0  -5  -5  -4  -3  -4  -2   0   0  -3  -4  -7  -8 -12 -10  -5  -3  -1  -2  -3  -2  -3  -2  -3  -4  -4
DST2208*26PPX120   0   0   4   7   8   8   5   1   0   2   3   2   1   0   1   1   0  -1  -1   1   3   2  -1  -2  -2   2
DST2208*27PPX120   0   0   2   4   6   8   9  12  14  11   7  11   7 -15 -29 -34 -25 -18 -16 -17 -26 -27 -27 -16 -12  -7
DST2208*28PPX120   0 -10  -9  -6  -7  -7 -10 -12 -12  -9  -3  -3  -8   0   5   4  -1  -2  -2   0  -3  -2  -1   2   6  -4
DST2208*29PPX120   0   6   1   0   4   0  -5 -13  -7 -12  -7  -3  -3  -2  -7  -6  -2   2   5   7   6   5   5   5   5  -1
DST2208*30PPX120   0   3   2  -1  -6  -6 -10 -11 -13  -9  -6 -12 -12  -5  -4  -6 -10  -7  -3  -4   4   7   1  -7   0  -5
DST2208*31PPX120   0   4   7   8  10   3   0  -6  -8  -8  -5  -6  -3   1   4   2  -1  -4  -1   3   4   1  -6  -6 -11  -1

[Created at Tue Jul 18 03:55:17 UTC 2023]

DST2209*01PPX120   0  -8  -1  -1  -8  -9  -7   0  -2  -4   1   1   0   0  -1  -3  -5  -7  -5  -7  -6  -2   0  -1   1  -3
DST2209*02PPX120   0   0   0   1   1   3   6  14  15   6   8   8   9   5   2   3   5   6  12  16  14  16  12   2  -2   7
DST2209*03PPX120   0   2  -2   8   3  -7  -1  -1  -4  -7 -15 -15 -21 -22 -22 -29 -34 -31 -27 -30 -29 -24 -25 -23 -16 -16
DST2209*04PPX120   0  -1  -1  -6 -26 -27 -38 -45 -47 -51 -63 -68 -54 -57 -52 -56 -65 -70 -71 -64 -62 -49 -47 -45 -52 -47
DST2209*05PPX120   0 -35 -30 -38 -38 -40 -41 -43 -48 -48 -46 -41 -38 -40 -49 -51 -57 -58 -57 -48 -36 -34 -41 -36 -32 -43
DST2209*06PPX120   0 -29 -33 -36 -35 -35 -36 -35 -36 -37 -36 -31 -28 -32 -39 -42 -43 -46 -36 -34 -31 -34 -32 -27 -25 -35
DST2209*07PPX120   0 -21 -17 -16 -16 -19 -24 -26 -30 -25 -17 -19 -27 -27 -27 -27 -34 -41 -48 -50 -39 -33 -30 -31 -26 -28
DST2209*08PPX120   0 -19 -15 -17 -17 -21 -26 -26 -30 -32 -25 -25 -27 -30 -27 -28 -28 -25 -22 -32 -31 -28 -28 -25 -22 -25
DST2209*09PPX120   0 -21 -26 -31 -28 -25 -24 -16 -16 -27 -28 -33 -34 -40 -33 -26 -28 -30 -24 -22 -21 -21 -24 -25 -20 -26
DST2209*10PPX120   0 -15 -13  -8  -7  -9 -16 -20 -21 -22 -16 -20 -18 -31 -42 -48 -42 -33 -32 -28 -22 -23 -24 -27 -23 -23
DST2209*11PPX120   0 -16 -15 -15 -16 -16 -13  -9  -7  -9  -5  -5  -4  -7 -12 -17 -21 -19 -20 -25 -25 -23 -20 -21 -20 -15
DST2209*12PPX120   0 -15  -8 -12 -16 -16 -17 -18 -17 -17 -11  -5  -6 -10  -5  -4  -5  -8  -9  -9  -4  -6  -7  -8  -7 -10
DST2209*13PPX120   0 -10 -10  -8  -6  -5  -2  -4  -3  -1   0  -4  -5  -3  -3  -2  -1   3   4   3   1  -1  -1  -1   0  -2
DST2209*14PPX120   0   0   2   6   8   8   5   4  14  26  34  23  14  10  11  10  16  22  20  18  24  18  12  -1 -22  12
DST2209*15PPX120   0 -20  -9  -3  -3  -9 -13  -9  -5  -4   2   0  -1  -2   1   2  -1   3   5   5   5   5   5   7   9  -1
DST2209*16PPX120   0  11  12  12  10   7   7  10  14  15  16  20  15  13  10   4   1  -1  -3   1   4   4   4   3   2   8
DST2209*17PPX120   0   3   7   8   8   9   8  10   9   8   7   7  10  10   9  12  12  11  12   9   5   4   2  -3  -4   7
DST2209*18PPX120   0  -1   7  10  11  11  12   9   3  -4   6  12  12  11   0  -3   3   3   3  -2  -5  -4   0   7   5   4
DST2209*19PPX120   0   4   5   5   2  -1  -1   0  -2  -1   5   5   1 -10 -21 -24 -17 -20 -16 -12  -9  -5  -8 -11  -5  -6
DST2209*20PPX120   0  -1  -5  -9 -13 -10 -11  -7  -6  -5   1   4   3   2   2   4   3   2   3   2   3   3   4   4   4  -1
DST2209*21PPX120   0   5   4   4   3   2  -1  -3  -3  -3  -6  -6  -2   0   3   2   2   1   2   3   3   3   2   1   2   1
DST2209*22PPX120   0   3   4   4   4   6   6   5   2   7  11  12   9   4   2   2   5   7   8  10  11  13  15   6   4   7
DST2209*23PPX120   0   4   8  18  25  23  15   8   3  -4  -6 -10 -11  -6   2   4   0  -4  -5  -8 -11 -19 -21 -20 -14  -1
DST2209*24PPX120   0  -9  -6  -6  -7  -7  -3  -2  -7 -16 -18 -20 -20 -17 -16 -21 -18 -16 -17 -20 -25 -21 -13  -8  -5 -13
DST2209*25PPX120   0  -4   0  -1   0   1   1   0  -6  -7  -2  -2  -7  -8  -6  -3   2  -4  -5  -1   0   1   2   3   4  -2
DST2209*26PPX120   0   5   3   1  -1   0   1   2   1  -1   2   7  13  15  18  20  21  21  23  21  20  19  25  30  21  12
DST2209*27PPX120   0   7   1   5   0   0  -4  -3  -6  -7  -4  -5 -22 -21 -11 -12 -17 -21 -20 -20 -18 -17 -16 -13 -12 -10
DST2209*28PPX120   0 -12 -14 -17 -18 -17 -18 -18 -20 -21 -17 -17 -18 -20 -20 -15 -11  -9  -7 -10 -11  -7  -6  -3  -1 -14
DST2209*29PPX120   0  -2  -3  -5  -2  -3   0   2   4  -1   2   3  -6   3   5   3   4   0   5   5   6   4   8   7   5   2
DST2209*30PPX120   0   3  -1  -2   0   0   3   2   0  -3 -18 -15 -18 -24 -34 -28 -23 -18 -12  -8  -9  -9  -7  -6  -8 -10

[Created at Tue Jul 18 03:55:25 UTC 2023]

DST2210*01PPX120   0 -13 -12 -12 -10  -7  -6  -4  -4  -2  -1  -2  -6  -5  -7  -8  -3   1   0   2   1  -3  -6  -8  -9  -5
DST2210*02PPX120   0  -6  -4  -9 -11  -4   0   2   2   4   9   3  -9 -12 -13 -13 -11 -12 -11  -6  -1  -1 -17 -33 -39  -8
DST2210*03PPX120   0 -40 -37 -39 -39 -33 -30 -28 -29 -21 -15 -11  -8  -7 -16 -32 -31 -19 -17 -18 -32 -28 -23 -19 -16 -25
DST2210*04PPX120   0 -12 -12 -17 -21 -19 -24 -27 -25 -32 -25 -24 -23 -26 -22 -18 -13 -14 -15 -13 -19 -17 -19 -18 -22 -20
DST2210*05PPX120   0 -22 -24 -24 -21 -22 -21 -20 -17 -14  -8 -11 -20 -21 -16 -19 -16 -11 -13 -14  -7 -11 -19 -29 -28 -18
DST2210*06PPX120   0 -20 -23 -24 -24 -21 -15 -14 -16 -17 -22 -29 -28 -22 -28 -27 -24 -25 -27 -22 -19 -17 -16 -19 -20 -22
DST2210*07PPX120   0 -12 -10  -7 -11 -17 -13 -10 -12 -14 -12 -13 -10  -8 -13 -18 -17 -15 -16 -15 -12 -11  -7  -6  -6 -12
DST2210*08PPX120   0  -4  -6  -6 -12 -17 -14 -18 -21 -17 -11 -12 -16 -17 -11 -10 -13 -13 -22 -18 -11 -10  -9  -6  -6 -13
DST2210*09PPX120   0  -2  -8 -11 -17 -21 -18 -16 -14 -20 -20 -10 -14 -29 -32 -33 -25 -24 -26 -17 -25 -28 -24 -21 -19 -20
DST2210*10PPX120   0 -18 -21 -17 -20 -17 -15  -9  -7  -8 -10 -14 -13 -11 -14 -16 -13 -14 -15 -15 -14 -20 -24 -19 -20 -15
DST2210*11PPX120   0 -22 -21 -21 -21 -20 -19 -16 -14 -10  -5  -5  -2  -6  -9  -6  -4  -4  -6  -9 -10  -8  -9 -10  -9 -11
DST2210*12PPX120   0  -9  -9  -7  -5  -4  -2   3   1   0   1   0  -1  -6   0   1   1  -1  -3  -4  -5  -8  -9 -12 -14  -4
DST2210*13PPX120   0 -18 -17 -17 -13 -10 -10 -10  -9  -3   1   0  -3  -3  -3  -4  -5  -5  -5  -4  -5  -7  -9  -9  -9  -7
DST2210*14PPX120   0  -7  -4  -3  -2  -7 -11 -10 -13 -28 -48 -62 -53 -33 -33 -39 -31 -23 -21 -19 -16 -17 -17 -13 -17 -22
DST2210*15PPX120   0 -25 -11  -4  -7 -15 -13  -6  -3   1  -6  -6  -6  -4  -4  -2  -1  -5  -7  -6  -2 -11 -11 -10 -11  -7
DST2210*16PPX120   0 -12 -13 -11 -10  -8  -7  -4 -12 -11  -4  -7  -1  -7 -16 -11 -10 -11 -10  -5  -2  -6 -12 -13 -15  -9
DST2210*17PPX120   0 -14 -19 -19 -20 -17 -11  -4  -1   0   6   8   5   6   4   0   0  -3  -4  -1   2  -1  -2  -3  -4  -4
DST2210*18PPX120   0  -1   0   3   4   5   6   9   9   8  11  13  11   8   8   8   8   5   3   8   9   7   4   3   1   6
DST2210*19PPX120   0   2   0  -2  -3  -4  -5  -3   0   0   3   3   3   1  -1  -3  -1   1   1   2   3   4   5   5   5   1
DST2210*20PPX120   0   5   2   0   1   2   4   8  10  10  10   8   9   7   2  -2  -3   0   2   1   6  10   8   7   8   5
DST2210*21PPX120   0  11   8   7   6   6   6   6   6   5   5   7   5   6   8   9  12  11  11  10   9  12  14  14  11   9
DST2210*22PPX120   0   8   7  11   8   9  10  13  10   4  -2  -7 -13 -28 -43 -49 -51 -64 -70 -76 -76 -65 -56 -53 -49 -26
DST2210*23PPX120   0 -43 -37 -33 -31 -29 -32 -29 -22 -18 -14 -15 -13 -13 -13  -8 -10 -20 -17  -8 -15 -22 -21 -13  -9 -20
DST2210*24PPX120   0 -10 -13 -17 -17 -18 -19 -16 -12 -10  -4  -2  -6 -10 -11  -7  -3  -4  -6  -7  -5  -5  -4  -3  -4  -9
DST2210*25PPX120   0  -4  -4  -1  -1   0  -1  -3  -6  -4   0   1   4   4   6   8   1   1  -1  -2  -1  -1   0   3   3   0
DST2210*26PPX120   0   4   4   5   3   2   3   8   8   9  14  18  20  19  15  14  12   9   7   7   6   3  -3  -5  -6   7
DST2210*27PPX120   0  -4  -4  -1   2   4   5   9   8   4  12  14  15   6  -4 -15 -20 -12  -9  -8  -6   0   2  -1  -2   0
DST2210*28PPX120   0   0  -2  -2  -3   1  -1   1  -3  -2   5   9  11   5   4  11   5 -10 -20 -22 -22 -21 -24 -23 -17  -5
DST2210*29PPX120   0 -13 -17 -28 -28 -34 -37 -33 -35 -43 -31 -23 -26 -29 -26 -27 -26 -26 -22 -17 -10 -11 -12  -8  -9 -24
DST2210*30PPX120   0 -11 -11 -11 -14 -13 -17 -16 -19 -23 -21 -16 -11 -11 -12 -14 -13 -12 -11  -8 -11 -14 -13 -11 -10 -13
DST2210*31PPX120   0  -8  -8 -10 -15 -17 -18 -17 -16 -14  -5  -7 -15 -21 -19 -16 -17 -17 -18 -20 -21 -23 -19 -18 -17 -16

[Created at Tue Jul 18 03:55:35 UTC 2023]

DST2211*01PPX120   0 -20 -16 -14 -14 -13 -13 -15 -18 -23 -21 -16 -18 -22 -18 -12  -8  -7 -10 -13 -14 -11 -15 -13  -9 -15
DST2211*02PPX120   0  -7  -6 -12 -20 -22 -24 -23 -22 -25 -25 -23 -21 -15 -14 -22 -30 -36 -34 -36 -33 -39 -37 -38 -38 -25
DST2211*03PPX120   0 -38 -33 -31 -28 -26 -28 -31 -36 -41 -48 -54 -49 -45 -51 -44 -47 -51 -55 -59 -52 -49 -55 -58 -51 -44
DST2211*04PPX120   0 -41 -39 -42 -44 -48 -46 -42 -41 -41 -40 -38 -39 -41 -41 -34 -35 -32 -33 -33 -30 -26 -26 -23 -22 -37
DST2211*05PPX120   0 -22 -22 -21 -26 -28 -32 -34 -32 -36 -39 -32 -33 -32 -31 -31 -28 -28 -28 -25 -24 -22 -19 -19 -19 -28
DST2211*06PPX120   0 -17 -17 -18 -17 -18 -18 -20 -21 -21 -20 -16 -15 -14 -11 -10 -13 -14 -13 -13 -12 -10 -10  -8  -4 -15
DST2211*07PPX120   0   2   2   3   0  -2  -2   7  10  12  13  10  -7 -26 -32 -43 -56 -72 -92 -86 -80 -64 -60 -58 -51 -28
DST2211*08PPX120   0 -44 -38 -38 -41 -49 -50 -52 -56 -64 -67 -65 -63 -58 -54 -52 -51 -47 -44 -42 -44 -45 -47 -47 -47 -50
DST2211*09PPX120   0 -45 -44 -42 -38 -40 -43 -44 -43 -42 -33 -25 -26 -26 -26 -25 -25 -21 -21 -23 -21 -20 -20 -19 -19 -30
DST2211*10PPX120   0 -18 -16 -12 -11 -12 -14 -15 -15 -13 -10 -11 -12 -13 -11  -7  -5  -3  -2   1   1   1   2   1   0  -8
DST2211*11PPX120   0   4   6   8   9   7  -1 -10 -15 -13 -14 -18 -20 -17 -10  -7 -17 -20 -16  -7  -8  -7   0  -3  -7  -7
DST2211*12PPX120   0   0  -2  -5  -3  -4  -8 -11  -9 -12 -11 -10 -11  -7  -3  -3  -1   1   1   1   1   1   0   1   0  -4
DST2211*13PPX120   0  -1  -4  -7  -9  -6   1   0  -2  -4  -4  -5  -7  -9  -5   0  -5  -7  -6  -8  -7  -5  -3  -5  -4  -5
DST2211*14PPX120   0  -3  -2   2   3   3   3   4   1  -3  -6  -5  -2  -1  -3  -3  -3  -3  -4  -7  -6  -3  -2  -4  -4  -2
DST2211*15PPX120   0  -4  -3  -4  -2   0   3   5   6   6   6   7   6   6   6   4   5   7   8   7   7   6   7   6   5   4
DST2211*16PPX120   0   4   4   3   5   7  10  12  14  13  11  10   9  10  10  12  12  10   8   5   5   2   1   2   6   8
DST2211*17PPX120   0   5   3   3   4   7  10  13  15  14  12  15  17  19  15  14  15  14  12  10   9   8   8   9   9  11
DST2211*18PPX120   0   9   8   7   6  10  14  19  21  23  23  19  10   3  -1   0   2   7  10   7  -4  -6  -1   0  -2   8
DST2211*19PPX120   0  -2  -4   0  -1   0   4   8  13  10  10  11   9  12  15  14  13  13  10   8   6   6   5   5   7   7
DST2211*20PPX120   0   8   7   5   4   6   6   4   3   2   9  20  23  23  24  23  19  17  13   3  -4   4   7  11  14  10
DST2211*21PPX120   0  17  23  13   9   8  10   6  -3  -3   1   6   3   9   9   7   0   0   1   1   4   3   3   4   5   6
DST2211*22PPX120   0   4   5   6   5   3   3   3   3   1   2   3   6   6   6   5   5   4   6   8  10   9   9   9   9   5
DST2211*23PPX120   0   9  10  11  13  15  15  17  19  18  20  22  20  18  17  21  21  25  25  22  18  21  21  22  24  19
DST2211*24PPX120   0  28  27  25  24  21  17  14  16  15  13  15  15  16  18  17  14  17  21  22  32  36  34  31  32  22
DST2211*25PPX120   0  23  19  20  13  -1 -13 -16 -15  -9  -8 -11 -15 -14  -9 -12 -22 -17  -8 -13 -12 -11 -13  -9 -19  -7
DST2211*26PPX120   0 -19 -11  -8  -7  -9  -7 -12 -11  -7  -6  -5 -11 -13 -11 -12 -13 -13  -8 -12  -8  -6 -10 -14  -8 -10
DST2211*27PPX120   0 -10 -11 -11  -5  -3  -5  -6  -8 -11 -10 -10 -14 -10  -6  -1  -2  -4  -8  -7 -16 -18 -17 -14  -9  -9
DST2211*28PPX120   0 -13 -24 -35 -26 -28 -40 -36 -32 -32 -28 -20 -18 -15 -13 -14 -17 -19 -18 -17 -29 -33 -28 -25 -21 -24
DST2211*29PPX120   0 -22 -29 -25 -24 -20 -22 -25 -32 -43 -40 -33 -23 -23 -28 -27 -26 -31 -32 -27 -26 -24 -23 -20 -13 -27
DST2211*30PPX120   0  -9 -12 -16 -15 -12 -12 -12 -12 -12 -12 -15 -15 -11  -8  -6 -10 -10 -14 -27 -46 -44 -38 -40 -39 -19

[Created at Tue Jul 18 03:55:45 UTC 2023]

DST2212*01PPX120   0 -29 -26 -24 -30 -32 -37 -40 -40 -43 -40 -41 -35 -32 -32 -32 -33 -32 -34 -30 -27 -28 -24 -24 -22 -32
DST2212*02PPX120   0 -20 -23 -27 -31 -30 -28 -28 -28 -32 -24 -18 -17 -19 -20 -22 -27 -27 -27 -26 -22 -23 -23 -19 -13 -24
DST2212*03PPX120   0 -12 -15 -18 -26 -27 -23 -22 -25 -24 -23 -16 -16 -17 -19 -17 -19 -15 -16 -17 -14 -11  -8  -6  -4 -17
DST2212*04PPX120   0  -3  -3  -7 -11 -11  -9 -10 -10  -7  -6  -7  -8  -5  -3 -11 -25 -36 -36 -44 -41 -40 -38 -30 -21 -18
DST2212*05PPX120   0 -17 -18 -21 -22 -23 -23 -24 -31 -30 -31 -29 -27 -20 -22 -26 -28 -30 -28 -25 -22 -17 -17 -13 -12 -23
DST2212*06PPX120   0 -10 -10 -11 -10  -9 -11 -14 -16 -13  -9  -6  -5  -7  -7  -6  -8 -11 -13 -15 -16 -16 -13  -9  -7 -11
DST2212*07PPX120   0  -5  -5  -5  -6  -5  -5  -5  -5  -2  -4  -7 -14 -22 -17 -25 -40 -62 -63 -48 -40 -39 -36 -27 -19 -21
DST2212*08PPX120   0 -18 -17 -19 -23 -29 -30 -27 -26 -22 -19 -22 -19 -14 -14 -12 -13 -14 -13 -13 -14 -16 -16 -13 -20 -18
DST2212*09PPX120   0 -21 -18 -14 -16 -17 -17 -18 -17 -14 -15 -12 -16 -11  -9 -11 -13 -13 -11  -9  -9  -7  -6  -5  -3 -13
DST2212*10PPX120   0  -1  -6 -12 -12 -10  -8  -8 -10  -8  -7 -11 -16  -9  -8 -10 -13 -14 -11 -16 -13 -12 -18 -11  -5 -10
DST2212*11PPX120   0  -3  -3  -4 -12 -20 -23 -24 -26 -29 -27 -19 -12  -8  -6  -7 -15 -21 -22 -18 -18 -18 -19 -16 -20 -16
DST2212*12PPX120   0 -24 -21 -17 -16 -16 -15 -16 -14 -12  -8  -6  -4  -5  -3  -5  -8 -11  -9  -7  -5  -5 -10 -11 -13 -11
DST2212*13PPX120   0 -10  -7  -5  -3  -5  -8  -9  -9  -7  -6  -6  -4  -3  -3  -4  -3  -1   0   1   1   2   1   3   3  -3
DST2212*14PPX120   0   2   4   5   5   7   9   9  14  12  10   9   8   9   9   7   7   8   5  -1  -3  -7 -10  -9  -7   4
DST2212*15PPX120   0  -8  -7  -8 -11 -10  -7  -5  -7 -14 -18 -11  -6  -5  -4  -3  -6  -9  -7  -1   0  -1  -1   2   3  -6
DST2212*16PPX120   0   1  -6  -8  -2   4   5   4   4   6   9   8   5   1  -3  -3   0   3   4   3   1  -1  -2   1   0   1
DST2212*17PPX120   0  -5  -7  -6  -3  -3   0   4   6   7   5   6   6   6   4   2   4   6   8  10  12  12  13  12  11   5
DST2212*18PPX120   0   9   6   4   4   6   8  12  14  15  16  12   8   8  11  13  12  11   9  10  10   9  11   6   4  10
DST2212*19PPX120   0   5   6  11  12   9   1 -10 -27 -36 -38 -38 -33 -22 -21 -24 -25 -19 -16 -16 -15 -14 -16 -11  -7 -14
DST2212*20PPX120   0  -8  -9  -8  -6  -3  -6  -4   3   7  11  15  14  11  10  10   7  -1 -10 -10 -10 -13 -17 -11  -6  -1
DST2212*21PPX120   0  -3  -3  -4  -3   1   2   4  -5 -20 -19  -6  -2  -6  -6  -2   0  -7  -8  -5  -3   1  -2   0   4  -4
DST2212*22PPX120   0   3   0   0  -1   0  -1  -6  -8  -6  -1  -4  -7  -5  -6 -12 -14 -22 -27 -21 -19 -13  -9   1  -3  -8
DST2212*23PPX120   0  -1  -7 -13  -9  -4  -5 -18 -24 -29 -24 -14  -9 -13 -23 -35 -37 -32 -27 -26 -25 -21 -21 -30 -24 -20
DST2212*24PPX120   0 -16 -18 -23 -33 -25 -34 -35 -40 -29 -25 -24 -20 -14 -11 -15 -20 -24 -26 -35 -34 -28 -29 -22 -26 -25
DST2212*25PPX120   0 -21 -14 -14 -16 -20 -23 -25 -24 -21 -17 -13 -13 -14 -16 -18 -19 -22 -26 -28 -30 -28 -25 -26 -26 -21
DST2212*26PPX120   0 -24 -23 -25 -27 -24 -19 -16 -14 -11  -6  -3 -21 -30 -37 -43 -42 -48 -48 -41 -36 -35 -36 -31 -28 -28
DST2212*27PPX120   0 -32 -36 -38 -45 -46 -52 -54 -62 -62 -52 -54 -56 -53 -58 -62 -68 -64 -61 -54 -46 -41 -42 -38 -36 -51
DST2212*28PPX120   0 -35 -36 -39 -35 -32 -27 -25 -27 -26 -23 -23 -22 -24 -26 -28 -29 -29 -27 -22 -18 -17 -17 -15 -13 -26
DST2212*29PPX120   0 -14 -17 -20 -19 -15 -14 -15 -15 -13  -6  -2  -8 -10 -17 -21 -18 -17 -16 -15 -18 -22 -17 -10  -9 -15
DST2212*30PPX120   0 -15 -13 -17 -22 -22 -26 -24 -33 -40 -44 -47 -35 -39 -35 -41 -42 -38 -37 -37 -31 -28 -29 -26 -24 -31
DST2212*31PPX120   0 -25 -25 -28 -32 -29 -36 -31 -26 -23 -24 -24 -22 -22 -22 -22 -24 -20 -18 -22 -22 -18 -20 -20 -18 -24

[Created at Tue Jul 18 03:55:55 UTC 2023]

DST2301*01PPX120   0 -23 -21 -23 -26 -26 -23 -19 -17 -16 -15 -19 -19 -17 -16 -20 -18 -19 -16 -19 -23 -24 -19 -12 -17 -19
DST2301*02PPX120   0 -17 -20 -20 -18 -15 -20 -18 -13  -9  -6  -8 -13 -10 -10 -15 -13 -15 -15 -11  -8  -9 -10  -8  -9 -13
DST2301*03PPX120   0  -8 -10 -13 -12  -6  -5  -5  -3  -4  -5  -2  -6  -9 -10  -9 -10 -13 -15 -16 -14  -7   3  11   0  -7
DST2301*04PPX120   0  -8  -5 -13 -27 -36 -39 -45 -54 -58 -61 -50 -46 -42 -39 -29 -15 -10  -8  -7  -2  -2  -1  -2  -2 -25
DST2301*05PPX120   0   1   1  -1   2   8  10  11  14  16  13  11   9   1  -4 -10  -8 -15 -18 -20 -22 -24 -26 -26 -22  -4
DST2301*06PPX120   0 -19 -16 -17 -18 -20 -21 -17 -12 -11  -9  -8  -9  -9  -8  -8  -8  -8 -10  -9  -8  -2   0   3   3 -10
DST2301*07PPX120   0   2  -1  -3  -3  -3  -4  -1   2   4   6   5   2   1   2   4   6   6  -2  -3  -1   1   1   3   3   1
DST2301*08PPX120   0   3  -3  -9 -11 -16 -19 -15  -3   6   7   7  -3  -6  -9  -8  -8 -11 -11  -8  -1   3   5   4   0  -4
DST2301*09PPX120   0  -3  -3  -5  -3   3   5   4   4   3   4   7   9   8   4   2   2  -1  -2  -6  -9  -5  -2  -2   1   1
DST2301*10PPX120   0   2   1   1   4   7   9   9  10  12  12  13  10   9  11  12   3  -2  -4  -5  -5  -2  -3  -3  -5   4
DST2301*11PPX120   0  -6  -8  -6  -3  -2  -7  -3  -2   3   8   4  -7  -6  -5  -4   1   3   2  -2  -3  -3  -3  -4  -9  -3
DST2301*12PPX120   0  -7   0   4   4   6   5   3   2  -1   2   1   0   3   4   4   5   3   0  -2  -3  -6  -6 -11 -12   0
DST2301*13PPX120   0 -14 -12  -7  -4  -2  -2  -9 -11 -10 -17 -23 -24 -28 -23 -15 -11  -9  -9  -9  -5 -21 -27 -34 -37 -15
DST2301*14PPX120   0 -39 -37 -33 -32 -30 -30 -22 -20 -21 -22 -22 -24 -23 -22 -20 -15 -18 -21 -19 -21 -19 -22 -32 -42 -25
DST2301*15PPX120   0 -46 -38 -34 -35 -36 -37 -39 -29 -39 -49 -39 -45 -51 -57 -50 -38 -42 -40 -32 -35 -38 -42 -42 -32 -40
DST2301*16PPX120   0 -18 -10  -7 -14 -15 -14 -13 -16 -22 -27 -29 -30 -24 -18 -15 -17 -13 -12 -13 -14 -13 -16 -16 -14 -17
DST2301*17PPX120   0 -14 -12 -11 -10  -8  -4  -6  -5  -4  -1  -6  -9 -12 -12  -9  -6  -7  -8  -6  -2   2   5  18   3  -5
DST2301*18PPX120   0 -19 -24 -31 -30 -31 -25 -21 -14 -13 -12 -12 -14 -15 -18 -17 -13 -10 -13 -15 -15 -13 -15 -13 -14 -17
DST2301*19PPX120   0 -16 -16 -17 -13  -8  -9 -18 -22 -18 -10 -18 -21 -15 -11  -8  -7  -8 -12 -16 -16 -14  -9  -6  -8 -13
DST2301*20PPX120   0 -11 -12 -11  -7  -2  -1   0   1   1   0  -2  -2   4   3   1  -6 -10  -7  -5  -3  -3  -4  -1  -1  -3
DST2301*21PPX120   0   4  -1   0   1  -2 -18 -27 -18 -11 -19 -22 -19 -12  -7  -7  -6 -12 -14 -16 -12 -11 -10  -3  -3 -10
DST2301*22PPX120   0   0   1  -2  -4  -5  -7  -8  -7  -5 -11 -12 -13 -16 -12  -8  -8  -6 -10 -14 -10  -9 -12 -10 -13  -8
DST2301*23PPX120   0 -13 -12 -10  -3   7   6   6   5   2  -2  -1  -2  -5  -6  -7 -15 -24 -27 -24 -21 -23 -24 -16 -15  -9
DST2301*24PPX120   0 -12  -9  -6  -7  -6  -3  -3  -5  -5  -6  -8  -9  -8  -9  -7  -4  -5  -4  -4  -2   0   2   1   0  -5
DST2301*25PPX120   0  -1  -2  -3  -3  -1   2   3   4   4   2   1  -7  -6  -8 -15 -17 -21 -13  -3  -1   3   2   2  -3  -3
DST2301*26PPX120   0  -5   0   2   1   3   7   6   5   1  -3 -11 -12  -4  -3   0   3   1   0  -4  -1   0   0  -3  -8  -1
DST2301*27PPX120   0  -9 -10  -8  -6   0   3   1   1   0  -6 -16 -19 -10  -5  -7  -5  -4  -2   1   4   3   0   2  -3  -4
DST2301*28PPX120   0 -14 -21 -22 -15  -8 -10 -11  -8  -6  -5  -6  -7  -3   1   5   7   4   2   2   1   4   3   1  -1  -4
DST2301*29PPX120   0  -2  -1  -1   2   3   2   4   4   3   5   3   3   4   5   1  -4  -1   3   5   4   4   5   8   7   3
DST2301*30PPX120   0   8   9   9   7   7   7   6   6   8   7   6   8   8  12  18  23  24  22  23  25  17   6   1   0  11
DST2301*31PPX120   0  -1   1   4   7   3  -3  -6  -9 -11 -13  -9   0   3   4   0  -6 -11 -15 -20 -20 -16 -16 -10  -9  -6

[Created at Tue Mar 5 04:31:29 UTC 2024]

DST2302*01PPX120   0 -19 -19 -16 -10 -10  -8  -5  -5  -3   1   5   6   7  11  15  14  14  14   9  -2 -14 -12 -15 -16  -2
DST2302*02PPX120   0 -21 -23 -20 -15 -13 -11 -10  -7  -2   0  -2  -2  -1  -1  -3  -6  -9 -10  -8  -6  -5  -2  -2  -2  -8
DST2302*03PPX120   0   4   3   0   0  -1   3   5   4   6   9  13  15  18  16  12   7  -3 -10 -18 -24 -17 -11  -6  -4   1
DST2302*04PPX120   0  -3  -4  -3  -3  -5  -8 -11 -12 -11  -9  -9  -8  -8  -9  -8  -7  -5  -6  -5  -2   0   1   2   0  -6
DST2302*05PPX120   0   0   1   2   2   1   4   6   6   5   7  11  12  13  11  13  16  14  12  13  16  17  20  24  26  11
DST2302*06PPX120   0  23  11   7   5   3  -1  -5   2   3 -11 -17  -7  -1  -4  -6  -7  -5  -4  -3  -4  -2 -13 -13 -10  -2
DST2302*07PPX120   0 -18 -17 -15 -18 -27 -27 -22 -17 -24 -21 -23 -27 -25 -23 -26 -30 -30 -29 -29 -26 -21 -20 -20 -20 -23
DST2302*08PPX120   0 -19 -23 -18 -16 -21 -20 -14  -8  -7 -13 -11 -17 -18 -19 -17 -16 -13 -17 -16 -17 -15 -14 -14 -15 -16
DST2302*09PPX120   0 -21 -21 -22 -18 -28 -20 -19 -18 -24 -25 -21 -22 -24 -24 -23 -19 -20 -18 -14 -18 -26 -37 -38 -31 -23
DST2302*10PPX120   0 -36 -43 -47 -43 -39 -35 -31 -31 -24 -17 -19 -19 -20 -27 -22 -18 -20 -20 -21 -21 -23 -23 -24 -32 -27
DST2302*11PPX120   0 -31 -32 -29 -27 -26 -19 -13 -11 -15 -26 -31 -24 -18 -15 -14 -15 -12 -12 -11 -11  -9  -8 -11 -12 -18
DST2302*12PPX120   0 -16 -19 -22 -19 -22 -20 -17 -14 -10 -11 -12 -10  -9  -7  -8 -11 -12 -12 -12 -11 -11 -14 -14 -12 -14
DST2302*13PPX120   0 -12  -8  -8  -5  -3  -2   1   2   3   2   2   3   7   6   3   4  10  11  13  10   8   1  -2  -3   2
DST2302*14PPX120   0  -1   7   8   6   5   7  11   6   3   0   1   6   3  -3  -5  -6  -7  -9 -10  -7  -3  -5  -9  -4   0
DST2302*15PPX120   0 -10  -9  -9  -4  -2  -3 -20 -38 -49 -50 -52 -55 -58 -64 -67 -64 -69 -72 -67 -67 -69 -71 -69 -48 -45
DST2302*16PPX120   0 -41 -28 -24 -18 -19 -29 -53 -50 -38 -38 -42 -37 -27 -35 -52 -52 -53 -45 -42 -42 -39 -37 -36 -32 -38
DST2302*17PPX120   0 -31 -29 -31 -36 -36 -30 -26 -26 -26 -25 -20 -18 -20 -21 -22 -22 -18 -19 -20 -19 -16 -14 -15 -17 -23
DST2302*18PPX120   0 -17 -17 -15 -13 -16 -12 -10  -7  -4  -4  -3  -1  -3  -4  -5  -3  -1  -3  -6 -13 -10 -10  -8 -11  -8
DST2302*19PPX120   0 -12 -10  -9  -7  -7  -7  -7  -4   0   0  -4  -9  -7  -5  -5 -10 -11  -8  -8 -12 -10 -10 -10  -9  -8
DST2302*20PPX120   0  -5  -4  -3   0   1   2   4   6   9  10  15  19  13  14  14   7  10   3   1  -4  -7  -3   0   4   4
DST2302*21PPX120   0   4  -2  -5  -1  -1  -8  -9 -16 -25 -40 -47 -50 -39 -30 -22 -23 -25 -24 -23 -21 -18 -15 -13 -13 -19
DST2302*22PPX120   0  -7  -4  -4  -6  -9  -6  -5  -3  -4  -5  -7 -10 -20 -15 -11 -15 -12 -13 -12 -15 -15 -13  -7  -1  -9
DST2302*23PPX120   0   4   0  -9  -2  -6 -13 -12 -15 -18 -16 -19 -25 -18 -15 -13 -20 -24 -27 -21 -25 -26 -26 -18 -12 -16
DST2302*24PPX120   0 -13  -8  -1   3   5   3   1   0   0   3   0  -5 -10  -6  -2  -2  -1  -3  -4  -4  -2  -5  -9  -9  -3
DST2302*25PPX120   0 -10  -9  -5  -4  -4  -4  -4  -2  -4  -3  -2   4   6  11   8   1  -3 -10 -20 -30 -34 -35 -26 -31  -9
DST2302*26PPX120   0 -27 -18 -14 -14  -4   0   3   9   4  -7 -17 -14 -12  -7  -4  -7  -1   2   2  17   4 -38 -65 -56 -11
DST2302*27PPX120   0 -53 -59 -67 -61 -51 -71 -86 -84 -94-109 -99-110-132-105 -84 -83 -96-108 -96 -84 -92-111-109-104 -90
DST2302*28PPX120   0 -99-100 -96 -91 -84 -80 -77 -78 -72 -73 -69 -60 -55 -56 -55 -54 -53 -53 -51 -56 -59 -53 -53 -50 -68

[Created at Tue Mar 5 04:32:26 UTC 2024]

DST2303*01PPX120   0 -29 -27 -22 -20 -20 -24 -23 -23 -24 -16 -14  -9  -8  -8 -12 -11 -13 -10  -4   2   3   2   3   3 -13
DST2303*02PPX120   0   5   3   3   0   2   0  -6  -8 -12 -12  -9  -4   0   4  -3  -3   2   2  -2 -12 -21 -31 -36 -39  -7
DST2303*03PPX120   0 -33 -27 -19 -17 -17 -21 -28 -27 -21 -22 -29 -23 -22 -30 -24 -20 -13 -12  -8 -13 -13 -12 -10 -15 -20
DST2303*04PPX120   0 -20  -9   1   0  -3  -5 -10 -19 -21 -19 -17 -13 -15 -10  -7  -7  -6  -6  -4  -7  -6  -8 -12  -4  -9
DST2303*05PPX120   0   0   3   7   5   3   1  -1  -4 -12 -21 -25 -16 -14 -19 -19 -22 -18 -18 -19 -23 -24 -22 -23 -25 -13
DST2303*06PPX120   0 -25 -19 -15 -10 -12 -10  -8 -11  -9  -8  -9  -4  -2  -4  -5  -7 -13  -8  -4 -13 -17 -17 -18 -16 -11
DST2303*07PPX120   0 -11  -5  -6  -7  -5  -5 -12 -12 -20 -25 -22 -18 -10 -10 -12  -9  -6  -6  -4  -3  -6 -10 -12  -8 -10
DST2303*08PPX120   0  -3   2   9  11   7   0  -5  -6  -6  -7 -10  -6   0   1  -2  -3  -2   2  -1  -3  -9  -4  -5  -8  -2
DST2303*09PPX120   0  -4   1   2  -1  -3  -1  -8 -20 -35 -36 -23 -15 -19 -14 -12  -9  -7  -2  -5  -5 -13 -16 -22 -24 -12
DST2303*10PPX120   0 -17 -12  -3  -2   1   5   3   0   0   8   9   7   5   6   2   1  -5 -15 -17 -15  -9  -7 -15 -18  -4
DST2303*11PPX120   0 -22 -25 -20 -17 -15 -12 -12  -8  -3   1  -2  -5  -3  -1  -1   1   4   6   9   6   7   8   7   6  -4
DST2303*12PPX120   0   4   2   3   8   8   9   7  10   0  -2   1   6  12   9   7   8   8   9  10  12  11  12  12  15   8
DST2303*13PPX120   0  16  17  20  21  21  20  18  19  17  16  15  14  14  17  19  21  22  25  28  30  32  33  32  30  22
DST2303*14PPX120   0  28  27  18  11   5  13  13   6   9  15   8   2  -2  -3  -3 -10  -7  -8  -9  -8 -11 -16  -9 -20   2
DST2303*15PPX120   0 -28 -31 -27 -23  -5   5  -8  -9 -21 -13 -15 -13  -5  -4  -8  -7  -4   1   6   4   3  -4 -39 -34 -12
DST2303*16PPX120   0 -12 -14 -22 -24 -23 -23 -23 -20 -18 -16 -19 -16 -12 -10 -11 -10 -10 -10  -8  -9  -8  -8  -6  -7 -14
DST2303*17PPX120   0  -4  -1   1   2   1  -3  -3  -2  -4  -6  -2   2  -1  -8  -7  -3  -1   1   3   4   4   2   3   2  -1
DST2303*18PPX120   0  -2   0   5   6   6   1   0   4   4   3   5   5   5   7   8   7   4   4   0  -1  -5  -3   0   0   3
DST2303*19PPX120   0   3   8   7   5   4   1  -5  -1   3   8  13  16  16  13  10  10   9   7   7   0  -3   2   3  -2   6
DST2303*20PPX120   0  -2  -7  -2   6  11   9   7   9   9  12  12   8   6   0   3  -1  -7 -11  -3  -1  -1   1   0  -2   2
DST2303*21PPX120   0   3   8  12  16  17  17  17  18  14  15  17  15  17  17  15  11  11  12  14  14  12  11  10   7  13
DST2303*22PPX120   0  -1   2   7   4   2  -4  -4  -1  -4  -3  -4  -2   1   4   4   5   5   5   6   8  14  12  10   8   3
DST2303*23PPX120   0   9  10  12  14  14  20  23  24  20  12   3 -14 -35 -47 -50 -56 -56 -48 -44 -50 -73 -86-102-125 -26
DST2303*24PPX120   0-135-152-163-144-142-155-143-127-132-109-101 -95 -86 -82 -78 -73 -74 -68 -64 -66 -68 -64 -69 -64-102
DST2303*25PPX120   0 -56 -50 -43 -45 -45 -44 -43 -37 -39 -39 -42 -34 -32 -34 -33 -31 -28 -28 -26 -23 -23 -25 -29 -33 -36
DST2303*26PPX120   0 -33 -29 -24 -20 -17 -22 -22 -17 -15 -15 -20 -20 -18 -16 -16 -15 -14 -14 -15 -14 -14 -15 -18 -19 -18
DST2303*27PPX120   0 -18 -19 -16 -14 -10  -9 -11 -10 -13 -11 -11 -11 -11  -8  -6  -4  -4  -4  -5  -6  -7  -9 -12 -12 -10
DST2303*28PPX120   0 -12 -15 -14 -13 -10  -9  -6  -4  -3  -3  -3  -5  -3   0  -2  -7  -9  -9 -11 -13 -11  -9  -9  -9  -8
DST2303*29PPX120   0  -9  -9  -3  -1   1   4   4   3   3   5   6   4   5   4   3   0   0  -4  -6  -4  -4  -3   0   4   0
DST2303*30PPX120   0  11  19  13  13   9   8   9   7  11  13   2   0  -4  -5  -8 -20 -23 -20 -15 -18 -14 -10 -16 -22  -3
DST2303*31PPX120   0 -17 -11 -14 -23 -23 -20 -18 -21 -25 -24 -20 -20 -18 -13 -17 -22 -21 -18 -17 -13  -9 -10  -9  -7 -17

[Created at Tue Mar 5 04:32:49 UTC 2024]

DST2304*01PPX120   0 -21 -21 -20 -21 -21 -21 -18 -14 -10  -6 -13 -22 -18 -19 -22 -26 -28 -38 -33 -28 -22 -19 -22 -37 -22
DST2304*02PPX120   0 -44 -39 -30 -36 -36 -38 -39 -32 -33 -38 -36 -28 -29 -28 -28 -27 -27 -30 -29 -26 -24 -26 -26 -20 -31
DST2304*03PPX120   0 -24 -32 -30 -29 -28 -30 -30 -23 -19 -21 -17 -16 -17 -15 -20 -23 -24 -30 -33 -35 -28 -26 -25 -27 -25
DST2304*04PPX120   0 -32 -32 -21 -19 -24 -30 -33 -24 -19 -12  -8 -11 -10  -9  -8  -7  -8 -11 -12 -10 -16 -15 -19 -21 -17
DST2304*05PPX120   0 -24 -26 -23 -27 -29 -27 -25 -22 -21 -18 -16 -20 -17 -14 -12 -16 -22 -28 -23 -19 -20 -21 -19 -17 -21
DST2304*06PPX120   0 -16 -18 -17 -15 -13 -10  -6  -4  -7  -9 -13 -14  -9  -7  -7  -8 -10 -16 -19 -14  -5  -3  -4  -7 -10
DST2304*07PPX120   0 -18 -22 -21 -23 -28 -31 -31 -30 -26 -20 -20 -16 -14  -8  -7  -9  -9 -11  -8  -4  -9  -9  -8  -5 -16
DST2304*08PPX120   0  -7 -10  -9  -5  -7 -10 -14 -17 -21 -19 -14 -12 -10  -7  -6  -7  -6  -5  -2  -3  -3  -5  -7  -9  -9
DST2304*09PPX120   0 -16 -22 -17 -11  -9  -9  -8  -8  -7  -8  -9  -6  -7 -11 -10 -11 -10 -13 -13  -9  -8  -9  -5   1 -10
DST2304*10PPX120   0   2   0  -2  -4  -8 -13 -22 -30 -41 -38 -29 -22 -20 -13 -13 -15 -16 -14 -12 -10  -9 -11 -12  -9 -15
DST2304*11PPX120   0  -9  -9  -7  -2   1   2  -2  -8  -6  -1   0   1   0   1   1   1   1   0   1   2   6   5   3   2  -1
DST2304*12PPX120   0   0  -2  -2  -2  -1   1   2   5   5   8   6   6   8   8   8   5   7   6   6   7   7   9  10  12   5
DST2304*13PPX120   0   7   1  -6  -2   0   2   3   5   6   8   7   5   5   5   4   6   7   4   4   2   0   1   0  -1   3
DST2304*14PPX120   0  -3  -5   0   3   6   7  11  13  11   5  -1  -1   0  -1  -4  -4  -1  -4  -5  -2  -2   0   0  -2   1
DST2304*15PPX120   0  -5  -7  -1  -2  -5  -8  -5  -7 -14 -19 -21 -12  -6  -4  -9 -11  -9 -11 -15 -15 -16 -13  -8  -6 -10
DST2304*16PPX120   0  -5  -7  -7 -10 -11 -12  -9  -7  -5  -6  -3  -1  -1   0   3   6   7   6   5   4   3   3   2   2  -2
DST2304*17PPX120   0   3   5   6   9  10   9   8   7   6   2   0   1   1   1  -2  -5  -7  -5  -3  -2  -2  -1  -1  -2   2
DST2304*18PPX120   0   2   3   4   3   1   0   4   5   6   7   5   4   2   1  22  24  29  26  20  22   9   5  -3  -3   8
DST2304*19PPX120   0  -3  -4  -3  -2  -3  -1   3  12  13  11  -1 -14 -29 -35 -36 -29 -27 -25 -26 -22 -18 -15 -12 -10 -12
DST2304*20PPX120   0  -9  -6  -3  -5  -6  -4  -5   1  -2   0   0  -1  -3  -2  -2  -1  -2  -5  -5  -7  -8  -7  -5  -6  -4
DST2304*21PPX120   0  -6  -3   5   0  -1  -1   2   2  -3  -7  -8  -5  -1   0  -1  -6 -11 -17 -17 -16 -20 -29 -29 -27  -8
DST2304*22PPX120   0 -29 -29 -22 -19 -19 -21 -15  -9 -10  -9  -9  -8  -8  -6  -6  -8  -8  -9 -11 -12 -15 -11  -9  -9 -13
DST2304*23PPX120   0 -14 -15 -11 -11 -11 -12 -14 -10  -8 -13 -27 -30 -35 -33 -38 -49 -56 -61 -81-109-129-165-149-140 -51
DST2304*24PPX120   0-147-146-179-199-209-213-208-180-161-157-148-125-118-118-112 -99 -96 -89 -84 -73 -74 -71 -59 -56-130
DST2304*25PPX120   0 -57 -56 -56 -57 -61 -63 -61 -58 -56 -52 -47 -43 -42 -43 -45 -49 -46 -41 -40 -35 -35 -43 -44 -42 -49
DST2304*26PPX120   0 -43 -41 -38 -44 -45 -45 -44 -42 -39 -35 -36 -31 -24 -28 -31 -32 -33 -36 -32 -35 -35 -31 -28 -25 -36
DST2304*27PPX120   0 -21 -19 -22 -28 -41 -45 -42 -49 -51 -45 -49 -35 -31 -33 -41 -43 -43 -37 -41 -36 -34 -34 -35 -36 -37
DST2304*28PPX120   0 -43 -41 -41 -42 -42 -51 -52 -51 -41 -35 -34 -26 -27 -25 -28 -30 -36 -38 -38 -36 -38 -37 -38 -38 -38
DST2304*29PPX120   0 -39 -36 -40 -39 -37 -35 -31 -28 -35 -34 -33 -35 -34 -35 -37 -34 -38 -43 -37 -38 -39 -43 -40 -36 -37
DST2304*30PPX120   0 -35 -37 -39 -39 -33 -37 -47 -39 -33 -31 -32 -28 -24 -20 -18 -20 -23 -24 -23 -21 -21 -18 -17 -15 -28

[Created at Tue Mar 5 04:33:26 UTC 2024]

DST2305*01PPX120   0 -15 -20 -17 -12 -11 -15 -13 -19 -21 -19 -12 -13 -19 -18 -15 -11 -13 -15 -20 -25 -29 -30 -29 -28 -18
DST2305*02PPX120   0 -33 -35 -29 -21 -27 -34 -35 -32 -30 -33 -33 -26 -21 -19 -18 -18 -20 -21 -22 -23 -21 -19 -17 -13 -25
DST2305*03PPX120   0 -12 -12 -10  -4   0   0  -1  -2  -1  -2  -3  -1  -1  -3  -4  -9 -10  -7  -5  -5  -7  -5  -4  -2  -5
DST2305*04PPX120   0  -3  -8  -9  -7  -4  -5  -5   0   2   0  -2  -5  -8  -6  -8 -13 -11  -7  -8  -6  -4  -5  -4  -4  -5
DST2305*05PPX120   0  -4  -4  -4  -7  -7  -7  -6  -6  -3  -2   0   2   2   1  -2  -2  -4  -7  -7  -6  -4  -6  -9  -9  -4
DST2305*06PPX120   0  -9   2  14  -6 -37 -67 -61 -58 -58 -61 -49 -56 -49 -41 -38 -40 -45 -43 -38 -42 -39 -39 -30 -29 -38
DST2305*07PPX120   0 -28 -29 -24 -18 -16 -17 -21 -22 -16  -7   0   3   6   9  25  29   6   6   4   7   4   6   4  -3  -4
DST2305*08PPX120   0  -3 -18 -21  -7  -6 -12 -16 -19 -20 -18 -13 -10 -13 -12   2 -21 -29 -20 -19 -19 -19 -24 -22 -28 -16
DST2305*09PPX120   0 -27 -29 -25 -22 -16 -20 -18 -15 -10  -8  -3   2   2  -6  -8 -14 -16 -18 -15  -9 -11 -12  -8  13 -12
DST2305*10PPX120   0   4   5   5  40  19   8   5  10  10   5  17  11   9   0   2  -6  -3  -8  -8 -10 -15 -18 -19 -14   2
DST2305*11PPX120   0 -11 -12 -10  -5  -5  -9  -7  -7  -6  -3  -2  -6  -2   0  -3  -7  -8  -7  -7  -7 -12  -9   2   5  -6
DST2305*12PPX120   0   8  10  10   8   2  -5   3  17  21  13  17  14  12  19  16  10   7  -2  -8 -16 -15 -11  -4  -3   5
DST2305*13PPX120   0   2   5   6   8   9   3   1  -3  -2  -5   0   0  -3  -1   1   6  13   8   3   1  -9 -22 -19 -14  -1
DST2305*14PPX120   0 -15 -17 -15  -6  -1   2   3   1  -1   0   3   2   1   3   5   7   4 -14 -24 -23 -20 -17  -8  -2  -6
DST2305*15PPX120   0  -1  -2  -2   1   3   2   3   1   2   4   5   5   4   4   0  -1  -3  -6  -6  -2   2   8  11   9   2
DST2305*16PPX120   0   5   3  -2  -5  -1   6   0  -1   0   3   1   0  -2   1   1   2  -1  -2  -2  -3  -3   0   0  -2   0
DST2305*17PPX120   0   3   6   6   9   8   7   5   4   5   5   4   3   4   4   5   6   7   6   6   5   3   5   9   9   6
DST2305*18PPX120   0   8   4   6  10  13  13  10  10   6   4   4   5   5   5   7  10  11  10  10   8   8   9   8   7   8
DST2305*19PPX120   0   8  10  14  20  20  17  15  16  13  13  19  18  18  18  21  26  25  17  12  17  31  30  16 -10  17
DST2305*20PPX120   0 -17 -27 -39 -43 -35 -37 -53 -56 -43 -43 -51 -57 -46 -44 -54 -53 -56 -52 -45 -44 -40 -35 -35 -35 -43
DST2305*21PPX120   0 -29 -25 -27 -20 -19 -23 -21 -20 -19 -16  -9 -10 -16 -19 -15 -18 -19  -8  -5 -16 -34 -34 -36 -38 -21
DST2305*22PPX120   0 -35 -39 -40 -38 -35 -33 -29 -26 -25 -15 -19 -19 -14 -12  -8  -3  -7 -15 -14 -15 -16 -15 -25 -30 -22
DST2305*23PPX120   0 -27 -24 -19 -14 -15 -12 -11 -10 -13 -12  -5  -4  -7  -9  -8  -6  -5  -7 -10 -11 -14 -16 -10  -9 -12
DST2305*24PPX120   0  -7 -15 -16 -12  -8 -13 -10  -5  -3  -2   0  -3 -11 -18 -14  -8  -9 -15 -16 -17 -17 -16 -15 -16 -11
DST2305*25PPX120   0 -17 -20 -16  -9 -11 -12 -10 -15  -8 -16 -14 -11 -18 -16 -11 -12 -16 -17 -16 -16 -15 -16 -15 -14 -14
DST2305*26PPX120   0  -9 -11 -13  -9 -10 -14 -11 -12 -11 -14 -13 -11 -11  -9  -9 -11 -10 -10 -10 -11 -11 -11  -9  -6 -11
DST2305*27PPX120   0  -7 -10 -10  -7  -6 -10 -10  -6  -2  -5  -6  -7  -9 -11  -9  -6  -4  -5 -10 -13 -13 -10 -11 -14  -8
DST2305*28PPX120   0 -12 -15 -15 -11 -13 -15 -12 -19 -22 -25 -26 -27 -28 -32 -29 -26 -25 -23 -19 -19 -17 -15 -12  -9 -19
DST2305*29PPX120   0  -8 -10 -12 -11  -9  -7  -3   0   0   3   2  -1  -2   1   2   4   5   4   2   1   1   0   0   5  -1
DST2305*30PPX120   0   8   8   8   9   7   4   5   8   6   4   7   8   5   6  10  15  16  13  10   6   1  -2  -1  -3   7
DST2305*31PPX120   0  -6  -8   2   5   5   6   5   0   0   6   4   2  -2  -4  -1  -5  -5  -3  -5  -5  -9 -17 -15  -7  -2

[Created at Tue Mar 5 04:33:36 UTC 2024]

DST2306*01PPX120   0 -19 -15 -19 -21 -27 -22 -15 -21 -33 -30 -26 -19 -20 -27 -33 -43 -42 -45 -45 -36 -29 -27 -22 -20 -27
DST2306*02PPX120   0 -20 -25 -24 -18 -16 -17 -15 -10 -10 -13 -13 -13 -15 -17 -15 -17 -17 -16 -13 -11 -12 -15 -14 -10 -15
DST2306*03PPX120   0  -9  -8  -7  -4  -3  -2  -5  -8 -10  -8  -5  -5  -3  -2  -2  -3  -2  -2  -3  -3  -1  -1   0   2  -4
DST2306*04PPX120   0   5  13  19  21  16  12  10   6   2   4   3   1  -5  -2   2   1   2   6   4  -8 -15 -16 -13 -13   2
DST2306*05PPX120   0 -14 -16 -13 -11 -11 -10  -8  -7  -6  -1  -3  -1  -1  -2  -1  -1   1   3   2   4   1   3   1   1  -4
DST2306*06PPX120   0   6   6  -1  -7  -4  -1  -2  -5  -4  -7  -7  -4  -3  -8  -9 -10  -8  -7  -8  -7  -5  -6  -7  -8  -5
DST2306*07PPX120   0  -6  -4  -4  -1  -1  -3  -1   2   1  -4  -4  -4  -6  -3  -1  -2  -2   0   1   1   0  -2  -2   0  -2
DST2306*08PPX120   0  -1  -2   1   5   4   4   1  -2  -5  -8  -8  -9  -9  -8  -5  -7  -5  -2  -2  -1   1   4   6   4  -2
DST2306*09PPX120   0   3   1  -1  -4  -5  -6  -5  -4  -1   0   2   2   3   4   6   9   8   5   4   3   3   4   4   1   2
DST2306*10PPX120   0  -2  -2   2   4   6   6   7   7   8   8   7   7   7   5   2   1   0   0   2   6  11  14  15  15   6
DST2306*11PPX120   0  11  14  14  15  13  10  12  18  22  24  22  18  15  15  13  11   9   1   0   1   4   3   8  10  12
DST2306*12PPX120   0   6   5   2   2   1   0   1   4   2   2   5   4   2   1  -5  -5  -5  -5  -5  -4   1   2   1  -3   0
DST2306*13PPX120   0  -4  -3  -1   1   0   1   2   1   3   4   5   3   4   3   3   1  -1  -7  -6  -4  -1  -2  -1  -1   0
DST2306*14PPX120   0  -4  -9 -11  -6  -4  -3  -2   0   1   3   3   3   1  -2  -1  -2  -2  -4  -5  -5  -3  -2  -1   0  -2
DST2306*15PPX120   0   1   0   2   1  -3  -3  -4  -6   1   4   7   4   4  20  19  19  -1 -11 -29 -35 -41 -37 -35 -41  -7
DST2306*16PPX120   0 -41 -45 -45 -54 -53 -61 -65 -59 -68 -72 -57 -52 -48 -51 -52 -59 -60 -58 -58 -57 -56 -49 -44 -42 -54
DST2306*17PPX120   0 -36 -35 -36 -34 -34 -38 -38 -35 -35 -34 -31 -28 -28 -29 -28 -33 -33 -32 -31 -32 -33 -33 -33 -35 -33
DST2306*18PPX120   0 -33 -32 -27 -30 -31 -34 -33 -28 -28 -28 -28 -30 -29 -29 -30 -33 -41 -47 -50 -47 -44 -41 -38 -37 -35
DST2306*19PPX120   0 -36 -37 -32 -29 -23 -25 -26 -23 -19 -15 -15 -15 -14 -17 -19 -22 -24 -28 -32 -34 -32 -25 -29 -33 -25
DST2306*20PPX120   0 -33 -28 -25 -21 -20 -21 -23 -20 -18 -18 -16 -17 -20 -22 -24 -25 -26 -25 -24 -21 -18 -18 -21 -21 -22
DST2306*21PPX120   0 -17 -20 -24 -16 -16 -19 -19 -16 -12 -12 -10  -8  -7 -10 -13 -17 -20 -19 -17 -16 -14 -15 -22 -19 -16
DST2306*22PPX120   0 -20 -17 -15 -13 -12 -15 -16 -15 -17 -30 -26 -25 -22 -22 -25 -28 -31 -34 -38 -39 -35 -30 -29 -33 -24
DST2306*23PPX120   0 -34 -30 -25 -19 -18 -19 -20 -17 -17 -19 -15 -16 -18 -18 -23 -23 -20 -23 -28 -29 -27 -30 -29 -26 -23
DST2306*24PPX120   0 -25 -26 -26 -22 -20 -23 -35 -30 -26 -22 -21 -24 -25 -24 -25 -31 -28 -27 -25 -22 -18 -27 -29 -33 -26
DST2306*25PPX120   0 -51 -57 -41 -38 -34 -43 -41 -36 -31 -29 -28 -28 -29 -29 -28 -33 -37 -45 -44 -43 -36 -31 -31 -34 -37
DST2306*26PPX120   0 -34 -35 -34 -30 -28 -32 -29 -25 -22 -24 -26 -27 -25 -27 -28 -33 -37 -33 -28 -24 -25 -26 -22 -23 -28
DST2306*27PPX120   0 -24 -22 -28 -28 -27 -26 -25 -29 -23 -23 -17 -15 -20 -22 -22 -25 -26 -28 -28 -23 -16 -13 -18 -24 -23
DST2306*28PPX120   0 -27 -24 -21 -18 -21 -21 -16 -13 -14 -15 -15 -14 -13 -15 -16 -19 -18 -19 -20 -17 -17 -11  -9 -12 -17
DST2306*29PPX120   0 -12 -14 -15 -16 -21 -23 -21 -19 -21 -30 -34 -29 -32 -33 -35 -39 -35 -39 -42 -44 -41 -40 -39 -33 -29
DST2306*30PPX120   0 -32 -31 -24 -26 -25 -25 -25 -24 -25 -23 -21 -19 -20 -23 -19 -20 -27 -27 -27 -24 -20 -17 -15 -17 -23

[Created at Tue Mar 5 04:33:51 UTC 2024]

DST2307*01PPX120   0  -8  -6  -8 -11  -8  -6  -6  -7  -7  -8  -8  -8  -8  -8  -8  -6  -9 -11  -8  -4  -2  -2   1   1  -6
DST2307*02PPX120   0   3   4   2  -2  -3  -1   1   0   0  -2  -4  -5  -5  -4  -6  -5  -4  -6  -5  -4  -5  -8  -9  -7  -3
DST2307*03PPX120   0  -4   1   6   8   6   5   7  10  10   9  10   8   6   3   4   2   0  -1   1   1   0   0   0  -1   4
DST2307*04PPX120   0  -2  -1   3   2   1   1   1   0   3   3   4   4   3   5   3   3   3   3   4   2   5  12  12  10   4
DST2307*05PPX120   0   9   6   3   4   5   7   7  11  15  15  14  19  24  30  29  27  25  23  22  24  19  13  22  20  16
DST2307*06PPX120   0  13  15  10   9   8   6   5   7  10   9  13  -2   0   6   7   5   5   3   3   7   8   5   0  -7   6
DST2307*07PPX120   0 -10  -4  -1   2   1  -3  -8  -3  -9 -23 -26 -27 -24 -20 -28 -31 -30 -32 -34 -35 -28 -27 -31 -31 -19
DST2307*08PPX120   0 -31 -25 -18 -18 -17 -16 -18 -19 -12  -9  -9 -10 -11 -12 -11 -10  -6  -1   1   4   3   1  -1  -2 -10
DST2307*09PPX120   0   0   1   0  -1  -2   1   1  -1   0  -1  -4  -6  -6  -5  -2  -2  -1   1   3   2   0  -2  -2   0  -1
DST2307*10PPX120   0  -1   0  -4  -4  -1   1   0  -1  -3  -3  -4  -3  -4  -3  -3   0   2   2   3   6   9  10   9   7   1
DST2307*11PPX120   0   9  10   8   4  -1  -3  -6  -7  -6   0   1   1   0  -3  -3   1   0  -4  -1  -1  -1   0   0   2   0
DST2307*12PPX120   0   3   4   7   6   2   0  -3  -2   1   3   4   2   0  -2  -2  -6  -7  -5  -1  -2  -4  -9  -9  -3  -1
DST2307*13PPX120   0   5   7  12  17  18  15  11   7   7   9   6   4  12  12  15  18  22  26  20  17  15  15  14  12  13
DST2307*14PPX120   0   7  -3  -2  -9 -21 -35 -43 -38 -31 -25 -18 -13  -9  -8 -10 -15 -11 -13 -23 -29 -26 -27 -34 -33 -20
DST2307*15PPX120   0 -26 -21 -16 -13 -14 -13 -12 -10  -9 -11  -9 -14 -16 -17 -21 -23 -23 -24 -23 -22 -23 -21 -23 -22 -18
DST2307*16PPX120   0 -20 -18 -16 -15 -16 -15 -15 -15 -17 -19 -19 -15 -12 -12 -12 -13 -14 -12 -10   0  -2 -16 -35 -53 -16
DST2307*17PPX120   0 -43 -30 -26 -27 -25 -17 -11 -18 -33 -38 -41 -48 -38 -39 -44 -48 -47 -42 -40 -40 -44 -44 -48 -39 -36
DST2307*18PPX120   0 -34 -33 -31 -31 -34 -32 -33 -32 -23 -19 -17 -13  -9 -12  -6  -4  -7  -9  -6  -4  -1  -3  -6  -9 -17
DST2307*19PPX120   0 -11 -15 -13 -10 -11 -13 -13 -10 -10  -8  -8  -4   0   1   0  -1  -2  -3  -6  -8  -4  -5  -5  -5  -7
DST2307*20PPX120   0  -1  -1   2   6   7   4   3   3   2   0   0  -1   1   5   7   5   9  22   9  -1  -1   0  -1  -2   3
DST2307*21PPX120   0   2  10  11   2   3   6   1  -2   4   5   2   2   7   8   7   2   4   2   3   0  -2  -1  -7 -22   2
DST2307*22PPX120   0 -34 -26 -14 -16 -20 -20 -17 -14  -8 -14 -17 -16 -14 -11  -9 -10 -10 -10  -9  -8  -9 -12 -14 -15 -14
DST2307*23PPX120   0 -11  -9  -6  -5  -4  -3   0  -2  -7  -7  -5  -5  -4  -3  -2  -5  -6  -7  -9  -9 -10  -8 -10 -11  -6
DST2307*24PPX120   0 -14 -16 -12 -10 -10  -6  -5  -5  -5  -3  -2   0   0  -4  -4  -5  -6  -8  -9  -7  -4  -1  -1   0  -6
DST2307*25PPX120   0  -2  -7  -9  -9  -6  -3  -4  -5  -4  -4  -3  -2   0  -2  -6 -12 -16 -17 -13 -15 -20 -25 -22 -12  -9
DST2307*26PPX120   0 -17 -12  -6 -13 -23 -23 -38 -44 -52 -47 -49 -39 -35 -36 -35 -38 -39 -40 -36 -28 -26 -27 -29 -27 -32
DST2307*27PPX120   0 -24 -20 -18 -16 -16 -11 -10  -8 -10  -6  -8  -2   2   5   7   6   4  -1  -8 -11 -11  -7  -7 -10  -8
DST2307*28PPX120   0 -13 -12  -6  -4  -4  -5  -2   1   3   3   3   7  11   8   6   5   5   6   9   8   2  -1  -7 -12   0
DST2307*29PPX120   0 -11 -14 -18 -16 -17 -16  -8  -4  -2  -3  -1   2   3  -3  -5  -2   2  -3  -6  -4  -3  -5 -10 -10  -6
DST2307*30PPX120   0  -9  -8  -6  -3  -5 -12 -15 -15 -17 -17 -13 -13 -14 -13 -13 -14 -16 -19 -20 -20 -20 -19 -17 -14 -14
DST2307*31PPX120   0 -15 -15 -15 -14 -12  -9 -15 -19 -15 -13 -15 -17 -22 -20 -15 -16 -20 -20 -17 -17 -23 -30 -29 -24 -18

[Created at Wed Jul 17 01:35:03 UTC 2024]

DST2308*01PPX120   0 -12 -11  -9  -5  -1  -4  -4   1   6   9  10  18  16  20  24  22  20  15   9  14  13  11   6   6   7
DST2308*02PPX120   0  10  15  21  22  23  12   4  -3  -9 -17 -26 -27 -32 -39 -45 -44 -39 -34 -28 -29 -32 -31 -30 -24 -16
DST2308*03PPX120   0 -20 -19 -15  -8  -6  -4  -4  -5  -7  -8 -12 -10 -13 -13 -13  -9  -7   0   3   1  -2  -3  -6  -6  -8
DST2308*04PPX120   0  -5  -7  -4  -1   0   0  -2   0   8   5   4   2   2  15  23  22  21  20  -2  -3  -6 -16 -22 -22   1
DST2308*05PPX120   0 -38 -53 -38 -33 -69 -89 -93 -79 -63 -63 -66 -78 -74 -71 -65 -68 -68 -63 -57 -52 -49 -45 -40 -39 -61
DST2308*06PPX120   0 -37 -37 -38 -36 -35 -34 -33 -33 -32 -32 -32 -30 -26 -23 -23 -22 -22 -17 -15 -14 -14 -15 -16 -15 -26
DST2308*07PPX120   0 -14 -12 -23 -35 -40 -39 -38 -36 -33 -31 -28 -23 -14 -10 -11 -13 -13 -12 -10 -15 -22 -23 -21 -20 -22
DST2308*08PPX120   0 -28 -31 -31 -30 -30 -30 -30 -29 -26 -23 -20 -20 -21 -18 -16 -14 -12  -9  -9  -6  -2  -2  -5  -7 -19
DST2308*09PPX120   0 -10 -14 -12  -4  -2  -5  -9  -9 -13  -9  -7  -4  -2  -1  -2  -2   2   4   4  -1  -1  -1  -5  -4  -4
DST2308*10PPX120   0  -3  -9 -11  -9 -11 -11  -9  -9 -14 -14 -15 -17 -13  -8  -2  -1   2  -1  -1  -5  -3  -4  -1   0  -7
DST2308*11PPX120   0   0  -3  -2   2   5   5   6   1  -2  -3   1   2   3   4   4   6   7   7   7   8   8   8   7   5   4
DST2308*12PPX120   0   2   2   3   2  -1   0   2   2   4   3   1  -2  -1   1   2   3   1   0   3   3  -3  -4  -3  -1   1
DST2308*13PPX120   0  -1  -1   3   5   4  -1  -1   3   3   3   3   3   5   5   5   6   6   9  10   9  10   8   8   8   5
DST2308*14PPX120   0   7   9  11  14  10   9   8  10  14  14  13   9   6   5   3   3   3   2   2   1  -1   2   5   6   7
DST2308*15PPX120   0   8   7  11  13  14  14  13  14  13  12  12  13  14  14  15  16  14  14  11   7   3   1   0  -1  11
DST2308*16PPX120   0   3   4   8  12  13  11   9  11  12  12  12  11  11  11   2  -8 -18 -21 -21 -19 -18 -12  -5  -1   1
DST2308*17PPX120   0   1   2   5   3  -1  -2  -7  -6  -5   2   5   4   2   2   1   4  14  17  17  21  22  23  26  29   7
DST2308*18PPX120   0  32  32  26  15   8   7  -3  -9  -3  -3  -8  -3   0   5   3   2   3   2   2   2  -3  -4  -6  -5   4
DST2308*19PPX120   0  -3   0   3   1   0   2  -1   0   2   3   4   6   9  11  14  15  17  18  18  16   0  -2  -1   0   6
DST2308*20PPX120   0   0  -4  -9  -8   0   3   4   4   6   8   1  -2  -2  -1  -2  -2   0   4   5   6   5   7   6   6   1
DST2308*21PPX120   0   5   6   8   9   4   5   8   9   6   6  12  10   1   0  -1  -3  -1   0   0   1   8  10  10   6   5
DST2308*22PPX120   0   3   6   3   0  -5  -5  -8  -9  -9  -9  -9  -7  -9  -8 -11 -11  -6  -1   1   1   1  -2  -3   0  -4
DST2308*23PPX120   0   3   4   6  10  12  11   9   9  10  12  12  12  11   9   9   8   7   6   7  10  12  13  15  17  10
DST2308*24PPX120   0  15  13  14  18  17  15  13  12  16  16  13   9   8  12  13   4   0   6   8   1  -6  -9  -5  -1   8
DST2308*25PPX120   0   4   5   4   2   1   0   0   1   3   4   4   4   0  -4  -7  -7  -4  -3  -3  -2  -2  -1  -2  -3   0
DST2308*26PPX120   0   0   1   6   6   1   2  -2  -4   1   3   5   2  -2   0  -3  -8  -9  -5  -4  -3   2   8  10   6   1
DST2308*27PPX120   0   7   2  -4  -6  -6 -11 -10 -15 -11  -4  -1   1   2   4   4   3   0   0  -3  -3  -4  -2  -1   1  -2
DST2308*28PPX120   0   2   1   0  -3  -8  -8  -9  -6  -7  -3  -4  -8 -12 -13 -11  -7  -3  -2   0  -3  -1   0   3   4  -4
DST2308*29PPX120   0   9  11  14  16  12  10  10  12  15  18  17   2  -8  -5  -4  -1   1   1   3   4   3   3   1  -2   6
DST2308*30PPX120   0  -4  -4   0   2   2   0   0   0   6   7   5  -3 -11 -13  -9  -7  -4   0   3   1   3   7   6   5   0
DST2308*31PPX120   0   8  11  14  13  12   9   0  -4   4  10  16  18  21  22  21  19  20  22  19  17  16  18  16  11  14

[Created at Wed Jul 17 01:35:10 UTC 2024]

DST2309*01PPX120   0   3   2   2   2   3  -3  -8  -8  -8  -7  -2  -1  -8 -16 -18 -19 -12  -7  -7 -13  -9 -12  -9  -5  -7
DST2309*02PPX120   0  -5  -4  -2  -6  -5 -21 -27 -29 -43 -61 -59 -57 -61 -50 -55 -62 -55 -43 -39 -43 -49 -45 -40 -33 -37
DST2309*03PPX120   0 -41 -38 -20 -12 -14 -21 -32 -22 -29 -31 -27 -23 -29 -29 -29 -35 -32 -26 -24 -23 -23 -23 -26 -29 -27
DST2309*04PPX120   0 -34 -34 -30 -24 -22 -21 -16 -14 -13  -9  -8  -9 -14 -18 -20 -17 -17 -18 -13 -11 -13 -14 -15 -15 -17
DST2309*05PPX120   0 -13  -9  -4  -4  -2  -1  -1  -2   2   3   3   5   2  -1  -2   3   5   0  -3 -12 -10  -9 -10  -9  -3
DST2309*06PPX120   0  -7  -6  -9  -7  -2  -2  -3  -5  -2  -1   0  -2  -5 -12 -13  -7  -2  -1  -5  -8  -6  -5  -2  -3  -5
DST2309*07PPX120   0  -4  -9  -9  -5  -2  -1  -1   3   3   5   5   1   0  -3  -2  -4  -4   1   1  -1  -3  -5  -8 -10  -2
DST2309*08PPX120   0 -10  -7  -3  -1   4   5   5   3   2   2   3   3   4   7  10  11  10   2   1   4   7   7   6   6   3
DST2309*09PPX120   0   2  -4  -5  -4  -5  -5  -2  -2  -1  -8  -6  -1  -2  -8  -9  -6  -6  -4   0   2   3   1   3   2  -3
DST2309*10PPX120   0   3   2   3   4   4   4   3   5   5   7   6   4   3   0  -1  -1  -3   0   2   2   3   4   4   6   3
DST2309*11PPX120   0  10  17  19  19  18  18  19  17  16  13  13  12  12  15  12   9   9  10   9   6   4   2   4  10  12
DST2309*12PPX120   0  13  17  15  14  14  14  15  19  20  21  19  22  31  27  11 -19 -36 -55 -55 -60 -68 -76 -82 -74 -11
DST2309*13PPX120   0 -67 -62 -59 -50 -50 -45 -42 -31 -30 -24 -27 -36 -36 -38 -39 -38 -36 -30 -29 -31 -36 -41 -41 -40 -40
DST2309*14PPX120   0 -37 -27 -28 -21 -17 -20 -16 -10 -11  -3  -7 -10  -9 -10  -7  -2   0  -1 -19 -26 -24 -35 -26 -25 -16
DST2309*15PPX120   0 -27 -24 -22 -22 -20 -16 -14 -12 -11  -8  -9 -10  -8  -9 -10 -10 -12 -17 -15 -11 -11 -18 -16 -17 -15
DST2309*16PPX120   0 -16 -11  -9  -6  -4  -4  -4  -4  -4  -1   0   1   1   1   1   1   4   1  -6 -11 -16 -21 -23 -22  -6
DST2309*17PPX120   0 -14  -7   6  -1  -4   1   4   5  -2  -6  -9  -5  -6 -10  -9  -6  -3   0   2   4  -3  -3   4   6  -2
DST2309*18PPX120   0   5   2  -3 -11 -18 -23 -22 -21 -16 -16 -17 -15 -15   1   9   6   0 -28 -60 -73 -71 -57 -51 -52 -23
DST2309*19PPX120   0 -51 -58 -85 -75 -81 -77 -69 -70 -65 -55 -55 -57 -66 -67 -66 -67 -59 -48 -49 -44 -43 -45 -41 -37 -60
DST2309*20PPX120   0 -42 -39 -38 -34 -29 -28 -27 -26 -27 -20 -25 -30 -25 -22 -20 -17 -17 -17 -13 -14 -12 -15 -12 -20 -24
DST2309*21PPX120   0 -15  -9  -9  -6  -7  -6 -10 -12  -9  -8 -10  -9 -12 -16 -24 -22 -18 -16 -16 -22 -27 -29 -27 -22 -15
DST2309*22PPX120   0 -22 -20 -20 -18 -15 -12 -13 -12  -5  -7 -11 -11 -15 -16 -18 -19 -16 -15 -15 -17 -16 -16 -17 -17 -15
DST2309*23PPX120   0 -16 -16 -15 -11 -11 -15 -19 -13 -14 -21 -27 -20 -20 -20 -19 -19 -17 -12 -14 -19 -18 -21 -21 -21 -17
DST2309*24PPX120   0 -23 -22 -21 -19 -19 -24 -27 -24 -25 -25 -18 -16 -17 -17 -16 -14 -14 -11  -7  -9   0   5 -23 -45 -18
DST2309*25PPX120   0 -52 -50 -69 -53 -43 -51 -34 -27 -33 -24 -29 -19   0   0  -1  -8  -6  -6  -8 -10 -15 -14 -14 -19 -24
DST2309*26PPX120   0 -23 -22 -20 -24 -25 -30 -41 -40 -47 -48 -53 -56 -58 -54 -45 -46 -43 -44 -45 -46 -40 -35 -31 -28 -39
DST2309*27PPX120   0 -18 -14 -11 -11 -16 -15  -4 -15 -16  -5   2  -9 -11   1   8  10   8  -2 -17 -17 -18 -17 -14 -14  -9
DST2309*28PPX120   0 -18 -23 -24 -26 -26 -23 -21 -20 -20 -19 -22 -17 -15 -14 -13 -10  -8  -6  -5  -5  -5  -1   1  -2 -14
DST2309*29PPX120   0  -4  -2  -4 -12 -19 -26 -33 -41 -44 -44 -47 -39 -35 -21 -18 -16 -14 -13 -12 -15 -17 -14 -10  -6 -21
DST2309*30PPX120   0  -5  -5  -5  -8  -8 -10 -16 -21 -26 -30 -26 -24 -20 -22 -24 -23 -20 -20 -23 -24 -27 -29 -29 -33 -20

[Created at Wed Jul 17 01:35:18 UTC 2024]

DST2310*01PPX120   0 -45 -35 -30 -32 -29 -25 -22 -24 -19 -19 -21 -25 -32 -33 -29 -25 -23 -20 -18 -17 -22 -21 -19 -16 -25
DST2310*02PPX120   0 -19 -22 -27 -22 -23 -26 -27 -28 -25 -26 -24 -21 -16 -13 -16 -14 -13 -16 -15 -18 -18 -17 -17 -11 -20
DST2310*03PPX120   0  -8  -7  -9 -11 -13 -13 -13 -11  -9  -9 -13 -18 -12 -15 -23 -30 -33 -38 -36 -28 -30 -26 -25 -25 -19
DST2310*04PPX120   0 -21 -20 -17 -20 -19 -23 -21 -20 -23 -18 -18 -27 -32 -33 -29 -26 -20 -18 -17 -16 -14 -21 -26 -22 -22
DST2310*05PPX120   0 -16 -20 -36 -48 -42 -37 -38 -35 -31 -36 -37 -29 -26 -28 -29 -24 -22 -21 -18 -17 -20 -19 -14 -10 -27
DST2310*06PPX120   0  -7  -7 -11 -17 -17 -13  -9  -4  -3  -1  -2 -10  -8  -7  -8 -10 -12 -12 -11  -9 -11  -6   3  -1  -8
DST2310*07PPX120   0  -1  -5  -9 -15 -18 -13  -4   1   5   3   1  -2   0  -3  -7  -8  -8  -6  -5  -5  -8  -9 -12 -15  -6
DST2310*08PPX120   0 -20 -24 -28 -31 -30 -26 -23 -21 -19 -21 -20 -17 -12  -9  -8  -3  -4  -7  -6  -3  -3   1   7   7 -13
DST2310*09PPX120   0   9  11   8   7   7   5   7   4   6  -2 -13 -21 -23 -23 -20 -25 -27 -27 -28 -21 -20 -15 -14 -14 -10
DST2310*10PPX120   0 -12 -13 -13 -11 -10 -11  -4   0  -5  -7  -7 -10 -10 -11  -9  -6  -2  -1  -2  -4  -5  -2  -2  -2  -7
DST2310*11PPX120   0  -1  -1   1   2  -1  -1   1   4   4   2   2   1   3   3   3   0  -3  -2   0  -1  -2   0   2   3   1
DST2310*12PPX120   0   4   5   2  -1  -1   2   3   5   7  10  10   5   4   4   6   9  10   8  10  15  15  14  14  14   7
DST2310*13PPX120   0  15  16  18  18  15   8   4   9  19  14  15  12   7  -1   8  11   2   9   1   0   2  -4  -7 -10   8
DST2310*14PPX120   0  -8  -3  -5  -9 -12 -11  -9 -10  -8 -12  -9 -10  -7  -4  -2   0   1   1  -1  -3  -1   2   5   4  -5
DST2310*15PPX120   0   2   1   0   0  -1  -1  -1  -1   2   2   1  -2   1   2   2   0   0  -2  -4  -3  -4  -2   1  -1   0
DST2310*16PPX120   0   1   3   4   3   1   0   0  -3  -3  -5  -5  -3   0   2   4   7   7   4   2   2   2   4   3   2   1
DST2310*17PPX120   0   2   2   1   1   4   7   7   4   3   2   2   4   5   6   8   9   9   8   8   8   7   8   7   9   5
DST2310*18PPX120   0  11  10   7  12  21  20  17  17  21  20  12  14   2 -13  -9 -11 -18 -15 -18 -24 -29 -29 -28 -25  -1
DST2310*19PPX120   0 -22 -25 -30 -33 -32 -32 -31 -33 -36 -38 -29 -29 -29 -29 -31 -31 -31 -30 -27 -20 -19 -17 -13  -9 -27
DST2310*20PPX120   0  -5  -7 -10 -10 -12 -11  -6  -8  -9  -5  -4   2   4   4   0  -1  -1  -2  -4  -9 -22 -28 -35 -42  -9
DST2310*21PPX120   0 -47 -53 -57 -60 -66 -76 -81 -88 -83 -77 -70 -71 -65 -59 -55 -51 -52 -43 -40 -38 -36 -31 -30 -31 -57
DST2310*22PPX120   0 -31 -34 -41 -40 -33 -26 -24 -28 -31 -32 -33 -31 -27 -24 -21 -25 -26 -25 -20 -23 -29 -24 -17 -16 -28
DST2310*23PPX120   0 -17 -18 -16 -14 -14 -14 -12 -11 -12 -13 -12 -11 -10  -9  -8  -8  -7  -4  -3  -3  -3  -2  -2  -3  -9
DST2310*24PPX120   0  -5  -4  -5  -5  -5  -6  -5  -6  -7  -5  -3   0  -2  -4  -5  -5  -3  -1  -5  -8  -7  -3  -2   0  -4
DST2310*25PPX120   0   2   0   1   2   0   2   2  -1  -3  -6  -6  -5  -1   1   2   2   4   0   0   3   1   0  -2  -3   0
DST2310*26PPX120   0  -5  -9  -8  -5   1  -1   3   4   2 -10 -25 -39 -36 -25 -33 -36 -34 -33 -33 -37 -36 -46 -38 -32 -21
DST2310*27PPX120   0 -33 -38 -47 -46 -43 -41 -48 -48 -45 -43 -43 -40 -33 -29 -28 -29 -29 -27 -24 -20 -17 -12  -9 -10 -33
DST2310*28PPX120   0 -10 -11 -10 -10  -7  -8 -22 -28 -33 -49 -57 -60 -57 -44 -38 -45 -44 -46 -40 -42 -38 -32 -23 -27 -33
DST2310*29PPX120   0 -42 -44 -34 -34 -47 -54 -47 -41 -54 -55 -58 -52 -41 -38 -35 -37 -34 -30 -27 -33 -34 -27 -28 -28 -40
DST2310*30PPX120   0 -32 -37 -40 -37 -31 -28 -26 -28 -30 -32 -31 -33 -29 -28 -25 -19 -15 -17 -20 -18 -19 -19 -17 -13 -26
DST2310*31PPX120   0 -12 -14 -18 -17 -15 -12 -13 -15 -16 -20 -28 -31 -21 -20 -17 -19 -18 -17 -17 -19 -23 -19 -16 -16 -18

[Created at Wed Jul 17 01:35:25 UTC 2024]

DST2311*01PPX120   0 -16 -16 -11 -11 -11  -9  -8 -12 -17 -16 -11  -7  -8  -8  -9  -7  -5  -2  -4  -5  -3  -3  -2  -3  -9
DST2311*02PPX120   0  -4  -3  -3  -7  -8  -5  -2  -4  -3   0  -2  -5  -4  -7  -7  -7  -4  -3  -2   0  -2  -2   0  -1  -4
DST2311*03PPX120   0  -2  -3  -2   0   0   0  -1  -2   0   1   0  -2  -2  -1   3   6   9  11   9   8   9   7   6   3   2
DST2311*04PPX120   0   3   1   0   0  -1   0   0   0  -2  -1   0  -1   2   6  13  17  16  25   4 -21 -30 -33 -33 -54  -4
DST2311*05PPX120   0 -43 -32 -26 -25 -25 -21 -19 -24 -24  -1 -44 -83 -76 -48 -43 -75-135-149-154-163-149-159-155-139 -76
DST2311*06PPX120   0-125-117-116-122-117-106-108-106-102-110-108 -96 -90 -82 -74 -68 -61 -63 -68 -65 -61 -61 -59 -62 -89
DST2311*07PPX120   0 -67 -66 -64 -62 -62 -66 -62 -58 -55 -51 -50 -48 -44 -43 -39 -38 -34 -34 -39 -36 -32 -31 -31 -26 -47
DST2311*08PPX120   0 -23 -25 -28 -31 -36 -34 -33 -33 -32 -39 -34 -28 -27 -27 -26 -25 -25 -25 -23 -30 -34 -30 -29 -30 -29
DST2311*09PPX120   0 -31 -32 -33 -34 -32 -33 -33 -33 -34 -31 -29 -26 -20 -19 -20 -21 -20 -23 -19 -18 -13 -11 -10 -10 -24
DST2311*10PPX120   0 -15 -16 -17 -22 -27 -28 -26 -23 -25 -25 -21 -18 -16 -18 -19 -18 -16 -15 -14 -16 -15 -11 -11 -12 -19
DST2311*11PPX120   0 -12 -15 -15 -15 -16 -16 -15 -14 -12 -12 -12 -12 -13 -12 -13 -12 -10 -10 -12 -10  -8  -4  -1  -3 -11
DST2311*12PPX120   0  -3  -4  -5  -5  -6  -5   3  -5  -6  -5  -2  -2  -6  -5  -7  -4  -1  -3  -1   0  -2   4  12  17  -2
DST2311*13PPX120   0  -3 -22 -38 -33 -25 -22 -25 -24 -22 -13  -8  -4   6  -3  -7 -12 -13  -4  -5  -8  -6  -5  -6  -6 -13
DST2311*14PPX120   0  -2  -3  -1   1  -4  -5  -1   4   7  10   8   6   2   1  -6  -4   0  -1  -7  -8  -9  -6  -5  -9  -1
DST2311*15PPX120   0  -9  -6  -3  -2  -5  -8 -12 -16 -15 -12 -11  -9 -10 -12 -13  -8  -6  -9 -14 -17 -13 -17 -18 -15 -11
DST2311*16PPX120   0 -17 -16 -12 -11 -13 -12 -14 -21 -23 -20 -19 -17 -17 -19 -20 -17 -12 -10  -8 -10  -9  -9  -9  -6 -14
DST2311*17PPX120   0  -5  -3  -4  -5  -5  -5  -6  -7  -7  -8  -7  -4  -2  -2  -4 -10 -12 -11 -10  -9  -8  -5  -5  -4  -6
DST2311*18PPX120   0  -1   2   4   5   5   6   8   9   5   6   8   8   7   5   4   5   4   5   8   8   8   4   2   4   5
DST2311*19PPX120   0   3   4   4   6   9   9   7   8   7  10  10  10  10  11  14  13  11   8   9  10   8   7   7  10   9
DST2311*20PPX120   0  13  13  12  11   9   6   7   9  13  15  18  23  21  16  11  14  16  15  14  14  15  14  17  21  14
DST2311*21PPX120   0  23  20  18  18  15   9   8   7   0  -6   2   5   7  -3 -25 -34 -32 -22 -17 -11 -14 -25 -25 -38  -5
DST2311*22PPX120   0 -30 -30 -36 -40 -43 -54 -59 -59 -50 -46 -40 -43 -38 -35 -33 -32 -25 -25 -31 -34 -40 -35 -33 -33 -39
DST2311*23PPX120   0 -34 -30 -25 -28 -30 -30 -32 -30 -28 -26 -24 -23 -18 -18 -21 -21 -20 -17 -16 -12 -12 -11  -9  -9 -22
DST2311*24PPX120   0 -10 -14 -18 -22 -24 -26 -23 -21 -19 -14  -9  -5  -7 -10 -10 -14 -15 -16 -13 -13 -15 -17 -10  -8 -15
DST2311*25PPX120   0 -15 -16 -19 -20 -21 -21 -20 -21 -21 -23 -42 -39 -51 -47 -59 -63 -54 -63 -82 -90 -77 -76 -82 -78 -46
DST2311*26PPX120   0 -74 -68 -64 -61 -60 -61 -62 -63 -51 -48 -49 -44 -41 -44 -43 -40 -38 -35 -34 -34 -30 -27 -24 -22 -47
DST2311*27PPX120   0 -21 -22 -24 -26 -31 -32 -31 -30 -28 -25 -25 -19 -18 -23 -23 -20 -18 -14 -13 -12 -17 -20 -16 -17 -22
DST2311*28PPX120   0 -15 -16 -15 -16 -19 -22 -20 -13 -11 -13 -14 -15 -14 -15 -20 -18 -16 -15 -15 -14 -13 -12 -11 -12 -15
DST2311*29PPX120   0 -11 -10  -9 -10 -13 -13 -17 -17 -14 -13 -13 -12 -10 -11 -14 -12  -8  -5  -4  -4  -4  -5  -6  -6 -10
DST2311*30PPX120   0  -4  -3  -5  -9 -11  -6  -6  -7  -8  -4  -3  -4  -6 -12 -12 -10  -7  -6  -6  -6  -4  -6  -8  -8  -7

[Created at Wed Jul 17 01:35:33 UTC 2024]

DST2312*01PPX120   0   6   6   2  -7  -9 -10 -25 -39 -33 -15 -17 -83-107-108 -95 -87 -88 -94 -83 -78 -61 -80 -90 -91 -54
DST2312*02PPX120   0 -99-100 -98 -93 -91 -85 -79 -76 -73 -70 -68 -66 -67 -65 -61 -57 -51 -52 -51 -51 -47 -38 -35 -33 -67
DST2312*03PPX120   0 -36 -34 -33 -27 -40 -40 -40 -39 -37 -35 -33 -35 -40 -31 -29 -24  -7 -17 -21 -34 -37 -33 -32 -33 -32
DST2312*04PPX120   0 -30 -28 -27 -26 -31 -23 -17  -6 -21 -16 -10 -21 -23 -23 -24 -21 -17 -12 -14 -16 -14 -11  -8  -9 -19
DST2312*05PPX120   0  -6  -6 -11  -8  -7 -16 -18 -14 -18 -16 -13 -26 -36 -32 -25 -22 -18 -21 -20 -23 -23 -21 -27 -30 -19
DST2312*06PPX120   0 -27 -23 -21 -21 -23 -24 -21 -16 -16 -20 -21 -19 -19 -23 -22 -17 -19 -16 -14 -13 -13 -12 -14 -18 -19
DST2312*07PPX120   0 -16 -13 -11 -12 -11 -11 -10  -8  -9 -10 -10  -8  -8  -9  -9  -7  -5  -5  -6 -10 -11  -8  -3  -5  -9
DST2312*08PPX120   0  -6  -7  -6  -6  -5  -3  -2  -4  -4  -2  -1   0  -2  -4  -4  -3  -3  -5  -7  -6 -10 -10  -8  -8  -5
DST2312*09PPX120   0 -11 -11  -8  -6  -5  -4  -3  -3  -6  -6  -4  -3  -5  -8  -7  -6  -8 -10 -10  -8  -6  -5  -4  -5  -6
DST2312*10PPX120   0  -7  -8  -6  -7  -8  -6  -6  -7  -5  -4  -4  -4  -3  -4  -7  -6  -3  -4  -5  -4  -5  -3  -2  -3  -5
DST2312*11PPX120   0  -2  -4  -3  -4  -5  -5  -4  -4  -5  -5  -4  -3  -3   0   1   0   0   2   3   3   4   6   9  11  -1
DST2312*12PPX120   0  10  10  10   7   0  -4  -3   1   6   9   9  13  15   4  -2  -7  -7 -12 -21 -23 -19 -15 -12 -10  -2
DST2312*13PPX120   0  -6  -2   1  -1  -6  -5  -5  -8 -16 -21 -19 -15 -14 -16 -17 -18 -19 -19 -17 -18 -18 -16 -14 -15 -13
DST2312*14PPX120   0 -26 -34 -40 -46 -54 -56 -60 -66 -74 -78 -74 -51 -46 -42 -41 -43 -44 -39 -35 -36 -39 -40 -35 -33 -47
DST2312*15PPX120   0 -32 -33 -31 -28 -25 -26 -26 -24 -27 -28 -24 -17  -6  -5  -3  -7 -12  -2  -5 -13 -18 -22 -16 -12 -18
DST2312*16PPX120   0 -24 -32 -28 -30 -22 -25 -19 -14 -16 -15 -12  -9 -10  -4  -4   2   3   8   9   5  -7 -17 -27 -35 -13
DST2312*17PPX120   0 -33 -30 -34 -35 -31 -35 -40 -35 -38 -33 -32 -45 -53 -44 -42 -56 -77 -58 -49 -47 -48 -39 -45 -38 -42
DST2312*18PPX120   0 -32 -28 -22 -25 -26 -20 -16 -46 -69 -58 -43 -46 -57 -57 -48 -39 -31 -27 -20 -20 -20 -28 -29 -27 -35
DST2312*19PPX120   0 -31 -36 -37 -43 -42 -34 -31 -30 -30 -31 -31 -27 -24 -24 -23 -24 -25 -21 -17 -18 -17 -18 -19 -22 -27
DST2312*20PPX120   0 -31 -33 -33 -31 -30 -29 -27 -25 -23 -24 -23 -20 -19 -22 -23 -27 -26 -21 -17 -21 -22 -21 -21 -23 -25
DST2312*21PPX120   0 -28 -29 -27 -23 -22 -22 -18 -17 -17 -20 -23 -17 -16 -17 -17 -16 -12 -11 -12 -13 -13 -14 -15 -15 -18
DST2312*22PPX120   0 -16 -17 -16 -13 -12 -10  -8  -5  -2  -2  -4  -4  -5  -3  -3  -3  -2  -3  -2  -3  -2  -9 -12 -10  -7
DST2312*23PPX120   0 -10  -6  -7  -2   2   6   5   2  -3   1   1   1   0  -5 -13 -17 -12  -2  -1  -1   3   6   5   3  -2
DST2312*24PPX120   0   2   0  -4 -11 -15 -15 -15 -14 -11 -13 -13 -21 -21 -15 -12 -12 -11  -6  -4  -2   1   2   0   0  -9
DST2312*25PPX120   0  -1  -5  -5  -2   3   5   8   8   5   4   6   5   4   2   0   2   7   9   2  -2   2   7   8   7   3
DST2312*26PPX120   0   5   2   2   6   3   5   7   8   7   9   9  11  12  15  14  14  12   9   7   6   6   7   8   7   8
DST2312*27PPX120   0   2   4   5   2  -2  -2   1   4   6   6   3   3   5   4   6   7   7   8  10   9  10  10  11   8   5
DST2312*28PPX120   0   9   9   8   8   8   7   8  10  11   8   6   5   6   7   7   8   9   9   8   7   7  10  11  13   8
DST2312*29PPX120   0  21  19  14  12  16  18  20  16  13  11  14  13  12  10   9  12  13  12  13  12  12  19  15  13  14
DST2312*30PPX120   0  16  18  14  17  14  13  15  15  14  11  10   9   5   4   5   8   7   9  13  11   6  10  11   8  11
DST2312*31PPX120   0   6   7   7   6   8   6   6   5   7   8   6   5   7   4   2   2   2   4   2   0   1   2   2   4   5

[Created at Wed Jul 17 01:35:40 UTC 2024]

DST2401*01PPX120   0   0   2   4   5   3   2   3   2   1   3   2  -4  -3   0   6  -1 -11 -24 -27 -21 -16  -9 -10  -7  -4
DST2401*02PPX120   0  -5  -5 -13 -17 -13 -13 -14 -13  -9  -5  -3  -6  -6  -6  -9 -14 -17 -14 -14 -17 -14  -9  -8  -8 -11
DST2401*03PPX120   0  -8  -7  -3   1  -2   2  11   7   3  -1  -4  -2  -3  -5  -5   3   7  -3  -6  -6 -15 -19 -22 -19  -4
DST2401*04PPX120   0 -18 -15 -14 -11 -11 -11  -8  -4  -4  -2   2   1  -2  -4  -9 -15 -14 -13 -15 -17 -16 -15 -15 -12 -10
DST2401*05PPX120   0 -10 -12 -15 -17 -18 -18 -20 -20 -16 -11  -5  -4  -5  -7  -8 -11 -14 -16 -12  -9  -9  -7 -10 -10 -12
DST2401*06PPX120   0  -8 -10 -12 -11  -8  -9  -7  -5  -3  -1   1   2   0  -1  -3  -4  -4  -6  -6  -6  -5  -7  -8  -8  -5
DST2401*07PPX120   0  -5  -4  -5  -5  -5  -5  -4  -2   3   5   6   6   6   1  -4  -3   2   4   2   2   3   4   6   5   1
DST2401*08PPX120   0   5   8   9   8   7   7   7   7   7   8   7   8   8   8  11  11  13  12  10   8   6   2   3   0   8
DST2401*09PPX120   0   2   3   4   6   5   5   3   3   4   6  12  13  11   7  10   6  -1  -1   0   0  -1   1   2   1   4
DST2401*10PPX120   0   0   1   4   8   9   8  12  14  11   2   2   2   3  -2  -2  -5  -7 -11 -11 -11  -9 -10  -7  -6   0
DST2401*11PPX120   0  -3  -3  -3  -3  -4  -7  -9 -14 -16 -11  -8  -9  -7  -7  -8 -15 -18 -16 -14 -13 -10  -8  -2   2  -9
DST2401*12PPX120   0   4   5   5   6   4   1   1  -1  -3  -4  -5  -7  -6  -4  -4  -8 -12 -11 -11 -10  -8  -4  -1  -2  -3
DST2401*13PPX120   0  -4  -3   0   1   1   0   0  -1  -4  -5  -4  -6  -6  -6  -4  -4  -4  -3   0  -2  -3  -2  -2   0  -3
DST2401*14PPX120   0   1   1   0   0   1  -1  -3  -5  -4  -5  -9  -9  -9  -8  -8 -14 -21 -24 -24 -22 -21 -13 -12 -11  -9
DST2401*15PPX120   0  -9 -10  -7  -2  -2  -3  -5 -10 -13 -13 -12 -10  -5   0  -6  -9 -13 -12  -8  -3  -1   2   4  -1  -6
DST2401*16PPX120   0  -4  -6  -9  -6  -7  -3  -1  -1  -6  -8  -9  -9  -8  -1   3   0  -4  -3   4   2   2   0   1  -1  -3
DST2401*17PPX120   0  -2  -5  -5  -4  -2   0  -1  -3  -3  -5  -6  -7  -5   0   4   3   1   3   4   7  10  11  10  12   1
DST2401*18PPX120   0  12   8   6   7   4   4   8   8   1  -4  -9 -10 -10 -14 -11 -12 -11  -8  -7 -11 -10  -5  -5  -7  -3
DST2401*19PPX120   0  -6  -6  -8 -12 -17 -18 -22 -23 -20 -11  -8  -8  -6  -5  -5  -5  -8 -12 -13 -13  -7  -1  -3  -6 -10
DST2401*20PPX120   0  -2   0  -1  -3  -9  -9  -5  -3  -5  -7 -11 -13 -13 -12 -13 -10  -7 -10  -9  -9  -6  -1   2   1  -6
DST2401*21PPX120   0   3   1  -1  -3  -4  -5  -6  -7 -11 -10 -11 -14 -12  -9  -4  -2   1   4   7   6   8  11  10   8  -2
DST2401*22PPX120   0   9   9   4   5   5   3   0   2  -1   1   1   0  -1  -1  -2  -2   5  14  13  11   9   0  -8   1   3
DST2401*23PPX120   0   4  -1  -9  -8  -4  -6  -7  -9 -11  -9  -8  -7  -3   2   3   3   4   5   2  -1   0   4   6   5  -2
DST2401*24PPX120   0  14   9   2  -2 -15 -15  -8  -9  -9  -9  -9  -7   3   6   5   2   3   2   2  -1  -1   4   7   7  -1
DST2401*25PPX120   0   9   9   5   2  -1   0   3   6   5   7   3   2   2  -3  -4   5   8   8   8   5   6   5   6   8   4
DST2401*26PPX120   0  10   9   5   2   2   0  -1  -1   0   4   5   6   9   7  -8  -8  -6  -8  -5  -5  -5  -6  -6  -6   0
DST2401*27PPX120   0  -4  -3  -8 -10  -6  -6  -7  -8 -10  -5  -4  -3   1   2  -1  -3   2   2  -1  -3  -1   8  14  12  -2
DST2401*28PPX120   0  13  14  13  17  15  12  13  14  10  16  19  13  17  12   8   7   5   2  -3  -7 -10  -7  -1  -2   8
DST2401*29PPX120   0   0  -5  -6  -4  -6  -5  -7  -9 -10  -6  -7 -10  -6   2  -1  -4  -5 -10  -9 -10  -8   1   7  10  -5
DST2401*30PPX120   0   9   8   2  -2  -4  -9 -11 -14 -14 -12  -8  -7  -8  -6  -6  -8  -7  -8  -9  -9  -4   3   1  -2  -5
DST2401*31PPX120   0  -1   1  -4  -9  -7  -6  -7  -6  -9  -9  -8  -4  -2  -2  -3  -6  -6  -7  -7 -11 -10  -3  -2  -1  -5

[Created at Wed Oct 16 04:05:37 UTC 2024]

DST2402*01PPX120   0  -8  -9  -7  -4  -2   1  10  13  13   3  -5  -3  -1   0  -3  -7  -6  -9  -6  -5  -6  -5  -2  -4  -2
DST2402*02PPX120   0  -6  -7  -7  -4  -3  -4  -5  -3   0  -1  -4  -5  -4  -4  -3  -2  -2  -2   0   1   2   3   3   3  -2
DST2402*03PPX120   0   3   1   0  -3  -1  -1  -1  -2  -1   0   0   2   3   5   4   2   2   0   3   5   7   9  10  10   2
DST2402*04PPX120   0   9   7   7   8   9   9   6   7   9   9  13  12   6   5   6   7  11  11   3   1  -2  -3  -3   2   6
DST2402*05PPX120   0   5   6   6   3   2   2   3   7   6  10  13  13  10  11  14  14  14   9   2   4   8  11  13  11   8
DST2402*06PPX120   0   7  11  11   3   2  -1   1   8  12   9   6   8   5   3   2   1   0  -7 -12  -9  -9  -4   0   4   2
DST2402*07PPX120   0   4   0  -4  -5  -5  -3  -1   4   4   1   3   5   2   0  -1   2   1  -2   0   2   2   1   3   3   1
DST2402*08PPX120   0   3  -1   0   0  -1  -1   1   2   2  -1   1  -1  -4  -7 -10  -7  -5  -7  -6  -4   1   3   8   8  -1
DST2402*09PPX120   0   7   5   2  -3  -4  -4  -1   0  -4  -5  -4  -5  -6  -9  -5  -2   0   2   6   8  11  19  20  13   2
DST2402*10PPX120   0  20  21  14  12  16  17  16  22  17  12   7   5   5   5   7  10  11  10   9  11  13  12  12  14  12
DST2402*11PPX120   0  20  20  33  13   1  -3 -10  -9  -6 -14 -21 -20 -14 -10 -15 -16 -15 -16 -13 -13 -14 -14 -15 -13  -7
DST2402*12PPX120   0 -15 -15 -14 -10  -4  -2  -4  -4  -2  -3  -4  -5  -4  -2  -1   0   1   1   0   0  -1  -1   0   2  -4
DST2402*13PPX120   0   3   0   3   6   4   4   5   8   4   0   1  -3  -7  -7 -11 -17 -18 -15 -16 -15 -12 -10 -14 -12  -5
DST2402*14PPX120   0 -10 -14 -16 -20 -20 -12 -13 -16 -18 -16 -13 -12 -10  -8  -8  -7  -5  -5  -4  -5  -5  -7  -8  -2 -11
DST2402*15PPX120   0  -2   0   4   3   2   2   3   1   1   2   3   3   1   0   0   0   3   4   2   0  -2  -3  -3  -6   1
DST2402*16PPX120   0  -8 -10 -13 -13 -11  -9  -5  -1   4   6   9  13  14  14  15   9   9   9  12  13  12   8   5   5   4
DST2402*17PPX120   0   4   1  -3  -6  -2   1   2   2   4   3  -1  -5  -4  -3  -4  -3  -3  -4  -4  -5  -4  -8 -12 -15  -3
DST2402*18PPX120   0 -21 -24 -26 -23 -20 -19 -17 -13 -12 -14 -11 -12 -11  -7  -6  -6  -8 -10 -12 -13 -11  -8  -6  -5 -13
DST2402*19PPX120   0  -3  -4  -6  -4  -1  -1  -2  -2  -6  -8  -7  -5  -4  -1  -1  -1  -2  -4  -6  -4  -1  -2   0   3  -3
DST2402*20PPX120   0   4   3   6   7   6   4   2   0  -5  -8  -6  -8 -10  -9 -14 -18 -17 -14  -8  -7 -11  -8  -9  -5  -5
DST2402*21PPX120   0  -3   0   2   3   4   4   5   7   4   3   1   1   5   6   8  10   8   3   3   0   0  -1   1   2   3
DST2402*22PPX120   0   5   3  -1   1   0   3   3  -2  -4  -1  -6  -8  -4  -2  -2  -1  -2  -6 -10 -13 -14 -12  -9  -5  -4
DST2402*23PPX120   0   0   2   2   3   2   2   3   5   5   7   9   7   6   3   3   5   5   6   7   6   3   1   1  -1   4
DST2402*24PPX120   0  -1   1   2   5   7   7   7   5   3   0  -6  -6  -3  -3   0   3   3  11  14  11   3 -13  -9 -10   1
DST2402*25PPX120   0  -7  -9 -13 -12 -13 -13 -12 -14 -20 -27 -27 -23 -12  -9 -15 -15 -12  -5   2   2  -1 -12  -4  -4 -11
DST2402*26PPX120   0  -3 -11 -14 -17 -13 -10 -17 -16 -18 -18 -14 -11  -8  -1   2  -1   1  -1  -1  -3  -6  -8  -5  -5  -8
DST2402*27PPX120   0 -15 -25 -21 -16 -11 -10 -19 -17 -16 -19 -19 -18 -15 -13 -11 -14 -13 -13 -11 -10 -12 -14 -11  -7 -15
DST2402*28PPX120   0  -3  -4  -4  -5  -6 -10 -11  -9  -7 -10 -17 -18 -15 -11 -12 -12 -10  -9  -7  -5  -8 -10  -9  -7  -9
DST2402*29PPX120   0  -2   0  -1  -1   1  -1  -1   0  -1   1   1  -1  -1  -4  -4  -4  -1   0  -2  -3  -4  -4  -2   0  -1

[Created at Wed Oct 16 04:05:45 UTC 2024]

DST2403*01PPX120   0   5   1  -5  -7 -11 -14 -14 -18 -22 -18 -11  -5  -6  -9 -11 -10 -14 -15 -17 -18 -18 -15 -13 -12 -12
DST2403*02PPX120   0 -10  -8  -8 -12 -12 -12 -12 -11 -11  -8  -5  -3  -2   4   3   2   1  -1  -1   2   3   1   0   1  -4
DST2403*03PPX120   0   2   5   4   4   4   8   8  11  10  13  31  33  35  13 -19 -49 -71 -99-111-112-102 -86 -81 -81 -26
DST2403*04PPX120   0 -86 -79 -67 -66 -69 -68 -61 -56 -52 -48 -43 -39 -34 -35 -39 -42 -39 -37 -37 -41 -41 -40 -40 -38 -50
DST2403*05PPX120   0 -37 -27 -25 -27 -27 -29 -33 -31 -34 -27 -26 -27 -28 -30 -31 -29 -26 -25 -25 -25 -22 -19 -18 -19 -27
DST2403*06PPX120   0 -20 -19 -18 -28 -32 -27 -19 -17 -15 -11 -10 -10 -13 -13 -17 -17 -14 -13 -15 -15 -13 -10  -8  -6 -16
DST2403*07PPX120   0  -8   3   3   1   0  -2  -2  -2  -4  -5  -9  -3  -5 -10 -11 -15 -12 -12 -22 -31 -36 -29 -19 -19 -10
DST2403*08PPX120   0 -16 -10  -7 -12 -23 -25 -19 -19 -18 -19 -15  -9  -6  -9 -14 -18 -18 -15 -13 -11 -16 -25 -23 -22 -16
DST2403*09PPX120   0 -21 -21 -19 -17 -20 -25 -19 -20 -23 -24 -22 -16 -14 -13 -14 -16 -15 -17 -19 -22 -17 -15 -13 -15 -18
DST2403*10PPX120   0 -13 -10  -8 -10  -9 -11 -13 -13 -16 -11 -11  -6  -5  -7 -11 -12 -15 -16 -13 -15 -16 -17 -17 -16 -12
DST2403*11PPX120   0 -14 -10  -6  -6  -8 -10 -10  -7  -8 -11 -11 -11  -6  -3  -2  -2  -1  -2  -5  -2  -1   1   1   0  -6
DST2403*12PPX120   0  -8  -9  -5  -6  -4  -3  -1   1  -1   1  -3  -7  -9 -12 -12 -12  -9  -6  -4  -1   0   2   3   3  -4
DST2403*13PPX120   0   4   2   1  -1  -2   0  -1 -10 -21 -20 -13 -17 -21 -19 -15 -11 -15 -17 -19 -17 -14 -15 -14 -13 -11
DST2403*14PPX120   0  -7  -2   0  -2 -12  -9  -2   0  -4  -9  -8  -6  -4  -4  -4  -5  -6  -7  -9  -7  -2  -1   1  -9  -5
DST2403*15PPX120   0 -12  -8  -7  -8 -12 -16 -15 -13 -14 -16 -13  -8  -7 -11 -14 -13 -12 -10  -7  -4  -2  -1   0  -2  -9
DST2403*16PPX120   0  -3  -1   0  -2  -1  -1   0   1   2   4   3   4   2  -2  -3  -3  -1   2   2   1   1   1   1   0   0
DST2403*17PPX120   0   1   3   3   1   1   2   4   5   7  10  11   9   6   4   3   3   5   5   4   4   4   4   3   2   4
DST2403*18PPX120   0   2   5   6   6   7   9  11  13  11  12  12  10   9   8   8   8  12  15  16  13   9   6  -6 -15   8
DST2403*19PPX120   0 -17 -16 -14 -19 -21 -25 -25 -19 -12  -9  -7  -8 -12 -16 -19 -17 -13 -11 -11  -9  -8 -12 -14 -10 -14
DST2403*20PPX120   0  -6  -5  -5  -5  -4  -3  -4  -4  -1   2   4   4   3   2   3   4   3   1   2   1   2   5   4   5   0
DST2403*21PPX120   0   7   9  11  18  16  17  18   8  -5  -8  -1   4  -6 -27 -39 -46 -40 -43 -55 -68 -72 -74 -57 -53 -20
DST2403*22PPX120   0 -49 -51 -44 -34 -33 -29 -21 -26 -25 -21 -16 -11 -21 -24 -22 -15 -16 -17 -21 -22 -22 -20 -17 -15 -25
DST2403*23PPX120   0 -12   3  10  11 -11 -19 -31 -35 -37 -33 -32 -25 -15  -8  -6 -15 -13  -7 -22 -42 -63 -79 -79 -66 -26
DST2403*24PPX120   0 -68 -64 -70 -66 -66 -61 -56 -54 -54 -53 -52 -55 -50 -48 -28 -25-101-114-103-126-128-119-109 -94 -74
DST2403*25PPX120   0 -88 -81 -62 -51 -53 -38 -57 -65 -63 -56 -46 -48 -51 -56 -51 -53 -57 -63 -63 -68 -66 -63 -60 -55 -59
DST2403*26PPX120   0 -56 -53 -56 -57 -52 -50 -46 -46 -46 -45 -35 -24 -26 -35 -37 -35 -34 -36 -37 -36 -36 -38 -40 -40 -42
DST2403*27PPX120   0 -33 -29 -26 -33 -33 -29 -28 -24 -17 -16 -18 -22 -26 -27 -23 -24 -24 -26 -28 -27 -18 -15 -15 -11 -24
DST2403*28PPX120   0 -12 -12 -11 -10 -12  -9  -9  -9 -10 -15 -17 -15 -13 -11 -11  -9  -8  -7  -4  -3  -2   1  -1   9  -8
DST2403*29PPX120   0   9   4   2   0  -2  -7  -9  -9  -3  -5  -7  -4  -7  -9 -10 -10  -8 -10 -10 -10  -8  -6  -6  -6  -5
DST2403*30PPX120   0  -5  -3  -3  -1  -1   2   3   4   6   3   0   1   2   7   8   7   3   4   4   5   5   4   8   9   3
DST2403*31PPX120   0   5  -1  -9 -12  -7  -7  -9 -17 -15 -14 -16 -16 -16 -17 -17 -13 -13 -15 -13  -9  -4  -5  -9 -11 -11

[Created at Wed Oct 16 04:05:53 UTC 2024]

DST2404*01PPX120   0  -4  -5  -9 -10 -17 -19 -22 -33 -30 -26 -23 -20 -17 -18 -16 -11  -9 -10 -14 -12 -12  -9  -7  -7 -15
DST2404*02PPX120   0  -9 -13 -16 -21 -18 -18 -17 -13 -10  -7 -10 -14  -9  -3  -4  -7  -8  -9 -11 -12  -9  -4  -2   0 -10
DST2404*03PPX120   0  -1  -8 -10  -9 -11 -10 -12  -9  -9  -8  -8  -6  -2  -1  -5 -11 -11 -10  -8  -9  -7  -2   1   3  -7
DST2404*04PPX120   0   3   3   3   2   6  13  18  17  12  11  11   4  -4 -12 -15 -18 -18 -21 -13 -13 -12 -13 -16 -18  -3
DST2404*05PPX120   0 -15 -14 -12 -15 -19 -12 -12 -12 -15 -19 -18 -16 -13 -16 -17 -19 -22 -18 -16 -20 -19 -18 -23 -23 -17
DST2404*06PPX120   0 -19 -18 -19 -20 -19 -20 -25 -27 -22 -13 -14 -15 -14 -13 -13 -15 -16 -17 -20 -21 -19 -13 -11 -11 -17
DST2404*07PPX120   0  -9  -6  -5  -8  -8  -7  -8  -7  -5  -1  -1   1   0  -3  -4  -9 -13 -17 -17 -21 -21 -20 -20 -18  -9
DST2404*08PPX120   0 -17 -13  -8  -8  -6 -10 -21 -23 -16  -8 -13 -15 -13 -12 -11 -12 -13 -14 -14 -14 -14 -11  -9  -6 -13
DST2404*09PPX120   0  -2   1   0  -3   0   3  -1 -13 -18 -12  -8 -10 -11 -10  -5  -5  -7  -7  -6  -9  -9  -5 -10 -17  -7
DST2404*10PPX120   0  -9  -7  -5  -8  -4  -6  -6  -3  -2  -1   0  -2  -1  -1  -3  -4  -3  -4  -3  -6  -5  -3  -2  -1  -4
DST2404*11PPX120   0  -1  -1  -1  -2   1   3   0   1   3   5   8   8   9   8   5   5   4   2   1   1   1   4   6   7   3
DST2404*12PPX120   0   2  -1   0  -1   1   2   4   1   2   4   4   4   5   5   4   6   6   7   7   8   9  11   9   9   5
DST2404*13PPX120   0   8   7   5   4   3   5   2   4   7   8   9  11  12  10   5   3   5   6   7   7  11  10   8   6   7
DST2404*14PPX120   0  10  12  12  13  13  12  13  16  18  18  21  16  14  15  17  17  17  15  15  14  10   5   2   1  13
DST2404*15PPX120   0   6   6   5   2   0   0   4   7   7   7   8  10  13  14  12  10  11   3   1  -2 -12 -16 -10 -11   3
DST2404*16PPX120   0 -25 -29 -26 -22 -28 -32 -34 -28 -28 -32 -43 -55 -51 -42 -35 -41 -45 -55 -54 -57 -61 -65 -59 -59 -42
DST2404*17PPX120   0 -49 -39 -36 -29 -25 -22 -19 -14 -15 -15 -24 -27 -26 -28 -31 -36 -40 -41 -36 -31 -25 -19 -16 -13 -27
DST2404*18PPX120   0 -11 -13 -12 -10  -5  -4  -4  -2  -1  -3  -5  -4  -3  -1   0  -3  -3  -2   0   0   1   2   8   9  -3
DST2404*19PPX120   0  10   8   3   3   1   1   8 -10 -26 -31 -42 -37 -33 -37 -44 -55 -69 -88-103-117-100 -99 -92 -83 -43
DST2404*20PPX120   0 -68 -63 -66 -68 -66 -67 -65 -59 -55 -59 -53 -49 -49 -49 -53 -53 -50 -48 -49 -49 -47 -48 -45 -43 -55
DST2404*21PPX120   0 -39 -38 -41 -49 -44 -39 -44 -48 -55 -49 -39 -45 -46 -47 -53 -57 -53 -49 -50 -59 -65 -61 -58 -52 -49
DST2404*22PPX120   0 -46 -44 -39 -36 -32 -36 -39 -37 -26 -24 -26 -27 -26 -27 -25 -26 -25 -25 -23 -23 -25 -24 -23 -19 -29
DST2404*23PPX120   0 -18 -18 -18 -20 -18 -18 -20 -24 -20 -25 -30 -26 -23 -21 -18 -16 -12 -13 -13 -20 -21 -22 -24 -26 -20
DST2404*24PPX120   0 -19 -13 -12 -14 -13 -13 -13 -10  -9  -6  -4  -5  -7  -7  -5  -2  -1  -2  -5  -7  -7  -6  -4  -3  -8
DST2404*25PPX120   0  -5  -4  -2   0   2   2  -1  -1   2   3   4   5   6   4   0  -3  -4  -2  -2   0  -3  -5  -6  -7  -1
DST2404*26PPX120   0  -9  -8  -3  -2 -11 -18 -22 -24 -25 -27 -28 -31 -32 -32 -38 -41 -51 -48 -40 -38 -40 -39 -39 -42 -29
DST2404*27PPX120   0 -36 -28 -23 -24 -21 -23 -26 -21 -15 -13 -10  -9  -6 -11 -23 -18  -5  -6  -7 -10 -23 -35 -39 -38 -20
DST2404*28PPX120   0 -33 -39 -34 -32 -25 -22 -25 -20 -11  -9  -9  -9  -7  -8 -10  -8  -4  -3  -3  -3  -3  -5  -3  -1 -14
DST2404*29PPX120   0  -1  -3  -1  -3  -4  -7 -10  -4   2   3   4   5   4   3   1   1   2   1   6  14  14  13  11   5   2
DST2404*30PPX120   0  12  14  10   9   7   1   0   2   5   6   7   7  19  33  34  25  11  -2 -10  -9  -6  -7  -7 -17   6

[Created at Wed Oct 16 04:06:01 UTC 2024]

DST2405*01PPX120   0 -19 -26 -21  -7  -5  -3  -5  -4  -2   0  -3  -4  -6  -5  -4   1   3   6   1   5  12  11  13  10  -2
DST2405*02PPX120   0   7   5  12  13  13  13   8   6  10  16  13   3  -3 -11 -11 -43 -71 -70 -82 -89 -88 -67 -44 -53 -21
DST2405*03PPX120   0 -55 -53 -47 -54 -51 -49 -47 -44 -38 -36 -33 -32 -31 -29 -30 -27 -27 -29 -30 -32 -28 -22 -17 -17 -36
DST2405*04PPX120   0 -18 -18 -17 -13 -10  -8  -7  -8  -9 -10 -10  -9  -9 -11 -11 -12 -12 -10  -9  -8  -9  -8  -3   2 -10
DST2405*05PPX120   0   4   2   3   0  -5  -7  -5   2   7   6   8  13  18  19  22  22  18  15  14  10  -1 -18 -33 -39   3
DST2405*06PPX120   0 -33 -43 -35 -34 -33 -27 -17 -17  -9  -6  -3  -4  -1   1  -3   1  -4  -9 -12 -13 -13 -10  -8  -5 -14
DST2405*07PPX120   0  -6  -6  -4  -7  -7  -3   2   6   4   1  -1  -4  -6  -7  -8  -8 -10 -15 -12  -8  -2   1   5   4  -4
DST2405*08PPX120   0   3   5   7   5   6   9   9   9   8   9   7   7   6   4   6   5   5   3   3   5   7  11  15  14   7
DST2405*09PPX120   0  15  17  18  15  15  14  14  13  14  15  15  17  18  21  21  18  18  20  22  22  21  20  20  17  18
DST2405*10PPX120   0  12  10  12  21  16   7   9  16  13  15  13   3  -1   1  10  23  25  66 -33-131-157-277-339-308 -41
DST2405*11PPX120   0-313-390-406-395-389-358-320-374-364-297-318-268-258-279-281-265-270-248-203-198-190-169-157-167-287
DST2405*12PPX120   0-150-142-135-138-138-143-132-132-131-114-104-108-108-104-102 -96 -97 -93 -87 -82 -75 -77 -86 -81-111
DST2405*13PPX120   0 -74 -76 -83 -88 -93 -86 -84 -67 -63 -59 -57 -61 -59 -63 -57 -51 -54 -55 -55 -51 -48 -44 -43 -46 -63
DST2405*14PPX120   0 -45 -48 -49 -51 -46 -42 -41 -43 -46 -49 -51 -53 -54 -48 -45 -44 -42 -42 -45 -44 -41 -39 -38 -41 -45
DST2405*15PPX120   0 -42 -40 -39 -39 -32 -30 -33 -35 -33 -33 -36 -44 -46 -44 -41 -40 -40 -38 -32 -32 -36 -42 -44 -49 -38
DST2405*16PPX120   0 -49 -51 -48 -46 -39 -29 -37 -32 -38 -74 -82 -73 -63 -73 -71 -73 -69 -68 -64 -58 -54 -52 -51 -49 -56
DST2405*17PPX120   0 -51 -52 -51 -50 -43 -37 -39 -34 -31 -30 -30 -34 -40 -28 -23 -21 -36 -52 -66 -77 -80 -78 -85 -88 -48
DST2405*18PPX120   0 -82 -81 -78 -78 -78 -72 -69 -66 -62 -62 -67 -68 -65 -63 -62 -62 -58 -54 -53 -49 -45 -38 -33 -34 -62
DST2405*19PPX120   0 -35 -32 -34 -37 -39 -42 -39 -37 -35 -32 -24 -26 -25 -24 -27 -33 -34 -33 -33 -28 -16 -14 -12 -12 -29
DST2405*20PPX120   0 -14 -15 -14 -20 -22 -19 -20 -34 -29 -24 -28 -30 -25 -18 -21 -19 -18 -18 -16 -13 -11  -9  -9 -13 -19
DST2405*21PPX120   0 -13  -9 -10 -13 -13 -12 -10 -11  -9  -7  -9 -15 -24 -20 -15 -12 -15 -17 -14  -9  -9 -12 -13 -14 -13
DST2405*22PPX120   0 -12 -12 -11 -12  -8  -7  -6  -5  -5  -6  -7  -6  -5  -4  -2  -1  -1   3   5   6   8   8   9   7  -3
DST2405*23PPX120   0   4   5   7   7  10   7   2   0  -8 -10 -10 -14 -14 -14 -16 -19 -25 -28 -28 -25 -20 -23 -26 -15 -11
DST2405*24PPX120   0 -16 -15 -12 -11 -16 -25 -26 -27 -21 -21 -18 -20 -23 -24 -23 -25 -25 -27 -26 -25 -23 -19 -11  -4 -20
DST2405*25PPX120   0  -1  -3  -6 -11 -11 -10  -8  -8  -9  -8  -8  -6  -5  -2  -2  -2  -3  -9 -14 -13 -10  -9 -15 -20  -8
DST2405*26PPX120   0 -19 -17 -14 -12 -13 -12 -11 -11 -12 -11  -7  -8 -10 -11 -17 -18 -22 -21 -22 -27 -27 -17 -11  -6 -15
DST2405*27PPX120   0  -5  -1   0  -1   0   0  -2   2  -1  -9 -10 -12  -4  -4 -10 -12 -12 -10  -9 -10  -7  -5  -6  -7  -6
DST2405*28PPX120   0  -5  -6  -8  -8  -4   2   4   4   8   9   7   6   3   0   1   5   8  10  11  10   8   7   8  10   4
DST2405*29PPX120   0  10  14  15  13  16  18  16  18  22  24  23  16  15  15  17  21  27  25  19  11  12   7   4   2  16
DST2405*30PPX120   0   1   1   4   5  10  11  11  14  16  17  12  13  10   5   5   0  -3  -5  -9 -17 -18 -17 -12  -7   2
DST2405*31PPX120   0  -5  -4 -11 -17 -22 -21 -21 -17 -18 -22 -21 -24 -22 -20 -20 -21 -18 -20 -25 -28 -26 -24 -21 -19 -19

[Created at Tue Jan 28 05:47:42 UTC 2025]

DST2406*01PPX120   0 -25 -21 -21 -22 -22 -19 -18 -17 -16 -13 -13 -11 -11 -10 -10 -11 -12 -11 -10 -12 -10 -12 -10  -9 -14
DST2406*02PPX120   0  -8  -8  -8  -4  -5  -4  -2  -3  -1  -1  -2  -3   0   2   3   3   8   8   7   3   2   1  -1  -4  -1
DST2406*03PPX120   0  -2   0   1  -2   0   0   1   0  -6  -7  -7  -8  -8  -8  -7  -6  -5  -4  -2   1   4   2   5 -12  -3
DST2406*04PPX120   0  -8  -6  -2   0  -6  -7 -14 -12 -18 -23 -22 -19 -15 -16 -20 -18 -17 -17 -20 -19 -16 -15 -14 -13 -14
DST2406*05PPX120   0 -12 -14 -15 -14  -8   0  -4 -10  -8  -3   0   8  12  13   6  -1  -5  -7  -9 -12 -11 -15 -18 -17  -6
DST2406*06PPX120   0 -14 -11 -12 -14 -20 -22 -18 -15 -18 -23 -22 -19 -16 -13 -10 -12 -12 -13 -12 -10  -7  -9 -10 -10 -14
DST2406*07PPX120   0 -12 -11 -11 -15 -12 -12 -14 -13 -19 -22 -26 -21 -14 -11 -19  -9  -7 -12 -13 -15  -9 -13 -19 -29 -15
DST2406*08PPX120   0 -34 -29 -25 -29 -22 -15 -20 -19 -19 -18 -16 -21 -23 -23 -24 -18 -16 -22 -22 -22 -18 -17 -17 -16 -21
DST2406*09PPX120   0 -15 -15 -15 -15 -14 -13 -12 -12 -13  -9  -9  -8  -8 -12 -17 -16 -14 -13 -16 -20 -18 -16 -16 -16 -14
DST2406*10PPX120   0 -14 -12  -9  -6  -4  -2  -1  -3  -5  -7  -4   0   3   5   9   8   7  18  18   8  -1  -1  -1  -1   0
DST2406*11PPX120   0  -8 -27 -35 -43 -44 -37 -30 -25 -23 -18 -14 -13 -13 -13 -11 -11 -10  -6  -4  -5  -6  -5  -3   1 -17
DST2406*12PPX120   0   1  -1  -3  -6  -2  -1  -2  -2  -2  -4  -6  -6  -7  -9 -10  -9  -8  -9 -12 -11  -9  -5  -4   0  -5
DST2406*13PPX120   0   1   0  -4  -8  -9  -8  -5  -3  -2   0   1   0   0   0   2   2   3   2   2   3   0  -4  -6  -6  -2
DST2406*14PPX120   0  -5  -2   1   3   3   2  -4 -12 -14  -9  -5  -6  -6  -5  -6  -8  -5  -4  -5  -9 -12 -12 -12 -12  -6
DST2406*15PPX120   0 -15 -18 -16 -10  -7 -14 -17 -12 -13 -13 -15 -13  -1 -20 -16  -7 -14 -13 -18 -15 -13 -11 -21 -31 -14
DST2406*16PPX120   0 -24 -18 -17 -18 -17 -19 -15 -23 -29 -24 -18 -32 -39 -31 -13 -11 -12  -9 -22 -27 -26 -22 -20 -18 -21
DST2406*17PPX120   0 -13 -12 -15 -16 -20 -13  -8  -8  -4  -1  -2  -4  -4  -3   0  -3   2   5   0  -2  -9 -17 -16 -14  -7
DST2406*18PPX120   0 -14  -5  -4  -6  -6  -5 -12 -12 -18 -16  -8  -7  -6  -7 -11 -15 -14 -15 -14 -13 -13 -10  -7  -2 -10
DST2406*19PPX120   0  -1   0  -6  -6 -15 -15 -12 -14 -14  -8  -2   0   0   0  -2  -7  -8 -12 -15 -15 -12 -11 -10  -8  -8
DST2406*20PPX120   0  -6  -9  -8  -8  -9  -4  -2  -3  -6  -5  -5  -6  -6  -4  -4  -7  -7  -8 -12 -15 -14 -12 -10 -12  -8
DST2406*21PPX120   0 -10  -1  -1  -3  -2  -2  -2   0   1   2   2   1  -1  -1  -3  -3  -3  -1   0   1  -1   0   3   4  -1
DST2406*22PPX120   0   5   4   6   8   4   1   1   3   3   3   3   5   8  11  11  14  13  12  15  15  17  17  14  12   9
DST2406*23PPX120   0  11   7  10  17  16  16  16  18  10   3  -5  -9  -4   0  -3  -5  -2  -3  -8  -9 -10 -11 -12 -10   1
DST2406*24PPX120   0 -10 -10  -8  -6  -5  -1   1   1  -1   1   5   6   6   7   7   6   5   6   5   4   2  -2  -2  -2   1
DST2406*25PPX120   0  -1  -4  -6  -8  -5  -4  -8 -11 -11 -14 -16 -16 -12  -7  -7  -6  -9  -8  -8  -7  -5  -2  -4  -2  -8
DST2406*26PPX120   0  -4  -4  -4   1   6   9  11   9  -2  -3 -15 -19 -19 -11 -10 -13  -9  -7  -8  -7  -7  -5   0   0  -5
DST2406*27PPX120   0  -3  -2   4   3   5   9  10  11  11  12  13  11  15  20  16  17  21  21  16   9   6   0 -13 -22   8
DST2406*28PPX120   0 -28 -37 -39 -41 -46 -63 -78 -79 -79 -77 -64 -76-107 -85 -68 -52 -51 -68 -61 -73 -72 -67 -71 -67 -65
DST2406*29PPX120   0 -64 -64 -61 -59 -55 -51 -51 -51 -51 -51 -51 -46 -41 -38 -37 -36 -32 -35 -41 -34 -24 -27 -31 -24 -44
DST2406*30PPX120   0 -16 -16 -23 -26 -25 -22 -23 -25 -26 -24 -25 -25 -21 -21 -21 -28 -34 -35 -34 -30 -28 -27 -27 -25 -25

[Created at Tue Jan 28 05:47:51 UTC 2025]

DST2407*01PPX120   0 -27 -27 -27 -26 -28 -28 -25 -20 -18 -22 -22 -21 -26 -30 -28 -23 -22 -19 -16 -15 -13 -11 -11 -14 -22
DST2407*02PPX120   0 -15 -14 -15 -20 -20 -19 -17 -15 -13 -12 -11 -10 -11 -12 -13 -14 -14 -16 -14 -12 -10  -6  -5  -5 -13
DST2407*03PPX120   0 -11 -16 -19 -19 -16 -17 -17 -13 -13 -10  -9 -11 -11  -9  -9  -9  -7  -6  -3   0   2   3  10  12  -8
DST2407*04PPX120   0  13  12   7   1  -1  -2  -1   3  -2   2   6   7   0  -8 -11  -9  -4   2   7   8   6   9   8   4   2
DST2407*05PPX120   0   2   2   4   4   0  -5  -9  -9  -7  -4  -3   3  13   9  11   1  -3  -7  -9  -5  -4  -5  -7  -9  -2
DST2407*06PPX120   0  -7  -9  -8  -7  -5  -4  -5  -5  -1   0   1  -1  -1   0   2   2   2   3   3   6   4   3   1   0  -1
DST2407*07PPX120   0   3   0   2   5   5   6   1  -2  -5  -4  -1   1   1   3   4   2   4   2   3   6   5   3  -2  -8   1
DST2407*08PPX120   0  -7  -6  -9 -14 -13  -8  -7   0   5   3   2  -3   4   8  11   3  -1  -3  -3  -3   0   2   5   7  -1
DST2407*09PPX120   0   4   4   5   4   3   0   0   2   4   2   1   2   2   1   3   6   6   5   5   3   3   7  10   6   4
DST2407*10PPX120   0   1  -2  -3  -1   0   0   3   6   7   5   4   2  -3  -6  -7  -7  -5  -2   0   4   7   6   3   0   1
DST2407*11PPX120   0  -7  -6  -3   1   0  -2  -5  -3   0   1   0   4   6   6   6   5   6   6   5   5   3   4   3   3   2
DST2407*12PPX120   0  -2  -6  -4  -5  -4   3   1  -2  -2  -3  -6  -4  -6  -7  -6  -3  -2  -1  -2   1  -3  -4  -1  -1  -3
DST2407*13PPX120   0  -4  -3   2   6   7   6   4   5   6   6   4   4   2   0   1   0   2   4   5   4   6   7  10   9   4
DST2407*14PPX120   0   4  -2  -4  -1   3   6   8   8  10  13  12  15  18  18  19  17  15  12  14  13  10  12  12  15  10
DST2407*15PPX120   0  11   4   2   4   5   5   5   8   7  11  11  10  12  15  18  19  19  12   7   7   6  11  16  12  10
DST2407*16PPX120   0   2  -9 -13 -13  -3  -1  -1   6  12  10  12  15  14  15  15  15  12  20  18  13  12  15  10   8   8
DST2407*17PPX120   0   5   1  -1  -1  -1   0  -1   5   9   7   6   3   2   3   3   4   2   1  -3  -3   0   1   1   1   2
DST2407*18PPX120   0   0   0   1   1   1   0   2   3   1   0   0   2   5   5   4   4   5   6   7   4   3   3   2   1   3
DST2407*19PPX120   0   1   4   5   6   7  10  11  10   8   7   8   8  10  11  12  15  13   8   5   4   2   2   3   2   7
DST2407*20PPX120   0   1   2   7   8  11  10  16  14  11   9   7   8   8   9   9   3  -2  -4  -3   0   2   8  10   9   6
DST2407*21PPX120   0   6   2   4  10  13  13  12  13  14  15  11  11  11  15  13  11   6   7   4   1  -1   2   3   2   8
DST2407*22PPX120   0  -3  -6  -5  -7  -8 -12 -13 -13 -17 -17 -18  -7 -10 -13 -15 -19 -21 -19 -18 -21 -22 -20 -20 -18 -14
DST2407*23PPX120   0 -17 -15 -11  -8  -7  -5  -3   1   5   7   7   5   3  -1  -3  -7  -5  -4  -2   1  14  26  28  26   1
DST2407*24PPX120   0  28  24  23  23  22  20  24  23  23  19  18  20  21  22  22  20  19  16  13  14  11   7   8   8  19
DST2407*25PPX120   0   5   2   2   8  13  11  14  15  14  13  15  16  16  19  23  18  11  11  10  11  19  22  16  12  13
DST2407*26PPX120   0   9  -4 -21 -15  -6 -26 -48 -50 -36 -31 -25 -21 -24 -18 -22 -35 -42 -38 -32 -30 -24 -24 -27 -30 -26
DST2407*27PPX120   0 -31 -25 -22 -20 -16  -9  -7  -7 -13 -23 -31 -19 -14 -15 -23 -26 -24 -25 -24 -24 -24 -21 -21 -22 -20
DST2407*28PPX120   0 -23 -24 -21 -16 -13 -11  -6  -4  -7 -10  -7  -3  -2  -3  -1   0  -3  -7  -5  -4  -4  -6 -10 -12  -8
DST2407*29PPX120   0 -14 -17 -20 -18 -16 -12 -10  -4  -2  -4  -8  -8  -4   2   5   4   2   1  -3  -5  -6  -2  -1   0  -6
DST2407*30PPX120   0  20  27  23   3  -7  -3 -14 -15 -20 -28 -25 -31 -18 -21 -18 -17 -24 -21 -20 -19 -19 -20 -20 -23 -13
DST2407*31PPX120   0 -21 -21 -15 -13 -12 -10 -14 -14 -13 -12 -12 -11  -5  -1   9  19  10   6   9  -3 -20 -25 -16 -11  -8

[Created at Tue Jan 28 05:47:57 UTC 2025]

DST2408*01PPX120   0  -3  -1  -5  -1   2 -11 -18 -15 -11   2   1   0   3   6   7  10  10  17  18  18  14  11  11  15   3
DST2408*02PPX120   0  20  23  21  21  23  20  22  15   9   9  11  12   5   2   0   1   4   6   9  10   8  10  12  14  12
DST2408*03PPX120   0  13   9   8   5  -2   2   5   4   0   2   6   7   4   7   9   6   6  11  15  17  11   7   3   3   7
DST2408*04PPX120   0   8  10   9   1 -12  -7 -12 -21 -48 -61 -55 -65 -66 -68 -72 -88 -99-100 -97 -91 -83 -72 -55 -47 -50
DST2408*05PPX120   0 -51 -52 -51 -54 -52 -46 -32 -27 -34 -31 -26 -31 -35 -35 -31 -28 -22 -16 -13 -13 -11 -12  -8  -7 -30
DST2408*06PPX120   0  -8 -11 -13 -13 -10 -10 -14 -15 -19 -17 -13 -11  -8  -4   0   3   2   0   0  -1  -2  -2  -1  -2  -7
DST2408*07PPX120   0  -1  -1  -1  -1  -1   0   3   4  -3  -2  -2  -6  -4   3   6   9  10  13  15  15  13  10   7   4   4
DST2408*08PPX120   0   0   1   0  -1   0   1   1  -2  -3   1   3   9   9  11  16  20  17  19  17  19  15  13  13  13   8
DST2408*09PPX120   0  15  15  14   8   8  15  17  15  13  11  12  12   9  10  10  14  15  19  21  20  17  17  13  14  14
DST2408*10PPX120   0  13  13  14  13  11   9   5   4   3   1   4   8  10  21  23  26  18  18  19  20  17  15  13  16  13
DST2408*11PPX120   0  25  31  38  38  29  35  40  19  19  34  24  50  35  38  54  50  41  65  64  71  68  62  60  38  43
DST2408*12PPX120   0   4  -4  -8 -45 -87-125-128-139-125-131-118-141-132-148-170-175-188-183-170-167-167-151-127-110-122
DST2408*13PPX120   0-103 -95 -92 -87 -90 -83 -75 -73 -74 -74 -69 -63 -63 -62 -57 -55 -55 -49 -46 -53 -49 -46 -50 -51 -67
DST2408*14PPX120   0 -55 -60 -58 -44 -34 -31 -37 -42 -43 -39 -33 -33 -32 -28 -25 -24 -23 -23 -19 -17 -16 -18 -19 -17 -32
DST2408*15PPX120   0 -11  -9  -5  -7 -11 -10 -10  -9 -10  -9  -6  -7 -10 -11  -9  -7  -5  -5  -3  -1   1   4  -2  -1  -6
DST2408*16PPX120   0  -4  -6 -14 -16 -13 -13 -17 -24 -24 -27 -31 -28 -23 -14 -16 -19 -20 -12 -11 -11 -11  -9  -6  -2 -15
DST2408*17PPX120   0   0   2   2   4   4   2  -3  -4  -6  -4  -2   3   2   3  19  31  12  27  48  37  19  -7 -20 -10   7
DST2408*18PPX120   0  -1   4   2   5  -4  -2  -2   3   8  10  14   7   9   6  -5  -8  -5  -8 -11 -15 -15 -14 -10  -5  -2
DST2408*19PPX120   0   1   4   3   4   2   3   5   5   2   1   2   3   0  -1  -4   4   9  10   1  -6 -14 -23 -23 -26  -2
DST2408*20PPX120   0 -21 -11  -4 -14 -21 -17 -11 -13 -11  -4   0  -5 -10 -12 -14  -9 -12  -9  -9  -9 -10 -10 -10 -13 -11
DST2408*21PPX120   0  -8  -3   5   7   6   7   9   0  -8  -3   3   1  -2  -6  -4  -3   2  -2  -7 -12 -11  -9  -6  -3  -2
DST2408*22PPX120   0   1   2   7   9   9   2  -4  -7  -8  -2   7  10   9  14  19  17  13  16  18  14  10  10   8   8   8
DST2408*23PPX120   0  11  15  17  18  21  15   8   7   4  14  19  19  14   7   5   5   5   8   9   6   0  -2  -3   0   9
DST2408*24PPX120   0  -2  -4  -3   0  -4  -8  -2  -1  -8  -9   1   2  -1  -6 -10 -11 -13  -5  -1  -3 -14 -17 -19 -17  -6
DST2408*25PPX120   0 -12  -4  -1  -1   0  -1   0  -1   4   3   7   9   9   9  10  10  10  12  10   7   5   5   4   2   4
DST2408*26PPX120   0   1   3   7   7   7   9  11  12  11   9   7   7   9   9   7   7   6   4   4   6   9  11  12  10   8
DST2408*27PPX120   0  10  13  15  16  16  16  15  15  19  31  26  25  19  22  23  26  17  18  26  28  23  12   2  -4  18
DST2408*28PPX120   0 -21 -30 -33 -41 -61 -75 -76 -72 -75 -69 -53 -44 -42 -37 -38 -33 -29 -28 -30 -30 -29 -28 -25 -20 -42
DST2408*29PPX120   0 -13 -10  -9  -8  -6  -4   0   4   6   5   9   8  10  10   7   4   4   5   6   8   5   4   8  10   3
DST2408*30PPX120   0  12  12  17  17  14  11  12  12  15  24   7  -3 -14 -25 -36 -30 -27 -27 -39 -51 -55 -49 -46 -42 -12
DST2408*31PPX120   0 -48 -58 -66 -69 -68 -71 -73 -50 -45 -36 -32 -32 -31 -24 -16 -21 -18 -14  -9 -20 -32 -39 -43 -42 -40

[Created at Tue Jan 28 05:48:02 UTC 2025]

DST2409*01PPX120   0 -51 -43 -38 -41 -42 -43 -34 -26 -27 -28 -19 -17 -16 -14 -19 -23 -29 -31 -34 -34 -29 -25 -23 -22 -30
DST2409*02PPX120   0 -18 -17 -14 -13 -16 -14 -11 -10 -11  -8  -4 -10 -11  -6  -7 -14 -21 -21 -17 -17 -15 -11  -8  -5 -12
DST2409*03PPX120   0   2   6   9  10   8   3  -3  -5  -7  -6  -6  -7  -7  -6  -2   2   9  11  10   7   8   7   9  14   3
DST2409*04PPX120   0  15  17  16  16  15  16  18  22  26  25  35  31  30  37  24  17  24  23  28  22  16  13  10  11  21
DST2409*05PPX120   0  14  15  17  14  12  15  14  17  18  16  12  11  10  11  14  17  18  20  18  14  16  16  21  22  16
DST2409*06PPX120   0  20  17  16  15  13  14  18  19  17  11  16  16  10   7   8  12  16  17  13   6   3   1   6   9  13
DST2409*07PPX120   0  10   6   8  10   8   9  11  15  18  19  18  14  15  13  10  15  15  14  11  15  18  17  18  19  14
DST2409*08PPX120   0  22  17  14  10   7   4  12  16  11  12  13  14  15  10   7  11  13  12  14  12  19  21  19  13  13
DST2409*09PPX120   0  10   2  -2  -3  -8  -4   2   6   8   2   5   2   0  -3  -2   4  11   8   6   6   6   7   8   5   3
DST2409*10PPX120   0   1   0   1   1   1   4   6   9   9  10  12   5   4   4   0   2   5   8  10  14  20  19  17  11   7
DST2409*11PPX120   0  10   8   8  11  11   9  10  12  15  13  19  17  17  17  13  17  29  20  11   9  18  14   9   7  14
DST2409*12PPX120   0  13  18  17  22  38  31  18 -23 -67 -78 -90 -85 -80-112-121-103 -80 -78 -95-107-115-109-101-108 -58
DST2409*13PPX120   0 -97 -96 -88 -93 -92 -99-100 -87 -91 -91 -86 -78 -71 -71 -74 -70 -61 -62 -60 -59 -63 -74 -69 -61 -79
DST2409*14PPX120   0 -61 -60 -60 -60 -58 -54 -52 -50 -56 -65 -64 -62 -62 -53 -55 -53 -51 -52 -52 -51 -51 -54 -52 -40 -55
DST2409*15PPX120   0 -35 -34 -34 -43 -50 -57 -60 -56 -53 -54 -47 -43 -41 -44 -43 -41 -37 -43 -43 -46 -44 -40 -37 -34 -44
DST2409*16PPX120   0 -29 -33 -34 -30 -29 -36 -33 -39 -44 -39 -31 -49 -53 -45 -34 -31 -34 -37 -36 -32 -30 -27 -22 -11 -34
DST2409*17PPX120   0 -23 -42 -80-102-120-119-120-114-121-120-119-116 -96 -87 -94 -91 -90 -93 -91 -85 -78 -76 -68 -60 -92
DST2409*18PPX120   0 -59 -62 -62 -56 -53 -50 -47 -44 -41 -37 -33 -33 -36 -35 -31 -34 -39 -40 -36 -34 -31 -30 -32 -45 -42
DST2409*19PPX120   0 -57 -65 -55 -47 -49 -52 -49 -42 -37 -36 -30 -28 -37 -46 -51 -43 -45 -44 -45 -45 -41 -39 -39 -36 -44
DST2409*20PPX120   0 -33 -30 -28 -27 -25 -21 -17 -16 -17 -16 -10  -9  -6  -6  -9 -13 -15 -16 -19 -15 -15 -16 -16 -15 -17
DST2409*21PPX120   0 -12 -10 -12 -13 -11 -10 -10 -12  -5  -1  -1   0  -1  -1  -2  -4  -4  -4  -6  -3  -6  -4  -2  -2  -6
DST2409*22PPX120   0   0  -3  -3  -1   0   0   2   3   1   3   0   1   2   3   3   0   0  -1   1   5   7  12  14  11   3
DST2409*23PPX120   0   7   4   3   4   4   4   4   4   2   2  -2   5  15  14   1  -9 -15 -23 -18 -11  -7  -6  -2   2  -1
DST2409*24PPX120   0  15  19  17  16   6   5   3   2  -2 -20 -34 -38 -37 -35 -33 -28 -25 -22 -22 -19 -22 -15  -3 -12 -12
DST2409*25PPX120   0 -18 -14 -16 -17 -38 -53 -42 -44 -49 -47 -38 -32 -28 -33 -33 -32 -37 -36 -42 -45 -51 -48 -41 -42 -37
DST2409*26PPX120   0 -30 -24 -28 -38 -43 -36 -34 -28 -27 -27 -32 -37 -31 -21 -26 -32 -31 -35 -32 -24 -19 -13  -7  -8 -28
DST2409*27PPX120   0 -11 -14 -13 -14 -18 -20 -27 -33 -38 -38 -36 -37 -39 -31 -25 -23 -20 -20 -19 -13 -10  -8  -6  -6 -22
DST2409*28PPX120   0  -6  -9 -10 -10 -12 -10  -7  -2   0  -1  -6 -14 -18 -15 -10 -11 -14 -20 -18 -18 -16 -16  -5   1 -10
DST2409*29PPX120   0  -5  -9  -9 -13 -11  -8 -12 -19 -22 -18 -13 -12  -5   6   7   0   0  -6  -9  -7  -3 -10  -6  -1  -8
DST2409*30PPX120   0  -6 -20 -25 -21 -22 -22 -21 -18 -14 -13  -6  -6  -7  -3  -2   0  -2  -7  -9 -11 -11 -12 -16 -11 -12

[Created at Tue Jan 28 05:48:07 UTC 2025]

DST2410*01PPX120   0  -4  -4  -4  -4  -5  -6   1   6   6   5   4   4   3   2   5   6   3   3   1   3   8   9   8   8   2
DST2410*02PPX120   0   9  10   9   9  15  21  14  14  14  11  11  12  12  13  15  18  15  13  15  15  13  11  12  13  13
DST2410*03PPX120   0  18  22  21  23  23  21  22  23  23  25  21  17  14   5  -1   4  11  13  13   9   6   8  11  13  15
DST2410*04PPX120   0  16  17  17  17  16  19  22  22  22  21  20  20  20  19  18  12  15  14   4   3   3  -4  -4  -3  14
DST2410*05PPX120   0   2   6   9  10  11  14  15  14  15  17  12  13  13  15  17  21  21  16  12  10   5  10   8   7  12
DST2410*06PPX120   0  11   9  13  15  16  17  20  27  38  38  35  31  33  34  32  36  33  26  26  18  18  -2 -11 -33  20
DST2410*07PPX120   0 -25 -33 -29 -24 -23 -27 -22 -12 -13  -8  -9 -23 -47 -35 -28 -33 -41 -58 -71 -71 -96 -82 -69 -73 -40
DST2410*08PPX120   0 -95-107-106-116-135-136-136-148-136-104 -98-100 -98 -82 -75 -72 -72 -68 -63 -66 -60 -53 -54 -66 -94
DST2410*09PPX120   0 -75 -77 -70 -66 -76 -83 -66 -56 -59 -57 -56 -57 -52 -53 -51 -52 -46 -40 -36 -34 -33 -35 -34 -32 -54
DST2410*10PPX120   0 -32 -32 -32 -32 -30 -24 -18 -14 -12  -9 -11  -9  -6 -12 -13  47  11 -50-112-176-201-220-243-303 -64
DST2410*11PPX120   0-309-333-296-283-276-270-270-261-244-259-224-209-189-179-169-146-134-118-109-102 -98 -94 -90 -74-197
DST2410*12PPX120   0 -68 -71 -72 -77 -76 -74 -66 -70 -67 -63 -67 -75 -55 -55 -55 -64 -62 -55 -52 -45 -40 -42 -44 -41 -61
DST2410*13PPX120   0 -39 -38 -36 -36 -36 -35 -32 -31 -29 -26 -25 -27 -26 -29 -33 -35 -34 -32 -26 -22 -24 -23 -18 -14 -29
DST2410*14PPX120   0 -12  -9  -9 -16 -19 -20 -17 -18 -12  -9 -11 -11 -10 -10 -13 -11 -12 -12  -5  -9 -13 -14 -18 -20 -13
DST2410*15PPX120   0 -26 -31 -29 -34 -31 -29 -28 -34 -31 -32 -28 -19 -14 -16 -15 -15 -19 -22 -31 -28 -24 -20 -16 -17 -25
DST2410*16PPX120   0 -14 -16 -13 -18 -22 -18 -22 -26 -19 -24 -21 -14 -12 -10 -14 -13 -15 -23 -24 -21 -22 -24 -21 -17 -18
DST2410*17PPX120   0 -15 -19 -20 -21 -20 -28 -24 -15 -13  -9  -9  -6  -6  -6  -5  -7  -8  -8  -8  -9  -9  -8  -9 -14 -12
DST2410*18PPX120   0 -15 -21 -25 -23 -19 -20 -13  -9  -5  -2  -5  -2   0   3   2  -1  -6 -21 -20 -12  -5 -13 -15 -10 -11
DST2410*19PPX120   0 -25 -29 -30 -39 -41 -47 -41 -39 -34 -31 -30 -21 -15 -18 -24 -24 -25 -30 -29 -25 -34 -37 -30 -25 -30
DST2410*20PPX120   0 -21 -24 -23 -21 -18 -16  -9  -5  -3  -1  -1   2   3   4   2   2   4   1   0  -1   0  -1   1   4  -5
DST2410*21PPX120   0   5   2   3   2   1   2   3   3   0  -2  -3   1   4   7   8  10  14  15  12   7   6  10   8   3   5
DST2410*22PPX120   0  -2  -6  -5  -1  -3  -7  -7  -9 -11  -5  -1   1  -2 -10 -15 -18 -24 -29 -28 -29 -28 -22 -13  -8 -12
DST2410*23PPX120   0  -3  -2   5   2  -3   5  10   8  10  13  11   2   1   3   5   6   4  -1  -4  -1  -1  -1   0   0   3
DST2410*24PPX120   0   2   1  -3 -12 -14 -17 -23 -24 -24 -23 -21 -13  -8  -3  -3  -3  -1  -1  -7  -8  -9 -10  -3   1  -9
DST2410*25PPX120   0   3   3   4   6   6   6  10  12  13  13  14  16  15  16  16  16  15  14  12  13  14  15  15  10  12
DST2410*26PPX120   0  12  15  19  16  14  14  18  21  21  25  24  21  24  26  20  19  30  25  20  14  -2  -6   9   3  17
DST2410*27PPX120   0   0   5   8  10   9   7   9   9   5   4   1   2   4   0  -2  -7 -11 -19 -19 -17 -20 -17 -11  -8  -2
DST2410*28PPX120   0  -4  -6  -4  -5  -4  27  27   9   3   6   0   0   8  11   6   4   6   3  -4  -4  -1  -1   2   3   3
DST2410*29PPX120   0   3   4   1   4   4   2   3   1   0   3  -2  -3   3   7   5   4   8   1   0  -3 -13 -15  -8  -5   0
DST2410*30PPX120   0 -12 -22 -20 -15 -19 -24 -20 -18 -16 -29 -24 -14 -19 -16 -16 -14 -14 -14 -13  -8  -4   2   8   9 -14
DST2410*31PPX120   0   9   9   8   2   1   4   8   8   5   4   1   4   5   5   3   2   0   0  -5  -1   5   1 -10 -15   2

[Created at Tue Jan 28 05:48:13 UTC 2025]

DST2411*01PPX120   0 -30 -24 -25 -26 -23 -24 -21 -16 -17 -17 -21 -19 -23 -18 -14 -13 -11  -8  -5  -8  -6  -4  -4  -4 -16
DST2411*02PPX120   0  -6  -3  -1   0   2   2   2   0  -8 -15 -30 -33 -40 -43 -41 -42 -33 -28 -27 -26 -28 -33 -31 -36 -21
DST2411*03PPX120   0 -38 -30 -27 -26 -23 -23 -21 -18 -19 -20 -18 -19 -20 -16 -12  -9  -7  -1  11   8  -5 -15 -18 -24 -16
DST2411*04PPX120   0 -30 -35 -32 -20 -16 -26 -31 -32 -33 -30 -29 -30 -31 -27 -21 -21 -17 -14 -11  -8  -7  -6  -6 -14 -22
DST2411*05PPX120   0 -22 -19 -15 -12 -11 -12 -10 -10 -10  -5  -4  -8  -9  -7  -2   1  -3  -3  -3   0  -2  -9 -17 -20  -9
DST2411*06PPX120   0 -22 -21 -23 -24 -23 -26 -23 -22 -19 -20 -25 -27 -26 -20 -17 -17 -13  -8  -4  -1  -1   0  -1   0 -16
DST2411*07PPX120   0  -1  -2  -3  -1   0  -4  -9 -10 -13 -13  -6  -6  -6  -6  -3   9  12   9   2  -1 -11 -12 -13 -17  -4
DST2411*08PPX120   0 -19 -16 -12  -7  -2  -1  -2  -2  -2   1   3   9   9  -1   0   1   6   2   0 -11 -18 -23 -30 -38  -6
DST2411*09PPX120   0 -44 -43 -39 -42 -42 -44 -50 -52 -44 -50 -70 -90-101 -89 -82 -87 -94 -96 -91 -77 -72 -67 -66 -62 -66
DST2411*10PPX120   0 -56 -56 -59 -50 -48 -51 -50 -49 -47 -48 -51 -53 -50 -54 -53 -51 -55 -60 -56 -46 -54 -59 -57 -55 -53
DST2411*11PPX120   0 -48 -42 -40 -38 -37 -40 -42 -39 -36 -36 -35 -36 -37 -38 -31 -24 -24 -27 -26 -23 -19 -20 -18 -18 -32
DST2411*12PPX120   0 -16 -14 -14 -12 -13 -18 -23 -25 -22 -17 -12 -10 -11 -13 -15 -13 -15 -18 -20 -18 -15 -13 -12 -15 -16
DST2411*13PPX120   0 -17 -14 -13 -17 -16 -15 -13 -10 -12 -10  -8  -6  -6 -12 -15 -17 -16 -14 -11 -10  -9  -4   1   5 -11
DST2411*14PPX120   0   8  13  14   3  -8 -18 -14 -10 -13 -15 -12 -12 -21 -23 -21 -21 -22 -28 -36 -35 -41 -47 -42 -37 -18
DST2411*15PPX120   0 -34 -30 -33 -33 -36 -37 -36 -38 -37 -34 -33 -34 -33 -27 -23 -23 -28 -33 -37 -39 -40 -43 -43 -42 -34
DST2411*16PPX120   0 -43 -37 -32 -30 -32 -38 -40 -42 -38 -35 -26 -21 -25 -24 -19 -17 -16 -16 -15 -14 -12 -10  -2  -2 -24
DST2411*17PPX120   0  -4  -5  -5  -6  -8  -9  -7  -4 -10 -12 -10  -4  -7 -12 -13 -10  -7  -3  -1   1   0   0   1   0  -6
DST2411*18PPX120   0  -1  -2   0   0  -6  -2  -1  -2  -6  -5  -4  -6  -4  -1   0   0   0   2  -1  -3  -3  -2   0  -2  -2
DST2411*19PPX120   0  -5  -4  -4  -5  -4  -3  -5  -5  -4  -9 -12 -12 -14 -21 -25 -25 -22 -27 -33 -29 -28 -27 -25 -22 -15
DST2411*20PPX120   0 -19 -13 -11 -13 -24 -22 -14  -6  -4 -13 -14  -2  -1  -3  -4  -5  -4  -3   0   4   6  11  13  15  -5
DST2411*21PPX120   0  15  14  16  18  18  15  14  12   5   3   2   1  -1   0   1  -1   4   4   4   5  -1  -4  -7  -3   6
DST2411*22PPX120   0  -8  -7  -7  -6  -4  -4   1   7   8   7   8   7  -4  -9  -9 -13 -20 -28 -26 -22 -17 -14 -12 -21  -8
DST2411*23PPX120   0 -19 -14 -12 -13 -12 -10 -10  -9 -12 -14 -13  -6  -4  -9 -10  -8  -4  -2   0  -1   0   0  -2  -1  -8
DST2411*24PPX120   0  -4  -3  -7  -7  -3  -2   2   4   5   1   2   5   4   3   3   1   2   6   7   8   4   5   7  -2   2
DST2411*25PPX120   0  -7 -11 -12 -10  -6  -3  -3  -4  -2  -5  -4  -7  -9 -10 -11 -15 -14 -10  -4  -4  -6  -2  -4  -1  -7
DST2411*26PPX120   0  -1  -2  -6  -5  -1  -2  -1   0   0  -1  -3  -2  -1   2   4   3   3   1   3   5   5   3   2   5   0
DST2411*27PPX120   0   8   7   5   6   7   5   5   7   8   6   8  11  11  10  10   9   9   7   8   8   7   7   5   5   7
DST2411*28PPX120   0   3   3   3   2   4   6   8  10  11  12  11   9   9   6   7   6   7   7  10   9  11  12  13  15   8
DST2411*29PPX120   0  14  15  15  27  32  34  37  35  33  33  26  25  25  20  17  12  11  11  17  26  22   6   5  12  21
DST2411*30PPX120   0   6  -3  -9  -7  -6  -5  -7   0   6   5   3   3   1  -2  -3  -5  -7  -3   1   0  -4  -3  -1   8  -1

[Created at Thu Oct 2 01:05:21 UTC 2025]

DST2412*01PPX120   0   6   7  11   7   4  10  11   4  -7  -3   0  -5  -9  -9  -6  -1   2   6   6  -1  -3   1  -2   1   1
DST2412*02PPX120   0   5   1   0  -3  -8  -9  -7  -8  -6  -4  -5  -7  -3   1   3   2   1   2   4   3  -5   1   0   2  -2
DST2412*03PPX120   0  -7  -9  -2   3  -5 -14 -17 -19 -18 -19 -17 -23 -18 -11 -10  -5  -3  -3 -21 -30 -27 -24 -23 -17 -14
DST2412*04PPX120   0 -12  -7  -6  -8 -10  -9  -8 -10 -13 -12 -10 -13 -15 -16 -11  -8  -9  -9 -12 -17 -17 -14 -21 -19 -12
DST2412*05PPX120   0 -13 -10  -9  -9  -9  -5  -6  -6  -6  -8 -11 -15 -16 -14 -11  -8  -8  -9  -8  -9 -10 -13 -13 -10 -10
DST2412*06PPX120   0  -6  -7  -6  -8 -15 -12 -10  -9  -6  -3   0  -3  -4  -4  -7  -6  -7  -8  -8  -9  -8  -9 -12  -9  -7
DST2412*07PPX120   0  -2   1   2   4  10  12  12   8   8   1   2   1   3  -3  -4  -8  -6  -4   0   4   1  10   8   3   3
DST2412*08PPX120   0   4   4   4   0  -5 -10  -9  -9  -9  -9  -8 -13 -15 -19 -21 -20 -17 -13 -12 -16 -22 -20 -18 -14 -11
DST2412*09PPX120   0 -11 -13 -25 -31 -29 -24 -25 -28 -27 -28 -27 -27 -32 -34 -37 -40 -43 -39 -30 -32 -36 -35 -34 -29 -30
DST2412*10PPX120   0 -22 -22 -25 -30 -31 -26 -26 -31 -32 -32 -29 -23 -23 -25 -24 -26 -26 -24 -21 -24 -24 -21 -22 -23 -26
DST2412*11PPX120   0 -21 -22 -25 -29 -30 -30 -29 -30 -30 -30 -28 -28 -24 -20 -24 -26 -27 -24 -19 -17 -14 -13 -11 -10 -23
DST2412*12PPX120   0  -9 -11 -11 -14 -17 -16 -13 -14 -12 -12 -11 -12 -12 -11 -12 -11 -10  -7  -4  -7  -4  -3  -5  -4 -10
DST2412*13PPX120   0  -2   1   1  -1  -2  -4  -6 -10 -12 -10  -6  -4  -7  -8  -9  -9 -12 -10 -10 -13 -11  -9  -8  -6  -7
DST2412*14PPX120   0  -5  -3  -2  -5  -9 -11 -13 -17 -12  -9  -9 -11  -9  -7  -7 -10 -20 -29 -35 -33 -29 -25 -21 -20 -15
DST2412*15PPX120   0 -19 -20 -18 -16 -17 -15 -15 -14 -15 -20 -16 -17  -9 -11 -14 -16 -18 -15 -11 -15 -17 -14 -11  -4 -15
DST2412*16PPX120   0   1   2   5   6  12   0 -10 -12 -13 -10  -7  -8 -10 -14 -14 -13 -13 -18 -19 -22 -15 -10 -16 -20  -9
DST2412*17PPX120   0 -15 -12 -13 -25 -28  -4 -13 -20 -17  -6   3   5   3  17  26  33  13   6   4  -8 -17 -23 -23 -25  -6
DST2412*18PPX120   0 -22 -24 -21 -15 -17 -23 -25 -25 -21 -21 -25 -24 -25 -21 -20 -18 -21 -22 -19 -22 -22 -21 -20 -16 -21
DST2412*19PPX120   0 -12 -13 -19 -14 -10 -12 -17 -18 -15 -18 -19 -19 -19 -25 -29 -26 -20 -16 -14 -13 -13 -16 -24 -24 -18
DST2412*20PPX120   0 -20 -18 -15 -18 -18 -10 -10 -10  -8 -10  -8 -13 -11 -13 -23 -24 -21 -20 -11 -16 -17 -21 -21 -23 -16
DST2412*21PPX120   0 -21 -15 -16 -13  -9  -7  -4  -5  -5  -8  -8 -10 -11 -13 -21 -23 -21 -16 -21 -25 -25 -21 -19 -17 -15
DST2412*22PPX120   0 -13 -10  -7  -6  -7  -7  -9  -9  -9 -16 -21 -18 -16 -21 -25 -24 -21 -28 -26 -33 -34 -34 -42 -33 -20
DST2412*23PPX120   0 -29 -33 -30 -25 -21 -20 -19 -16 -16 -14 -13 -19 -22 -24 -27 -26 -28 -26 -20 -16 -27 -34 -39 -29 -24
DST2412*24PPX120   0 -26 -26 -27 -23 -25 -24 -17 -16 -12 -10 -12 -12 -13 -17 -19 -22 -26 -20 -15 -14 -14 -19 -21 -16 -19
DST2412*25PPX120   0 -13 -14 -17 -16 -17 -12  -7  -8  -7  -8  -8 -11 -12 -13 -11  -7  -7  -9  -9 -10 -11 -12 -13 -11 -11
DST2412*26PPX120   0  -8  -6  -6  -9  -7  -3   0   2   4   2  -1  -1   2   3   2  -1  -1   2   4   4   6   6   2   2   0
DST2412*27PPX120   0   0   1   4   4   4   3   3   4   6   5   4   2   4   7   9   9  11   4   2   2   1  -1   0   3   4
DST2412*28PPX120   0   6   4   0   1   3   2   1   4   3   3   6   5   2   0   1   2   3   5   6  10   8   9   8   4   4
DST2412*29PPX120   0   1  -2  -2  -1  -1   2   3   3   2   1  -2   0   2   1  -1   2   1   2   0  -1  -1   0   4   6   1
DST2412*30PPX120   0   7   8   9   9   7   3  -2  -4  -4  -4  -5 -11 -12  -9  -7  -3  -3  -2  -2  -1   3   0   1   4  -1
DST2412*31PPX120   0   6   6   3   0   3   3  -1  -6  -5  -7 -10  -8  -9  -7  -4  -3  14  17  14   7  -6 -18 -23 -22  -2

[Created at Thu Oct 2 01:06:09 UTC 2025]

DST2501*01PPX120   0 -26 -30 -30 -29 -22 -34 -41 -31 -24 -52 -78 -79-119-158-199-212-212-190-156-136-133-148-148-138-101
DST2501*02PPX120   0-128-114-116-110-104 -99 -98 -93 -85 -96 -91 -92 -94 -98 -94 -84 -88 -93 -90 -79 -69 -62 -52 -44 -91
DST2501*03PPX120   0 -37 -36 -36 -29 -24 -23 -52 -46 -37 -39 -41 -42 -40 -41 -37 -30 -28 -28 -33 -31 -30 -26 -25 -25 -34
DST2501*04PPX120   0 -18  -8  -2 -11 -24 -42 -47 -62 -64 -84 -92 -78 -73 -65 -58 -50 -50 -57 -63 -76 -75 -81 -84 -82 -56
DST2501*05PPX120   0 -80 -74 -65 -60 -59 -59 -60 -66 -56 -53 -52 -61 -61 -61 -50 -45 -48 -51 -49 -54 -46 -49 -46 -43 -56
DST2501*06PPX120   0 -41 -40 -41 -36 -35 -40 -43 -42 -37 -31 -33 -36 -37 -43 -37 -32 -29 -33 -38 -32 -31 -29 -30 -33 -36
DST2501*07PPX120   0 -33 -30 -28 -28 -30 -23 -30 -33 -31 -33 -28 -27 -29 -32 -27 -24 -26 -23 -27 -28 -30 -27 -27 -28 -28
DST2501*08PPX120   0 -37 -36 -32 -27 -25 -26 -26 -21 -15 -14 -16 -17 -17 -21 -23 -21 -22 -21 -19 -16 -18 -20 -22 -21 -22
DST2501*09PPX120   0 -19 -23 -23 -19 -14 -12 -19 -20 -17 -18 -23 -31 -27 -38 -38 -33 -34 -29 -21 -17 -21 -16 -19 -19 -23
DST2501*10PPX120   0 -17 -17 -17 -28 -39 -38 -32 -28 -28 -33 -34 -30 -37 -43 -35 -30 -26 -24 -22 -24 -25 -23 -26 -30 -29
DST2501*11PPX120   0 -29 -27 -25 -26 -27 -25 -26 -23 -20 -21 -23 -21 -15 -15 -12  -8 -10 -15 -15 -12 -16 -17 -19 -18 -19
DST2501*12PPX120   0 -17 -14 -13 -12 -14 -16 -19 -23 -24 -21 -19 -15 -14 -13 -13 -17 -17 -14 -11  -9  -7  -1   2  -2 -13
DST2501*13PPX120   0 -12 -25 -24 -17 -11 -10 -16 -18 -18 -22 -20 -15 -11 -12 -14 -13 -12 -19 -19 -19 -22 -22 -18 -15 -17
DST2501*14PPX120   0 -18 -17 -11  -8  -6  -9 -20 -23 -20 -20 -18 -13 -16 -18 -23 -14 -10 -14 -16 -15 -17 -17 -20 -17 -16
DST2501*15PPX120   0 -15 -14 -14 -20 -23 -19 -24 -36 -47 -43 -31 -20 -18 -22 -23 -20 -14 -17 -19 -25 -26 -22 -19 -20 -23
DST2501*16PPX120   0 -21 -18 -11 -15 -19 -21 -28 -25 -16 -11 -13 -13 -21 -28 -22 -11  -7 -15 -24 -30 -31 -25 -21 -19 -19
DST2501*17PPX120   0 -17  -8 -10 -13 -11  -9 -26 -37 -30 -23 -20 -28 -21 -19 -15 -11  -9  -7 -10 -16 -18 -21 -23 -29 -18
DST2501*18PPX120   0 -27 -24 -20 -17 -13 -13 -22 -28 -29 -26 -27 -26 -22 -17 -10  -9  -9  -9  -6  -8 -10 -11 -13 -12 -17
DST2501*19PPX120   0 -12 -10  -7  -3  -3  -9 -29 -31 -35 -37 -35 -29 -23 -22 -24 -14  -6  -5 -13 -24 -30 -24 -17 -18 -19
DST2501*20PPX120   0 -25 -23 -19 -10 -10  -9 -16 -29 -27 -22 -23 -27 -30 -35 -28 -18 -17 -18 -17 -11  -9 -14 -14 -12 -19
DST2501*21PPX120   0 -16 -17 -15 -16 -17 -16 -18 -21 -20 -18 -21 -16 -16 -17 -11  -8  -8 -10 -13 -13 -17 -18 -18 -24 -16
DST2501*22PPX120   0 -23 -23 -23 -22 -20 -18 -20 -24 -26 -21 -18 -22 -22 -21 -18 -11  -9 -10  -6  -4  -4  -8  -8 -12 -16
DST2501*23PPX120   0 -13 -13 -13 -12 -13 -15 -19 -19 -15 -12  -8  -8  -6  -5  -5   1   1  -5  -6  -8  -8 -15 -19 -17 -11
DST2501*24PPX120   0 -12 -10  -8  -9 -10 -13 -18 -18 -16 -15 -15 -13  -9 -10  -7  -5  -4  -4  -3  -2   1   1  -9 -18  -9
DST2501*25PPX120   0 -19 -16 -11  -8  -7  -5  -5  -2  -1  -1  -1  -1  -3  -4  -2   0   4   4   4   6   6   4   2   0  -2
DST2501*26PPX120   0  -2  -1  -3  -4  -3   1   0   0   1   0  -1  -2  -1   0   2   5   8   9   7   5   5   4   3   1   1
DST2501*27PPX120   0  -1   0   2   4   3   5  11  10   7   7   8  12  13  14   9   0  -6 -11 -13 -12 -11  -5   2   4   2
DST2501*28PPX120   0   0  -1  -3  -2  -1  -1   0   1  -1   2   0 -12 -19 -19 -16 -16 -27 -33 -39 -39 -40 -28 -22 -26 -14
DST2501*29PPX120   0 -25 -18 -18 -16 -13 -13 -17 -18 -16 -16 -17 -18 -18 -19 -18 -17 -18 -16 -13 -11  -8  -5  -1   4 -14
DST2501*30PPX120   0   8   8   9  10   7   2   2   3   5   7  10  12  12  14  14  17  21  23  24  19  19  12  12  16  12
DST2501*31PPX120   0  21  19  19  17  18  16   9   3  -2  -6  -9 -14 -12  -4  -1   8  10  15  18  22  25  28  17  14  10

[Created at Thu Oct 2 01:06:17 UTC 2025]

DST2502*01PPX120   0  22  15  -5  -5  -4  -2  -8 -14 -19 -14  -4   0  -4   5   3 -20 -22 -19 -20 -17 -25 -23 -29 -26 -10
DST2502*02PPX120   0 -21 -19 -16 -17 -16 -20 -21 -16 -20 -27 -33 -22 -18 -20 -25 -19 -21 -24 -24 -22 -22 -20 -21 -18 -21
DST2502*03PPX120   0 -16 -12  -8  -8  -8  -9  -9  -8  -9 -10  -9  -9  -8  -7  -7  -6  -3  -5  -6  -6  -6  -5  -4  -3  -8
DST2502*04PPX120   0   4   2   3   6   6   4   5   4   3   1   2   4   6   6   6   7   6   4   3   0   2   2   6   9   4
DST2502*05PPX120   0   9   9  11   8   9  11  11  12  13  13  18  22  25  25  15  10   7   9   7   3   2   4   6   4  11
DST2502*06PPX120   0   4   6  12  12   4   4   9   9  10  12  11  13   6  -6  -8  -7 -10 -14 -17 -14 -13 -11  -7  -3   0
DST2502*07PPX120   0  -1  -2  -1  -1  -2   0   3   1   3   8  10  12  10  11  10   5   6   8   9   9   7   5   4   8   5
DST2502*08PPX120   0  13  14  15  13  11   6  -3  -7  -7  -3   5   3 -12 -21 -27 -26 -23 -21 -20 -13  -8  -5   4   5  -4
DST2502*09PPX120   0  12  19  22  26  23  22  25  18  17  23  24  29  28  33  20   7 -13 -21 -21 -16 -36 -32 -31 -24   6
DST2502*10PPX120   0 -23 -30 -36 -35 -31 -32 -34 -38 -34 -44 -42 -27 -22 -21 -24 -25 -26 -19 -19 -22 -26 -30 -29 -22 -29
DST2502*11PPX120   0 -14 -16 -16 -14 -16 -20 -19 -17 -32 -36 -39 -32 -19 -14 -17 -23 -18 -15 -22 -17 -12 -15 -14 -11 -20
DST2502*12PPX120   0  -5  -7 -14 -14 -11  -7  -8  -8 -18 -22 -13 -11  -9  -7 -11 -17 -13  -7  -6 -12 -14 -15  -8  -7 -11
DST2502*13PPX120   0  -4  -6 -13 -19 -18 -19 -26 -31 -27 -23 -42 -29 -21 -23 -18 -19 -19 -20 -21 -19 -18 -22 -20 -22 -21
DST2502*14PPX120   0 -21 -19 -22 -19 -20 -24 -25 -26 -27 -30 -36 -27 -14 -14 -26 -24 -22 -18 -28 -34 -31 -25 -22 -18 -24
DST2502*15PPX120   0 -18 -18 -13 -13 -12 -10 -10 -17 -30 -27 -33 -31 -23 -14 -12 -20 -32 -41 -35 -37 -35 -40 -32 -20 -24
DST2502*16PPX120   0 -18 -18 -16 -14 -10 -13 -16 -24 -22 -16 -25 -27 -23 -19 -19 -20 -25 -29 -28 -21 -29 -35 -32 -29 -22
DST2502*17PPX120   0 -23 -24 -19 -15 -13 -13 -16 -13 -12 -15 -15 -16 -14 -10 -14 -15 -26 -28 -24 -21 -19 -21 -26 -30 -18
DST2502*18PPX120   0 -26 -19  -9 -14 -14 -19 -18 -11 -10  -8  -7  -6  -8  -5  -2  -4  -5  -9 -10  -9  -6  -7 -19 -28 -11
DST2502*19PPX120   0 -36 -36 -29 -30 -29 -30 -41 -45 -39 -27 -23 -25 -24 -21 -17 -12 -13 -17 -18 -19 -19 -19 -26 -29 -26
DST2502*20PPX120   0 -29 -26 -26 -26 -28 -27 -26 -23 -21 -17 -14 -12 -10 -10  -9  -9  -8  -8  -8  -6  -4  -2   1  -1 -15
DST2502*21PPX120   0  -8 -13 -12 -11  -9  -7  -7  -6  -6  -5  -3  -1   0   0   0  -2  -4  -4  -3  -3  -3  -3  -1  -2  -5
DST2502*22PPX120   0  -8  -6  -7  -4  -1   2   4   7  10   8   1  -3  -3  -5  -2   2   5   9  10  11  15  17  15  11   4
DST2502*23PPX120   0   8   9   8   5  -1  -1   0   3   3   2   1   2   8  12  13  16  16  16  14  13  15  19  24  17   9
DST2502*24PPX120   0   4  12  18  18  17  16  17  19  21  26  18  10  12  13   8  14  16  17   8 -21 -35 -32 -20 -14   7
DST2502*25PPX120   0 -11  -5  -5  -8  -7  -4   0   0   0   0  -2  -4  -2   1   4   3   5 -14 -13   6   0 -18 -16 -26  -5
DST2502*26PPX120   0 -20 -17 -20 -24 -18 -12  -6 -13 -15  -9 -11 -11   0   9   6   4   2  -3 -10 -13 -12  -7  -1   3  -8
DST2502*27PPX120   0  -8 -18 -21 -17 -17 -19 -19 -28 -17 -11 -16 -24 -29 -24 -20 -22 -26 -22 -20 -22 -30 -26 -17 -14 -20
DST2502*28PPX120   0 -34 -32 -26 -30 -39 -26 -28 -29 -24 -20 -20 -23 -28 -23 -25 -26 -31 -22 -20 -22 -21 -23 -21 -18 -25

[Created at Thu Oct 2 01:06:23 UTC 2025]

DST2503*01PPX120   0 -14 -15 -13 -18 -24 -22 -20 -15 -16 -22 -25 -23 -21 -24 -25 -22 -19 -18 -17 -19 -19 -20 -19 -15 -19
DST2503*02PPX120   0 -13 -15 -16 -16 -15 -15 -14 -16 -12  -7  -3  -1   0  -1  -1   2   4   3   3   2  -1   2   4   6  -5
DST2503*03PPX120   0   6   8   4   3   2   0   4   7   6   8  11  10   8   7   5   4   4   6   8  12  13  14  13  13   7
DST2503*04PPX120   0  15  12   6   4   5  -1  -1   6   8   6  11   9   7   6   5   3   7   9  11  10   5  -3 -12 -23   4
DST2503*05PPX120   0 -16 -12 -27 -28 -24 -23 -21 -17 -11  -2  -5  -1  -2  -1  -1   0  -1   2   5   2  -3   0   1   3  -8
DST2503*06PPX120   0   6   7   0   0   0  -4  -6  -2   1   3  11  11   8   5   5   5   6   6   4   3   1   6  10  11   4
DST2503*07PPX120   0  12  13  12   8  -3  -2  -2  -1  -4  -7   3   5   7   5   4   2   3  -6  -3   1   4   6   7   6   3
DST2503*08PPX120   0  10  12  18  21  17  17   7  -3 -10 -17 -12  -4  -7 -11 -10   7  10   4  -6 -16 -25 -33 -27 -30  -4
DST2503*09PPX120   0 -33 -28 -37 -50 -39 -37 -40 -39 -39 -37 -40 -42 -37 -37 -41 -38 -35 -27 -24 -25 -33 -30 -32 -34 -36
DST2503*10PPX120   0 -28 -24 -24 -23 -22 -22 -23 -19 -17 -14  -8 -15 -24 -22 -17 -15  -9  -8 -10 -11 -13 -16 -18 -19 -18
DST2503*11PPX120   0 -13 -10 -14 -14 -14 -15 -18 -14 -13 -16 -19 -16 -11 -11 -16 -16 -15 -12  -9  -6  -8  -9  -9 -15 -13
DST2503*12PPX120   0 -21 -22 -22 -28 -37 -35 -36 -30 -21 -23 -30 -44 -51 -43 -45 -48 -46 -37 -54 -61 -62 -57 -48 -56 -40
DST2503*13PPX120   0 -62 -54 -43 -46 -56 -52 -47 -54 -59 -66 -50 -55 -53 -53 -45 -43 -39 -37 -35 -42 -47 -44 -37 -46 -49
DST2503*14PPX120   0 -43 -37 -39 -35 -34 -36 -41 -31 -34 -33 -26 -32 -27 -27 -30 -27 -29 -27 -24 -23 -28 -31 -24 -28 -31
DST2503*15PPX120   0 -20 -14 -11 -16 -21 -19 -21 -25 -26 -19 -22 -32 -39 -37 -28 -32 -34 -29 -26 -25 -25 -23 -23 -18 -24
DST2503*16PPX120   0 -13 -10  -7  -6  -9 -10 -12  -8  -8 -13 -19 -21 -23 -20 -19 -20 -15 -13 -12  -8 -13 -17 -11 -10 -13
DST2503*17PPX120   0  -9  -7  -4  -6 -12 -19 -26 -23 -19 -28 -23 -22 -21 -20 -17 -18 -18 -10 -10  -7  -9  -5  -3 -10 -14
DST2503*18PPX120   0  -9  -5 -14 -19 -20 -22 -25 -22 -29 -28 -20 -21 -23 -33 -38 -28 -22 -27 -20 -15 -12 -16 -18 -17 -21
DST2503*19PPX120   0 -18 -22 -25 -25 -24 -38 -49 -47 -46 -43 -41 -31 -26 -25 -25 -26 -23 -22 -28 -31 -28 -25 -21 -19 -30
DST2503*20PPX120   0 -20 -18 -17 -17 -13 -11 -12 -13 -10 -10  -9 -10  -9  -9  -8  -9  -7  -9  -6  -2  -1  -1   1  -2  -9
DST2503*21PPX120   0  -1   2   9  18  16  15   9  10   9   7   8   3   1   5  23  35  58  54  55  12 -23 -24 -14 -15  11
DST2503*22PPX120   0 -28 -38 -54 -54 -48 -53 -54 -46 -38 -32 -31 -33 -40 -47 -51 -43 -45 -52 -50 -45 -44 -53 -61 -50 -45
DST2503*23PPX120   0 -41 -38 -37 -32 -33 -32 -31 -31 -34 -37 -33 -32 -30 -31 -28 -24 -16 -11 -11 -11  -9  -6 -12 -13 -26
DST2503*24PPX120   0  -7   7  -1  -8 -11   2  -1  -2 -11  -9  -7 -26 -39 -42 -47 -45 -36 -39 -42 -41 -37 -31 -29 -26 -22
DST2503*25PPX120   0 -21 -19 -22 -23 -19 -12 -11 -11 -16 -17 -11 -13 -13 -12 -16 -13 -12 -19 -29 -35 -34 -30 -33 -43 -20
DST2503*26PPX120   0 -51 -58 -60 -51 -36 -27 -26 -22 -14  -3  -3  -6 -25 -48 -57 -51 -53 -53 -44 -46 -62 -57 -44 -40 -39
DST2503*27PPX120   0 -31 -26 -30 -30 -34 -31 -47 -52 -46 -42 -35 -38 -43 -40 -39 -37 -33 -34 -33 -32 -28 -24 -26 -23 -35
DST2503*28PPX120   0 -17 -18 -19 -19 -20 -17 -19 -13 -14 -16 -14 -13 -14 -14 -10  -8  -9  -5  -7 -11 -15 -21 -27 -23 -15
DST2503*29PPX120   0 -15 -13 -12 -15 -15 -11 -12  -9  -9  -8  -7 -10 -12 -10  -6  -1  -2  -4  -2  -1  -3  -1  -2  -3  -8
DST2503*30PPX120   0  -1   5   8   8   8   7   5   6   3   1  -1   1   3   4   6   6   4   2  -1  -3  -3  -4  -1   1   3
DST2503*31PPX120   0   2   3   4   4   4   5   8   5   5   3   0   1  -3   1   6   8  10  13  12  10   4   6   6   4   5

[Created at Thu Oct 2 01:06:28 UTC 2025]

DST2504*01PPX120   0  -5  -1   0  -1  -1   1   4   4   4   3   3   3   3   0   0   1   1   3   9  15  15  14  15  14   4
DST2504*02PPX120   0   7  -9 -18 -20 -25 -26 -24 -26 -35 -35 -36 -30 -30 -27 -22 -23 -24 -20 -19 -24 -29 -30 -37 -40 -25
DST2504*03PPX120   0 -43 -46 -41 -35 -28 -21 -17 -11 -11  -5  -1  -4 -10 -25 -34 -30 -20 -17 -20 -37 -43 -28 -18 -20 -24
DST2504*04PPX120   0 -32 -26 -30 -33 -33 -35 -32 -37 -42 -47 -48 -55 -50 -61 -69 -67 -60 -65 -67 -64 -55 -59 -70 -69 -50
DST2504*05PPX120   0 -56 -51 -65 -69 -59 -48 -60 -61 -54 -55 -60 -55 -64 -61 -58 -60 -60 -62 -65 -69 -63 -67 -57 -59 -60
DST2504*06PPX120   0 -59 -60 -55 -50 -44 -41 -40 -39 -40 -36 -37 -37 -33 -35 -40 -43 -39 -40 -45 -48 -49 -39 -38 -41 -43
DST2504*07PPX120   0 -42 -41 -39 -42 -41 -34 -26 -21 -21 -21 -21 -24 -24 -23 -24 -25 -25 -35 -44 -45 -44 -42 -44 -50 -33
DST2504*08PPX120   0 -45 -36 -27 -32 -30 -27 -24 -26 -30 -29 -28 -26 -25 -20 -27 -23 -21 -31 -29 -31 -36 -32 -31 -33 -29
DST2504*09PPX120   0 -39 -38 -39 -37 -31 -34 -43 -51 -49 -42 -52 -52 -46 -47 -45 -45 -42 -46 -46 -44 -45 -43 -42 -40 -43
DST2504*10PPX120   0 -41 -35 -38 -43 -43 -43 -43 -36 -32 -36 -33 -32 -29 -28 -24 -21 -18 -20 -24 -24 -22 -35 -45 -43 -33
DST2504*11PPX120   0 -44 -42 -38 -36 -29 -26 -27 -25 -23 -25 -24 -24 -20 -23 -30 -27 -26 -27 -33 -42 -44 -39 -38 -40 -31
DST2504*12PPX120   0 -45 -41 -43 -38 -31 -27 -23 -31 -37 -31 -24 -32 -42 -43 -44 -46 -49 -53 -57 -60 -68 -56 -46 -45 -42
DST2504*13PPX120   0 -44 -36 -39 -38 -33 -33 -30 -27 -21 -23 -25 -24 -25 -26 -25 -27 -22 -22 -22 -29 -30 -36 -42 -42 -30
DST2504*14PPX120   0 -36 -26 -22 -27 -34 -32 -21 -28 -35 -37 -34 -31 -29 -28 -24 -24 -27 -30 -24 -28 -30 -35 -36 -34 -30
DST2504*15PPX120   0 -36 -29 -22 -21 -22 -20 -14 -15 -18 -21 -20 -19 -20 -22 -21 -21 -21  -1  14   6  -1   9  -2 -20 -15
DST2504*16PPX120   0 -33 -21 -11 -11 -16 -11  -1  -1   7   5  -1  -2 -36 -74-101-113-126-138-130-122-118-110 -96 -80 -56
DST2504*17PPX120   0 -75 -71 -69 -52 -49 -51 -52 -54 -55 -50 -47 -43 -41 -22 -18 -20 -21 -20 -19 -24 -24 -26 -26 -26 -40
DST2504*18PPX120   0 -27 -20 -23 -46 -51 -48 -41 -36 -32 -33 -37 -32 -30 -33 -35 -38 -42 -47 -47 -43 -43 -42 -40 -38 -38
DST2504*19PPX120   0 -39 -43 -41 -37 -29 -29 -34 -38 -36 -33 -29 -37 -42 -43 -44 -42 -41 -48 -48 -56 -59 -63 -61 -68 -43
DST2504*20PPX120   0 -62 -58 -57 -57 -53 -48 -38 -26 -18 -23 -26 -24 -23 -23 -21 -18 -14 -14 -11  -8  -8  -7  -4   0 -27
DST2504*21PPX120   0  -3 -14 -24 -24 -32 -37 -24 -16 -33 -31 -22 -12  -6 -29 -39 -35 -35 -34 -43 -47 -35 -36 -33 -32 -28
DST2504*22PPX120   0 -33 -35 -43 -41 -33 -28 -28 -24 -20 -21 -17 -16 -17 -17 -14 -13 -15 -21 -19 -19 -25 -31 -29 -26 -24
DST2504*23PPX120   0 -23 -19 -19 -24 -20 -14  -6  -5  -4  -8 -12 -13 -11 -11  -9 -10 -11 -13 -15 -15 -12 -10 -10 -12 -13
DST2504*24PPX120   0 -19 -14  -6 -11 -11  -7  -4  -7 -16 -14 -16 -22 -18 -25 -28 -24 -23 -23 -25 -27 -29 -27 -23 -20 -18
DST2504*25PPX120   0 -20 -15 -13 -13 -10  -8  -6  -7  -6  -3  -3  -6  -7  -6  -3  -4  -5  -9 -10 -13 -12 -12 -14 -14  -9
DST2504*26PPX120   0 -11  -6  -3  -2  -1  -1   4   4   4   2   1  -2  -4  -4  -2  -4  -6  -6  -4  -8  -7  -5  -5  -7  -3
DST2504*27PPX120   0  -6   1   5   2  -3   1   3   0   1   3   2   0  -1   0   6   7   5   6   0  -1   0  -2  -2  -3   1
DST2504*28PPX120   0  -6   1   7   8   9   8   8   8   9   8   7  10   7   7   5   5   4   6   6   4   4   2   3   6   6
DST2504*29PPX120   0   9  13  14  11  12  13   8  12  11   5   4   4  10  12  10  12  15  13  12  11   9   9  10   8  10
DST2504*30PPX120   0   5  -2  -7  -6  -5 -11 -15 -13 -14  -7   2   1  -1  -2  -5   1   8   7   8  10   8  11   3  13   0

[Created at Thu Oct 2 01:06:32 UTC 2025]

DST2505*01PPX120   0  23   4 -15 -23 -31 -36 -18 -15 -16 -19 -30 -22 -24 -19 -19 -21 -24 -23 -21 -26 -25 -17 -24 -36 -20
DST2505*02PPX120   0 -42 -56 -57 -50 -49 -44 -40 -43 -48 -47 -37 -27 -38 -40 -48 -55 -58 -59 -60 -55 -45 -44 -58 -62 -48
DST2505*03PPX120   0 -62 -53 -58 -54 -46 -42 -42 -40 -40 -42 -51 -48 -44 -46 -47 -45 -40 -37 -37 -32 -30 -25 -25 -30 -42
DST2505*04PPX120   0 -40 -41 -31 -34 -36 -30 -27 -31 -33 -26 -18 -19 -20 -22 -23 -20 -35 -32 -29 -22 -27 -33 -28 -30 -29
DST2505*05PPX120   0 -34 -35 -32 -35 -34 -31 -31 -35 -40 -34 -28 -25 -28 -30 -30 -35 -39 -37 -33 -31 -35 -27 -30 -29 -32
DST2505*06PPX120   0 -25 -26 -27 -28 -28 -26 -23 -18 -18 -12 -11 -11 -11 -12 -11 -12 -15 -18 -26 -24 -21 -26 -27 -26 -20
DST2505*07PPX120   0 -25 -23 -24 -24 -27 -28 -21 -15 -18 -21 -20 -15 -18 -20 -22 -22 -22 -20 -17 -16 -17 -16 -12 -12 -20
DST2505*08PPX120   0  -8  -8 -13 -17 -18 -13 -13 -19 -18 -14 -16 -16 -13 -17 -21 -24 -28 -28 -27 -22 -23 -21 -28 -25 -19
DST2505*09PPX120   0 -27 -23 -16 -13 -12 -10  -8  -8  -8 -11  -9  -2   2   3  -1  -2 -12 -19 -18 -24 -30 -36 -52 -65 -17
DST2505*10PPX120   0 -60 -43 -36 -40 -39 -35 -24 -22 -20 -17 -14 -10 -12 -16 -17 -19 -21 -21 -20 -20 -19 -18 -19 -22 -24
DST2505*11PPX120   0 -19 -17 -18 -27 -30 -23 -16 -14 -18 -19 -13  -9 -10  -7  -8 -10 -10  -9  -8 -18 -25 -29 -37 -34 -18
DST2505*12PPX120   0 -24 -19 -17 -14  -8  -6  -6  -7  -6  -9  -7  -3   1  -1  -3  -3  -3  -2   0   3   7   6   8   7  -4
DST2505*13PPX120   0   6  11  14  16  15  14  16  14  16  16  15  13  15  14  12  13  14  12  -3 -11 -20 -12  -7  -8   8
DST2505*14PPX120   0  -7  -3  -2  -1  -3  -6   1  -2 -10  -9   1   6   4  -4 -11 -10  -7  -5 -18 -17 -19 -13 -10 -10  -6
DST2505*15PPX120   0 -13 -18 -24 -20 -13 -10  -5 -15 -16  -8  -5  -1  -1  -4  -4 -12 -14  -9 -14 -18 -20 -15  -6  -9 -11
DST2505*16PPX120   0 -12 -14  -8   0  -6 -11 -11 -12 -10 -12  -7  -6  -5 -10  -9  -9  -7  -6  -8  -7 -12 -16 -24 -36 -11
DST2505*17PPX120   0 -46 -50 -60 -61 -55 -65 -45 -33 -24 -21 -20 -13 -17 -19 -16 -30 -29 -24 -22 -19 -18 -18 -20 -23 -31
DST2505*18PPX120   0 -27 -30 -30 -25 -23 -14 -12 -19 -17 -17 -13  -8  -5  -8 -10  -8  -9  -6   0  -8 -12  -8 -13 -16 -14
DST2505*19PPX120   0 -20 -23 -23 -21 -21 -18 -15 -13 -12 -11  -8  -8 -13 -16 -14 -10  -8  -9  -7   0   4   6   5   1 -11
DST2505*20PPX120   0  -2   1   1   3  -1  -4 -10 -19 -13 -12 -10  -9 -13 -14 -15  -9  -7  -7  -6  -6  -7  -2   1  -7  -7
DST2505*21PPX120   0 -13 -13 -12 -11 -11 -16 -18 -19 -12 -16 -12  -7  -5  -6  -7  -5  -4  -5  -6  -7  -7   0   0  -4  -9
DST2505*22PPX120   0  -7 -10 -10 -12  -9 -10  -8  -2   1   3   2   1   6   9   7   4   4   2  -2  -2   1   2   4   3  -1
DST2505*23PPX120   0   3   2   1   3   4   6   9   6   9  11  11  11   2  -4  -1  -2  -4   1   3   4   3   6   4   1   4
DST2505*24PPX120   0   2   1   1   1   0   3   6   4   5   8   6   3   2   3   7  12  13  12  10   8   7   7   6   7   6
DST2505*25PPX120   0   9  12  17  20  19  18  14  12   8  11  12   8   6   8  11  11  11  12  12  11   5   4   4   6  11
DST2505*26PPX120   0   8  10  11  12  14  18  19  19  22  23  24  23  21  19  29  33  30  25  22  22  18  16  15   9  19
DST2505*27PPX120   0   7   5   9   3   0   0   4   3   3  10  18  24  17   9  11  17  20  18  13   8  -5 -13 -24 -32   5
DST2505*28PPX120   0 -29 -17 -23 -27 -34 -26 -28 -22 -24 -23 -20 -21 -18 -19 -20 -19 -20 -25 -31 -41 -46 -33 -29 -21 -26
DST2505*29PPX120   0 -19 -38 -60 -70 -63 -50 -47 -51 -50 -56 -49 -39 -54 -60 -53 -54 -50 -52 -41 -37 -39 -45 -42 -38 -48
DST2505*30PPX120   0 -38 -42 -42 -48 -49 -47 -40 -38 -44 -36 -30 -24 -28 -36 -41 -40 -35 -31 -37 -33 -38 -40 -33 -30 -38
DST2505*31PPX120   0 -33 -37 -33 -30 -35 -30 -27 -26 -24 -24 -22 -21 -23 -21 -18 -16 -15 -14 -11 -11 -13 -10  -7  -9 -21

[Created at Thu Oct 2 01:06:37 UTC 2025]

DST2506*01PPX120   0 -11 -23 -28 -26 -20  -3   4 -33 -48 -87-118 -88-100-119-110 -96 -91 -74 -54 -72 -82 -72 -73 -71 -62
DST2506*02PPX120   0 -66 -47 -39 -29 -54 -52 -53 -46 -57 -82 -95 -86 -96-109-104-108-109-101 -98 -84 -74 -72 -80 -83 -76
DST2506*03PPX120   0 -71 -72 -70 -77 -89 -99 -96-108-103-106-108 -95 -92 -92 -83 -76 -70 -64 -61 -58 -55 -51 -43 -37 -78
DST2506*04PPX120   0 -32 -28 -23 -24 -30 -36 -42 -38 -35 -36 -47 -52 -50 -54 -44 -44 -50 -35 -26 -30 -31 -36 -35 -32 -37
DST2506*05PPX120   0 -35 -37 -39 -35 -31 -20 -17 -16 -15 -17 -20 -17 -13 -12  -8 -12 -18 -14  -8  -8  -2  -2  -8 -10 -17
DST2506*06PPX120   0  -9 -13 -14 -16 -14 -14 -17 -21 -17 -16 -18 -19 -18 -15 -11  -8  -5  -6  -3  -4  -2  -3  -6  -5 -11
DST2506*07PPX120   0  -3   4   5   6   5   2  -1   1  -5 -29 -41 -20 -12 -16 -21 -23 -24 -23 -24 -19 -25 -25 -26 -15 -14
DST2506*08PPX120   0  -9  -7  -5  -7  -4   0   2   2   4   3   5   9   9   5   2 -10 -13 -16 -18 -14 -24 -36 -34 -36  -8
DST2506*09PPX120   0 -26 -20 -25 -23 -22 -19 -16 -12 -10 -11  -9  -8  -5  -5  -1  -2  -3  -5  -5  -7  -5  -8  -8  -7 -11
DST2506*10PPX120   0 -11 -13  -9  -7  -5  -4  -8 -10 -10  -7  -6  -8  -7  -8  -6  -3  -4  -4  -6  -4  -5  -9 -11 -11  -7
DST2506*11PPX120   0  -6  -8  -9 -10  -7  -7  -5  -2  -4  -1   4   5   3  -6  -5  -4   2  -3 -10  -3   0  -6 -18 -29  -5
DST2506*12PPX120   0 -42 -47 -41 -41 -40 -44 -43 -42 -35 -27 -19 -21 -23 -31 -28 -27 -25 -31 -36 -37 -45 -45 -65 -84 -38
DST2506*13PPX120   0 -75 -78 -87 -87 -85 -87 -84 -92 -94 -87 -91 -91 -92 -93 -92 -95 -99 -99 -96 -99-101-101 -91 -82 -91
DST2506*14PPX120   0 -70 -55 -45 -62 -74 -65 -55 -53 -51 -52 -44 -38 -31 -33 -36 -37 -39 -38 -40 -39 -28 -23 -21 -17 -44
DST2506*15PPX120   0 -16 -17 -14 -10  -8  -6  -8 -11 -13 -12 -13 -13 -20 -24 -19 -17 -16 -14 -12 -13 -17 -12 -10  -8 -13
DST2506*16PPX120   0  -8  -9  -5  -5   0   2 -10 -12 -10  -8  -6  -3  -1  -3  -4  -4  -1   0   0  -1   0   2   4   4  -3
DST2506*17PPX120   0   3   3  -1  -3  -1   1   4   4   3   1  -1   0   1   0  -7 -13  -9  -4  -3  -4   0   3   4   2  -1
DST2506*18PPX120   0  -7 -10 -13  -9  -7  -3  -3   1   5   7   8   4  -4  -6  -7  -5  -6  -7  -4   1   2   1   0  -8  -3
DST2506*19PPX120   0  -3  -3  -5  -6  -6  -7  -5   0   0  -2   1   3   4   0   2   1   4   4   5   0 -10  -3   3   2  -1
DST2506*20PPX120   0   2   1   3   1   1  -1   3   7   2   3   8  10   7  -2  -6  -4  -2  -1  -2  -3  -2   0   3   4   1
DST2506*21PPX120   0   6   9   5   2   0   7  15  14  17  18  16  13   9   4   0  -5 -15 -14  -8  -2  -3  -3  -7  -1   3
DST2506*22PPX120   0  -1  -7  -1   1  -1  -1   4   3   1   3   2   2   1   3   6   6   5   4   3   8   8   6   5   5   3
DST2506*23PPX120   0   2   2   1   3   3   3   4   6   7   4   3   4   4   3   0   1   2   1   0   1   4  10  14  16   4
DST2506*24PPX120   0  17  19  18  16  15  15  16  20  21  24  26  26  22  22  21  19  19  22  19  16  14  14  14  15  19
DST2506*25PPX120   0  17  22  25  26  27  27  25  22  18  17  18  17  19  14  12  14  22  22  13  -1  -3 -12 -20 -23  13
DST2506*26PPX120   0 -11  -2  -2   3  -2  -8 -19 -20 -12 -11 -10 -13 -19 -28 -20 -12 -18 -15 -15 -11 -20 -16 -17 -16 -13
DST2506*27PPX120   0 -14 -14 -24 -22 -17 -12 -14 -16 -20 -14 -14 -18 -20 -22 -20 -16 -15 -17 -16 -10  -5  -6 -14 -16 -16
DST2506*28PPX120   0 -11  -6  -3  -2  -1   1   2  -3  -2  -2   1   3   3  -1  -5  -4  -2  -3  -4  -4  -6  -8  -3   3  -2
DST2506*29PPX120   0   2   2   2  -1  -7  -7  -3  -4  -5  -4  -4  -5  -2  -2  -4  -9 -10 -10  -9  -7 -11 -13 -13 -16  -6
DST2506*30PPX120   0 -16 -17 -14 -12 -12  -7 -10 -12 -12  -6  -5  -5  -2  -2  -2  -5  -9 -15 -19 -14 -11 -10 -12 -15 -10

[Created at Thu Oct 2 01:06:42 UTC 2025]

